--
-- PostgreSQL database dump
--

-- Dumped from database version 17.4
-- Dumped by pg_dump version 17.4

-- Started on 2026-05-05 08:34:36 UTC

SET statement_timeout = 0;
SET lock_timeout = 0;
SET idle_in_transaction_session_timeout = 0;
SET transaction_timeout = 0;
SET client_encoding = 'UTF8';
SET standard_conforming_strings = on;
SELECT pg_catalog.set_config('search_path', '', false);
SET check_function_bodies = false;
SET xmloption = content;
SET client_min_messages = warning;
SET row_security = off;

--
-- TOC entry 2 (class 3079 OID 16386)
-- Name: citext; Type: EXTENSION; Schema: -; Owner: -
--

CREATE EXTENSION IF NOT EXISTS citext WITH SCHEMA public;


--
-- TOC entry 8257 (class 0 OID 0)
-- Dependencies: 2
-- Name: EXTENSION citext; Type: COMMENT; Schema: -; Owner: -
--

COMMENT ON EXTENSION citext IS 'data type for case-insensitive character strings';


--
-- TOC entry 557 (class 1255 OID 23014)
-- Name: fn_check_fup(text); Type: FUNCTION; Schema: public; Owner: -
--

CREATE FUNCTION public.fn_check_fup(p_username text) RETURNS TABLE(fup_triggered boolean, throttle_down integer, throttle_up integer, policy_name text, usage_mb double precision, limit_mb double precision)
    LANGUAGE plpgsql STABLE
    AS $$
DECLARE
  v_plan_id UUID; v_fup_id UUID; v_fup_name TEXT; v_fup_limit_mb FLOAT;
  v_usage_mb FLOAT; v_throttle_bp_id UUID; v_throttle_down INT; v_throttle_up INT;
BEGIN
  SELECT wp.id, wp."fupPolicyId" INTO v_plan_id, v_fup_id
  FROM "WiFiUser" wu LEFT JOIN "WiFiPlan" wp ON wu."planId" = wp.id
  WHERE wu.username = p_username AND wu.status = 'active' LIMIT 1;
  IF v_fup_id IS NULL THEN RETURN QUERY SELECT false, 0, 0, ''::text, 0.0::float, 0.0::float; RETURN; END IF;
  SELECT name, "dataLimitMb", "switchOverBwPolicyId" INTO v_fup_name, v_fup_limit_mb, v_throttle_bp_id
  FROM "FairAccessPolicy" WHERE id = v_fup_id AND "isEnabled" = true;
  IF v_fup_name IS NULL THEN RETURN QUERY SELECT false, 0, 0, ''::text, 0.0::float, 0.0::float; RETURN; END IF;
  SELECT (COALESCE(wu."totalBytesIn", 0)::bigint + COALESCE(wu."totalBytesOut", 0)::bigint) / (1024.0 * 1024.0) INTO v_usage_mb
  FROM "WiFiUser" wu WHERE wu.username = p_username LIMIT 1;
  IF v_usage_mb IS NULL OR v_usage_mb = 0 THEN
    SELECT COALESCE(SUM(COALESCE(acctinputoctets, 0) + COALESCE(acctoutputoctets, 0)), 0) / (1024.0 * 1024.0) INTO v_usage_mb
    FROM radacct WHERE username = p_username AND acctstarttime >= now() - interval '30 days';
  END IF;
  IF v_usage_mb >= v_fup_limit_mb THEN
    IF v_throttle_bp_id IS NOT NULL THEN
      SELECT "downloadKbps", "uploadKbps" INTO v_throttle_down, v_throttle_up FROM "BandwidthPolicy" WHERE id = v_throttle_bp_id LIMIT 1;
    END IF;
    v_throttle_down := COALESCE(v_throttle_down, 1024);
    v_throttle_up := COALESCE(v_throttle_up, 512);
    RETURN QUERY SELECT true, v_throttle_down, v_throttle_up, v_fup_name, v_usage_mb, v_fup_limit_mb; RETURN;
  END IF;
  RETURN QUERY SELECT false, 0, 0, v_fup_name, v_usage_mb, v_fup_limit_mb; RETURN;
END; $$;


--
-- TOC entry 562 (class 1255 OID 16539)
-- Name: fn_check_ip_pool(text, inet); Type: FUNCTION; Schema: public; Owner: -
--

CREATE FUNCTION public.fn_check_ip_pool(p_username text, p_ip inet) RETURNS integer
    LANGUAGE plpgsql STABLE
    AS $$
DECLARE
    v_pool_id UUID;
    v_in_pool BOOLEAN;
BEGIN
    SELECT COALESCE(wu."ipPoolId", wp."ipPoolId")
    INTO v_pool_id
    FROM "WiFiUser" wu
    LEFT JOIN "WiFiPlan" wp ON wu."planId" = wp.id
    WHERE wu.username = p_username AND wu.status = 'active'
    LIMIT 1;
    IF v_pool_id IS NULL THEN
        SELECT id INTO v_pool_id FROM "IpPool"
        WHERE "isDefault" = true AND enabled = true LIMIT 1;
    END IF;
    IF v_pool_id IS NULL THEN RETURN 1; END IF;
    SELECT EXISTS (
        SELECT 1 FROM "IpPoolRange"
        WHERE "poolId" = v_pool_id AND p_ip >= "startIp" AND p_ip <= "endIp"
    ) INTO v_in_pool;
    IF v_in_pool THEN RETURN 1; ELSE RETURN 0; END IF;
END;
$$;


--
-- TOC entry 558 (class 1255 OID 23015)
-- Name: fn_check_login_limit(text); Type: FUNCTION; Schema: public; Owner: -
--

CREATE FUNCTION public.fn_check_login_limit(p_username text) RETURNS integer
    LANGUAGE plpgsql STABLE
    AS $$
DECLARE v_max_sessions INT; v_current_count INT;
BEGIN
  SELECT COALESCE(wu."maxSessions", wp."maxDevices", 0) INTO v_max_sessions
  FROM "WiFiUser" wu LEFT JOIN "WiFiPlan" wp ON wu."planId" = wp.id
  WHERE wu.username = p_username AND wu.status = 'active' LIMIT 1;
  IF v_max_sessions IS NULL OR v_max_sessions = 0 THEN RETURN 0; END IF;
  SELECT COUNT(*) INTO v_current_count FROM radacct WHERE username = p_username AND acctstoptime IS NULL;
  IF v_current_count >= v_max_sessions THEN RETURN 1; END IF;
  RETURN 0;
END; $$;


--
-- TOC entry 559 (class 1255 OID 23016)
-- Name: fn_get_effective_bandwidth(text, text); Type: FUNCTION; Schema: public; Owner: -
--

CREATE FUNCTION public.fn_get_effective_bandwidth(p_username text, p_direction text) RETURNS integer
    LANGUAGE plpgsql
    AS $$
DECLARE
    v_plan_id UUID; v_download_speed INTEGER; v_upload_speed INTEGER;
    v_fup_id UUID; v_fup_cycle TEXT; v_fup_limit_mb DOUBLE PRECISION;
    v_throttle_down INTEGER; v_throttle_up INTEGER;
    v_cycle_start TIMESTAMPTZ; v_usage_bytes BIGINT; v_usage_mb DOUBLE PRECISION;
    v_plan_name TEXT; v_fup_name TEXT;
BEGIN
    SELECT wp.id, wp."downloadSpeed", wp."uploadSpeed", wp."fupPolicyId",
           fp."cycleType", fp."dataLimitMb", bp."downloadKbps", bp."uploadKbps",
           wp.name, fp.name
    INTO v_plan_id, v_download_speed, v_upload_speed, v_fup_id, v_fup_cycle, v_fup_limit_mb,
         v_throttle_down, v_throttle_up, v_plan_name, v_fup_name
    FROM "WiFiUser" wu JOIN "WiFiPlan" wp ON wu."planId" = wp.id
    LEFT JOIN "FairAccessPolicy" fp ON wp."fupPolicyId" = fp.id AND fp."isEnabled" = true
    LEFT JOIN "BandwidthPolicy" bp ON fp."switchOverBwPolicyId" = bp.id
    WHERE wu.username = p_username AND wu.status = 'active' LIMIT 1;
    IF v_plan_id IS NULL THEN RETURN 0; END IF;
    IF v_fup_id IS NULL THEN
        RETURN CASE WHEN p_direction = 'down' THEN v_download_speed * 1000 ELSE v_upload_speed * 1000 END;
    END IF;
    v_cycle_start := CASE v_fup_cycle
        WHEN 'daily' THEN date_trunc('day', NOW())
        WHEN 'weekly' THEN date_trunc('week', NOW())
        WHEN 'monthly' THEN date_trunc('month', NOW())
        ELSE date_trunc('day', NOW()) END;
    SELECT COALESCE(SUM(COALESCE("acctinputoctets", 0) + COALESCE("acctoutputoctets", 0)), 0)
    INTO v_usage_bytes FROM radacct WHERE username = p_username AND "acctstarttime" >= v_cycle_start;
    v_usage_mb := v_usage_bytes / (1024.0 * 1024.0);
    IF v_usage_mb >= v_fup_limit_mb THEN
        IF NOT EXISTS (
            SELECT 1 FROM fup_switch_log WHERE username = p_username
            AND action = 'throttle' AND created_at > NOW() - INTERVAL '5 minutes'
        ) THEN
            INSERT INTO fup_switch_log (username, plan_name, fup_policy_name, cycle_type,
                usage_mb, limit_mb, action, original_down_kbps, original_up_kbps,
                throttle_down_kbps, throttle_up_kbps, nas_ip)
            VALUES (p_username, v_plan_name, v_fup_name, v_fup_cycle,
                   v_usage_mb, v_fup_limit_mb, 'throttle',
                   v_download_speed * 1000, v_upload_speed * 1000,
                   v_throttle_down, v_throttle_up, NULL);
        END IF;
        RETURN CASE WHEN p_direction = 'down' THEN COALESCE(v_throttle_down, 256)
               ELSE COALESCE(v_throttle_up, 128) END;
    ELSE
        RETURN CASE WHEN p_direction = 'down' THEN v_download_speed * 1000
               ELSE v_upload_speed * 1000 END;
    END IF;
END; $$;


--
-- TOC entry 560 (class 1255 OID 23017)
-- Name: fn_get_mikrotik_rate_limit(text); Type: FUNCTION; Schema: public; Owner: -
--

CREATE FUNCTION public.fn_get_mikrotik_rate_limit(p_username text) RETURNS text
    LANGUAGE plpgsql
    AS $$
DECLARE v_down INTEGER; v_up INTEGER; v_plan_down INTEGER;
BEGIN
    v_down := fn_get_effective_bandwidth(p_username, 'down');
    v_up := fn_get_effective_bandwidth(p_username, 'up');
    SELECT wp."downloadSpeed" INTO v_plan_down
    FROM "WiFiUser" wu JOIN "WiFiPlan" wp ON wu."planId" = wp.id
    WHERE wu.username = p_username AND wu.status = 'active' LIMIT 1;
    IF v_plan_down IS NULL THEN RETURN v_down || 'K/' || v_up || 'K'; END IF;
    IF v_down < v_plan_down * 1000 THEN
        RETURN v_down || 'K/' || v_up || 'K';
    ELSE
        RETURN (v_down / 1000) || 'M/' || (v_up / 1000) || 'M';
    END IF;
END; $$;


--
-- TOC entry 556 (class 1255 OID 23013)
-- Name: fn_get_pool_attr(text, text); Type: FUNCTION; Schema: public; Owner: -
--

CREATE FUNCTION public.fn_get_pool_attr(p_username text, p_attr text) RETURNS text
    LANGUAGE plpgsql STABLE
    AS $$
DECLARE
    v_pool_id UUID;
    v_value TEXT;
BEGIN
    SELECT COALESCE(wu."ipPoolId", wp."ipPoolId")
    INTO v_pool_id
    FROM "WiFiUser" wu LEFT JOIN "WiFiPlan" wp ON wu."planId" = wp.id
    WHERE wu.username = p_username LIMIT 1;
    IF v_pool_id IS NULL THEN
        SELECT id INTO v_pool_id FROM "IpPool" WHERE "isDefault" = true AND enabled = true LIMIT 1;
    END IF;
    IF v_pool_id IS NULL THEN RETURN NULL; END IF;
    IF p_attr = 'gateway' THEN
        SELECT host(gateway) INTO v_value FROM "IpPool" WHERE id = v_pool_id;
    END IF;
    RETURN v_value;
END;
$$;


--
-- TOC entry 544 (class 1255 OID 23012)
-- Name: fn_get_user_pool_info(text); Type: FUNCTION; Schema: public; Owner: -
--

CREATE FUNCTION public.fn_get_user_pool_info(p_username text) RETURNS TABLE(pool_name text, pool_id uuid, is_override boolean, source text)
    LANGUAGE plpgsql STABLE
    AS $$
DECLARE
    v_user_pool_id UUID;
    v_plan_pool_id UUID;
    v_plan_name TEXT;
BEGIN
    SELECT wu."ipPoolId", wp."ipPoolId", wp.name
    INTO v_user_pool_id, v_plan_pool_id, v_plan_name
    FROM "WiFiUser" wu LEFT JOIN "WiFiPlan" wp ON wu."planId" = wp.id
    WHERE wu.username = p_username LIMIT 1;
    IF v_user_pool_id IS NOT NULL THEN
        RETURN QUERY SELECT ip.name, ip.id, true::boolean, 'User Override'::TEXT
        FROM "IpPool" ip WHERE ip.id = v_user_pool_id;
    ELSIF v_plan_pool_id IS NOT NULL THEN
        RETURN QUERY SELECT ip.name, ip.id, false::boolean, ('Plan: ' || v_plan_name)::TEXT
        FROM "IpPool" ip WHERE ip.id = v_plan_pool_id;
    ELSE
        RETURN QUERY SELECT ip.name, ip.id, false::boolean, 'Default Pool'::TEXT
        FROM "IpPool" ip WHERE ip."isDefault" = true LIMIT 1;
    END IF;
    RETURN;
END;
$$;


--
-- TOC entry 561 (class 1255 OID 23018)
-- Name: fn_is_fup_throttled(text); Type: FUNCTION; Schema: public; Owner: -
--

CREATE FUNCTION public.fn_is_fup_throttled(p_username text) RETURNS integer
    LANGUAGE plpgsql
    AS $$
DECLARE
    v_plan_id UUID; v_download_speed INTEGER; v_fup_id UUID; v_fup_limit_mb DOUBLE PRECISION;
    v_cycle_start TIMESTAMPTZ; v_usage_bytes BIGINT; v_usage_mb DOUBLE PRECISION;
BEGIN
    SELECT wp.id, wp."downloadSpeed", wp."fupPolicyId", fp."dataLimitMb"
    INTO v_plan_id, v_download_speed, v_fup_id, v_fup_limit_mb
    FROM "WiFiUser" wu JOIN "WiFiPlan" wp ON wu."planId" = wp.id
    LEFT JOIN "FairAccessPolicy" fp ON wp."fupPolicyId" = fp.id AND fp."isEnabled" = true
    WHERE wu.username = p_username AND wu.status = 'active' LIMIT 1;
    IF v_plan_id IS NULL OR v_fup_id IS NULL THEN RETURN 0; END IF;
    v_cycle_start := CASE
        WHEN (SELECT "cycleType" FROM "FairAccessPolicy" WHERE id = v_fup_id) = 'weekly' THEN date_trunc('week', NOW())
        WHEN (SELECT "cycleType" FROM "FairAccessPolicy" WHERE id = v_fup_id) = 'monthly' THEN date_trunc('month', NOW())
        ELSE date_trunc('day', NOW()) END;
    SELECT COALESCE(SUM(COALESCE("acctinputoctets", 0) + COALESCE("acctoutputoctets", 0)), 0)
    INTO v_usage_bytes FROM radacct WHERE username = p_username AND "acctstarttime" >= v_cycle_start;
    v_usage_mb := v_usage_bytes / (1024.0 * 1024.0);
    IF v_usage_mb >= v_fup_limit_mb THEN RETURN 1; ELSE RETURN 0; END IF;
END; $$;


SET default_tablespace = '';

SET default_table_access_method = heap;

--
-- TOC entry 221 (class 1259 OID 16612)
-- Name: AISuggestion; Type: TABLE; Schema: public; Owner: -
--

CREATE TABLE public."AISuggestion" (
    id uuid NOT NULL,
    "tenantId" uuid NOT NULL,
    type text NOT NULL,
    title text NOT NULL,
    description text,
    impact text DEFAULT 'medium'::text NOT NULL,
    "potentialRevenue" double precision DEFAULT 0 NOT NULL,
    confidence double precision DEFAULT 0.8 NOT NULL,
    status text DEFAULT 'pending'::text NOT NULL,
    data text DEFAULT '{}'::text NOT NULL,
    "appliedAt" timestamp with time zone,
    "dismissedAt" timestamp with time zone,
    "createdAt" timestamp with time zone DEFAULT CURRENT_TIMESTAMP NOT NULL,
    "updatedAt" timestamp with time zone NOT NULL
);


--
-- TOC entry 219 (class 1259 OID 16562)
-- Name: AdCampaign; Type: TABLE; Schema: public; Owner: -
--

CREATE TABLE public."AdCampaign" (
    id uuid NOT NULL,
    "tenantId" uuid NOT NULL,
    "propertyId" uuid,
    name text NOT NULL,
    description text,
    type text DEFAULT 'search'::text NOT NULL,
    platform text DEFAULT 'google'::text NOT NULL,
    status text DEFAULT 'draft'::text NOT NULL,
    budget double precision DEFAULT 0 NOT NULL,
    "budgetType" text DEFAULT 'daily'::text NOT NULL,
    "spentAmount" double precision DEFAULT 0 NOT NULL,
    currency text DEFAULT 'USD'::text NOT NULL,
    "startDate" timestamp with time zone,
    "endDate" timestamp with time zone,
    "bidStrategy" text DEFAULT 'auto'::text NOT NULL,
    "bidAmount" double precision,
    "targetCpa" double precision,
    "targetRoas" double precision,
    targeting text DEFAULT '{}'::text NOT NULL,
    keywords text DEFAULT '[]'::text NOT NULL,
    "negativeKeywords" text DEFAULT '[]'::text NOT NULL,
    "roomTypes" text DEFAULT '[]'::text NOT NULL,
    "ratePlans" text DEFAULT '[]'::text NOT NULL,
    impressions integer DEFAULT 0 NOT NULL,
    clicks integer DEFAULT 0 NOT NULL,
    conversions integer DEFAULT 0 NOT NULL,
    revenue double precision DEFAULT 0 NOT NULL,
    ctr double precision DEFAULT 0 NOT NULL,
    cpc double precision DEFAULT 0 NOT NULL,
    "conversionRate" double precision DEFAULT 0 NOT NULL,
    roas double precision DEFAULT 0 NOT NULL,
    "externalId" uuid,
    "externalData" text DEFAULT '{}'::text NOT NULL,
    "lastSyncAt" timestamp with time zone,
    "createdAt" timestamp with time zone DEFAULT CURRENT_TIMESTAMP NOT NULL,
    "updatedAt" timestamp with time zone NOT NULL
);


--
-- TOC entry 220 (class 1259 OID 16592)
-- Name: AdPerformance; Type: TABLE; Schema: public; Owner: -
--

CREATE TABLE public."AdPerformance" (
    id uuid NOT NULL,
    "campaignId" uuid NOT NULL,
    date timestamp with time zone NOT NULL,
    impressions integer DEFAULT 0 NOT NULL,
    clicks integer DEFAULT 0 NOT NULL,
    conversions integer DEFAULT 0 NOT NULL,
    cost double precision DEFAULT 0 NOT NULL,
    revenue double precision DEFAULT 0 NOT NULL,
    ctr double precision DEFAULT 0 NOT NULL,
    cpc double precision DEFAULT 0 NOT NULL,
    cpa double precision DEFAULT 0 NOT NULL,
    roas double precision DEFAULT 0 NOT NULL,
    "conversionRate" double precision DEFAULT 0 NOT NULL,
    "avgPosition" double precision,
    "qualityScore" double precision,
    "searchImpShare" double precision,
    "deviceBreakdown" text DEFAULT '{}'::text NOT NULL,
    "sourceBreakdown" text DEFAULT '{}'::text NOT NULL,
    "createdAt" timestamp with time zone DEFAULT CURRENT_TIMESTAMP NOT NULL,
    "updatedAt" timestamp with time zone NOT NULL
);


--
-- TOC entry 225 (class 1259 OID 16654)
-- Name: AiConversation; Type: TABLE; Schema: public; Owner: -
--

CREATE TABLE public."AiConversation" (
    id uuid NOT NULL,
    "tenantId" uuid NOT NULL,
    "userId" uuid NOT NULL,
    title text NOT NULL,
    "createdAt" timestamp with time zone DEFAULT CURRENT_TIMESTAMP NOT NULL,
    "updatedAt" timestamp with time zone NOT NULL
);


--
-- TOC entry 226 (class 1259 OID 16662)
-- Name: AiConversationMessage; Type: TABLE; Schema: public; Owner: -
--

CREATE TABLE public."AiConversationMessage" (
    id uuid NOT NULL,
    "conversationId" uuid NOT NULL,
    role text NOT NULL,
    content text NOT NULL,
    "createdAt" timestamp with time zone DEFAULT CURRENT_TIMESTAMP NOT NULL
);


--
-- TOC entry 222 (class 1259 OID 16625)
-- Name: Amenity; Type: TABLE; Schema: public; Owner: -
--

CREATE TABLE public."Amenity" (
    id uuid NOT NULL,
    "tenantId" uuid NOT NULL,
    name text NOT NULL,
    icon text,
    category text DEFAULT 'general'::text NOT NULL,
    "isDefault" boolean DEFAULT false NOT NULL,
    "isActive" boolean DEFAULT true NOT NULL,
    "sortOrder" integer DEFAULT 0 NOT NULL,
    "createdAt" timestamp with time zone DEFAULT CURRENT_TIMESTAMP NOT NULL,
    "updatedAt" timestamp with time zone NOT NULL
);


--
-- TOC entry 223 (class 1259 OID 16637)
-- Name: Asset; Type: TABLE; Schema: public; Owner: -
--

CREATE TABLE public."Asset" (
    id uuid NOT NULL,
    "tenantId" uuid NOT NULL,
    "propertyId" uuid NOT NULL,
    name text NOT NULL,
    category text NOT NULL,
    description text,
    "roomId" uuid,
    location text,
    "purchasePrice" double precision,
    "purchaseDate" timestamp with time zone,
    "currentValue" double precision,
    "warrantyExpiry" timestamp with time zone,
    "warrantyProvider" text,
    "lastMaintenanceAt" timestamp with time zone,
    "nextMaintenanceAt" timestamp with time zone,
    "maintenanceIntervalDays" integer,
    status text DEFAULT 'active'::text NOT NULL,
    "serialNumber" text,
    "modelNumber" text,
    manufacturer text,
    "conditionScore" integer,
    "createdAt" timestamp with time zone DEFAULT CURRENT_TIMESTAMP NOT NULL,
    "updatedAt" timestamp with time zone NOT NULL,
    "deletedAt" timestamp with time zone
);


--
-- TOC entry 224 (class 1259 OID 16646)
-- Name: AuditLog; Type: TABLE; Schema: public; Owner: -
--

CREATE TABLE public."AuditLog" (
    id uuid NOT NULL,
    "tenantId" uuid NOT NULL,
    "userId" uuid,
    module text NOT NULL,
    action text NOT NULL,
    "entityType" text NOT NULL,
    "entityId" uuid,
    "oldValue" text,
    "newValue" text,
    "ipAddress" text,
    "userAgent" text,
    "correlationId" uuid,
    "createdAt" timestamp with time zone DEFAULT CURRENT_TIMESTAMP NOT NULL
);


--
-- TOC entry 227 (class 1259 OID 16670)
-- Name: AutomationExecutionLog; Type: TABLE; Schema: public; Owner: -
--

CREATE TABLE public."AutomationExecutionLog" (
    id uuid NOT NULL,
    "ruleId" uuid NOT NULL,
    "triggerData" text,
    status text NOT NULL,
    "errorMessage" text,
    "actionsResult" text,
    "executedAt" timestamp with time zone DEFAULT CURRENT_TIMESTAMP NOT NULL
);


--
-- TOC entry 228 (class 1259 OID 16678)
-- Name: AutomationRule; Type: TABLE; Schema: public; Owner: -
--

CREATE TABLE public."AutomationRule" (
    id uuid NOT NULL,
    "tenantId" uuid NOT NULL,
    name text NOT NULL,
    description text,
    "triggerEvent" text NOT NULL,
    "triggerConditions" text,
    actions text NOT NULL,
    "isActive" boolean DEFAULT true NOT NULL,
    "executionCount" integer DEFAULT 0 NOT NULL,
    "lastExecutedAt" timestamp with time zone,
    "createdAt" timestamp with time zone DEFAULT CURRENT_TIMESTAMP NOT NULL,
    "updatedAt" timestamp with time zone NOT NULL
);


--
-- TOC entry 229 (class 1259 OID 16688)
-- Name: BandwidthPolicy; Type: TABLE; Schema: public; Owner: -
--

CREATE TABLE public."BandwidthPolicy" (
    id uuid NOT NULL,
    "tenantId" uuid NOT NULL,
    "propertyId" uuid NOT NULL,
    name text NOT NULL,
    "downloadKbps" integer DEFAULT 10240 NOT NULL,
    "uploadKbps" integer DEFAULT 10240 NOT NULL,
    "burstDownloadKbps" integer,
    "burstUploadKbps" integer,
    priority integer DEFAULT 5 NOT NULL,
    "planId" uuid,
    description text,
    enabled boolean DEFAULT true NOT NULL,
    "createdAt" timestamp with time zone DEFAULT CURRENT_TIMESTAMP NOT NULL,
    "updatedAt" timestamp with time zone NOT NULL
);


--
-- TOC entry 230 (class 1259 OID 16700)
-- Name: BandwidthPolicyDetail; Type: TABLE; Schema: public; Owner: -
--

CREATE TABLE public."BandwidthPolicyDetail" (
    id uuid NOT NULL,
    "tenantId" uuid NOT NULL,
    "bandwidthPolicyId" uuid NOT NULL,
    "scheduleAccessId" uuid,
    "downloadLimitBps" integer DEFAULT 0 NOT NULL,
    "uploadLimitBps" integer DEFAULT 0 NOT NULL,
    "guaranteedDownBps" integer DEFAULT 0 NOT NULL,
    "guaranteedUpBps" integer DEFAULT 0 NOT NULL,
    "burstTimeSeconds" integer DEFAULT 0 NOT NULL,
    "burstThresholdBytes" integer DEFAULT 0 NOT NULL,
    "burstUpTimeSeconds" integer DEFAULT 0 NOT NULL,
    "burstUpThresholdBytes" integer DEFAULT 0 NOT NULL,
    "contentionRatio" integer DEFAULT 1 NOT NULL,
    priority integer DEFAULT 0 NOT NULL,
    "isEnabled" boolean DEFAULT true NOT NULL,
    "createdAt" timestamp with time zone DEFAULT CURRENT_TIMESTAMP NOT NULL,
    "updatedAt" timestamp with time zone NOT NULL
);


--
-- TOC entry 231 (class 1259 OID 16717)
-- Name: BandwidthPool; Type: TABLE; Schema: public; Owner: -
--

CREATE TABLE public."BandwidthPool" (
    id uuid NOT NULL,
    "tenantId" uuid NOT NULL,
    "propertyId" uuid,
    name text NOT NULL,
    subnet text,
    "vlanId" integer,
    "totalDownloadKbps" integer DEFAULT 2000000 NOT NULL,
    "totalUploadKbps" integer DEFAULT 2000000 NOT NULL,
    "perUserDownloadKbps" integer,
    "perUserUploadKbps" integer,
    enabled boolean DEFAULT true NOT NULL,
    "createdAt" timestamp with time zone DEFAULT CURRENT_TIMESTAMP NOT NULL,
    "updatedAt" timestamp with time zone NOT NULL
);


--
-- TOC entry 232 (class 1259 OID 16728)
-- Name: BandwidthTopup; Type: TABLE; Schema: public; Owner: -
--

CREATE TABLE public."BandwidthTopup" (
    id uuid NOT NULL,
    "tenantId" uuid NOT NULL,
    "propertyId" uuid NOT NULL,
    name text NOT NULL,
    description text,
    "allottedUploadMb" double precision DEFAULT 0 NOT NULL,
    "allottedDownloadMb" double precision DEFAULT 0 NOT NULL,
    "allottedTotalMb" double precision DEFAULT 0 NOT NULL,
    "applicableType" text DEFAULT 'total'::text NOT NULL,
    "bandwidthPolicyId" uuid,
    price double precision DEFAULT 0 NOT NULL,
    currency text DEFAULT 'USD'::text NOT NULL,
    "validityMinutes" integer DEFAULT 60 NOT NULL,
    enabled boolean DEFAULT true NOT NULL,
    "createdAt" timestamp with time zone DEFAULT CURRENT_TIMESTAMP NOT NULL,
    "updatedAt" timestamp with time zone NOT NULL
);


--
-- TOC entry 233 (class 1259 OID 16744)
-- Name: BandwidthUsageDaily; Type: TABLE; Schema: public; Owner: -
--

CREATE TABLE public."BandwidthUsageDaily" (
    id uuid NOT NULL,
    "tenantId" uuid NOT NULL,
    "propertyId" uuid NOT NULL,
    date timestamp with time zone NOT NULL,
    "totalDownloadMb" double precision DEFAULT 0 NOT NULL,
    "totalUploadMb" double precision DEFAULT 0 NOT NULL,
    "uniqueUsers" integer DEFAULT 0 NOT NULL,
    "peakUsers" integer DEFAULT 0 NOT NULL,
    "peakTime" text,
    "createdAt" timestamp with time zone DEFAULT CURRENT_TIMESTAMP NOT NULL,
    "updatedAt" timestamp with time zone NOT NULL
);


--
-- TOC entry 234 (class 1259 OID 16756)
-- Name: BandwidthUsageSession; Type: TABLE; Schema: public; Owner: -
--

CREATE TABLE public."BandwidthUsageSession" (
    id uuid NOT NULL,
    "tenantId" uuid NOT NULL,
    "propertyId" uuid NOT NULL,
    "sessionId" uuid NOT NULL,
    username text,
    "ipAddress" text NOT NULL,
    "macAddress" text,
    "planId" uuid,
    "policyId" uuid,
    "downloadBytes" integer DEFAULT 0 NOT NULL,
    "uploadBytes" integer DEFAULT 0 NOT NULL,
    "durationSeconds" integer DEFAULT 0 NOT NULL,
    "startedAt" timestamp with time zone DEFAULT CURRENT_TIMESTAMP NOT NULL,
    "endedAt" timestamp with time zone
);


--
-- TOC entry 235 (class 1259 OID 16767)
-- Name: BankAccount; Type: TABLE; Schema: public; Owner: -
--

CREATE TABLE public."BankAccount" (
    id uuid NOT NULL,
    "tenantId" uuid NOT NULL,
    "propertyId" uuid,
    "accountName" text NOT NULL,
    "accountNumber" text NOT NULL,
    "bankName" text NOT NULL,
    "bankCode" text,
    "accountType" text DEFAULT 'checking'::text NOT NULL,
    currency text DEFAULT 'USD'::text NOT NULL,
    "openingBalance" double precision DEFAULT 0 NOT NULL,
    "currentBalance" double precision DEFAULT 0 NOT NULL,
    "lastReconciledAt" timestamp with time zone,
    "lastStatementDate" timestamp with time zone,
    status text DEFAULT 'active'::text NOT NULL,
    "isDefault" boolean DEFAULT false NOT NULL,
    notes text,
    "createdAt" timestamp with time zone DEFAULT CURRENT_TIMESTAMP NOT NULL,
    "updatedAt" timestamp with time zone NOT NULL,
    "deletedAt" timestamp with time zone
);


--
-- TOC entry 236 (class 1259 OID 16781)
-- Name: BankTransaction; Type: TABLE; Schema: public; Owner: -
--

CREATE TABLE public."BankTransaction" (
    id uuid NOT NULL,
    "tenantId" uuid NOT NULL,
    "bankAccountId" uuid NOT NULL,
    "transactionDate" timestamp with time zone NOT NULL,
    "valueDate" timestamp with time zone,
    "transactionType" text NOT NULL,
    amount double precision NOT NULL,
    currency text DEFAULT 'USD'::text NOT NULL,
    balance double precision,
    description text,
    reference text,
    "chequeNumber" text,
    "payeeName" text,
    "payeeAccount" text,
    category text,
    "subCategory" text,
    "isReconciled" boolean DEFAULT false NOT NULL,
    "reconciledAt" timestamp with time zone,
    "importSource" text DEFAULT 'manual'::text NOT NULL,
    "importBatchId" uuid,
    "rawLine" text,
    notes text,
    "createdAt" timestamp with time zone DEFAULT CURRENT_TIMESTAMP NOT NULL,
    "updatedAt" timestamp with time zone NOT NULL,
    "deletedAt" timestamp with time zone
);


--
-- TOC entry 237 (class 1259 OID 16792)
-- Name: BondConfig; Type: TABLE; Schema: public; Owner: -
--

CREATE TABLE public."BondConfig" (
    id uuid NOT NULL,
    "tenantId" uuid NOT NULL,
    "propertyId" uuid NOT NULL,
    name text NOT NULL,
    mode text DEFAULT 'active-backup'::text NOT NULL,
    miimon integer DEFAULT 100 NOT NULL,
    "lacpRate" text DEFAULT 'slow'::text NOT NULL,
    "primaryMember" text,
    enabled boolean DEFAULT true NOT NULL,
    "createdAt" timestamp with time zone DEFAULT CURRENT_TIMESTAMP NOT NULL,
    "updatedAt" timestamp with time zone NOT NULL
);


--
-- TOC entry 238 (class 1259 OID 16804)
-- Name: BondMember; Type: TABLE; Schema: public; Owner: -
--

CREATE TABLE public."BondMember" (
    id uuid NOT NULL,
    "bondConfigId" uuid NOT NULL,
    "interfaceId" uuid NOT NULL,
    priority integer DEFAULT 0 NOT NULL,
    "createdAt" timestamp with time zone DEFAULT CURRENT_TIMESTAMP NOT NULL
);


--
-- TOC entry 239 (class 1259 OID 16811)
-- Name: Booking; Type: TABLE; Schema: public; Owner: -
--

CREATE TABLE public."Booking" (
    id uuid NOT NULL,
    "tenantId" uuid NOT NULL,
    "propertyId" uuid NOT NULL,
    "confirmationCode" text NOT NULL,
    "externalRef" text,
    "primaryGuestId" uuid NOT NULL,
    "roomId" uuid,
    "roomTypeId" uuid NOT NULL,
    "checkIn" timestamp with time zone NOT NULL,
    "checkOut" timestamp with time zone NOT NULL,
    adults integer DEFAULT 1 NOT NULL,
    children integer DEFAULT 0 NOT NULL,
    infants integer DEFAULT 0 NOT NULL,
    "roomRate" double precision DEFAULT 0 NOT NULL,
    taxes double precision DEFAULT 0 NOT NULL,
    fees double precision DEFAULT 0 NOT NULL,
    discount double precision DEFAULT 0 NOT NULL,
    "totalAmount" double precision DEFAULT 0 NOT NULL,
    currency text DEFAULT 'USD'::text NOT NULL,
    "ratePlanId" uuid,
    "promoCode" text,
    source text DEFAULT 'direct'::text NOT NULL,
    "channelId" uuid,
    status text DEFAULT 'draft'::text NOT NULL,
    "actualCheckIn" timestamp with time zone,
    "actualCheckOut" timestamp with time zone,
    "checkedInBy" text,
    "checkedOutBy" text,
    "cancelledAt" timestamp with time zone,
    "cancelledBy" text,
    "cancellationReason" text,
    "specialRequests" text,
    notes text,
    "internalNotes" text,
    "groupId" uuid,
    "isGroupLeader" boolean DEFAULT false NOT NULL,
    "preArrivalSent" boolean DEFAULT false NOT NULL,
    "preArrivalCompleted" boolean DEFAULT false NOT NULL,
    "preArrivalLink" text,
    "preArrivalExpires" timestamp with time zone,
    "kycRequired" boolean DEFAULT false NOT NULL,
    "kycCompleted" boolean DEFAULT false NOT NULL,
    "kycStatus" text DEFAULT 'pending'::text NOT NULL,
    "portalToken" text,
    "portalTokenExpires" timestamp with time zone,
    "eSignature" text,
    "eSignedAt" timestamp with time zone,
    preferences text DEFAULT '{}'::text NOT NULL,
    "idempotencyKey" text,
    "createdAt" timestamp with time zone DEFAULT CURRENT_TIMESTAMP NOT NULL,
    "updatedAt" timestamp with time zone NOT NULL,
    "deletedAt" timestamp with time zone
);


--
-- TOC entry 240 (class 1259 OID 16837)
-- Name: BookingAuditLog; Type: TABLE; Schema: public; Owner: -
--

CREATE TABLE public."BookingAuditLog" (
    id uuid NOT NULL,
    "bookingId" uuid NOT NULL,
    action text NOT NULL,
    "oldStatus" text,
    "newStatus" text,
    notes text,
    "performedBy" text,
    "performedAt" timestamp with time zone DEFAULT CURRENT_TIMESTAMP NOT NULL
);


--
-- TOC entry 241 (class 1259 OID 16845)
-- Name: Brand; Type: TABLE; Schema: public; Owner: -
--

CREATE TABLE public."Brand" (
    id uuid NOT NULL,
    "tenantId" uuid NOT NULL,
    name text NOT NULL,
    code text NOT NULL,
    description text,
    logo text,
    "primaryColor" text,
    "secondaryColor" text,
    standards text DEFAULT '{}'::text NOT NULL,
    status text DEFAULT 'active'::text NOT NULL,
    "createdAt" timestamp with time zone DEFAULT CURRENT_TIMESTAMP NOT NULL,
    "updatedAt" timestamp with time zone NOT NULL
);


--
-- TOC entry 242 (class 1259 OID 16855)
-- Name: BridgeConfig; Type: TABLE; Schema: public; Owner: -
--

CREATE TABLE public."BridgeConfig" (
    id uuid NOT NULL,
    "tenantId" uuid NOT NULL,
    "propertyId" uuid NOT NULL,
    name text NOT NULL,
    "memberInterfaces" text DEFAULT '[]'::text NOT NULL,
    "stpEnabled" boolean DEFAULT false NOT NULL,
    "forwardDelay" integer DEFAULT 15 NOT NULL,
    "helloTime" integer DEFAULT 2 NOT NULL,
    "maxAge" integer DEFAULT 20 NOT NULL,
    enabled boolean DEFAULT true NOT NULL,
    "createdAt" timestamp with time zone DEFAULT CURRENT_TIMESTAMP NOT NULL,
    "updatedAt" timestamp with time zone NOT NULL
);


--
-- TOC entry 243 (class 1259 OID 16869)
-- Name: Camera; Type: TABLE; Schema: public; Owner: -
--

CREATE TABLE public."Camera" (
    id uuid NOT NULL,
    "propertyId" uuid NOT NULL,
    "groupId" uuid,
    name text NOT NULL,
    location text,
    "streamUrl" text,
    "streamType" text DEFAULT 'rtsp'::text NOT NULL,
    "isRecording" boolean DEFAULT false NOT NULL,
    "recordingUrl" text,
    status text DEFAULT 'online'::text NOT NULL,
    "posX" integer,
    "posY" integer,
    "createdAt" timestamp with time zone DEFAULT CURRENT_TIMESTAMP NOT NULL,
    "updatedAt" timestamp with time zone NOT NULL
);


--
-- TOC entry 244 (class 1259 OID 16880)
-- Name: CameraEvent; Type: TABLE; Schema: public; Owner: -
--

CREATE TABLE public."CameraEvent" (
    id uuid NOT NULL,
    "tenantId" uuid NOT NULL,
    "cameraId" uuid NOT NULL,
    type text NOT NULL,
    "timestamp" timestamp with time zone DEFAULT CURRENT_TIMESTAMP NOT NULL,
    "thumbnailUrl" text,
    "clipUrl" text,
    description text,
    confidence double precision,
    "isAlert" boolean DEFAULT false NOT NULL,
    "alertType" text,
    "acknowledgedBy" text,
    "acknowledgedAt" timestamp with time zone,
    "createdAt" timestamp with time zone DEFAULT CURRENT_TIMESTAMP NOT NULL
);


--
-- TOC entry 245 (class 1259 OID 16890)
-- Name: CameraGroup; Type: TABLE; Schema: public; Owner: -
--

CREATE TABLE public."CameraGroup" (
    id uuid NOT NULL,
    "propertyId" uuid NOT NULL,
    name text NOT NULL,
    description text,
    "createdAt" timestamp with time zone DEFAULT CURRENT_TIMESTAMP NOT NULL,
    "updatedAt" timestamp with time zone NOT NULL
);


--
-- TOC entry 246 (class 1259 OID 16898)
-- Name: Campaign; Type: TABLE; Schema: public; Owner: -
--

CREATE TABLE public."Campaign" (
    id uuid NOT NULL,
    "tenantId" uuid NOT NULL,
    name text NOT NULL,
    description text,
    type text NOT NULL,
    subject text,
    content text NOT NULL,
    "templateId" uuid,
    "targetSegments" text DEFAULT '[]'::text NOT NULL,
    "scheduledAt" timestamp with time zone,
    "sentAt" timestamp with time zone,
    "totalRecipients" integer DEFAULT 0 NOT NULL,
    "sentCount" integer DEFAULT 0 NOT NULL,
    "openedCount" integer DEFAULT 0 NOT NULL,
    "clickedCount" integer DEFAULT 0 NOT NULL,
    "bouncedCount" integer DEFAULT 0 NOT NULL,
    "unsubscribedCount" integer DEFAULT 0 NOT NULL,
    status text DEFAULT 'draft'::text NOT NULL,
    "createdAt" timestamp with time zone DEFAULT CURRENT_TIMESTAMP NOT NULL,
    "updatedAt" timestamp with time zone NOT NULL
);


--
-- TOC entry 487 (class 1259 OID 19796)
-- Name: CampaignAbTest; Type: TABLE; Schema: public; Owner: -
--

CREATE TABLE public."CampaignAbTest" (
    id uuid NOT NULL,
    "tenantId" uuid NOT NULL,
    "campaignId" uuid NOT NULL,
    "variantLabel" text NOT NULL,
    "variantName" text NOT NULL,
    subject text,
    content text NOT NULL,
    "splitPercentage" double precision DEFAULT 50 NOT NULL,
    "sentCount" integer DEFAULT 0 NOT NULL,
    "openedCount" integer DEFAULT 0 NOT NULL,
    "clickedCount" integer DEFAULT 0 NOT NULL,
    "conversionCount" integer DEFAULT 0 NOT NULL,
    "isWinner" boolean DEFAULT false NOT NULL,
    "declaredAt" timestamp with time zone,
    "createdAt" timestamp with time zone DEFAULT CURRENT_TIMESTAMP NOT NULL,
    "updatedAt" timestamp with time zone NOT NULL
);


--
-- TOC entry 247 (class 1259 OID 16914)
-- Name: CampaignSegment; Type: TABLE; Schema: public; Owner: -
--

CREATE TABLE public."CampaignSegment" (
    id uuid NOT NULL,
    "campaignId" uuid NOT NULL,
    "segmentId" uuid NOT NULL,
    "createdAt" timestamp with time zone DEFAULT CURRENT_TIMESTAMP NOT NULL
);


--
-- TOC entry 481 (class 1259 OID 19732)
-- Name: CancellationPenalty; Type: TABLE; Schema: public; Owner: -
--

CREATE TABLE public."CancellationPenalty" (
    id uuid NOT NULL,
    "tenantId" uuid NOT NULL,
    "bookingId" uuid NOT NULL,
    "folioId" uuid,
    "policyId" uuid NOT NULL,
    "policyName" text NOT NULL,
    "penaltyType" text NOT NULL,
    "penaltyAmount" double precision DEFAULT 0 NOT NULL,
    "originalAmount" double precision DEFAULT 0 NOT NULL,
    "penaltyPercent" double precision,
    "penaltyNights" integer,
    "refundAmount" double precision DEFAULT 0 NOT NULL,
    reason text,
    "exemptionType" text,
    "exemptionDetails" text,
    status text DEFAULT 'applied'::text NOT NULL,
    "createdAt" timestamp with time zone DEFAULT CURRENT_TIMESTAMP NOT NULL,
    "updatedAt" timestamp with time zone NOT NULL
);


--
-- TOC entry 248 (class 1259 OID 16920)
-- Name: CancellationPolicy; Type: TABLE; Schema: public; Owner: -
--

CREATE TABLE public."CancellationPolicy" (
    id uuid NOT NULL,
    "tenantId" uuid NOT NULL,
    "propertyId" uuid,
    "ratePlanId" uuid,
    name text NOT NULL,
    description text,
    "freeCancelHoursBefore" integer DEFAULT 48 NOT NULL,
    "penaltyPercent" double precision DEFAULT 50 NOT NULL,
    "noShowPenaltyPercent" double precision DEFAULT 100 NOT NULL,
    "penaltyType" text DEFAULT 'percentage'::text NOT NULL,
    "penaltyFixedAmount" double precision,
    "penaltyNights" integer,
    exceptions text DEFAULT '[]'::text NOT NULL,
    "isActive" boolean DEFAULT true NOT NULL,
    "sortOrder" integer DEFAULT 0 NOT NULL,
    "createdAt" timestamp with time zone DEFAULT CURRENT_TIMESTAMP NOT NULL,
    "updatedAt" timestamp with time zone NOT NULL
);


--
-- TOC entry 249 (class 1259 OID 16935)
-- Name: CaptivePortal; Type: TABLE; Schema: public; Owner: -
--

CREATE TABLE public."CaptivePortal" (
    id uuid NOT NULL,
    "tenantId" uuid NOT NULL,
    "propertyId" uuid NOT NULL,
    name text NOT NULL,
    description text,
    "listenIp" text DEFAULT '0.0.0.0'::text NOT NULL,
    "listenPort" integer DEFAULT 80 NOT NULL,
    "useSsl" boolean DEFAULT false NOT NULL,
    "sslCertPath" text,
    "sslKeyPath" text,
    enabled boolean DEFAULT true NOT NULL,
    "isDefault" boolean DEFAULT false NOT NULL,
    "autoAuthEnabled" boolean DEFAULT true NOT NULL,
    "maxConcurrent" integer DEFAULT 1000 NOT NULL,
    "sessionTimeout" integer DEFAULT 86400 NOT NULL,
    "idleTimeout" integer DEFAULT 3600 NOT NULL,
    "redirectUrl" text,
    "successMessage" text,
    "failMessage" text,
    slug text DEFAULT 'default-zone'::text NOT NULL,
    "roamingMode" text DEFAULT 'auth_origin'::text NOT NULL,
    "allowsRoamingFrom" text DEFAULT '[]'::text NOT NULL,
    "authMethod" text DEFAULT 'voucher'::text NOT NULL,
    "maxBandwidthDown" integer DEFAULT 5242880 NOT NULL,
    "maxBandwidthUp" integer DEFAULT 1048576 NOT NULL,
    "bandwidthPolicy" text DEFAULT 'zone'::text NOT NULL,
    "nasIdentifier" text DEFAULT ''::text NOT NULL,
    "ssidList" text DEFAULT '[]'::text NOT NULL,
    "createdAt" timestamp with time zone DEFAULT CURRENT_TIMESTAMP NOT NULL,
    "updatedAt" timestamp with time zone NOT NULL
);


--
-- TOC entry 250 (class 1259 OID 16961)
-- Name: ChannelConnection; Type: TABLE; Schema: public; Owner: -
--

CREATE TABLE public."ChannelConnection" (
    id uuid NOT NULL,
    "tenantId" uuid NOT NULL,
    channel text NOT NULL,
    "displayName" text,
    "apiKey" text,
    "apiSecret" text,
    username text,
    password text,
    "clientId" text,
    "clientSecret" text,
    "accessToken" text,
    "refreshToken" text,
    "tokenExpiresAt" timestamp with time zone,
    "hotelId" uuid,
    "propertyId" uuid,
    "listingId" uuid,
    "endpointUrl" text,
    credentials text,
    status text DEFAULT 'pending'::text NOT NULL,
    "lastSyncAt" timestamp with time zone,
    "lastError" text,
    "autoSync" boolean DEFAULT true NOT NULL,
    "syncInterval" integer DEFAULT 60 NOT NULL,
    "createdAt" timestamp with time zone DEFAULT CURRENT_TIMESTAMP NOT NULL,
    "updatedAt" timestamp with time zone NOT NULL
);


--
-- TOC entry 251 (class 1259 OID 16972)
-- Name: ChannelDeadLetterQueue; Type: TABLE; Schema: public; Owner: -
--

CREATE TABLE public."ChannelDeadLetterQueue" (
    id uuid NOT NULL,
    "tenantId" uuid NOT NULL,
    "propertyId" uuid,
    "syncLogId" uuid,
    "channelCode" text NOT NULL,
    operation text NOT NULL,
    payload text DEFAULT '{}'::text NOT NULL,
    error text NOT NULL,
    "attemptCount" integer DEFAULT 0 NOT NULL,
    "originalCreatedAt" timestamp with time zone NOT NULL,
    "createdAt" timestamp with time zone DEFAULT CURRENT_TIMESTAMP NOT NULL,
    "updatedAt" timestamp with time zone NOT NULL
);


--
-- TOC entry 252 (class 1259 OID 16982)
-- Name: ChannelMapping; Type: TABLE; Schema: public; Owner: -
--

CREATE TABLE public."ChannelMapping" (
    id uuid NOT NULL,
    "connectionId" uuid NOT NULL,
    "roomTypeId" uuid NOT NULL,
    "ratePlanId" uuid,
    "externalRoomId" uuid NOT NULL,
    "externalRoomName" text,
    "externalRateId" uuid,
    "externalRateName" text,
    "syncInventory" boolean DEFAULT true NOT NULL,
    "syncRates" boolean DEFAULT true NOT NULL,
    "syncRestrictions" boolean DEFAULT true NOT NULL,
    status text DEFAULT 'active'::text NOT NULL,
    "createdAt" timestamp with time zone DEFAULT CURRENT_TIMESTAMP NOT NULL,
    "updatedAt" timestamp with time zone NOT NULL
);


--
-- TOC entry 253 (class 1259 OID 16994)
-- Name: ChannelRestriction; Type: TABLE; Schema: public; Owner: -
--

CREATE TABLE public."ChannelRestriction" (
    id uuid NOT NULL,
    "connectionId" uuid NOT NULL,
    "roomTypeId" uuid NOT NULL,
    "startDate" timestamp with time zone NOT NULL,
    "endDate" timestamp with time zone NOT NULL,
    "closedToArrival" boolean DEFAULT false NOT NULL,
    "closedToDeparture" boolean DEFAULT false NOT NULL,
    closed boolean DEFAULT false NOT NULL,
    "minStay" integer,
    "maxStay" integer,
    "minStayArrival" integer,
    "maxStayArrival" integer,
    "rateMin" double precision,
    "rateMax" double precision,
    source text DEFAULT 'manual'::text NOT NULL,
    "syncStatus" text DEFAULT 'pending'::text NOT NULL,
    "lastSyncedAt" timestamp with time zone,
    "createdAt" timestamp with time zone DEFAULT CURRENT_TIMESTAMP NOT NULL,
    "updatedAt" timestamp with time zone NOT NULL
);


--
-- TOC entry 254 (class 1259 OID 17007)
-- Name: ChannelRetryQueue; Type: TABLE; Schema: public; Owner: -
--

CREATE TABLE public."ChannelRetryQueue" (
    id uuid NOT NULL,
    "tenantId" uuid NOT NULL,
    "propertyId" uuid,
    "syncLogId" uuid,
    "channelCode" text NOT NULL,
    operation text NOT NULL,
    payload text DEFAULT '{}'::text NOT NULL,
    "attemptCount" integer DEFAULT 0 NOT NULL,
    "nextRetryAt" timestamp with time zone NOT NULL,
    status text DEFAULT 'pending'::text NOT NULL,
    "lastError" text,
    "lastAttemptAt" timestamp with time zone,
    priority integer DEFAULT 0 NOT NULL,
    "createdAt" timestamp with time zone DEFAULT CURRENT_TIMESTAMP NOT NULL,
    "updatedAt" timestamp with time zone NOT NULL
);


--
-- TOC entry 255 (class 1259 OID 17019)
-- Name: ChannelSyncLog; Type: TABLE; Schema: public; Owner: -
--

CREATE TABLE public."ChannelSyncLog" (
    id uuid NOT NULL,
    "connectionId" uuid NOT NULL,
    "syncType" text NOT NULL,
    direction text NOT NULL,
    "requestPayload" text,
    "responsePayload" text,
    "statusCode" integer,
    status text NOT NULL,
    "errorMessage" text,
    "attemptCount" integer DEFAULT 1 NOT NULL,
    "correlationId" uuid,
    "createdAt" timestamp with time zone DEFAULT CURRENT_TIMESTAMP NOT NULL
);


--
-- TOC entry 442 (class 1259 OID 19261)
-- Name: ChatAttachment; Type: TABLE; Schema: public; Owner: -
--

CREATE TABLE public."ChatAttachment" (
    id uuid NOT NULL,
    "tenantId" uuid NOT NULL,
    "conversationId" uuid NOT NULL,
    "fileName" text NOT NULL,
    "fileSize" integer NOT NULL,
    "mimeType" text NOT NULL,
    "fileUrl" text NOT NULL,
    "uploadedBy" uuid,
    "createdAt" timestamp with time zone DEFAULT CURRENT_TIMESTAMP NOT NULL
);


--
-- TOC entry 256 (class 1259 OID 17028)
-- Name: ChatConversation; Type: TABLE; Schema: public; Owner: -
--

CREATE TABLE public."ChatConversation" (
    id uuid NOT NULL,
    "tenantId" uuid NOT NULL,
    "propertyId" uuid NOT NULL,
    "guestId" uuid,
    "bookingId" uuid,
    channel text NOT NULL,
    "externalId" uuid,
    "channelRef" text,
    subject text,
    "assignedTo" uuid,
    status text DEFAULT 'open'::text NOT NULL,
    priority text DEFAULT 'normal'::text NOT NULL,
    "lastMessageAt" timestamp with time zone,
    "lastMessage" text,
    "unreadCount" integer DEFAULT 0 NOT NULL,
    tags text DEFAULT '[]'::text NOT NULL,
    "createdAt" timestamp with time zone DEFAULT CURRENT_TIMESTAMP NOT NULL,
    "updatedAt" timestamp with time zone NOT NULL
);


--
-- TOC entry 257 (class 1259 OID 17040)
-- Name: ChatMessage; Type: TABLE; Schema: public; Owner: -
--

CREATE TABLE public."ChatMessage" (
    id uuid NOT NULL,
    "conversationId" uuid NOT NULL,
    "senderId" uuid,
    content text NOT NULL,
    "messageType" text DEFAULT 'text'::text NOT NULL,
    attachments text DEFAULT '[]'::text NOT NULL,
    "senderType" text NOT NULL,
    status text DEFAULT 'sent'::text NOT NULL,
    "sentAt" timestamp with time zone DEFAULT CURRENT_TIMESTAMP NOT NULL,
    "readAt" timestamp with time zone,
    "createdAt" timestamp with time zone DEFAULT CURRENT_TIMESTAMP NOT NULL
);


--
-- TOC entry 443 (class 1259 OID 19269)
-- Name: ChatTransfer; Type: TABLE; Schema: public; Owner: -
--

CREATE TABLE public."ChatTransfer" (
    id uuid NOT NULL,
    "tenantId" uuid NOT NULL,
    "conversationId" uuid NOT NULL,
    "fromUserId" uuid NOT NULL,
    "toUserId" uuid NOT NULL,
    reason text,
    notes text,
    "createdAt" timestamp with time zone DEFAULT CURRENT_TIMESTAMP NOT NULL
);


--
-- TOC entry 258 (class 1259 OID 17052)
-- Name: CoaSessionDetail; Type: TABLE; Schema: public; Owner: -
--

CREATE TABLE public."CoaSessionDetail" (
    id uuid NOT NULL,
    "tenantId" uuid NOT NULL,
    "propertyId" uuid NOT NULL,
    "sessionId" uuid NOT NULL,
    username text NOT NULL,
    "userId" uuid,
    "coaType" text NOT NULL,
    "policyName" text,
    "bandwidthPercent" double precision,
    "triggeredBy" text DEFAULT 'system'::text NOT NULL,
    "nasIpAddress" text,
    "actualSessionTime" integer DEFAULT 0 NOT NULL,
    "effectiveSessionTime" integer DEFAULT 0 NOT NULL,
    "actualDownloadBytes" integer DEFAULT 0 NOT NULL,
    "actualUploadBytes" integer DEFAULT 0 NOT NULL,
    "effectiveDownloadBytes" integer DEFAULT 0 NOT NULL,
    "effectiveUploadBytes" integer DEFAULT 0 NOT NULL,
    result text DEFAULT 'pending'::text NOT NULL,
    "errorMessage" text,
    "createdAt" timestamp with time zone DEFAULT CURRENT_TIMESTAMP NOT NULL
);


--
-- TOC entry 259 (class 1259 OID 17068)
-- Name: CommunicationChannel; Type: TABLE; Schema: public; Owner: -
--

CREATE TABLE public."CommunicationChannel" (
    id uuid NOT NULL,
    "tenantId" uuid NOT NULL,
    type text NOT NULL,
    name text NOT NULL,
    provider text,
    config text NOT NULL,
    status text DEFAULT 'active'::text NOT NULL,
    capabilities text DEFAULT '[]'::text NOT NULL,
    "webhookUrl" text,
    "webhookSecret" text,
    "messagesSent" integer DEFAULT 0 NOT NULL,
    "messagesReceived" integer DEFAULT 0 NOT NULL,
    "lastMessageAt" timestamp with time zone,
    "lastError" text,
    "lastErrorAt" timestamp with time zone,
    "createdAt" timestamp with time zone DEFAULT CURRENT_TIMESTAMP NOT NULL,
    "updatedAt" timestamp with time zone NOT NULL
);


--
-- TOC entry 260 (class 1259 OID 17080)
-- Name: CompetitorPrice; Type: TABLE; Schema: public; Owner: -
--

CREATE TABLE public."CompetitorPrice" (
    id uuid NOT NULL,
    "tenantId" uuid NOT NULL,
    "propertyId" uuid NOT NULL,
    "roomTypeId" uuid,
    "competitorName" text NOT NULL,
    "competitorType" text DEFAULT 'direct'::text NOT NULL,
    "competitorUrl" text,
    rating double precision,
    date timestamp with time zone NOT NULL,
    price double precision NOT NULL,
    currency text DEFAULT 'USD'::text NOT NULL,
    "roomTypeName" text,
    "ratePlanName" text,
    source text DEFAULT 'manual'::text NOT NULL,
    "createdAt" timestamp with time zone DEFAULT CURRENT_TIMESTAMP NOT NULL,
    "updatedAt" timestamp with time zone NOT NULL
);


--
-- TOC entry 488 (class 1259 OID 19810)
-- Name: CompetitorSyncLog; Type: TABLE; Schema: public; Owner: -
--

CREATE TABLE public."CompetitorSyncLog" (
    id uuid NOT NULL,
    "tenantId" uuid NOT NULL,
    "propertyId" uuid NOT NULL,
    "competitorName" text NOT NULL,
    "syncType" text DEFAULT 'manual'::text NOT NULL,
    status text DEFAULT 'success'::text NOT NULL,
    "pricesCollected" integer DEFAULT 0 NOT NULL,
    "errorMessage" text,
    "startedAt" timestamp with time zone NOT NULL,
    "completedAt" timestamp with time zone,
    "createdAt" timestamp with time zone DEFAULT CURRENT_TIMESTAMP NOT NULL
);


--
-- TOC entry 261 (class 1259 OID 17091)
-- Name: ConsentRecord; Type: TABLE; Schema: public; Owner: -
--

CREATE TABLE public."ConsentRecord" (
    id uuid NOT NULL,
    "tenantId" uuid NOT NULL,
    "guestId" uuid,
    "userId" uuid,
    "consentType" text NOT NULL,
    "consentCategory" text DEFAULT 'preferences'::text NOT NULL,
    granted boolean DEFAULT false NOT NULL,
    "grantedAt" timestamp with time zone,
    "grantedVia" text,
    "ipAddress" text,
    "userAgent" text,
    "consentText" text,
    "consentVersion" text,
    revoked boolean DEFAULT false NOT NULL,
    "revokedAt" timestamp with time zone,
    "revokedVia" text,
    "revocationReason" text,
    "expiresAt" timestamp with time zone,
    metadata text DEFAULT '{}'::text NOT NULL,
    "createdAt" timestamp with time zone DEFAULT CURRENT_TIMESTAMP NOT NULL,
    "updatedAt" timestamp with time zone NOT NULL
);


--
-- TOC entry 262 (class 1259 OID 17103)
-- Name: ContentFilter; Type: TABLE; Schema: public; Owner: -
--

CREATE TABLE public."ContentFilter" (
    id uuid NOT NULL,
    "tenantId" uuid NOT NULL,
    "propertyId" uuid NOT NULL,
    name text NOT NULL,
    category text NOT NULL,
    domains text DEFAULT '[]'::text NOT NULL,
    enabled boolean DEFAULT true NOT NULL,
    "scheduleId" uuid,
    "createdAt" timestamp with time zone DEFAULT CURRENT_TIMESTAMP NOT NULL,
    "updatedAt" timestamp with time zone NOT NULL
);


--
-- TOC entry 263 (class 1259 OID 17113)
-- Name: CreditNote; Type: TABLE; Schema: public; Owner: -
--

CREATE TABLE public."CreditNote" (
    id uuid NOT NULL,
    "tenantId" uuid NOT NULL,
    "propertyId" uuid NOT NULL,
    "folioId" uuid NOT NULL,
    "creditNoteNumber" text NOT NULL,
    "guestId" uuid NOT NULL,
    "bookingId" uuid,
    reason text NOT NULL,
    description text,
    items text DEFAULT '[]'::text NOT NULL,
    subtotal double precision DEFAULT 0 NOT NULL,
    "taxAmount" double precision DEFAULT 0 NOT NULL,
    "totalAmount" double precision NOT NULL,
    currency text DEFAULT 'USD'::text NOT NULL,
    status text DEFAULT 'issued'::text NOT NULL,
    "appliedAmount" double precision DEFAULT 0 NOT NULL,
    "remainingAmount" double precision NOT NULL,
    "issuedBy" text,
    "approvedBy" text,
    "approvedAt" timestamp with time zone,
    "validUntil" timestamp with time zone,
    "refundedTo" text,
    "createdAt" timestamp with time zone DEFAULT CURRENT_TIMESTAMP NOT NULL,
    "updatedAt" timestamp with time zone NOT NULL
);


--
-- TOC entry 265 (class 1259 OID 17136)
-- Name: DemandForecast; Type: TABLE; Schema: public; Owner: -
--

CREATE TABLE public."DemandForecast" (
    id uuid NOT NULL,
    "tenantId" uuid NOT NULL,
    "propertyId" uuid NOT NULL,
    "roomTypeId" uuid,
    date timestamp with time zone NOT NULL,
    "demandScore" integer DEFAULT 0 NOT NULL,
    "occupancyForecast" double precision,
    "adrForecast" double precision,
    "revparForecast" double precision,
    "localEvents" text DEFAULT '[]'::text NOT NULL,
    "eventsImpact" double precision DEFAULT 0 NOT NULL,
    "seasonalFactor" double precision DEFAULT 1.0 NOT NULL,
    "dayOfWeekFactor" double precision DEFAULT 1.0 NOT NULL,
    confidence double precision DEFAULT 0.5 NOT NULL,
    "generatedBy" text DEFAULT 'algorithm'::text NOT NULL,
    "modelVersion" text,
    "createdAt" timestamp with time zone DEFAULT CURRENT_TIMESTAMP NOT NULL,
    "updatedAt" timestamp with time zone NOT NULL
);


--
-- TOC entry 218 (class 1259 OID 16540)
-- Name: DeviceProfile; Type: TABLE; Schema: public; Owner: -
--

CREATE TABLE public."DeviceProfile" (
    id uuid NOT NULL,
    "tenantId" uuid NOT NULL,
    "propertyId" uuid NOT NULL,
    "wifiUserId" uuid NOT NULL,
    "guestId" uuid,
    "fingerprintHash" text NOT NULL,
    "storageToken" text,
    "macAddress" text,
    "ipAddress" text,
    "userAgent" text,
    "deviceName" text,
    "deviceType" text,
    "fingerprintData" text,
    "authCount" integer DEFAULT 0 NOT NULL,
    "lastAuthAt" timestamp with time zone,
    "firstSeenAt" timestamp with time zone DEFAULT now() NOT NULL,
    "lastSeenAt" timestamp with time zone NOT NULL,
    "isActive" boolean DEFAULT true NOT NULL
);


--
-- TOC entry 266 (class 1259 OID 17151)
-- Name: DhcpBlacklist; Type: TABLE; Schema: public; Owner: -
--

CREATE TABLE public."DhcpBlacklist" (
    id uuid NOT NULL,
    "tenantId" uuid NOT NULL,
    "propertyId" uuid NOT NULL,
    "subnetId" uuid,
    "macAddress" text NOT NULL,
    reason text,
    enabled boolean DEFAULT true NOT NULL,
    "createdAt" timestamp with time zone DEFAULT CURRENT_TIMESTAMP NOT NULL,
    "updatedAt" timestamp with time zone NOT NULL
);


--
-- TOC entry 267 (class 1259 OID 17160)
-- Name: DhcpHostnameFilter; Type: TABLE; Schema: public; Owner: -
--

CREATE TABLE public."DhcpHostnameFilter" (
    id uuid NOT NULL,
    "tenantId" uuid NOT NULL,
    "propertyId" uuid NOT NULL,
    "subnetId" uuid,
    pattern text NOT NULL,
    action text DEFAULT 'ignore'::text NOT NULL,
    enabled boolean DEFAULT true NOT NULL,
    description text,
    "createdAt" timestamp with time zone DEFAULT CURRENT_TIMESTAMP NOT NULL,
    "updatedAt" timestamp with time zone NOT NULL
);


--
-- TOC entry 268 (class 1259 OID 17170)
-- Name: DhcpLease; Type: TABLE; Schema: public; Owner: -
--

CREATE TABLE public."DhcpLease" (
    id uuid NOT NULL,
    "tenantId" uuid NOT NULL,
    "propertyId" uuid NOT NULL,
    "subnetId" uuid NOT NULL,
    "macAddress" text NOT NULL,
    "ipAddress" text NOT NULL,
    hostname text,
    "clientId" text,
    "leaseStart" timestamp with time zone DEFAULT CURRENT_TIMESTAMP NOT NULL,
    "leaseEnd" timestamp with time zone NOT NULL,
    state text DEFAULT 'active'::text NOT NULL,
    "lastSeenAt" timestamp with time zone DEFAULT CURRENT_TIMESTAMP NOT NULL
);


--
-- TOC entry 269 (class 1259 OID 17180)
-- Name: DhcpLeaseScript; Type: TABLE; Schema: public; Owner: -
--

CREATE TABLE public."DhcpLeaseScript" (
    id uuid NOT NULL,
    "tenantId" uuid NOT NULL,
    "propertyId" uuid NOT NULL,
    name text NOT NULL,
    "scriptPath" text NOT NULL,
    events text DEFAULT '["add","del","old"]'::text NOT NULL,
    enabled boolean DEFAULT true NOT NULL,
    description text,
    "createdAt" timestamp with time zone DEFAULT CURRENT_TIMESTAMP NOT NULL,
    "updatedAt" timestamp with time zone NOT NULL
);


--
-- TOC entry 270 (class 1259 OID 17190)
-- Name: DhcpOption; Type: TABLE; Schema: public; Owner: -
--

CREATE TABLE public."DhcpOption" (
    id uuid NOT NULL,
    "tenantId" uuid NOT NULL,
    "propertyId" uuid NOT NULL,
    "subnetId" uuid,
    code integer NOT NULL,
    name text NOT NULL,
    value text NOT NULL,
    type text DEFAULT 'string'::text NOT NULL,
    enabled boolean DEFAULT true NOT NULL,
    description text,
    "createdAt" timestamp with time zone DEFAULT CURRENT_TIMESTAMP NOT NULL,
    "updatedAt" timestamp with time zone NOT NULL
);


--
-- TOC entry 271 (class 1259 OID 17200)
-- Name: DhcpReservation; Type: TABLE; Schema: public; Owner: -
--

CREATE TABLE public."DhcpReservation" (
    id uuid NOT NULL,
    "tenantId" uuid NOT NULL,
    "propertyId" uuid NOT NULL,
    "subnetId" uuid NOT NULL,
    "macAddress" text NOT NULL,
    "ipAddress" text NOT NULL,
    hostname text,
    "leaseTime" integer,
    "linkedType" text,
    "linkedId" uuid,
    description text,
    enabled boolean DEFAULT true NOT NULL,
    "createdAt" timestamp with time zone DEFAULT CURRENT_TIMESTAMP NOT NULL,
    "updatedAt" timestamp with time zone NOT NULL
);


--
-- TOC entry 272 (class 1259 OID 17209)
-- Name: DhcpSubnet; Type: TABLE; Schema: public; Owner: -
--

CREATE TABLE public."DhcpSubnet" (
    id uuid NOT NULL,
    "tenantId" uuid NOT NULL,
    "propertyId" uuid NOT NULL,
    name text NOT NULL,
    subnet text NOT NULL,
    gateway text,
    "poolStart" text NOT NULL,
    "poolEnd" text NOT NULL,
    "leaseTime" integer DEFAULT 3600 NOT NULL,
    "vlanId" integer,
    "vlanConfigId" uuid,
    "domainName" text,
    "dnsServers" text DEFAULT '[]'::text NOT NULL,
    "ntpServers" text DEFAULT '[]'::text NOT NULL,
    "bootFileName" text,
    "nextServer" text,
    "ipv6Enabled" boolean DEFAULT false NOT NULL,
    "ipv6Prefix" text,
    "ipv6PoolStart" text,
    "ipv6PoolEnd" text,
    "ipv6LeaseTime" integer DEFAULT 3600 NOT NULL,
    "ipv6RAType" text DEFAULT 'slaac'::text NOT NULL,
    enabled boolean DEFAULT true NOT NULL,
    description text,
    "createdAt" timestamp with time zone DEFAULT CURRENT_TIMESTAMP NOT NULL,
    "updatedAt" timestamp with time zone NOT NULL
);


--
-- TOC entry 273 (class 1259 OID 17224)
-- Name: DhcpTagRule; Type: TABLE; Schema: public; Owner: -
--

CREATE TABLE public."DhcpTagRule" (
    id uuid NOT NULL,
    "tenantId" uuid NOT NULL,
    "propertyId" uuid NOT NULL,
    "subnetId" uuid,
    name text NOT NULL,
    "matchType" text NOT NULL,
    "matchPattern" text NOT NULL,
    "setTag" text NOT NULL,
    enabled boolean DEFAULT true NOT NULL,
    description text,
    "createdAt" timestamp with time zone DEFAULT CURRENT_TIMESTAMP NOT NULL,
    "updatedAt" timestamp with time zone NOT NULL
);


--
-- TOC entry 274 (class 1259 OID 17233)
-- Name: DigitalKeyAccessLog; Type: TABLE; Schema: public; Owner: -
--

CREATE TABLE public."DigitalKeyAccessLog" (
    id uuid NOT NULL,
    "tenantId" uuid NOT NULL,
    "roomId" uuid NOT NULL,
    "guestId" uuid,
    "accessType" text NOT NULL,
    method text NOT NULL,
    success boolean NOT NULL,
    "failureReason" text,
    "deviceId" uuid,
    "deviceType" text,
    "ipAddress" text,
    "accessedAt" timestamp with time zone DEFAULT CURRENT_TIMESTAMP NOT NULL
);


--
-- TOC entry 275 (class 1259 OID 17241)
-- Name: Discount; Type: TABLE; Schema: public; Owner: -
--

CREATE TABLE public."Discount" (
    id uuid NOT NULL,
    "tenantId" uuid NOT NULL,
    name text NOT NULL,
    code text NOT NULL,
    type text NOT NULL,
    value double precision NOT NULL,
    "minAmount" double precision DEFAULT 0,
    "maxDiscount" double precision,
    "applicableTo" text DEFAULT 'room'::text,
    "validFrom" timestamp with time zone DEFAULT CURRENT_TIMESTAMP NOT NULL,
    "validUntil" timestamp with time zone,
    "maxUses" integer,
    "usedCount" integer DEFAULT 0 NOT NULL,
    "isActive" boolean DEFAULT true NOT NULL,
    "createdAt" timestamp with time zone DEFAULT CURRENT_TIMESTAMP NOT NULL,
    "updatedAt" timestamp with time zone NOT NULL,
    "deletedAt" timestamp with time zone
);


--
-- TOC entry 276 (class 1259 OID 17254)
-- Name: DnsRecord; Type: TABLE; Schema: public; Owner: -
--

CREATE TABLE public."DnsRecord" (
    id uuid NOT NULL,
    "tenantId" uuid NOT NULL,
    "zoneId" uuid NOT NULL,
    name text NOT NULL,
    type text DEFAULT 'A'::text NOT NULL,
    value text NOT NULL,
    ttl integer DEFAULT 300 NOT NULL,
    priority integer,
    enabled boolean DEFAULT true NOT NULL,
    "createdAt" timestamp with time zone DEFAULT CURRENT_TIMESTAMP NOT NULL,
    "updatedAt" timestamp with time zone NOT NULL
);


--
-- TOC entry 277 (class 1259 OID 17265)
-- Name: DnsRedirectRule; Type: TABLE; Schema: public; Owner: -
--

CREATE TABLE public."DnsRedirectRule" (
    id uuid NOT NULL,
    "tenantId" uuid NOT NULL,
    "propertyId" uuid NOT NULL,
    name text NOT NULL,
    "matchPattern" text NOT NULL,
    "targetIp" text NOT NULL,
    "applyTo" text DEFAULT 'unauthenticated'::text NOT NULL,
    priority integer DEFAULT 0 NOT NULL,
    enabled boolean DEFAULT true NOT NULL,
    description text,
    "createdAt" timestamp with time zone DEFAULT CURRENT_TIMESTAMP NOT NULL,
    "updatedAt" timestamp with time zone NOT NULL
);


--
-- TOC entry 278 (class 1259 OID 17276)
-- Name: DnsZone; Type: TABLE; Schema: public; Owner: -
--

CREATE TABLE public."DnsZone" (
    id uuid NOT NULL,
    "tenantId" uuid NOT NULL,
    "propertyId" uuid NOT NULL,
    domain text NOT NULL,
    description text,
    "vlanId" integer,
    enabled boolean DEFAULT true NOT NULL,
    "createdAt" timestamp with time zone DEFAULT CURRENT_TIMESTAMP NOT NULL,
    "updatedAt" timestamp with time zone NOT NULL
);


--
-- TOC entry 279 (class 1259 OID 17285)
-- Name: EnergyMetric; Type: TABLE; Schema: public; Owner: -
--

CREATE TABLE public."EnergyMetric" (
    id uuid NOT NULL,
    "tenantId" uuid NOT NULL,
    "propertyId" uuid NOT NULL,
    date timestamp with time zone NOT NULL,
    "electricityKwh" double precision DEFAULT 0 NOT NULL,
    "gasM3" double precision DEFAULT 0 NOT NULL,
    "waterM3" double precision DEFAULT 0 NOT NULL,
    "electricityCost" double precision DEFAULT 0 NOT NULL,
    "gasCost" double precision DEFAULT 0 NOT NULL,
    "waterCost" double precision DEFAULT 0 NOT NULL,
    "carbonFootprint" double precision DEFAULT 0 NOT NULL,
    "createdAt" timestamp with time zone DEFAULT CURRENT_TIMESTAMP NOT NULL
);


--
-- TOC entry 280 (class 1259 OID 17298)
-- Name: Event; Type: TABLE; Schema: public; Owner: -
--

CREATE TABLE public."Event" (
    id uuid NOT NULL,
    "tenantId" uuid NOT NULL,
    "propertyId" uuid NOT NULL,
    "spaceId" uuid,
    name text NOT NULL,
    type text NOT NULL,
    description text,
    "organizerName" text NOT NULL,
    "organizerEmail" text NOT NULL,
    "organizerPhone" text NOT NULL,
    "startDate" timestamp with time zone NOT NULL,
    "endDate" timestamp with time zone NOT NULL,
    "setupStart" timestamp with time zone,
    "teardownEnd" timestamp with time zone,
    "expectedAttendance" integer NOT NULL,
    "actualAttendance" integer,
    "spaceCharge" double precision DEFAULT 0 NOT NULL,
    "cateringCharge" double precision DEFAULT 0 NOT NULL,
    "avCharge" double precision DEFAULT 0 NOT NULL,
    "otherCharges" double precision DEFAULT 0 NOT NULL,
    "totalAmount" double precision DEFAULT 0 NOT NULL,
    currency text DEFAULT 'USD'::text NOT NULL,
    "depositAmount" double precision DEFAULT 0 NOT NULL,
    "depositPaid" boolean DEFAULT false NOT NULL,
    status text DEFAULT 'inquiry'::text NOT NULL,
    "contractUrl" text,
    "contractSignedAt" timestamp with time zone,
    notes text,
    "createdAt" timestamp with time zone DEFAULT CURRENT_TIMESTAMP NOT NULL,
    "updatedAt" timestamp with time zone NOT NULL
);


--
-- TOC entry 281 (class 1259 OID 17315)
-- Name: EventResource; Type: TABLE; Schema: public; Owner: -
--

CREATE TABLE public."EventResource" (
    id uuid NOT NULL,
    "eventId" uuid NOT NULL,
    name text NOT NULL,
    category text NOT NULL,
    description text,
    quantity integer DEFAULT 1 NOT NULL,
    "unitPrice" double precision DEFAULT 0 NOT NULL,
    "totalAmount" double precision DEFAULT 0 NOT NULL,
    "vendorId" uuid,
    "vendorName" text,
    "staffId" uuid,
    "staffName" text,
    status text DEFAULT 'pending'::text NOT NULL,
    "setupTime" timestamp with time zone,
    "teardownTime" timestamp with time zone,
    notes text,
    "createdAt" timestamp with time zone DEFAULT CURRENT_TIMESTAMP NOT NULL,
    "updatedAt" timestamp with time zone NOT NULL
);


--
-- TOC entry 282 (class 1259 OID 17327)
-- Name: EventSpace; Type: TABLE; Schema: public; Owner: -
--

CREATE TABLE public."EventSpace" (
    id uuid NOT NULL,
    "propertyId" uuid NOT NULL,
    name text NOT NULL,
    description text,
    "minCapacity" integer NOT NULL,
    "maxCapacity" integer NOT NULL,
    "sizeSqMeters" double precision,
    "sizeSqFeet" double precision,
    "hourlyRate" double precision,
    "dailyRate" double precision,
    amenities text DEFAULT '[]'::text NOT NULL,
    images text DEFAULT '[]'::text NOT NULL,
    status text DEFAULT 'active'::text NOT NULL,
    "createdAt" timestamp with time zone DEFAULT CURRENT_TIMESTAMP NOT NULL,
    "updatedAt" timestamp with time zone NOT NULL
);


--
-- TOC entry 283 (class 1259 OID 17338)
-- Name: ExchangeRate; Type: TABLE; Schema: public; Owner: -
--

CREATE TABLE public."ExchangeRate" (
    id uuid NOT NULL,
    "tenantId" uuid NOT NULL,
    "fromCurrency" text NOT NULL,
    "toCurrency" text NOT NULL,
    rate double precision NOT NULL,
    source text DEFAULT 'manual'::text NOT NULL,
    "validFrom" timestamp with time zone DEFAULT CURRENT_TIMESTAMP NOT NULL,
    "validUntil" timestamp with time zone,
    "isActive" boolean DEFAULT true NOT NULL,
    "createdAt" timestamp with time zone DEFAULT CURRENT_TIMESTAMP NOT NULL,
    "updatedAt" timestamp with time zone NOT NULL
);


--
-- TOC entry 437 (class 1259 OID 19204)
-- Name: Experience; Type: TABLE; Schema: public; Owner: -
--

CREATE TABLE public."Experience" (
    id uuid NOT NULL,
    "tenantId" uuid NOT NULL,
    "propertyId" uuid,
    name text NOT NULL,
    description text,
    "categoryId" text,
    category text,
    duration integer DEFAULT 60 NOT NULL,
    "maxParticipants" integer DEFAULT 10 NOT NULL,
    "basePrice" double precision DEFAULT 0 NOT NULL,
    "imageUrl" text,
    status text DEFAULT 'active'::text NOT NULL,
    tags text,
    highlights text,
    "whatToBring" text,
    "cancellationPolicy" text,
    rating double precision DEFAULT 0 NOT NULL,
    "totalReviews" integer DEFAULT 0 NOT NULL,
    "totalBookings" integer DEFAULT 0 NOT NULL,
    "createdAt" timestamp with time zone DEFAULT CURRENT_TIMESTAMP NOT NULL,
    "updatedAt" timestamp with time zone NOT NULL,
    "deletedAt" timestamp with time zone
);


--
-- TOC entry 438 (class 1259 OID 19219)
-- Name: ExperienceBooking; Type: TABLE; Schema: public; Owner: -
--

CREATE TABLE public."ExperienceBooking" (
    id uuid NOT NULL,
    "tenantId" uuid NOT NULL,
    "propertyId" uuid,
    "experienceId" uuid NOT NULL,
    "guestId" uuid,
    "guestName" text NOT NULL,
    "guestEmail" text,
    "guestPhone" text,
    "bookingDate" timestamp with time zone NOT NULL,
    "bookingTime" text NOT NULL,
    "numberOfGuests" integer DEFAULT 1 NOT NULL,
    "totalPrice" double precision DEFAULT 0 NOT NULL,
    "specialRequests" text,
    status text DEFAULT 'pending'::text NOT NULL,
    "confirmedAt" timestamp with time zone,
    "completedAt" timestamp with time zone,
    "cancelledAt" timestamp with time zone,
    "cancellationReason" text,
    "createdAt" timestamp with time zone DEFAULT CURRENT_TIMESTAMP NOT NULL,
    "updatedAt" timestamp with time zone NOT NULL,
    "deletedAt" timestamp with time zone
);


--
-- TOC entry 441 (class 1259 OID 19252)
-- Name: ExperienceFeedback; Type: TABLE; Schema: public; Owner: -
--

CREATE TABLE public."ExperienceFeedback" (
    id uuid NOT NULL,
    "tenantId" uuid NOT NULL,
    "experienceBookingId" uuid,
    "experienceId" uuid NOT NULL,
    "guestId" uuid,
    "guestName" text NOT NULL,
    rating integer NOT NULL,
    "reviewText" text,
    category text,
    "staffResponse" text,
    status text DEFAULT 'published'::text NOT NULL,
    "createdAt" timestamp with time zone DEFAULT CURRENT_TIMESTAMP NOT NULL,
    "updatedAt" timestamp with time zone NOT NULL
);


--
-- TOC entry 439 (class 1259 OID 19230)
-- Name: ExperiencePricing; Type: TABLE; Schema: public; Owner: -
--

CREATE TABLE public."ExperiencePricing" (
    id uuid NOT NULL,
    "tenantId" uuid NOT NULL,
    "experienceId" uuid NOT NULL,
    type text DEFAULT 'rule'::text NOT NULL,
    "seasonName" text,
    "startTime" text,
    "endTime" text,
    capacity integer,
    "startDate" timestamp with time zone,
    "endDate" timestamp with time zone,
    "priceMultiplier" double precision DEFAULT 1 NOT NULL,
    "minGuests" integer DEFAULT 1 NOT NULL,
    "maxGuests" integer,
    "isAvailable" boolean DEFAULT true NOT NULL,
    "createdAt" timestamp with time zone DEFAULT CURRENT_TIMESTAMP NOT NULL,
    "updatedAt" timestamp with time zone NOT NULL
);


--
-- TOC entry 440 (class 1259 OID 19242)
-- Name: ExperienceVendor; Type: TABLE; Schema: public; Owner: -
--

CREATE TABLE public."ExperienceVendor" (
    id uuid NOT NULL,
    "tenantId" uuid NOT NULL,
    "propertyId" uuid,
    "companyName" text NOT NULL,
    "contactPerson" text NOT NULL,
    email text NOT NULL,
    phone text,
    address text,
    category text,
    "commissionRate" double precision DEFAULT 0 NOT NULL,
    "bankAccountName" text,
    "bankAccountNumber" text,
    "bankIfsc" text,
    status text DEFAULT 'active'::text NOT NULL,
    notes text,
    "createdAt" timestamp with time zone DEFAULT CURRENT_TIMESTAMP NOT NULL,
    "updatedAt" timestamp with time zone NOT NULL,
    "deletedAt" timestamp with time zone
);


--
-- TOC entry 284 (class 1259 OID 17349)
-- Name: ExternalReview; Type: TABLE; Schema: public; Owner: -
--

CREATE TABLE public."ExternalReview" (
    id uuid NOT NULL,
    "tenantId" uuid NOT NULL,
    "propertyId" uuid,
    source text DEFAULT 'unknown'::text NOT NULL,
    "externalId" uuid,
    content text NOT NULL,
    rating integer NOT NULL,
    "reviewerName" text,
    "reviewDate" timestamp with time zone DEFAULT CURRENT_TIMESTAMP NOT NULL,
    "sentimentScore" double precision,
    "sentimentLabel" text,
    "sentimentAspects" text,
    "sentimentKeywords" text,
    "responseText" text,
    "respondedAt" timestamp with time zone,
    "createdAt" timestamp with time zone DEFAULT CURRENT_TIMESTAMP NOT NULL,
    "updatedAt" timestamp with time zone NOT NULL
);


--
-- TOC entry 285 (class 1259 OID 17359)
-- Name: FairAccessPolicy; Type: TABLE; Schema: public; Owner: -
--

CREATE TABLE public."FairAccessPolicy" (
    id uuid NOT NULL,
    "tenantId" uuid NOT NULL,
    "propertyId" uuid NOT NULL,
    name text NOT NULL,
    description text,
    "cycleType" text DEFAULT 'daily'::text NOT NULL,
    "limitType" text DEFAULT 'total'::text NOT NULL,
    "dataLimitMb" double precision NOT NULL,
    "dataLimitUnit" text DEFAULT 'mb'::text NOT NULL,
    "switchOverBwPolicyId" uuid,
    "cycleResetHour" integer DEFAULT 23 NOT NULL,
    "cycleResetMinute" integer DEFAULT 59 NOT NULL,
    "applicableOn" text DEFAULT 'total'::text NOT NULL,
    "isEnabled" boolean DEFAULT true NOT NULL,
    priority integer DEFAULT 0 NOT NULL,
    "createdAt" timestamp with time zone DEFAULT CURRENT_TIMESTAMP NOT NULL,
    "updatedAt" timestamp with time zone NOT NULL,
    "throttleDownKbps" integer DEFAULT 256,
    "throttleUpKbps" integer DEFAULT 128
);


--
-- TOC entry 288 (class 1259 OID 17393)
-- Name: FeatureAnnouncement; Type: TABLE; Schema: public; Owner: -
--

CREATE TABLE public."FeatureAnnouncement" (
    id uuid NOT NULL,
    title text NOT NULL,
    content text NOT NULL,
    type text DEFAULT 'info'::text NOT NULL,
    "targetRoles" text DEFAULT '[]'::text NOT NULL,
    "startsAt" timestamp with time zone,
    "endsAt" timestamp with time zone,
    dismissible boolean DEFAULT true NOT NULL,
    status text DEFAULT 'draft'::text NOT NULL,
    "createdAt" timestamp with time zone DEFAULT CURRENT_TIMESTAMP NOT NULL,
    "updatedAt" timestamp with time zone NOT NULL
);


--
-- TOC entry 289 (class 1259 OID 17405)
-- Name: FirewallRule; Type: TABLE; Schema: public; Owner: -
--

CREATE TABLE public."FirewallRule" (
    id uuid NOT NULL,
    "tenantId" uuid NOT NULL,
    "propertyId" uuid NOT NULL,
    "zoneId" uuid NOT NULL,
    chain text DEFAULT 'input'::text NOT NULL,
    protocol text,
    "sourceIp" text,
    "sourcePort" integer,
    "destIp" text,
    "destPort" integer,
    action text DEFAULT 'accept'::text NOT NULL,
    "jumpTarget" text,
    "logPrefix" text,
    enabled boolean DEFAULT true NOT NULL,
    comment text,
    priority integer DEFAULT 0 NOT NULL,
    "scheduleId" uuid,
    "createdAt" timestamp with time zone DEFAULT CURRENT_TIMESTAMP NOT NULL,
    "updatedAt" timestamp with time zone NOT NULL
);


--
-- TOC entry 290 (class 1259 OID 17417)
-- Name: FirewallSchedule; Type: TABLE; Schema: public; Owner: -
--

CREATE TABLE public."FirewallSchedule" (
    id uuid NOT NULL,
    "tenantId" uuid NOT NULL,
    "propertyId" uuid NOT NULL,
    name text NOT NULL,
    "daysOfWeek" text DEFAULT '1,2,3,4,5,6,7'::text NOT NULL,
    "startTime" text DEFAULT '00:00'::text NOT NULL,
    "endTime" text DEFAULT '23:59'::text NOT NULL,
    timezone text DEFAULT 'UTC'::text NOT NULL,
    enabled boolean DEFAULT true NOT NULL,
    "createdAt" timestamp with time zone DEFAULT CURRENT_TIMESTAMP NOT NULL,
    "updatedAt" timestamp with time zone NOT NULL
);


--
-- TOC entry 291 (class 1259 OID 17430)
-- Name: FirewallZone; Type: TABLE; Schema: public; Owner: -
--

CREATE TABLE public."FirewallZone" (
    id uuid NOT NULL,
    "tenantId" uuid NOT NULL,
    "propertyId" uuid NOT NULL,
    name text NOT NULL,
    interfaces text DEFAULT '[]'::text NOT NULL,
    "inputPolicy" text DEFAULT 'accept'::text NOT NULL,
    "forwardPolicy" text DEFAULT 'accept'::text NOT NULL,
    "outputPolicy" text DEFAULT 'accept'::text NOT NULL,
    masquerade boolean DEFAULT false NOT NULL,
    description text,
    "createdAt" timestamp with time zone DEFAULT CURRENT_TIMESTAMP NOT NULL,
    "updatedAt" timestamp with time zone NOT NULL
);


--
-- TOC entry 292 (class 1259 OID 17443)
-- Name: FloorPlan; Type: TABLE; Schema: public; Owner: -
--

CREATE TABLE public."FloorPlan" (
    id uuid NOT NULL,
    "propertyId" uuid NOT NULL,
    floor integer NOT NULL,
    name text NOT NULL,
    "imageUrl" text,
    "svgData" text,
    "roomPositions" text DEFAULT '[]'::text NOT NULL,
    width integer DEFAULT 800 NOT NULL,
    height integer DEFAULT 600 NOT NULL,
    "gridSize" integer DEFAULT 20 NOT NULL,
    "createdAt" timestamp with time zone DEFAULT CURRENT_TIMESTAMP NOT NULL,
    "updatedAt" timestamp with time zone NOT NULL
);


--
-- TOC entry 293 (class 1259 OID 17455)
-- Name: FloorPlanRoom; Type: TABLE; Schema: public; Owner: -
--

CREATE TABLE public."FloorPlanRoom" (
    id uuid NOT NULL,
    "floorPlanId" uuid NOT NULL,
    "roomId" uuid NOT NULL,
    x integer NOT NULL,
    y integer NOT NULL,
    width integer DEFAULT 80 NOT NULL,
    height integer DEFAULT 60 NOT NULL,
    rotation integer DEFAULT 0 NOT NULL,
    "createdAt" timestamp with time zone DEFAULT CURRENT_TIMESTAMP NOT NULL,
    "updatedAt" timestamp with time zone NOT NULL
);


--
-- TOC entry 294 (class 1259 OID 17464)
-- Name: Folio; Type: TABLE; Schema: public; Owner: -
--

CREATE TABLE public."Folio" (
    id uuid NOT NULL,
    "tenantId" uuid NOT NULL,
    "propertyId" uuid NOT NULL,
    "bookingId" uuid NOT NULL,
    "folioNumber" text NOT NULL,
    "guestId" uuid NOT NULL,
    subtotal double precision DEFAULT 0 NOT NULL,
    taxes double precision DEFAULT 0 NOT NULL,
    discount double precision DEFAULT 0 NOT NULL,
    "totalAmount" double precision DEFAULT 0 NOT NULL,
    "paidAmount" double precision DEFAULT 0 NOT NULL,
    balance double precision DEFAULT 0 NOT NULL,
    currency text DEFAULT 'USD'::text NOT NULL,
    status text DEFAULT 'open'::text NOT NULL,
    "openedAt" timestamp with time zone DEFAULT CURRENT_TIMESTAMP NOT NULL,
    "closedAt" timestamp with time zone,
    "invoiceNumber" text,
    "invoiceUrl" text,
    "invoiceIssuedAt" timestamp with time zone,
    "createdAt" timestamp with time zone DEFAULT CURRENT_TIMESTAMP NOT NULL,
    "updatedAt" timestamp with time zone NOT NULL
);


--
-- TOC entry 295 (class 1259 OID 17481)
-- Name: FolioLineItem; Type: TABLE; Schema: public; Owner: -
--

CREATE TABLE public."FolioLineItem" (
    id uuid NOT NULL,
    "folioId" uuid NOT NULL,
    description text NOT NULL,
    category text NOT NULL,
    quantity integer DEFAULT 1 NOT NULL,
    "unitPrice" double precision NOT NULL,
    "totalAmount" double precision NOT NULL,
    "serviceDate" timestamp with time zone DEFAULT CURRENT_TIMESTAMP NOT NULL,
    "referenceType" text,
    "referenceId" uuid,
    "taxRate" double precision DEFAULT 0 NOT NULL,
    "taxAmount" double precision DEFAULT 0 NOT NULL,
    "itemCurrency" text DEFAULT 'USD'::text NOT NULL,
    "exchangeRate" double precision DEFAULT 1 NOT NULL,
    "baseAmount" double precision DEFAULT 0 NOT NULL,
    "postedBy" text,
    "createdAt" timestamp with time zone DEFAULT CURRENT_TIMESTAMP NOT NULL,
    "updatedAt" timestamp with time zone NOT NULL,
    "discountId" uuid
);


--
-- TOC entry 321 (class 1259 OID 17801)
-- Name: FolioLineItemAudit; Type: TABLE; Schema: public; Owner: -
--

CREATE TABLE public."FolioLineItemAudit" (
    id uuid NOT NULL,
    "tenantId" uuid NOT NULL,
    "folioId" uuid NOT NULL,
    "lineItemId" uuid,
    action text NOT NULL,
    description text NOT NULL,
    category text,
    amount double precision,
    quantity integer,
    "userId" uuid,
    "userName" text,
    source text DEFAULT 'frontdesk'::text NOT NULL,
    "createdAt" timestamp with time zone DEFAULT CURRENT_TIMESTAMP NOT NULL
);


--
-- TOC entry 296 (class 1259 OID 17496)
-- Name: FolioTransfer; Type: TABLE; Schema: public; Owner: -
--

CREATE TABLE public."FolioTransfer" (
    id uuid NOT NULL,
    "tenantId" uuid NOT NULL,
    "propertyId" uuid NOT NULL,
    "fromFolioId" uuid NOT NULL,
    "toFolioId" uuid NOT NULL,
    "folioLineItemId" uuid,
    "bookingId" uuid,
    amount double precision NOT NULL,
    currency text DEFAULT 'USD'::text NOT NULL,
    reason text NOT NULL,
    description text,
    status text DEFAULT 'completed'::text NOT NULL,
    "transferredBy" text,
    "approvedBy" text,
    "createdAt" timestamp with time zone DEFAULT CURRENT_TIMESTAMP NOT NULL
);


--
-- TOC entry 297 (class 1259 OID 17506)
-- Name: GDPRRequest; Type: TABLE; Schema: public; Owner: -
--

CREATE TABLE public."GDPRRequest" (
    id uuid NOT NULL,
    "tenantId" uuid NOT NULL,
    "guestId" uuid,
    "requestType" text NOT NULL,
    status text DEFAULT 'pending'::text NOT NULL,
    "requestSource" text DEFAULT 'guest'::text NOT NULL,
    "requesterEmail" text,
    "requesterName" text,
    "verificationToken" text,
    "verifiedAt" timestamp with time zone,
    "expiresAt" timestamp with time zone,
    priority text DEFAULT 'normal'::text NOT NULL,
    notes text,
    "rejectionReason" text,
    "completedAt" timestamp with time zone,
    "completedBy" text,
    "downloadUrl" text,
    "downloadExpiresAt" timestamp with time zone,
    "dataSnapshot" text,
    metadata text DEFAULT '{}'::text NOT NULL,
    "createdAt" timestamp with time zone DEFAULT CURRENT_TIMESTAMP NOT NULL,
    "updatedAt" timestamp with time zone NOT NULL
);


--
-- TOC entry 339 (class 1259 OID 18032)
-- Name: Gateway; Type: TABLE; Schema: public; Owner: -
--

CREATE TABLE public."Gateway" (
    id uuid NOT NULL,
    "tenantId" uuid NOT NULL,
    "propertyId" uuid NOT NULL,
    "multiWanConfigId" uuid NOT NULL,
    name text DEFAULT 'WAN'::text NOT NULL,
    "ipAddress" text NOT NULL,
    "interfaceName" text NOT NULL,
    "interfaceId" uuid,
    weight integer DEFAULT 1 NOT NULL,
    "isBackup" boolean DEFAULT false NOT NULL,
    "backupGatewayId" uuid,
    "routingTableId" integer DEFAULT 0 NOT NULL,
    "healthStatus" text DEFAULT 'unknown'::text NOT NULL,
    "lastHealthCheck" timestamp with time zone,
    enabled boolean DEFAULT true NOT NULL,
    "createdAt" timestamp with time zone DEFAULT CURRENT_TIMESTAMP NOT NULL,
    "updatedAt" timestamp with time zone NOT NULL
);


--
-- TOC entry 341 (class 1259 OID 18058)
-- Name: GatewayExplicitRoute; Type: TABLE; Schema: public; Owner: -
--

CREATE TABLE public."GatewayExplicitRoute" (
    id uuid NOT NULL,
    "gatewayId" uuid NOT NULL,
    "tenantId" uuid NOT NULL,
    "propertyId" uuid NOT NULL,
    network text NOT NULL,
    description text,
    "createdAt" timestamp with time zone DEFAULT CURRENT_TIMESTAMP NOT NULL,
    "updatedAt" timestamp with time zone NOT NULL
);


--
-- TOC entry 342 (class 1259 OID 18066)
-- Name: GatewayFwmark; Type: TABLE; Schema: public; Owner: -
--

CREATE TABLE public."GatewayFwmark" (
    id uuid NOT NULL,
    "gatewayId" uuid NOT NULL,
    "tenantId" uuid NOT NULL,
    "fwmarkValue" text DEFAULT '0x1'::text NOT NULL,
    description text,
    "createdAt" timestamp with time zone DEFAULT CURRENT_TIMESTAMP NOT NULL,
    "updatedAt" timestamp with time zone NOT NULL
);


--
-- TOC entry 340 (class 1259 OID 18046)
-- Name: GatewayHealthRule; Type: TABLE; Schema: public; Owner: -
--

CREATE TABLE public."GatewayHealthRule" (
    id uuid NOT NULL,
    "gatewayId" uuid NOT NULL,
    "tenantId" uuid NOT NULL,
    protocol text DEFAULT 'PING'::text NOT NULL,
    host text NOT NULL,
    port integer DEFAULT 0 NOT NULL,
    operator text DEFAULT '&'::text NOT NULL,
    "sortOrder" integer DEFAULT 0 NOT NULL,
    "createdAt" timestamp with time zone DEFAULT CURRENT_TIMESTAMP NOT NULL,
    "updatedAt" timestamp with time zone NOT NULL
);


--
-- TOC entry 298 (class 1259 OID 17518)
-- Name: GoogleHotelAdsConnection; Type: TABLE; Schema: public; Owner: -
--

CREATE TABLE public."GoogleHotelAdsConnection" (
    id uuid NOT NULL,
    "tenantId" uuid NOT NULL,
    "propertyId" uuid NOT NULL,
    "accountId" uuid,
    "subAccountId" uuid,
    "hotelId" uuid,
    status text DEFAULT 'pending'::text NOT NULL,
    "connectionMode" text DEFAULT 'live'::text NOT NULL,
    "partnerId" uuid,
    "hotelCenterId" uuid,
    "priceFeedUrl" text,
    "priceFeedFormat" text DEFAULT 'xml'::text NOT NULL,
    "lastPriceFeedAt" timestamp with time zone,
    "lastBookingFeedAt" timestamp with time zone,
    "lastError" text,
    "lastErrorAt" timestamp with time zone,
    "totalBookings" integer DEFAULT 0 NOT NULL,
    "totalRevenue" double precision DEFAULT 0 NOT NULL,
    "totalSpend" double precision DEFAULT 0 NOT NULL,
    "avgRoas" double precision DEFAULT 0 NOT NULL,
    "bidStrategy" text DEFAULT 'auto'::text NOT NULL,
    "baseBidModifier" double precision DEFAULT 1.0 NOT NULL,
    "occupancyBidModifier" text DEFAULT '{}'::text NOT NULL,
    "dayOfWeekBidModifier" text DEFAULT '{}'::text NOT NULL,
    "advanceBookingModifier" text DEFAULT '{}'::text NOT NULL,
    "lengthOfStayModifier" text DEFAULT '{}'::text NOT NULL,
    "autoBidEnabled" boolean DEFAULT true NOT NULL,
    "autoBidRules" text DEFAULT '[]'::text NOT NULL,
    "createdAt" timestamp with time zone DEFAULT CURRENT_TIMESTAMP NOT NULL,
    "updatedAt" timestamp with time zone NOT NULL
);


--
-- TOC entry 299 (class 1259 OID 17541)
-- Name: GroupBooking; Type: TABLE; Schema: public; Owner: -
--

CREATE TABLE public."GroupBooking" (
    id uuid NOT NULL,
    "tenantId" uuid NOT NULL,
    "propertyId" uuid NOT NULL,
    name text NOT NULL,
    description text,
    "contactName" text,
    "contactEmail" text,
    "contactPhone" text,
    "checkIn" timestamp with time zone NOT NULL,
    "checkOut" timestamp with time zone NOT NULL,
    "totalRooms" integer DEFAULT 1 NOT NULL,
    "bookedRooms" integer DEFAULT 0 NOT NULL,
    "totalAmount" double precision DEFAULT 0 NOT NULL,
    "depositAmount" double precision DEFAULT 0 NOT NULL,
    "depositPaid" boolean DEFAULT false NOT NULL,
    status text DEFAULT 'inquiry'::text NOT NULL,
    "contractUrl" text,
    "contractSignedAt" timestamp with time zone,
    notes text,
    "createdAt" timestamp with time zone DEFAULT CURRENT_TIMESTAMP NOT NULL,
    "updatedAt" timestamp with time zone NOT NULL
);


--
-- TOC entry 300 (class 1259 OID 17555)
-- Name: Guest; Type: TABLE; Schema: public; Owner: -
--

CREATE TABLE public."Guest" (
    id uuid NOT NULL,
    "tenantId" uuid NOT NULL,
    "firstName" text NOT NULL,
    "lastName" text NOT NULL,
    email public.citext,
    phone text,
    "alternatePhone" text,
    nationality text,
    "dateOfBirth" timestamp with time zone,
    gender text,
    "idType" text,
    "idNumber" text,
    "idExpiry" timestamp with time zone,
    "idCountry" text,
    address text,
    city text,
    state text,
    country text,
    "postalCode" text,
    preferences text DEFAULT '{}'::text NOT NULL,
    "dietaryRequirements" text,
    "specialRequests" text,
    avatar text,
    notes text,
    tags text DEFAULT '[]'::text NOT NULL,
    "loyaltyTier" text DEFAULT 'bronze'::text NOT NULL,
    "loyaltyPoints" integer DEFAULT 0 NOT NULL,
    "totalStays" integer DEFAULT 0 NOT NULL,
    "totalSpent" double precision DEFAULT 0 NOT NULL,
    "isVip" boolean DEFAULT false NOT NULL,
    "vipLevel" text,
    source text DEFAULT 'direct'::text NOT NULL,
    "sourceId" uuid,
    "emailOptIn" boolean DEFAULT false NOT NULL,
    "smsOptIn" boolean DEFAULT false NOT NULL,
    status text DEFAULT 'active'::text NOT NULL,
    "kycStatus" text DEFAULT 'pending'::text NOT NULL,
    "kycVerifiedAt" timestamp with time zone,
    "createdAt" timestamp with time zone DEFAULT CURRENT_TIMESTAMP NOT NULL,
    "updatedAt" timestamp with time zone NOT NULL,
    "deletedAt" timestamp with time zone
);


--
-- TOC entry 301 (class 1259 OID 17575)
-- Name: GuestBehavior; Type: TABLE; Schema: public; Owner: -
--

CREATE TABLE public."GuestBehavior" (
    id uuid NOT NULL,
    "tenantId" uuid NOT NULL,
    "guestId" uuid NOT NULL,
    "visitCount" integer DEFAULT 0 NOT NULL,
    "firstVisitAt" timestamp with time zone,
    "lastVisitAt" timestamp with time zone,
    "totalBookings" integer DEFAULT 0 NOT NULL,
    "cancelledBookings" integer DEFAULT 0 NOT NULL,
    "noShowCount" integer DEFAULT 0 NOT NULL,
    "totalSpent" double precision DEFAULT 0 NOT NULL,
    "avgBookingValue" double precision DEFAULT 0 NOT NULL,
    "lifetimeValue" double precision DEFAULT 0 NOT NULL,
    "totalNights" integer DEFAULT 0 NOT NULL,
    "avgStayLength" double precision DEFAULT 0 NOT NULL,
    "preferredRoomTypes" text DEFAULT '[]'::text NOT NULL,
    "bookingSources" text DEFAULT '{}'::text NOT NULL,
    "serviceRequests" integer DEFAULT 0 NOT NULL,
    "foodOrders" integer DEFAULT 0 NOT NULL,
    "spaBookings" integer DEFAULT 0 NOT NULL,
    "learnedPreferences" text DEFAULT '{}'::text NOT NULL,
    "emailOpens" integer DEFAULT 0 NOT NULL,
    "emailClicks" integer DEFAULT 0 NOT NULL,
    "smsResponses" integer DEFAULT 0 NOT NULL,
    "engagementScore" double precision DEFAULT 0 NOT NULL,
    "vipScore" double precision DEFAULT 0 NOT NULL,
    "vipDetectedAt" timestamp with time zone,
    "isRepeatGuest" boolean DEFAULT false NOT NULL,
    "repeatGuestSince" timestamp with time zone,
    "createdAt" timestamp with time zone DEFAULT CURRENT_TIMESTAMP NOT NULL,
    "updatedAt" timestamp with time zone NOT NULL
);


--
-- TOC entry 302 (class 1259 OID 17604)
-- Name: GuestDocument; Type: TABLE; Schema: public; Owner: -
--

CREATE TABLE public."GuestDocument" (
    id uuid NOT NULL,
    "guestId" uuid NOT NULL,
    type text NOT NULL,
    name text NOT NULL,
    "fileUrl" text NOT NULL,
    status text DEFAULT 'pending'::text NOT NULL,
    "verifiedAt" timestamp with time zone,
    "verifiedBy" text,
    "rejectionReason" text,
    "expiryDate" timestamp with time zone,
    "createdAt" timestamp with time zone DEFAULT CURRENT_TIMESTAMP NOT NULL,
    "updatedAt" timestamp with time zone NOT NULL
);


--
-- TOC entry 303 (class 1259 OID 17613)
-- Name: GuestFeedback; Type: TABLE; Schema: public; Owner: -
--

CREATE TABLE public."GuestFeedback" (
    id uuid NOT NULL,
    "guestId" uuid NOT NULL,
    "propertyId" uuid NOT NULL,
    type text NOT NULL,
    category text NOT NULL,
    subject text NOT NULL,
    description text NOT NULL,
    priority text DEFAULT 'medium'::text NOT NULL,
    status text DEFAULT 'open'::text NOT NULL,
    "resolvedAt" timestamp with time zone,
    "resolvedBy" text,
    resolution text,
    "createdAt" timestamp with time zone DEFAULT CURRENT_TIMESTAMP NOT NULL,
    "updatedAt" timestamp with time zone NOT NULL
);


--
-- TOC entry 304 (class 1259 OID 17623)
-- Name: GuestJourney; Type: TABLE; Schema: public; Owner: -
--

CREATE TABLE public."GuestJourney" (
    id uuid NOT NULL,
    "tenantId" uuid NOT NULL,
    "guestId" uuid NOT NULL,
    "bookingId" uuid,
    stage text NOT NULL,
    "eventType" text NOT NULL,
    title text NOT NULL,
    description text,
    metadata text DEFAULT '{}'::text NOT NULL,
    source text DEFAULT 'system'::text NOT NULL,
    "occurredAt" timestamp with time zone DEFAULT CURRENT_TIMESTAMP NOT NULL,
    "createdAt" timestamp with time zone DEFAULT CURRENT_TIMESTAMP NOT NULL,
    "updatedAt" timestamp with time zone NOT NULL
);


--
-- TOC entry 305 (class 1259 OID 17634)
-- Name: GuestRecommendation; Type: TABLE; Schema: public; Owner: -
--

CREATE TABLE public."GuestRecommendation" (
    id uuid NOT NULL,
    "tenantId" uuid NOT NULL,
    "guestId" uuid NOT NULL,
    type text NOT NULL,
    category text NOT NULL,
    title text NOT NULL,
    description text,
    reason text,
    "estimatedValue" double precision,
    "relevanceScore" double precision DEFAULT 0 NOT NULL,
    status text DEFAULT 'active'::text NOT NULL,
    "shownAt" timestamp with time zone,
    "acceptedAt" timestamp with time zone,
    "rejectedAt" timestamp with time zone,
    "expiresAt" timestamp with time zone,
    "actionType" text,
    "actionData" text,
    "isAiGenerated" boolean DEFAULT false NOT NULL,
    "aiConfidence" double precision,
    "createdAt" timestamp with time zone DEFAULT CURRENT_TIMESTAMP NOT NULL,
    "updatedAt" timestamp with time zone NOT NULL
);


--
-- TOC entry 306 (class 1259 OID 17645)
-- Name: GuestReview; Type: TABLE; Schema: public; Owner: -
--

CREATE TABLE public."GuestReview" (
    id uuid NOT NULL,
    "guestId" uuid NOT NULL,
    "propertyId" uuid NOT NULL,
    "overallRating" integer NOT NULL,
    "cleanlinessRating" integer,
    "serviceRating" integer,
    "locationRating" integer,
    "valueRating" integer,
    title text,
    comment text,
    source text DEFAULT 'internal'::text NOT NULL,
    "responseText" text,
    "respondedAt" timestamp with time zone,
    "respondedBy" text,
    "sentimentScore" double precision,
    "sentimentLabel" text,
    "createdAt" timestamp with time zone DEFAULT CURRENT_TIMESTAMP NOT NULL,
    "updatedAt" timestamp with time zone NOT NULL
);


--
-- TOC entry 307 (class 1259 OID 17654)
-- Name: GuestSegment; Type: TABLE; Schema: public; Owner: -
--

CREATE TABLE public."GuestSegment" (
    id uuid NOT NULL,
    "tenantId" uuid NOT NULL,
    name text NOT NULL,
    description text,
    rules text NOT NULL,
    "memberCount" integer DEFAULT 0 NOT NULL,
    "createdAt" timestamp with time zone DEFAULT CURRENT_TIMESTAMP NOT NULL,
    "updatedAt" timestamp with time zone NOT NULL
);


--
-- TOC entry 308 (class 1259 OID 17663)
-- Name: GuestStay; Type: TABLE; Schema: public; Owner: -
--

CREATE TABLE public."GuestStay" (
    id uuid NOT NULL,
    "guestId" uuid NOT NULL,
    "bookingId" uuid NOT NULL,
    "totalAmount" double precision DEFAULT 0 NOT NULL,
    "roomNights" integer DEFAULT 1 NOT NULL,
    "feedbackGiven" boolean DEFAULT false NOT NULL,
    "reviewGiven" boolean DEFAULT false NOT NULL,
    "createdAt" timestamp with time zone DEFAULT CURRENT_TIMESTAMP NOT NULL
);


--
-- TOC entry 309 (class 1259 OID 17673)
-- Name: HelpArticle; Type: TABLE; Schema: public; Owner: -
--

CREATE TABLE public."HelpArticle" (
    id uuid NOT NULL,
    "tenantId" uuid,
    title text NOT NULL,
    slug text NOT NULL,
    content text NOT NULL,
    excerpt text,
    category text NOT NULL,
    tags text DEFAULT '[]'::text NOT NULL,
    "featuredImage" text,
    "videoUrl" text,
    "viewCount" integer DEFAULT 0 NOT NULL,
    "helpfulCount" integer DEFAULT 0 NOT NULL,
    "notHelpfulCount" integer DEFAULT 0 NOT NULL,
    status text DEFAULT 'draft'::text NOT NULL,
    "authorId" uuid,
    "metaTitle" text,
    "metaDescription" text,
    "createdAt" timestamp with time zone DEFAULT CURRENT_TIMESTAMP NOT NULL,
    "updatedAt" timestamp with time zone NOT NULL,
    "publishedAt" timestamp with time zone
);


--
-- TOC entry 310 (class 1259 OID 17686)
-- Name: HelpCategory; Type: TABLE; Schema: public; Owner: -
--

CREATE TABLE public."HelpCategory" (
    id uuid NOT NULL,
    name text NOT NULL,
    slug text NOT NULL,
    description text,
    icon text,
    "sortOrder" integer DEFAULT 0 NOT NULL,
    "parentId" uuid,
    "createdAt" timestamp with time zone DEFAULT CURRENT_TIMESTAMP NOT NULL,
    "updatedAt" timestamp with time zone NOT NULL
);


--
-- TOC entry 311 (class 1259 OID 17695)
-- Name: IdempotencyKey; Type: TABLE; Schema: public; Owner: -
--

CREATE TABLE public."IdempotencyKey" (
    id uuid NOT NULL,
    "tenantId" uuid NOT NULL,
    key text NOT NULL,
    "entityType" text NOT NULL,
    "entityId" uuid,
    "requestHash" text,
    "responseSnapshot" text,
    status text DEFAULT 'processing'::text NOT NULL,
    "expiresAt" timestamp with time zone NOT NULL,
    "createdAt" timestamp with time zone DEFAULT CURRENT_TIMESTAMP NOT NULL
);


--
-- TOC entry 312 (class 1259 OID 17704)
-- Name: InspectionResult; Type: TABLE; Schema: public; Owner: -
--

CREATE TABLE public."InspectionResult" (
    id uuid NOT NULL,
    "tenantId" uuid NOT NULL,
    "propertyId" uuid NOT NULL,
    "roomId" uuid NOT NULL,
    "taskId" uuid,
    "templateId" uuid NOT NULL,
    "inspectorId" uuid NOT NULL,
    score integer,
    passed boolean DEFAULT false NOT NULL,
    items text DEFAULT '[]'::text NOT NULL,
    notes text,
    "completedAt" timestamp with time zone,
    "reAssigned" boolean DEFAULT false NOT NULL,
    "createdAt" timestamp with time zone DEFAULT CURRENT_TIMESTAMP NOT NULL,
    "updatedAt" timestamp with time zone NOT NULL
);


--
-- TOC entry 313 (class 1259 OID 17715)
-- Name: InspectionTemplate; Type: TABLE; Schema: public; Owner: -
--

CREATE TABLE public."InspectionTemplate" (
    id uuid NOT NULL,
    "tenantId" uuid NOT NULL,
    "propertyId" uuid,
    name text NOT NULL,
    description text,
    "roomType" text,
    category text DEFAULT 'room'::text NOT NULL,
    items text DEFAULT '[]'::text NOT NULL,
    "isActive" boolean DEFAULT true NOT NULL,
    "sortOrder" integer DEFAULT 0 NOT NULL,
    "createdAt" timestamp with time zone DEFAULT CURRENT_TIMESTAMP NOT NULL,
    "updatedAt" timestamp with time zone NOT NULL
);


--
-- TOC entry 314 (class 1259 OID 17727)
-- Name: Integration; Type: TABLE; Schema: public; Owner: -
--

CREATE TABLE public."Integration" (
    id uuid NOT NULL,
    "tenantId" uuid NOT NULL,
    type text NOT NULL,
    provider text NOT NULL,
    name text,
    config text NOT NULL,
    status text DEFAULT 'pending'::text NOT NULL,
    "lastSyncAt" timestamp with time zone,
    "lastError" text,
    "createdAt" timestamp with time zone DEFAULT CURRENT_TIMESTAMP NOT NULL,
    "updatedAt" timestamp with time zone NOT NULL
);


--
-- TOC entry 315 (class 1259 OID 17736)
-- Name: InterfaceAlias; Type: TABLE; Schema: public; Owner: -
--

CREATE TABLE public."InterfaceAlias" (
    id uuid NOT NULL,
    "tenantId" uuid NOT NULL,
    "propertyId" uuid NOT NULL,
    "interfaceId" uuid NOT NULL,
    "interfaceName" text NOT NULL,
    "ipAddress" text NOT NULL,
    netmask text NOT NULL,
    description text,
    enabled boolean DEFAULT true NOT NULL,
    "createdAt" timestamp with time zone DEFAULT CURRENT_TIMESTAMP NOT NULL,
    "updatedAt" timestamp with time zone NOT NULL
);


--
-- TOC entry 316 (class 1259 OID 17745)
-- Name: InterfaceConfig; Type: TABLE; Schema: public; Owner: -
--

CREATE TABLE public."InterfaceConfig" (
    id uuid NOT NULL,
    "tenantId" uuid NOT NULL,
    "propertyId" uuid NOT NULL,
    "interfaceId" uuid NOT NULL,
    mode text DEFAULT 'static'::text NOT NULL,
    "ipAddress" text,
    netmask text,
    gateway text,
    "dnsPrimary" text,
    "dnsSecondary" text,
    enabled boolean DEFAULT true NOT NULL,
    "createdAt" timestamp with time zone DEFAULT CURRENT_TIMESTAMP NOT NULL,
    "updatedAt" timestamp with time zone NOT NULL
);


--
-- TOC entry 317 (class 1259 OID 17755)
-- Name: InterfaceRole; Type: TABLE; Schema: public; Owner: -
--

CREATE TABLE public."InterfaceRole" (
    id uuid NOT NULL,
    "tenantId" uuid NOT NULL,
    "propertyId" uuid NOT NULL,
    "interfaceId" uuid NOT NULL,
    role text DEFAULT 'lan'::text NOT NULL,
    priority integer DEFAULT 0 NOT NULL,
    "isPrimary" boolean DEFAULT false NOT NULL,
    enabled boolean DEFAULT true NOT NULL,
    "createdAt" timestamp with time zone DEFAULT CURRENT_TIMESTAMP NOT NULL,
    "updatedAt" timestamp with time zone NOT NULL
);


--
-- TOC entry 473 (class 1259 OID 19645)
-- Name: InventoryItem; Type: TABLE; Schema: public; Owner: -
--

CREATE TABLE public."InventoryItem" (
    id uuid NOT NULL,
    "propertyId" uuid NOT NULL,
    name text NOT NULL,
    category text,
    "currentStock" double precision DEFAULT 0 NOT NULL,
    unit text DEFAULT 'pcs'::text NOT NULL,
    "unitCost" double precision DEFAULT 0 NOT NULL,
    "lowStockThreshold" double precision DEFAULT 10 NOT NULL,
    "reorderLevel" double precision DEFAULT 5 NOT NULL,
    "supplierName" text,
    "supplierContact" text,
    status text DEFAULT 'in_stock'::text NOT NULL,
    "lastRestocked" timestamp with time zone,
    "createdAt" timestamp with time zone DEFAULT CURRENT_TIMESTAMP NOT NULL,
    "updatedAt" timestamp with time zone NOT NULL,
    "deletedAt" timestamp with time zone
);


--
-- TOC entry 318 (class 1259 OID 17767)
-- Name: InventoryLock; Type: TABLE; Schema: public; Owner: -
--

CREATE TABLE public."InventoryLock" (
    id uuid NOT NULL,
    "tenantId" uuid NOT NULL,
    "propertyId" uuid NOT NULL,
    "roomId" uuid,
    "roomTypeId" uuid,
    "startDate" timestamp with time zone NOT NULL,
    "endDate" timestamp with time zone NOT NULL,
    reason text NOT NULL,
    "lockType" text DEFAULT 'maintenance'::text NOT NULL,
    "sessionId" uuid,
    "expiresAt" timestamp with time zone,
    "createdBy" uuid,
    "createdAt" timestamp with time zone DEFAULT CURRENT_TIMESTAMP NOT NULL,
    "updatedAt" timestamp with time zone NOT NULL
);


--
-- TOC entry 474 (class 1259 OID 19659)
-- Name: InventoryMovement; Type: TABLE; Schema: public; Owner: -
--

CREATE TABLE public."InventoryMovement" (
    id uuid NOT NULL,
    "propertyId" uuid NOT NULL,
    "inventoryItemId" uuid NOT NULL,
    quantity double precision NOT NULL,
    "previousStock" double precision NOT NULL,
    "newStock" double precision NOT NULL,
    reason text NOT NULL,
    note text,
    "performedBy" uuid,
    "createdAt" timestamp with time zone DEFAULT CURRENT_TIMESTAMP NOT NULL
);


--
-- TOC entry 485 (class 1259 OID 19777)
-- Name: InventoryTransfer; Type: TABLE; Schema: public; Owner: -
--

CREATE TABLE public."InventoryTransfer" (
    id uuid NOT NULL,
    "tenantId" uuid NOT NULL,
    "fromPropertyId" uuid NOT NULL,
    "toPropertyId" uuid NOT NULL,
    status text DEFAULT 'requested'::text NOT NULL,
    "requestedBy" uuid,
    "approvedBy" uuid,
    "completedBy" uuid,
    reason text,
    notes text,
    "approvedAt" timestamp with time zone,
    "completedAt" timestamp with time zone,
    "rejectedAt" timestamp with time zone,
    "rejectionReason" text,
    "createdAt" timestamp with time zone DEFAULT CURRENT_TIMESTAMP NOT NULL,
    "updatedAt" timestamp with time zone NOT NULL
);


--
-- TOC entry 486 (class 1259 OID 19786)
-- Name: InventoryTransferItem; Type: TABLE; Schema: public; Owner: -
--

CREATE TABLE public."InventoryTransferItem" (
    id uuid NOT NULL,
    "transferId" uuid NOT NULL,
    "stockItemId" uuid NOT NULL,
    "stockItemName" text NOT NULL,
    quantity double precision NOT NULL,
    unit text DEFAULT 'piece'::text NOT NULL,
    "unitCost" double precision DEFAULT 0 NOT NULL,
    "createdAt" timestamp with time zone DEFAULT CURRENT_TIMESTAMP NOT NULL,
    "updatedAt" timestamp with time zone NOT NULL
);


--
-- TOC entry 319 (class 1259 OID 17776)
-- Name: Invoice; Type: TABLE; Schema: public; Owner: -
--

CREATE TABLE public."Invoice" (
    id uuid NOT NULL,
    "tenantId" uuid NOT NULL,
    "invoiceNumber" text NOT NULL,
    "folioId" uuid,
    "customerName" text NOT NULL,
    "customerEmail" text,
    "customerAddress" text,
    "customerPhone" text,
    subtotal double precision NOT NULL,
    taxes double precision DEFAULT 0 NOT NULL,
    discount double precision DEFAULT 0 NOT NULL,
    "totalAmount" double precision NOT NULL,
    currency text DEFAULT 'USD'::text NOT NULL,
    "issuedAt" timestamp with time zone DEFAULT CURRENT_TIMESTAMP NOT NULL,
    "dueAt" timestamp with time zone,
    "paidAt" timestamp with time zone,
    status text DEFAULT 'draft'::text NOT NULL,
    "pdfUrl" text,
    notes text,
    "lineItems" text DEFAULT '[]'::text NOT NULL,
    "templateId" uuid,
    "isRecurring" boolean DEFAULT false NOT NULL,
    "recurringFrequency" text,
    "recurringNextDate" timestamp with time zone,
    "recurringEndDate" timestamp with time zone,
    "parentInvoiceId" uuid,
    "createdAt" timestamp with time zone DEFAULT CURRENT_TIMESTAMP NOT NULL,
    "updatedAt" timestamp with time zone NOT NULL
);


--
-- TOC entry 320 (class 1259 OID 17791)
-- Name: InvoiceTemplate; Type: TABLE; Schema: public; Owner: -
--

CREATE TABLE public."InvoiceTemplate" (
    id uuid NOT NULL,
    "tenantId" uuid NOT NULL,
    name text NOT NULL,
    description text,
    "isDefault" boolean DEFAULT false NOT NULL,
    "logoUrl" text,
    "primaryColor" text DEFAULT '#10b981'::text NOT NULL,
    "footerText" text,
    "createdAt" timestamp with time zone DEFAULT CURRENT_TIMESTAMP NOT NULL,
    "updatedAt" timestamp with time zone NOT NULL
);


--
-- TOC entry 322 (class 1259 OID 17810)
-- Name: IoTCommand; Type: TABLE; Schema: public; Owner: -
--

CREATE TABLE public."IoTCommand" (
    id uuid NOT NULL,
    "deviceId" uuid NOT NULL,
    command text NOT NULL,
    parameters text DEFAULT '{}'::text NOT NULL,
    status text DEFAULT 'pending'::text NOT NULL,
    "executedAt" timestamp with time zone,
    error text,
    source text DEFAULT 'manual'::text NOT NULL,
    "triggeredBy" text,
    "createdAt" timestamp with time zone DEFAULT CURRENT_TIMESTAMP NOT NULL
);


--
-- TOC entry 323 (class 1259 OID 17821)
-- Name: IoTDevice; Type: TABLE; Schema: public; Owner: -
--

CREATE TABLE public."IoTDevice" (
    id uuid NOT NULL,
    "tenantId" uuid NOT NULL,
    "propertyId" uuid NOT NULL,
    "roomId" uuid,
    name text NOT NULL,
    type text NOT NULL,
    manufacturer text,
    model text,
    "serialNumber" text,
    protocol text DEFAULT 'wifi'::text NOT NULL,
    "ipAddress" text,
    "macAddress" text,
    status text DEFAULT 'offline'::text NOT NULL,
    "lastHeartbeat" timestamp with time zone,
    "firmwareVersion" text,
    config text DEFAULT '{}'::text NOT NULL,
    "currentState" text DEFAULT '{}'::text NOT NULL,
    "createdAt" timestamp with time zone DEFAULT CURRENT_TIMESTAMP NOT NULL,
    "updatedAt" timestamp with time zone NOT NULL
);


--
-- TOC entry 324 (class 1259 OID 17833)
-- Name: IoTReading; Type: TABLE; Schema: public; Owner: -
--

CREATE TABLE public."IoTReading" (
    id uuid NOT NULL,
    "deviceId" uuid NOT NULL,
    type text NOT NULL,
    value double precision NOT NULL,
    unit text,
    "timestamp" timestamp with time zone DEFAULT CURRENT_TIMESTAMP NOT NULL
);


--
-- TOC entry 462 (class 1259 OID 19518)
-- Name: IpPool; Type: TABLE; Schema: public; Owner: -
--

CREATE TABLE public."IpPool" (
    id uuid NOT NULL,
    "tenantId" uuid NOT NULL,
    "propertyId" uuid,
    name text NOT NULL,
    description text,
    gateway inet,
    subnet inet,
    "isDefault" boolean DEFAULT false NOT NULL,
    "captivePortal" boolean DEFAULT false NOT NULL,
    enabled boolean DEFAULT true NOT NULL,
    "createdAt" timestamp with time zone DEFAULT CURRENT_TIMESTAMP NOT NULL,
    "updatedAt" timestamp with time zone NOT NULL
);


--
-- TOC entry 463 (class 1259 OID 19529)
-- Name: IpPoolRange; Type: TABLE; Schema: public; Owner: -
--

CREATE TABLE public."IpPoolRange" (
    id uuid NOT NULL,
    "poolId" uuid NOT NULL,
    "startIp" inet NOT NULL,
    "endIp" inet NOT NULL,
    comment text,
    "createdAt" timestamp with time zone DEFAULT CURRENT_TIMESTAMP NOT NULL
);


--
-- TOC entry 482 (class 1259 OID 19744)
-- Name: KeyCard; Type: TABLE; Schema: public; Owner: -
--

CREATE TABLE public."KeyCard" (
    id uuid NOT NULL,
    "tenantId" uuid NOT NULL,
    "propertyId" uuid NOT NULL,
    "roomId" uuid NOT NULL,
    "guestId" uuid,
    "bookingId" uuid,
    "cardNumber" text NOT NULL,
    "cardType" text DEFAULT 'physical'::text NOT NULL,
    "issuerName" text,
    status text DEFAULT 'issued'::text NOT NULL,
    "issuedAt" timestamp with time zone DEFAULT CURRENT_TIMESTAMP NOT NULL,
    "activatedAt" timestamp with time zone,
    "deactivatedAt" timestamp with time zone,
    "returnedAt" timestamp with time zone,
    "returnReason" text,
    "accessLevel" text DEFAULT 'standard'::text NOT NULL,
    "validFrom" timestamp with time zone NOT NULL,
    "validTo" timestamp with time zone,
    notes text,
    "createdAt" timestamp with time zone DEFAULT CURRENT_TIMESTAMP NOT NULL,
    "updatedAt" timestamp with time zone NOT NULL
);


--
-- TOC entry 325 (class 1259 OID 17841)
-- Name: KioskSettings; Type: TABLE; Schema: public; Owner: -
--

CREATE TABLE public."KioskSettings" (
    id text NOT NULL,
    "propertyId" uuid NOT NULL,
    "tenantId" uuid NOT NULL,
    "hotelName" text DEFAULT 'StaySuite'::text NOT NULL,
    "welcomeMessage" text DEFAULT 'Welcome! Please select an option below.'::text NOT NULL,
    "primaryColor" text DEFAULT '#10b981'::text NOT NULL,
    "logoUrl" text,
    "backgroundStyle" text DEFAULT 'gradient'::text NOT NULL,
    "idleTimeout" integer DEFAULT 120 NOT NULL,
    "showClock" boolean DEFAULT true NOT NULL,
    "showLanguageSwitch" boolean DEFAULT true NOT NULL,
    "enableCheckIn" boolean DEFAULT true NOT NULL,
    "enableCheckOut" boolean DEFAULT true NOT NULL,
    "enablePayment" boolean DEFAULT false NOT NULL,
    "termsContent" text DEFAULT 'By using this kiosk, I agree to the hotel''s terms and conditions.'::text NOT NULL,
    "requirePaymentOnCheckout" boolean DEFAULT false NOT NULL,
    "createdAt" timestamp with time zone DEFAULT CURRENT_TIMESTAMP NOT NULL,
    "updatedAt" timestamp with time zone NOT NULL
);


--
-- TOC entry 490 (class 1259 OID 19839)
-- Name: LicenseKey; Type: TABLE; Schema: public; Owner: -
--

CREATE TABLE public."LicenseKey" (
    id uuid NOT NULL,
    key text NOT NULL,
    "planId" uuid NOT NULL,
    status text DEFAULT 'active'::text NOT NULL,
    "generatedBy" uuid,
    "generatedFor" text,
    "activatedBy" uuid,
    "activatedAt" timestamp with time zone,
    "tenantId" uuid,
    "expiresAt" timestamp with time zone,
    note text,
    "batchId" text,
    "createdAt" timestamp with time zone DEFAULT CURRENT_TIMESTAMP NOT NULL,
    "updatedAt" timestamp with time zone NOT NULL
);


--
-- TOC entry 326 (class 1259 OID 17861)
-- Name: LiveSession; Type: TABLE; Schema: public; Owner: -
--

CREATE TABLE public."LiveSession" (
    id uuid NOT NULL,
    "tenantId" uuid NOT NULL,
    "propertyId" uuid NOT NULL,
    "acctSessionId" uuid NOT NULL,
    username text NOT NULL,
    "userId" uuid,
    "planId" uuid,
    "nasIpAddress" text NOT NULL,
    "nasIdentifier" text,
    "nasPortType" text,
    "framedIpAddress" text DEFAULT ''::text NOT NULL,
    "macAddress" text DEFAULT ''::text NOT NULL,
    "clientIpAddress" text DEFAULT ''::text NOT NULL,
    "deviceType" text,
    "operatingSystem" text,
    manufacturer text,
    "bandwidthPolicyId" uuid,
    "bandwidthDown" integer DEFAULT 0 NOT NULL,
    "bandwidthUp" integer DEFAULT 0 NOT NULL,
    "maxInputOctets" integer DEFAULT 0 NOT NULL,
    "maxOutputOctets" integer DEFAULT 0 NOT NULL,
    "maxTotalOctets" integer DEFAULT 0 NOT NULL,
    "sessionTimeout" integer DEFAULT 0 NOT NULL,
    "idleTimeout" integer DEFAULT 0 NOT NULL,
    "lastInterimUpdate" timestamp with time zone,
    "currentInputBytes" integer DEFAULT 0 NOT NULL,
    "currentOutputBytes" integer DEFAULT 0 NOT NULL,
    "currentSessionTime" integer DEFAULT 0 NOT NULL,
    status text DEFAULT 'active'::text NOT NULL,
    "roomNo" text,
    "hotelId" uuid,
    "urlFilterPolicy" text,
    "authMethod" text,
    "startedAt" timestamp with time zone DEFAULT CURRENT_TIMESTAMP NOT NULL,
    "updatedAt" timestamp with time zone NOT NULL
);


--
-- TOC entry 327 (class 1259 OID 17883)
-- Name: LoyaltyPointTransaction; Type: TABLE; Schema: public; Owner: -
--

CREATE TABLE public."LoyaltyPointTransaction" (
    id uuid NOT NULL,
    "tenantId" uuid NOT NULL,
    "guestId" uuid NOT NULL,
    points integer NOT NULL,
    balance integer NOT NULL,
    type text NOT NULL,
    source text,
    "referenceId" uuid,
    "referenceType" text,
    description text,
    "expiresAt" timestamp with time zone,
    "createdAt" timestamp with time zone DEFAULT CURRENT_TIMESTAMP NOT NULL
);


--
-- TOC entry 328 (class 1259 OID 17891)
-- Name: LoyaltyRedemption; Type: TABLE; Schema: public; Owner: -
--

CREATE TABLE public."LoyaltyRedemption" (
    id uuid NOT NULL,
    "tenantId" uuid NOT NULL,
    "guestId" uuid NOT NULL,
    "rewardId" uuid NOT NULL,
    "pointsSpent" integer NOT NULL,
    status text DEFAULT 'completed'::text NOT NULL,
    "redemptionCode" text,
    "redeemedAt" timestamp with time zone DEFAULT CURRENT_TIMESTAMP NOT NULL,
    "expiresAt" timestamp with time zone,
    "cancelledAt" timestamp with time zone,
    "cancelledReason" text,
    notes text,
    "createdAt" timestamp with time zone DEFAULT CURRENT_TIMESTAMP NOT NULL,
    "updatedAt" timestamp with time zone NOT NULL
);


--
-- TOC entry 329 (class 1259 OID 17901)
-- Name: LoyaltyReward; Type: TABLE; Schema: public; Owner: -
--

CREATE TABLE public."LoyaltyReward" (
    id uuid NOT NULL,
    "tenantId" uuid NOT NULL,
    name text NOT NULL,
    description text,
    category text DEFAULT 'general'::text NOT NULL,
    "pointsCost" integer NOT NULL,
    "monetaryValue" double precision DEFAULT 0 NOT NULL,
    currency text DEFAULT 'USD'::text NOT NULL,
    "imageUrl" text,
    "isAvailable" boolean DEFAULT true NOT NULL,
    "availableFrom" timestamp with time zone,
    "availableUntil" timestamp with time zone,
    "maxRedemptions" integer,
    "currentRedemptions" integer DEFAULT 0 NOT NULL,
    "minTierRequired" text,
    "termsConditions" text,
    "sortOrder" integer DEFAULT 0 NOT NULL,
    "createdAt" timestamp with time zone DEFAULT CURRENT_TIMESTAMP NOT NULL,
    "updatedAt" timestamp with time zone NOT NULL
);


--
-- TOC entry 330 (class 1259 OID 17915)
-- Name: LoyaltyTier; Type: TABLE; Schema: public; Owner: -
--

CREATE TABLE public."LoyaltyTier" (
    id uuid NOT NULL,
    "tenantId" uuid NOT NULL,
    name text NOT NULL,
    "displayName" text NOT NULL,
    "minPoints" integer DEFAULT 0 NOT NULL,
    "maxPoints" integer,
    "pointsMultiplier" double precision DEFAULT 1.0 NOT NULL,
    benefits text DEFAULT '[]'::text NOT NULL,
    color text DEFAULT '#cd7f32'::text NOT NULL,
    icon text,
    "sortOrder" integer DEFAULT 0 NOT NULL,
    "isActive" boolean DEFAULT true NOT NULL,
    "createdAt" timestamp with time zone DEFAULT CURRENT_TIMESTAMP NOT NULL,
    "updatedAt" timestamp with time zone NOT NULL
);


--
-- TOC entry 331 (class 1259 OID 17929)
-- Name: LoyaltyTransaction; Type: TABLE; Schema: public; Owner: -
--

CREATE TABLE public."LoyaltyTransaction" (
    id uuid NOT NULL,
    "tenantId" uuid NOT NULL,
    "guestId" uuid NOT NULL,
    points integer NOT NULL,
    type text NOT NULL,
    reason text NOT NULL,
    "referenceType" text,
    "referenceId" uuid,
    "balanceAfter" integer NOT NULL,
    "createdAt" timestamp with time zone DEFAULT CURRENT_TIMESTAMP NOT NULL
);


--
-- TOC entry 332 (class 1259 OID 17937)
-- Name: MacFilter; Type: TABLE; Schema: public; Owner: -
--

CREATE TABLE public."MacFilter" (
    id uuid NOT NULL,
    "tenantId" uuid NOT NULL,
    "propertyId" uuid NOT NULL,
    "macAddress" text NOT NULL,
    action text DEFAULT 'allow'::text NOT NULL,
    "listType" text DEFAULT 'blacklist'::text NOT NULL,
    description text,
    "linkedType" text,
    "linkedId" uuid,
    "expiresAt" timestamp with time zone,
    enabled boolean DEFAULT true NOT NULL,
    "createdAt" timestamp with time zone DEFAULT CURRENT_TIMESTAMP NOT NULL,
    "updatedAt" timestamp with time zone NOT NULL
);


--
-- TOC entry 333 (class 1259 OID 17948)
-- Name: MaintenanceBlock; Type: TABLE; Schema: public; Owner: -
--

CREATE TABLE public."MaintenanceBlock" (
    id uuid NOT NULL,
    "tenantId" uuid NOT NULL,
    "propertyId" uuid NOT NULL,
    "roomId" uuid NOT NULL,
    "roomNumber" text NOT NULL,
    reason text NOT NULL,
    description text,
    "startDate" timestamp with time zone NOT NULL,
    "endDate" timestamp with time zone,
    "blockedBy" text,
    status text DEFAULT 'scheduled'::text NOT NULL,
    priority text DEFAULT 'normal'::text NOT NULL,
    "vendorId" uuid,
    "estimatedCost" double precision,
    "actualCost" double precision,
    notes text,
    "createdAt" timestamp with time zone DEFAULT CURRENT_TIMESTAMP NOT NULL,
    "updatedAt" timestamp with time zone NOT NULL
);


--
-- TOC entry 334 (class 1259 OID 17958)
-- Name: ManualTransaction; Type: TABLE; Schema: public; Owner: -
--

CREATE TABLE public."ManualTransaction" (
    id uuid NOT NULL,
    "tenantId" uuid NOT NULL,
    "paymentId" uuid NOT NULL,
    amount double precision NOT NULL,
    currency text NOT NULL,
    status text DEFAULT 'completed'::text NOT NULL,
    "refundAmount" double precision DEFAULT 0 NOT NULL,
    "refundId" uuid,
    metadata text DEFAULT '{}'::text NOT NULL,
    "createdAt" timestamp with time zone DEFAULT CURRENT_TIMESTAMP NOT NULL,
    "updatedAt" timestamp with time zone NOT NULL
);


--
-- TOC entry 335 (class 1259 OID 17969)
-- Name: MenuItem; Type: TABLE; Schema: public; Owner: -
--

CREATE TABLE public."MenuItem" (
    id uuid NOT NULL,
    "propertyId" uuid NOT NULL,
    "categoryId" uuid NOT NULL,
    name text NOT NULL,
    description text,
    "imageUrl" text,
    price double precision NOT NULL,
    currency text DEFAULT 'USD'::text NOT NULL,
    options text DEFAULT '[]'::text NOT NULL,
    "isVegetarian" boolean DEFAULT false NOT NULL,
    "isVegan" boolean DEFAULT false NOT NULL,
    "isGlutenFree" boolean DEFAULT false NOT NULL,
    allergens text DEFAULT '[]'::text NOT NULL,
    "isAvailable" boolean DEFAULT true NOT NULL,
    "availableTimes" text,
    "preparationTime" integer,
    "kitchenStation" text,
    "sortOrder" integer DEFAULT 0 NOT NULL,
    status text DEFAULT 'active'::text NOT NULL,
    "createdAt" timestamp with time zone DEFAULT CURRENT_TIMESTAMP NOT NULL,
    "updatedAt" timestamp with time zone NOT NULL,
    "deletedAt" timestamp with time zone
);


--
-- TOC entry 470 (class 1259 OID 19610)
-- Name: MenuModifier; Type: TABLE; Schema: public; Owner: -
--

CREATE TABLE public."MenuModifier" (
    id uuid NOT NULL,
    "propertyId" uuid NOT NULL,
    name text NOT NULL,
    "selectionType" text DEFAULT 'optional'::text NOT NULL,
    "minSelections" integer DEFAULT 0 NOT NULL,
    "maxSelections" integer DEFAULT 1 NOT NULL,
    "isAvailable" boolean DEFAULT true NOT NULL,
    "createdAt" timestamp with time zone DEFAULT CURRENT_TIMESTAMP NOT NULL,
    "updatedAt" timestamp with time zone NOT NULL,
    "deletedAt" timestamp with time zone
);


--
-- TOC entry 471 (class 1259 OID 19622)
-- Name: MenuModifierOption; Type: TABLE; Schema: public; Owner: -
--

CREATE TABLE public."MenuModifierOption" (
    id uuid NOT NULL,
    "propertyId" uuid NOT NULL,
    "modifierGroupId" uuid NOT NULL,
    name text NOT NULL,
    "priceAdjustment" double precision DEFAULT 0 NOT NULL,
    "isAvailable" boolean DEFAULT true NOT NULL,
    "isDefault" boolean DEFAULT false NOT NULL,
    "sortOrder" integer DEFAULT 0 NOT NULL,
    "createdAt" timestamp with time zone DEFAULT CURRENT_TIMESTAMP NOT NULL,
    "updatedAt" timestamp with time zone NOT NULL
);


--
-- TOC entry 472 (class 1259 OID 19634)
-- Name: MenuVariant; Type: TABLE; Schema: public; Owner: -
--

CREATE TABLE public."MenuVariant" (
    id uuid NOT NULL,
    "propertyId" uuid NOT NULL,
    "menuItemId" uuid NOT NULL,
    name text NOT NULL,
    price double precision NOT NULL,
    sku text,
    calories integer,
    "isAvailable" boolean DEFAULT true NOT NULL,
    "isDefault" boolean DEFAULT false NOT NULL,
    "sortOrder" integer DEFAULT 0 NOT NULL,
    "createdAt" timestamp with time zone DEFAULT CURRENT_TIMESTAMP NOT NULL,
    "updatedAt" timestamp with time zone NOT NULL
);


--
-- TOC entry 336 (class 1259 OID 17986)
-- Name: MessageTemplate; Type: TABLE; Schema: public; Owner: -
--

CREATE TABLE public."MessageTemplate" (
    id uuid NOT NULL,
    "tenantId" uuid NOT NULL,
    name text NOT NULL,
    category text NOT NULL,
    channel text NOT NULL,
    subject text,
    body text NOT NULL,
    variables text DEFAULT '[]'::text NOT NULL,
    "isQuickReply" boolean DEFAULT false NOT NULL,
    shortcut text,
    "whatsappTemplateId" uuid,
    "whatsappCategory" text,
    "isActive" boolean DEFAULT true NOT NULL,
    "usageCount" integer DEFAULT 0 NOT NULL,
    "createdAt" timestamp with time zone DEFAULT CURRENT_TIMESTAMP NOT NULL,
    "updatedAt" timestamp with time zone NOT NULL
);


--
-- TOC entry 337 (class 1259 OID 17998)
-- Name: MetasearchConnection; Type: TABLE; Schema: public; Owner: -
--

CREATE TABLE public."MetasearchConnection" (
    id uuid NOT NULL,
    "tenantId" uuid NOT NULL,
    "propertyId" uuid NOT NULL,
    platform text NOT NULL,
    "externalId" uuid,
    status text DEFAULT 'pending'::text NOT NULL,
    "connectionUrl" text,
    "feedFormat" text DEFAULT 'xml'::text NOT NULL,
    "lastSyncAt" timestamp with time zone,
    "lastError" text,
    "lastErrorAt" timestamp with time zone,
    impressions integer DEFAULT 0 NOT NULL,
    clicks integer DEFAULT 0 NOT NULL,
    bookings integer DEFAULT 0 NOT NULL,
    revenue double precision DEFAULT 0 NOT NULL,
    cost double precision DEFAULT 0 NOT NULL,
    ctr double precision DEFAULT 0 NOT NULL,
    config text DEFAULT '{}'::text NOT NULL,
    "createdAt" timestamp with time zone DEFAULT CURRENT_TIMESTAMP NOT NULL,
    "updatedAt" timestamp with time zone NOT NULL
);


--
-- TOC entry 338 (class 1259 OID 18015)
-- Name: MultiWanConfig; Type: TABLE; Schema: public; Owner: -
--

CREATE TABLE public."MultiWanConfig" (
    id uuid NOT NULL,
    "tenantId" uuid NOT NULL,
    "propertyId" uuid NOT NULL,
    enabled boolean DEFAULT false NOT NULL,
    mode text DEFAULT 'weighted'::text NOT NULL,
    "checkInterval" integer DEFAULT 20 NOT NULL,
    "pingCount" integer DEFAULT 3 NOT NULL,
    "pingTimeout" integer DEFAULT 2 NOT NULL,
    "tcpTimeout" integer DEFAULT 5 NOT NULL,
    "autoSwitchback" boolean DEFAULT true NOT NULL,
    "switchbackDelay" integer DEFAULT 300 NOT NULL,
    "flushConntrackOnFailover" boolean DEFAULT true NOT NULL,
    "createdAt" timestamp with time zone DEFAULT CURRENT_TIMESTAMP NOT NULL,
    "updatedAt" timestamp with time zone NOT NULL
);


--
-- TOC entry 343 (class 1259 OID 18075)
-- Name: NasHealthLog; Type: TABLE; Schema: public; Owner: -
--

CREATE TABLE public."NasHealthLog" (
    id uuid NOT NULL,
    "tenantId" uuid NOT NULL,
    "propertyId" uuid NOT NULL,
    "nasIpAddress" text NOT NULL,
    "nasName" text,
    "isOnline" boolean DEFAULT false NOT NULL,
    "liveUsers" integer DEFAULT 0 NOT NULL,
    "totalAuths" integer DEFAULT 0 NOT NULL,
    "totalAccts" integer DEFAULT 0 NOT NULL,
    "avgLatencyMs" double precision,
    "lastSeenAt" timestamp with time zone,
    "checkIntervalSec" integer DEFAULT 60 NOT NULL,
    "createdAt" timestamp with time zone DEFAULT CURRENT_TIMESTAMP NOT NULL,
    "updatedAt" timestamp with time zone NOT NULL
);


--
-- TOC entry 345 (class 1259 OID 18095)
-- Name: NatLog; Type: TABLE; Schema: public; Owner: -
--

CREATE TABLE public."NatLog" (
    id uuid NOT NULL,
    "tenantId" uuid NOT NULL,
    "propertyId" uuid NOT NULL,
    "timestamp" timestamp with time zone DEFAULT CURRENT_TIMESTAMP NOT NULL,
    "sourceIp" text NOT NULL,
    "sourcePort" integer NOT NULL,
    "destIp" text NOT NULL,
    "destPort" integer NOT NULL,
    protocol text NOT NULL,
    "destDomain" text,
    action text DEFAULT 'allow'::text NOT NULL,
    bytes integer DEFAULT 0 NOT NULL,
    "sessionId" uuid
);


--
-- TOC entry 346 (class 1259 OID 18105)
-- Name: NetworkConfigBackup; Type: TABLE; Schema: public; Owner: -
--

CREATE TABLE public."NetworkConfigBackup" (
    id uuid NOT NULL,
    "tenantId" uuid NOT NULL,
    "propertyId" uuid NOT NULL,
    name text NOT NULL,
    "configData" text NOT NULL,
    version integer DEFAULT 1 NOT NULL,
    "autoBackup" boolean DEFAULT false NOT NULL,
    "createdAt" timestamp with time zone DEFAULT CURRENT_TIMESTAMP NOT NULL
);


--
-- TOC entry 347 (class 1259 OID 18115)
-- Name: NetworkInterface; Type: TABLE; Schema: public; Owner: -
--

CREATE TABLE public."NetworkInterface" (
    id uuid NOT NULL,
    "tenantId" uuid NOT NULL,
    "propertyId" uuid NOT NULL,
    name text NOT NULL,
    type text DEFAULT 'ethernet'::text NOT NULL,
    "hwAddress" text,
    mtu integer DEFAULT 1500 NOT NULL,
    speed text,
    status text DEFAULT 'down'::text NOT NULL,
    carrier boolean DEFAULT false NOT NULL,
    "isManagement" boolean DEFAULT false NOT NULL,
    description text,
    "createdAt" timestamp with time zone DEFAULT CURRENT_TIMESTAMP NOT NULL,
    "updatedAt" timestamp with time zone NOT NULL
);


--
-- TOC entry 348 (class 1259 OID 18128)
-- Name: Notification; Type: TABLE; Schema: public; Owner: -
--

CREATE TABLE public."Notification" (
    id uuid NOT NULL,
    "tenantId" uuid NOT NULL,
    "userId" uuid NOT NULL,
    type text NOT NULL,
    category text NOT NULL,
    title text NOT NULL,
    message text NOT NULL,
    data text DEFAULT '{}'::text NOT NULL,
    link text,
    icon text,
    image text,
    priority text DEFAULT 'normal'::text NOT NULL,
    "readAt" timestamp with time zone,
    "dismissedAt" timestamp with time zone,
    "actionType" text,
    "actionData" text,
    "expiresAt" timestamp with time zone,
    "createdAt" timestamp with time zone DEFAULT CURRENT_TIMESTAMP NOT NULL,
    "updatedAt" timestamp with time zone NOT NULL
);


--
-- TOC entry 349 (class 1259 OID 18138)
-- Name: NotificationLog; Type: TABLE; Schema: public; Owner: -
--

CREATE TABLE public."NotificationLog" (
    id uuid NOT NULL,
    "tenantId" uuid NOT NULL,
    "templateId" uuid,
    "recipientType" text NOT NULL,
    "recipientId" uuid NOT NULL,
    "recipientEmail" text,
    "recipientPhone" text,
    channel text NOT NULL,
    subject text,
    body text NOT NULL,
    status text DEFAULT 'pending'::text NOT NULL,
    "errorMessage" text,
    "externalId" uuid,
    "retryCount" integer DEFAULT 0 NOT NULL,
    "sentAt" timestamp with time zone,
    "deliveredAt" timestamp with time zone,
    "createdAt" timestamp with time zone DEFAULT CURRENT_TIMESTAMP NOT NULL
);


--
-- TOC entry 350 (class 1259 OID 18148)
-- Name: NotificationPreference; Type: TABLE; Schema: public; Owner: -
--

CREATE TABLE public."NotificationPreference" (
    id uuid NOT NULL,
    "tenantId" uuid NOT NULL,
    "userId" uuid NOT NULL,
    category text NOT NULL,
    "emailEnabled" boolean DEFAULT true NOT NULL,
    "smsEnabled" boolean DEFAULT true NOT NULL,
    "pushEnabled" boolean DEFAULT true NOT NULL,
    "inAppEnabled" boolean DEFAULT true NOT NULL,
    "quietHoursStart" text DEFAULT '22:00'::text,
    "quietHoursEnd" text DEFAULT '08:00'::text,
    "quietHoursEnabled" boolean DEFAULT true NOT NULL,
    "createdAt" timestamp with time zone DEFAULT CURRENT_TIMESTAMP NOT NULL,
    "updatedAt" timestamp with time zone NOT NULL
);


--
-- TOC entry 351 (class 1259 OID 18163)
-- Name: NotificationTemplate; Type: TABLE; Schema: public; Owner: -
--

CREATE TABLE public."NotificationTemplate" (
    id uuid NOT NULL,
    "tenantId" uuid NOT NULL,
    name text NOT NULL,
    type text NOT NULL,
    "triggerEvent" text NOT NULL,
    subject text,
    body text NOT NULL,
    variables text DEFAULT '[]'::text NOT NULL,
    "isActive" boolean DEFAULT true NOT NULL,
    "createdAt" timestamp with time zone DEFAULT CURRENT_TIMESTAMP NOT NULL,
    "updatedAt" timestamp with time zone NOT NULL
);


--
-- TOC entry 352 (class 1259 OID 18173)
-- Name: Order; Type: TABLE; Schema: public; Owner: -
--

CREATE TABLE public."Order" (
    id uuid NOT NULL,
    "tenantId" uuid NOT NULL,
    "propertyId" uuid NOT NULL,
    "tableId" uuid,
    "orderNumber" text NOT NULL,
    "guestId" uuid,
    "bookingId" uuid,
    "guestName" text,
    "orderType" text DEFAULT 'dine_in'::text NOT NULL,
    subtotal double precision DEFAULT 0 NOT NULL,
    taxes double precision DEFAULT 0 NOT NULL,
    discount double precision DEFAULT 0 NOT NULL,
    "totalAmount" double precision DEFAULT 0 NOT NULL,
    currency text DEFAULT 'USD'::text NOT NULL,
    status text DEFAULT 'pending'::text NOT NULL,
    "kitchenStatus" text DEFAULT 'pending'::text NOT NULL,
    "kitchenStartedAt" timestamp with time zone,
    "kitchenCompletedAt" timestamp with time zone,
    "folioId" uuid,
    "addToFolio" boolean DEFAULT false NOT NULL,
    "roomNumber" text,
    "orderCategory" text,
    priority text DEFAULT 'normal'::text NOT NULL,
    "estimatedDelivery" integer,
    notes text,
    "specialInstructions" text,
    "confirmedAt" timestamp with time zone,
    "completedAt" timestamp with time zone,
    "cancelledAt" timestamp with time zone,
    "cancelledReason" text,
    "createdAt" timestamp with time zone DEFAULT CURRENT_TIMESTAMP NOT NULL,
    "updatedAt" timestamp with time zone NOT NULL
);


--
-- TOC entry 353 (class 1259 OID 18191)
-- Name: OrderCategory; Type: TABLE; Schema: public; Owner: -
--

CREATE TABLE public."OrderCategory" (
    id uuid NOT NULL,
    "propertyId" uuid NOT NULL,
    name text NOT NULL,
    description text,
    "imageUrl" text,
    "sortOrder" integer DEFAULT 0 NOT NULL,
    status text DEFAULT 'active'::text NOT NULL,
    "createdAt" timestamp with time zone DEFAULT CURRENT_TIMESTAMP NOT NULL,
    "updatedAt" timestamp with time zone NOT NULL
);


--
-- TOC entry 478 (class 1259 OID 19701)
-- Name: OrderDiscount; Type: TABLE; Schema: public; Owner: -
--

CREATE TABLE public."OrderDiscount" (
    id uuid NOT NULL,
    "tenantId" uuid NOT NULL,
    "orderId" uuid NOT NULL,
    type text NOT NULL,
    value double precision DEFAULT 0 NOT NULL,
    reason text NOT NULL,
    "couponCode" text,
    "authorizedBy" text,
    "createdAt" timestamp with time zone DEFAULT CURRENT_TIMESTAMP NOT NULL
);


--
-- TOC entry 354 (class 1259 OID 18201)
-- Name: OrderItem; Type: TABLE; Schema: public; Owner: -
--

CREATE TABLE public."OrderItem" (
    id uuid NOT NULL,
    "orderId" uuid NOT NULL,
    "menuItemId" uuid NOT NULL,
    quantity integer DEFAULT 1 NOT NULL,
    "unitPrice" double precision NOT NULL,
    "totalAmount" double precision NOT NULL,
    notes text,
    options text,
    status text DEFAULT 'pending'::text NOT NULL,
    "createdAt" timestamp with time zone DEFAULT CURRENT_TIMESTAMP NOT NULL,
    "updatedAt" timestamp with time zone NOT NULL
);


--
-- TOC entry 484 (class 1259 OID 19763)
-- Name: ParkingPass; Type: TABLE; Schema: public; Owner: -
--

CREATE TABLE public."ParkingPass" (
    id uuid NOT NULL,
    "tenantId" uuid NOT NULL,
    "propertyId" uuid NOT NULL,
    "vehicleId" uuid,
    "slotId" uuid,
    "holderName" text NOT NULL,
    "holderEmail" text,
    "holderPhone" text,
    "licensePlate" text NOT NULL,
    "startDate" timestamp with time zone NOT NULL,
    "endDate" timestamp with time zone NOT NULL,
    duration text DEFAULT 'monthly'::text NOT NULL,
    amount double precision DEFAULT 0 NOT NULL,
    currency text DEFAULT 'USD'::text NOT NULL,
    status text DEFAULT 'active'::text NOT NULL,
    "autoRenew" boolean DEFAULT false NOT NULL,
    "paymentStatus" text DEFAULT 'paid'::text NOT NULL,
    notes text,
    "createdAt" timestamp with time zone DEFAULT CURRENT_TIMESTAMP NOT NULL,
    "updatedAt" timestamp with time zone NOT NULL
);


--
-- TOC entry 355 (class 1259 OID 18211)
-- Name: ParkingSlot; Type: TABLE; Schema: public; Owner: -
--

CREATE TABLE public."ParkingSlot" (
    id uuid NOT NULL,
    "tenantId" uuid NOT NULL,
    "propertyId" uuid,
    number text NOT NULL,
    floor integer DEFAULT 1 NOT NULL,
    type text DEFAULT 'standard'::text NOT NULL,
    "vehicleType" text DEFAULT 'car'::text NOT NULL,
    width double precision,
    length double precision,
    "hasCharging" boolean DEFAULT false NOT NULL,
    "chargerType" text,
    status text DEFAULT 'available'::text NOT NULL,
    "posX" integer,
    "posY" integer,
    "createdAt" timestamp with time zone DEFAULT CURRENT_TIMESTAMP NOT NULL,
    "updatedAt" timestamp with time zone NOT NULL
);


--
-- TOC entry 356 (class 1259 OID 18224)
-- Name: Payment; Type: TABLE; Schema: public; Owner: -
--

CREATE TABLE public."Payment" (
    id uuid NOT NULL,
    "tenantId" uuid NOT NULL,
    "folioId" uuid NOT NULL,
    amount double precision NOT NULL,
    currency text DEFAULT 'USD'::text NOT NULL,
    method text NOT NULL,
    gateway text,
    "gatewayRef" text,
    "gatewayFee" double precision,
    "gatewayStatus" text,
    "retryCount" integer DEFAULT 0 NOT NULL,
    "failoverTo" text,
    "routingDecision" text,
    "cardType" text,
    "cardLast4" text,
    "cardExpiry" text,
    "transactionId" uuid,
    reference text,
    status text DEFAULT 'pending'::text NOT NULL,
    "refundAmount" double precision DEFAULT 0 NOT NULL,
    "refundedAt" timestamp with time zone,
    "refundReason" text,
    "guestId" uuid,
    "idempotencyKey" text,
    "processedAt" timestamp with time zone,
    "createdAt" timestamp with time zone DEFAULT CURRENT_TIMESTAMP NOT NULL,
    "updatedAt" timestamp with time zone NOT NULL
);


--
-- TOC entry 357 (class 1259 OID 18236)
-- Name: PaymentGateway; Type: TABLE; Schema: public; Owner: -
--

CREATE TABLE public."PaymentGateway" (
    id uuid NOT NULL,
    "tenantId" uuid NOT NULL,
    name text NOT NULL,
    provider text NOT NULL,
    priority integer DEFAULT 1 NOT NULL,
    "isPrimary" boolean DEFAULT false NOT NULL,
    status text DEFAULT 'inactive'::text NOT NULL,
    mode text DEFAULT 'test'::text NOT NULL,
    "apiKey" text,
    "secretKey" text,
    "merchantId" uuid,
    "webhookSecret" text,
    "feePercentage" double precision DEFAULT 0 NOT NULL,
    "feeFixed" double precision DEFAULT 0 NOT NULL,
    "supportedCurrencies" text DEFAULT 'USD'::text NOT NULL,
    "totalTransactions" integer DEFAULT 0 NOT NULL,
    "totalVolume" double precision DEFAULT 0 NOT NULL,
    "lastSyncAt" timestamp with time zone,
    "createdAt" timestamp with time zone DEFAULT CURRENT_TIMESTAMP NOT NULL,
    "updatedAt" timestamp with time zone NOT NULL
);


--
-- TOC entry 358 (class 1259 OID 18253)
-- Name: PaymentSchedule; Type: TABLE; Schema: public; Owner: -
--

CREATE TABLE public."PaymentSchedule" (
    id uuid NOT NULL,
    "tenantId" uuid NOT NULL,
    "propertyId" uuid NOT NULL,
    "folioId" uuid NOT NULL,
    "bookingId" uuid NOT NULL,
    "guestId" uuid NOT NULL,
    "scheduleName" text NOT NULL,
    "totalAmount" double precision NOT NULL,
    "depositAmount" double precision DEFAULT 0 NOT NULL,
    "depositDueDate" timestamp with time zone,
    installments text DEFAULT '[]'::text NOT NULL,
    currency text DEFAULT 'USD'::text NOT NULL,
    status text DEFAULT 'active'::text NOT NULL,
    "paidAmount" double precision DEFAULT 0 NOT NULL,
    "remainingAmount" double precision NOT NULL,
    "createdAt" timestamp with time zone DEFAULT CURRENT_TIMESTAMP NOT NULL,
    "updatedAt" timestamp with time zone NOT NULL
);


--
-- TOC entry 479 (class 1259 OID 19710)
-- Name: PaymentToken; Type: TABLE; Schema: public; Owner: -
--

CREATE TABLE public."PaymentToken" (
    id uuid NOT NULL,
    "tenantId" uuid NOT NULL,
    "propertyId" uuid,
    "guestId" uuid NOT NULL,
    "folioId" uuid,
    "tokenType" text NOT NULL,
    "gatewayTokenId" text NOT NULL,
    "cardType" text,
    "cardLast4" text,
    "cardExpiryMonth" integer,
    "cardExpiryYear" integer,
    "cardBrand" text,
    "isDefault" boolean DEFAULT false NOT NULL,
    status text DEFAULT 'active'::text NOT NULL,
    metadata text,
    "createdAt" timestamp with time zone DEFAULT CURRENT_TIMESTAMP NOT NULL,
    "updatedAt" timestamp with time zone NOT NULL
);


--
-- TOC entry 364 (class 1259 OID 18331)
-- Name: PortForwardRule; Type: TABLE; Schema: public; Owner: -
--

CREATE TABLE public."PortForwardRule" (
    id uuid NOT NULL,
    "tenantId" uuid NOT NULL,
    "propertyId" uuid NOT NULL,
    name text NOT NULL,
    protocol text DEFAULT 'tcp'::text NOT NULL,
    "externalPort" integer NOT NULL,
    "internalIp" text NOT NULL,
    "internalPort" integer NOT NULL,
    "interfaceId" uuid,
    enabled boolean DEFAULT true NOT NULL,
    description text,
    "createdAt" timestamp with time zone DEFAULT CURRENT_TIMESTAMP NOT NULL,
    "updatedAt" timestamp with time zone NOT NULL
);


--
-- TOC entry 359 (class 1259 OID 18266)
-- Name: PortalAuthentication; Type: TABLE; Schema: public; Owner: -
--

CREATE TABLE public."PortalAuthentication" (
    id uuid NOT NULL,
    "tenantId" uuid NOT NULL,
    "propertyId" uuid NOT NULL,
    "portalId" uuid NOT NULL,
    method text DEFAULT 'voucher'::text NOT NULL,
    enabled boolean DEFAULT true NOT NULL,
    priority integer DEFAULT 0 NOT NULL,
    config text DEFAULT '{}'::text NOT NULL,
    "createdAt" timestamp with time zone DEFAULT CURRENT_TIMESTAMP NOT NULL,
    "updatedAt" timestamp with time zone NOT NULL
);


--
-- TOC entry 360 (class 1259 OID 18278)
-- Name: PortalMapping; Type: TABLE; Schema: public; Owner: -
--

CREATE TABLE public."PortalMapping" (
    id uuid NOT NULL,
    "tenantId" uuid NOT NULL,
    "propertyId" uuid NOT NULL,
    "portalId" uuid NOT NULL,
    "vlanId" integer,
    "vlanConfigId" uuid,
    ssid text,
    subnet text,
    priority integer DEFAULT 0 NOT NULL,
    "fallbackPortalId" uuid,
    enabled boolean DEFAULT true NOT NULL,
    "createdAt" timestamp with time zone DEFAULT CURRENT_TIMESTAMP NOT NULL,
    "updatedAt" timestamp with time zone NOT NULL
);


--
-- TOC entry 361 (class 1259 OID 18288)
-- Name: PortalPage; Type: TABLE; Schema: public; Owner: -
--

CREATE TABLE public."PortalPage" (
    id uuid NOT NULL,
    "tenantId" uuid NOT NULL,
    "portalId" uuid NOT NULL,
    language text DEFAULT 'en'::text NOT NULL,
    title text,
    subtitle text,
    "logoUrl" text,
    "backgroundImage" text,
    "backgroundColor" text DEFAULT '#ffffff'::text NOT NULL,
    "textColor" text DEFAULT '#1f2937'::text NOT NULL,
    "accentColor" text DEFAULT '#0d9488'::text NOT NULL,
    "termsText" text,
    "termsUrl" text,
    "customCss" text DEFAULT ''::text NOT NULL,
    "customHtml" text DEFAULT ''::text NOT NULL,
    "showSocial" boolean DEFAULT false NOT NULL,
    "showBranding" boolean DEFAULT true NOT NULL,
    "formFields" text DEFAULT '{"username":true,"password":true,"roomNumber":false,"phone":false,"voucherCode":false,"terms":true}'::text NOT NULL,
    "authFlow" text DEFAULT 'pms_credentials'::text NOT NULL,
    "socialProviders" text DEFAULT '{"google":false,"facebook":false,"apple":false}'::text NOT NULL,
    "voucherTemplate" text DEFAULT 'default'::text NOT NULL,
    "designSettings" text DEFAULT '{}'::text NOT NULL,
    "createdAt" timestamp with time zone DEFAULT CURRENT_TIMESTAMP NOT NULL,
    "updatedAt" timestamp with time zone NOT NULL
);


--
-- TOC entry 362 (class 1259 OID 18309)
-- Name: PortalTemplate; Type: TABLE; Schema: public; Owner: -
--

CREATE TABLE public."PortalTemplate" (
    id uuid NOT NULL,
    "tenantId" uuid NOT NULL,
    name text NOT NULL,
    description text,
    category text DEFAULT 'hotel'::text NOT NULL,
    thumbnail text,
    "htmlContent" text NOT NULL,
    "cssContent" text NOT NULL,
    "isBuiltIn" boolean DEFAULT false NOT NULL,
    "createdAt" timestamp with time zone DEFAULT CURRENT_TIMESTAMP NOT NULL,
    "updatedAt" timestamp with time zone NOT NULL
);


--
-- TOC entry 363 (class 1259 OID 18319)
-- Name: PortalWhitelist; Type: TABLE; Schema: public; Owner: -
--

CREATE TABLE public."PortalWhitelist" (
    id uuid NOT NULL,
    "propertyId" uuid NOT NULL,
    domain text NOT NULL,
    path text,
    description text,
    protocol text DEFAULT 'https'::text NOT NULL,
    "bypassAuth" boolean DEFAULT true NOT NULL,
    priority integer DEFAULT 0 NOT NULL,
    status text DEFAULT 'active'::text NOT NULL,
    "createdAt" timestamp with time zone DEFAULT CURRENT_TIMESTAMP NOT NULL,
    "updatedAt" timestamp with time zone NOT NULL
);


--
-- TOC entry 367 (class 1259 OID 18362)
-- Name: PreventiveMaintenance; Type: TABLE; Schema: public; Owner: -
--

CREATE TABLE public."PreventiveMaintenance" (
    id uuid NOT NULL,
    "tenantId" uuid NOT NULL,
    "propertyId" uuid NOT NULL,
    title text NOT NULL,
    description text,
    "assetId" uuid,
    frequency text NOT NULL,
    "frequencyValue" integer,
    "assignedRoleId" uuid,
    checklist text DEFAULT '[]'::text NOT NULL,
    "lastCompletedAt" timestamp with time zone,
    "nextDueAt" timestamp with time zone,
    status text DEFAULT 'active'::text NOT NULL,
    "estimatedDuration" integer,
    "estimatedCost" double precision,
    priority text DEFAULT 'medium'::text NOT NULL,
    "createdAt" timestamp with time zone DEFAULT CURRENT_TIMESTAMP NOT NULL,
    "updatedAt" timestamp with time zone NOT NULL,
    "deletedAt" timestamp with time zone
);


--
-- TOC entry 368 (class 1259 OID 18373)
-- Name: PriceOverride; Type: TABLE; Schema: public; Owner: -
--

CREATE TABLE public."PriceOverride" (
    id uuid NOT NULL,
    "ratePlanId" uuid NOT NULL,
    date timestamp with time zone NOT NULL,
    price double precision NOT NULL,
    reason text,
    "minStay" integer,
    "closedToArrival" boolean DEFAULT false NOT NULL,
    "closedToDeparture" boolean DEFAULT false NOT NULL,
    "createdAt" timestamp with time zone DEFAULT CURRENT_TIMESTAMP NOT NULL,
    "updatedAt" timestamp with time zone NOT NULL
);


--
-- TOC entry 369 (class 1259 OID 18383)
-- Name: PricingRule; Type: TABLE; Schema: public; Owner: -
--

CREATE TABLE public."PricingRule" (
    id uuid NOT NULL,
    "tenantId" uuid NOT NULL,
    "propertyId" uuid,
    name text NOT NULL,
    type text NOT NULL,
    description text,
    value double precision NOT NULL,
    "valueType" text DEFAULT 'percentage'::text NOT NULL,
    conditions text DEFAULT '{}'::text NOT NULL,
    priority integer DEFAULT 1 NOT NULL,
    "isActive" boolean DEFAULT true NOT NULL,
    "effectiveFrom" timestamp with time zone NOT NULL,
    "effectiveTo" timestamp with time zone,
    "roomTypes" text DEFAULT '[]'::text NOT NULL,
    "appliedCount" integer DEFAULT 0 NOT NULL,
    "lastAppliedAt" timestamp with time zone,
    "createdAt" timestamp with time zone DEFAULT CURRENT_TIMESTAMP NOT NULL,
    "updatedAt" timestamp with time zone NOT NULL
);


--
-- TOC entry 370 (class 1259 OID 18397)
-- Name: Promotion; Type: TABLE; Schema: public; Owner: -
--

CREATE TABLE public."Promotion" (
    id uuid NOT NULL,
    "tenantId" uuid NOT NULL,
    "propertyId" uuid,
    name text NOT NULL,
    code text NOT NULL,
    description text,
    "discountType" text NOT NULL,
    "discountValue" double precision NOT NULL,
    "maxDiscount" double precision,
    "minBookingValue" double precision,
    "minNights" integer,
    "applicableRoomTypes" text DEFAULT '[]'::text NOT NULL,
    "startsAt" timestamp with time zone NOT NULL,
    "endsAt" timestamp with time zone NOT NULL,
    "maxUses" integer,
    "usedCount" integer DEFAULT 0 NOT NULL,
    "maxUsesPerUser" integer,
    status text DEFAULT 'active'::text NOT NULL,
    "createdAt" timestamp with time zone DEFAULT CURRENT_TIMESTAMP NOT NULL,
    "updatedAt" timestamp with time zone NOT NULL
);


--
-- TOC entry 371 (class 1259 OID 18408)
-- Name: Property; Type: TABLE; Schema: public; Owner: -
--

CREATE TABLE public."Property" (
    id uuid NOT NULL,
    "tenantId" uuid NOT NULL,
    name text NOT NULL,
    slug text NOT NULL,
    description text,
    type text DEFAULT 'hotel'::text NOT NULL,
    address text NOT NULL,
    city text NOT NULL,
    state text,
    country text NOT NULL,
    "postalCode" text,
    latitude double precision,
    longitude double precision,
    email text,
    phone text,
    website text,
    logo text,
    "primaryColor" text,
    "secondaryColor" text,
    "checkInTime" text DEFAULT '14:00'::text NOT NULL,
    "checkOutTime" text DEFAULT '11:00'::text NOT NULL,
    timezone text DEFAULT 'UTC'::text NOT NULL,
    currency text DEFAULT 'USD'::text NOT NULL,
    "taxId" uuid,
    "taxType" text DEFAULT 'gst'::text NOT NULL,
    "defaultTaxRate" double precision DEFAULT 0 NOT NULL,
    "taxComponents" text DEFAULT '[]'::text NOT NULL,
    "serviceChargePercent" double precision DEFAULT 0 NOT NULL,
    "includeTaxInPrice" boolean DEFAULT false NOT NULL,
    "totalRooms" integer DEFAULT 0 NOT NULL,
    "totalFloors" integer DEFAULT 0 NOT NULL,
    "noShowSettings" text DEFAULT '{"noShowBufferHours":1,"autoProcessNoShows":false,"noShowNotificationEnabled":true}'::text NOT NULL,
    status text DEFAULT 'active'::text NOT NULL,
    "createdAt" timestamp with time zone DEFAULT CURRENT_TIMESTAMP NOT NULL,
    "updatedAt" timestamp with time zone NOT NULL,
    "deletedAt" timestamp with time zone,
    "brandId" uuid
);


--
-- TOC entry 372 (class 1259 OID 18430)
-- Name: PurchaseOrder; Type: TABLE; Schema: public; Owner: -
--

CREATE TABLE public."PurchaseOrder" (
    id uuid NOT NULL,
    "tenantId" uuid NOT NULL,
    "vendorId" uuid NOT NULL,
    "orderNumber" text NOT NULL,
    "orderDate" timestamp with time zone DEFAULT CURRENT_TIMESTAMP NOT NULL,
    "expectedDate" timestamp with time zone,
    "receivedDate" timestamp with time zone,
    subtotal double precision DEFAULT 0 NOT NULL,
    taxes double precision DEFAULT 0 NOT NULL,
    "totalAmount" double precision DEFAULT 0 NOT NULL,
    status text DEFAULT 'draft'::text NOT NULL,
    "approvedBy" text,
    "approvedAt" timestamp with time zone,
    notes text,
    "createdAt" timestamp with time zone DEFAULT CURRENT_TIMESTAMP NOT NULL,
    "updatedAt" timestamp with time zone NOT NULL
);


--
-- TOC entry 373 (class 1259 OID 18443)
-- Name: PurchaseOrderItem; Type: TABLE; Schema: public; Owner: -
--

CREATE TABLE public."PurchaseOrderItem" (
    id uuid NOT NULL,
    "purchaseOrderId" uuid NOT NULL,
    "stockItemId" uuid NOT NULL,
    quantity double precision NOT NULL,
    "unitPrice" double precision NOT NULL,
    "totalAmount" double precision NOT NULL,
    "receivedQuantity" double precision,
    "createdAt" timestamp with time zone DEFAULT CURRENT_TIMESTAMP NOT NULL,
    "updatedAt" timestamp with time zone NOT NULL
);


--
-- TOC entry 365 (class 1259 OID 18341)
-- Name: QuickBlock; Type: TABLE; Schema: public; Owner: -
--

CREATE TABLE public."QuickBlock" (
    id uuid NOT NULL,
    "tenantId" uuid NOT NULL,
    "propertyId" uuid NOT NULL,
    type text NOT NULL,
    value text NOT NULL,
    reason text,
    enabled boolean DEFAULT true NOT NULL,
    "expiresAt" timestamp with time zone,
    "createdAt" timestamp with time zone DEFAULT CURRENT_TIMESTAMP NOT NULL,
    "updatedAt" timestamp with time zone NOT NULL
);


--
-- TOC entry 379 (class 1259 OID 18499)
-- Name: RadiusAuthLog; Type: TABLE; Schema: public; Owner: -
--

CREATE TABLE public."RadiusAuthLog" (
    id uuid NOT NULL,
    "propertyId" uuid NOT NULL,
    username text NOT NULL,
    "authResult" text NOT NULL,
    "authType" text,
    "nasIpAddress" text,
    "nasIdentifier" text,
    "callingStationId" uuid,
    "calledStationId" uuid,
    "clientIpAddress" text,
    "replyMessage" text,
    "terminateReason" text,
    "timestamp" timestamp with time zone DEFAULT CURRENT_TIMESTAMP NOT NULL
);


--
-- TOC entry 380 (class 1259 OID 18507)
-- Name: RadiusCoaLog; Type: TABLE; Schema: public; Owner: -
--

CREATE TABLE public."RadiusCoaLog" (
    id uuid NOT NULL,
    "propertyId" uuid NOT NULL,
    action text NOT NULL,
    username text NOT NULL,
    "sessionId" uuid,
    "nasIpAddress" text,
    "sharedSecret" text,
    attributes text,
    result text NOT NULL,
    "responseCode" text,
    "errorMessage" text,
    "triggeredBy" text NOT NULL,
    "triggeredById" uuid,
    "timestamp" timestamp with time zone DEFAULT CURRENT_TIMESTAMP NOT NULL
);


--
-- TOC entry 381 (class 1259 OID 18515)
-- Name: RadiusEventUser; Type: TABLE; Schema: public; Owner: -
--

CREATE TABLE public."RadiusEventUser" (
    id uuid NOT NULL,
    "propertyId" uuid NOT NULL,
    "eventId" uuid NOT NULL,
    "eventName" text NOT NULL,
    username text NOT NULL,
    password text NOT NULL,
    "planId" uuid,
    "bandwidthDown" integer DEFAULT 5 NOT NULL,
    "bandwidthUp" integer DEFAULT 2 NOT NULL,
    "dataLimitMb" integer,
    "validFrom" timestamp with time zone NOT NULL,
    "validUntil" timestamp with time zone NOT NULL,
    "maxSessions" integer DEFAULT 1 NOT NULL,
    "guestName" text,
    "guestEmail" text,
    "guestCompany" text,
    status text DEFAULT 'active'::text NOT NULL,
    "usedAt" timestamp with time zone,
    "firstUsedAt" timestamp with time zone,
    "createdAt" timestamp with time zone DEFAULT CURRENT_TIMESTAMP NOT NULL,
    "updatedAt" timestamp with time zone NOT NULL
);


--
-- TOC entry 382 (class 1259 OID 18527)
-- Name: RadiusMacAuth; Type: TABLE; Schema: public; Owner: -
--

CREATE TABLE public."RadiusMacAuth" (
    id uuid NOT NULL,
    "propertyId" uuid NOT NULL,
    "macAddress" text NOT NULL,
    username text,
    "guestId" uuid,
    "guestName" text,
    description text,
    "autoLogin" boolean DEFAULT true NOT NULL,
    "validFrom" timestamp with time zone DEFAULT CURRENT_TIMESTAMP NOT NULL,
    "validUntil" timestamp with time zone,
    "lastSeenAt" timestamp with time zone,
    "loginCount" integer DEFAULT 0 NOT NULL,
    status text DEFAULT 'active'::text NOT NULL,
    "bandwidthDown" integer,
    "bandwidthUp" integer,
    "sessionTimeout" integer,
    "dataLimitMB" integer,
    "groupName" text,
    "planId" uuid,
    "createdAt" timestamp with time zone DEFAULT CURRENT_TIMESTAMP NOT NULL,
    "updatedAt" timestamp with time zone NOT NULL
);


--
-- TOC entry 383 (class 1259 OID 18539)
-- Name: RadiusNAS; Type: TABLE; Schema: public; Owner: -
--

CREATE TABLE public."RadiusNAS" (
    id uuid NOT NULL,
    "tenantId" uuid NOT NULL,
    "propertyId" uuid NOT NULL,
    name text NOT NULL,
    shortname text NOT NULL,
    "ipAddress" text NOT NULL,
    type text DEFAULT 'other'::text NOT NULL,
    ports text,
    secret text NOT NULL,
    server text,
    community text,
    description text,
    "coaEnabled" boolean DEFAULT true NOT NULL,
    "coaPort" integer DEFAULT 3799 NOT NULL,
    "authPort" integer DEFAULT 1812 NOT NULL,
    "acctPort" integer DEFAULT 1813 NOT NULL,
    status text DEFAULT 'active'::text NOT NULL,
    "lastSeenAt" timestamp with time zone,
    "lastWentOnlineAt" timestamp with time zone,
    "lastWentOfflineAt" timestamp with time zone,
    "totalAuths" integer DEFAULT 0 NOT NULL,
    "totalAccts" integer DEFAULT 0 NOT NULL,
    "createdAt" timestamp with time zone DEFAULT CURRENT_TIMESTAMP NOT NULL,
    "updatedAt" timestamp with time zone NOT NULL
);


--
-- TOC entry 384 (class 1259 OID 18555)
-- Name: RadiusProvisioningLog; Type: TABLE; Schema: public; Owner: -
--

CREATE TABLE public."RadiusProvisioningLog" (
    id uuid NOT NULL,
    "propertyId" uuid NOT NULL,
    action text NOT NULL,
    username text NOT NULL,
    "guestId" uuid,
    "bookingId" uuid,
    "userId" uuid,
    result text NOT NULL,
    details text,
    error text,
    "durationMs" integer,
    "timestamp" timestamp with time zone DEFAULT CURRENT_TIMESTAMP NOT NULL
);


--
-- TOC entry 385 (class 1259 OID 18563)
-- Name: RadiusServerConfig; Type: TABLE; Schema: public; Owner: -
--

CREATE TABLE public."RadiusServerConfig" (
    id uuid NOT NULL,
    "tenantId" uuid NOT NULL,
    "propertyId" uuid NOT NULL,
    "serverIp" text DEFAULT '127.0.0.1'::text NOT NULL,
    "serverHostname" text,
    "authPort" integer DEFAULT 1812 NOT NULL,
    "acctPort" integer DEFAULT 1813 NOT NULL,
    "coaPort" integer DEFAULT 3799 NOT NULL,
    "listenAllInterfaces" boolean DEFAULT true NOT NULL,
    "bindAddress" text DEFAULT '0.0.0.0'::text NOT NULL,
    "maxAuthWait" integer DEFAULT 30 NOT NULL,
    "maxAcctWait" integer DEFAULT 30 NOT NULL,
    "cleanupSessions" boolean DEFAULT true NOT NULL,
    "sessionCleanupInterval" integer DEFAULT 3600 NOT NULL,
    "logAuth" boolean DEFAULT true NOT NULL,
    "logAuthBadpass" boolean DEFAULT false NOT NULL,
    "logAuthGoodpass" boolean DEFAULT false NOT NULL,
    "logDestination" text DEFAULT 'files'::text NOT NULL,
    "logLevel" text DEFAULT 'info'::text NOT NULL,
    status text DEFAULT 'active'::text NOT NULL,
    "createdAt" timestamp with time zone DEFAULT CURRENT_TIMESTAMP NOT NULL,
    "updatedAt" timestamp with time zone NOT NULL,
    "interimUpdateInterval" integer DEFAULT 60 NOT NULL,
    "dataCapAction" text DEFAULT 'disconnect'::text NOT NULL,
    "dataCapThrottleRate" text DEFAULT '1M/1M'::text NOT NULL,
    "macAuthEnabled" boolean DEFAULT false NOT NULL,
    "macAuthBypassPortal" boolean DEFAULT true NOT NULL,
    "portalWhitelistEnabled" boolean DEFAULT false NOT NULL,
    "concurrentSessionAction" text DEFAULT 'reject'::text NOT NULL
);


--
-- TOC entry 366 (class 1259 OID 18350)
-- Name: RateLimitRule; Type: TABLE; Schema: public; Owner: -
--

CREATE TABLE public."RateLimitRule" (
    id uuid NOT NULL,
    "tenantId" uuid NOT NULL,
    "propertyId" uuid NOT NULL,
    name text,
    "targetIp" text,
    "targetSet" text,
    "downloadRate" text DEFAULT '10mbit'::text NOT NULL,
    "uploadRate" text DEFAULT '5mbit'::text NOT NULL,
    protocol text DEFAULT 'all'::text NOT NULL,
    enabled boolean DEFAULT true NOT NULL,
    comment text,
    "createdAt" timestamp with time zone DEFAULT CURRENT_TIMESTAMP NOT NULL,
    "updatedAt" timestamp with time zone NOT NULL
);


--
-- TOC entry 392 (class 1259 OID 18634)
-- Name: RatePlan; Type: TABLE; Schema: public; Owner: -
--

CREATE TABLE public."RatePlan" (
    id uuid NOT NULL,
    "tenantId" uuid NOT NULL,
    "roomTypeId" uuid NOT NULL,
    name text NOT NULL,
    code text NOT NULL,
    description text,
    "basePrice" double precision NOT NULL,
    currency text DEFAULT 'USD'::text NOT NULL,
    "mealPlan" text DEFAULT 'room_only'::text NOT NULL,
    "minStay" integer DEFAULT 1 NOT NULL,
    "maxStay" integer,
    "advanceBookingDays" integer,
    "cancellationPolicy" text,
    "cancellationHours" integer,
    "bookingStartDays" integer,
    "bookingEndDays" integer,
    "promoCode" text,
    "discountPercent" double precision,
    "discountAmount" double precision,
    "promoStart" timestamp with time zone,
    "promoEnd" timestamp with time zone,
    status text DEFAULT 'active'::text NOT NULL,
    "derivedFromId" uuid,
    "derivationType" text,
    "derivationValue" double precision,
    "createdAt" timestamp with time zone DEFAULT CURRENT_TIMESTAMP NOT NULL,
    "updatedAt" timestamp with time zone NOT NULL,
    "deletedAt" timestamp with time zone
);


--
-- TOC entry 475 (class 1259 OID 19667)
-- Name: Recipe; Type: TABLE; Schema: public; Owner: -
--

CREATE TABLE public."Recipe" (
    id uuid NOT NULL,
    "tenantId" uuid NOT NULL,
    "menuItemId" uuid NOT NULL,
    instructions text,
    "prepTime" integer DEFAULT 0 NOT NULL,
    "cookTime" integer DEFAULT 0 NOT NULL,
    yield integer DEFAULT 1 NOT NULL,
    "costPerServing" double precision DEFAULT 0 NOT NULL,
    "createdAt" timestamp with time zone DEFAULT CURRENT_TIMESTAMP NOT NULL,
    "updatedAt" timestamp with time zone NOT NULL,
    "deletedAt" timestamp with time zone
);


--
-- TOC entry 476 (class 1259 OID 19679)
-- Name: RecipeIngredient; Type: TABLE; Schema: public; Owner: -
--

CREATE TABLE public."RecipeIngredient" (
    id uuid NOT NULL,
    "tenantId" uuid NOT NULL,
    "recipeId" uuid NOT NULL,
    name text NOT NULL,
    quantity double precision DEFAULT 0 NOT NULL,
    unit text DEFAULT 'g'::text NOT NULL,
    "costPerUnit" double precision DEFAULT 0 NOT NULL,
    "sortOrder" integer DEFAULT 0 NOT NULL,
    "createdAt" timestamp with time zone DEFAULT CURRENT_TIMESTAMP NOT NULL,
    "updatedAt" timestamp with time zone NOT NULL
);


--
-- TOC entry 393 (class 1259 OID 18646)
-- Name: Reconciliation; Type: TABLE; Schema: public; Owner: -
--

CREATE TABLE public."Reconciliation" (
    id uuid NOT NULL,
    "tenantId" uuid NOT NULL,
    "bankAccountId" uuid NOT NULL,
    "bankTransactionId" uuid NOT NULL,
    "paymentId" uuid,
    "folioId" uuid,
    "matchType" text DEFAULT 'manual'::text NOT NULL,
    "matchConfidence" double precision,
    "matchCriteria" text DEFAULT '{}'::text NOT NULL,
    status text DEFAULT 'matched'::text NOT NULL,
    "reconciledAmount" double precision NOT NULL,
    "adjustmentAmount" double precision DEFAULT 0 NOT NULL,
    "adjustmentReason" text,
    "reconciledBy" text,
    "reconciledAt" timestamp with time zone DEFAULT CURRENT_TIMESTAMP NOT NULL,
    notes text,
    "createdAt" timestamp with time zone DEFAULT CURRENT_TIMESTAMP NOT NULL,
    "updatedAt" timestamp with time zone NOT NULL
);


--
-- TOC entry 394 (class 1259 OID 18659)
-- Name: RegistrationCard; Type: TABLE; Schema: public; Owner: -
--

CREATE TABLE public."RegistrationCard" (
    id uuid NOT NULL,
    "tenantId" uuid NOT NULL,
    "propertyId" uuid NOT NULL,
    "bookingId" uuid NOT NULL,
    "guestId" uuid NOT NULL,
    "cardNumber" text NOT NULL,
    "checkInDate" timestamp with time zone NOT NULL,
    "checkOutDate" timestamp with time zone NOT NULL,
    "roomNumber" text NOT NULL,
    "roomType" text NOT NULL,
    "guestName" text NOT NULL,
    "guestNationality" text,
    "guestIdType" text,
    "guestIdNumber" text,
    "guestAddress" text,
    "guestPhone" text,
    "guestEmail" text,
    purpose text,
    "vehiclePlate" text,
    companions text DEFAULT '[]'::text NOT NULL,
    "specialRequests" text,
    "termsAccepted" boolean DEFAULT true NOT NULL,
    "acceptedAt" timestamp with time zone,
    "printedAt" timestamp with time zone,
    "printedBy" text,
    "createdAt" timestamp with time zone DEFAULT CURRENT_TIMESTAMP NOT NULL,
    "updatedAt" timestamp with time zone NOT NULL
);


--
-- TOC entry 489 (class 1259 OID 19821)
-- Name: RegistrationPlan; Type: TABLE; Schema: public; Owner: -
--

CREATE TABLE public."RegistrationPlan" (
    id uuid NOT NULL,
    name text NOT NULL,
    "displayName" text NOT NULL,
    description text,
    price double precision DEFAULT 0 NOT NULL,
    currency text DEFAULT 'USD'::text NOT NULL,
    "maxProperties" integer DEFAULT 1 NOT NULL,
    "maxRoomsPerProperty" integer DEFAULT 50 NOT NULL,
    "maxUsers" integer DEFAULT 5 NOT NULL,
    "maxStaff" integer DEFAULT 10 NOT NULL,
    features text DEFAULT '[]'::text NOT NULL,
    "sortOrder" integer DEFAULT 0 NOT NULL,
    "isActive" boolean DEFAULT true NOT NULL,
    highlighted boolean DEFAULT false NOT NULL,
    "trialDays" integer,
    "createdAt" timestamp with time zone DEFAULT CURRENT_TIMESTAMP NOT NULL,
    "updatedAt" timestamp with time zone NOT NULL
);


--
-- TOC entry 395 (class 1259 OID 18669)
-- Name: ReportCache; Type: TABLE; Schema: public; Owner: -
--

CREATE TABLE public."ReportCache" (
    id uuid NOT NULL,
    "tenantId" uuid NOT NULL,
    "reportType" text NOT NULL,
    "periodStart" timestamp with time zone NOT NULL,
    "periodEnd" timestamp with time zone NOT NULL,
    data text NOT NULL,
    "generatedAt" timestamp with time zone DEFAULT CURRENT_TIMESTAMP NOT NULL,
    "expiresAt" timestamp with time zone NOT NULL
);


--
-- TOC entry 396 (class 1259 OID 18677)
-- Name: ReportHistory; Type: TABLE; Schema: public; Owner: -
--

CREATE TABLE public."ReportHistory" (
    id uuid NOT NULL,
    "tenantId" uuid NOT NULL,
    "scheduledReportId" uuid,
    name text NOT NULL,
    type text NOT NULL,
    format text DEFAULT 'pdf'::text NOT NULL,
    "generatedAt" timestamp with time zone DEFAULT CURRENT_TIMESTAMP NOT NULL,
    "generatedBy" text,
    "periodStart" timestamp with time zone,
    "periodEnd" timestamp with time zone,
    "fileUrl" text,
    "fileSize" integer,
    status text DEFAULT 'completed'::text NOT NULL,
    "errorMessage" text,
    "recipientCount" integer DEFAULT 0 NOT NULL,
    "sentAt" timestamp with time zone,
    metadata text DEFAULT '{}'::text NOT NULL
);


--
-- TOC entry 397 (class 1259 OID 18689)
-- Name: Reservation; Type: TABLE; Schema: public; Owner: -
--

CREATE TABLE public."Reservation" (
    id uuid NOT NULL,
    "propertyId" uuid NOT NULL,
    "tableId" uuid,
    "guestId" uuid,
    "guestName" text NOT NULL,
    "guestPhone" text NOT NULL,
    "guestEmail" text,
    "partySize" integer NOT NULL,
    date timestamp with time zone NOT NULL,
    "time" text NOT NULL,
    duration integer DEFAULT 90 NOT NULL,
    "specialRequests" text,
    occasion text,
    status text DEFAULT 'confirmed'::text NOT NULL,
    source text DEFAULT 'phone'::text NOT NULL,
    notes text,
    "seatedAt" timestamp with time zone,
    "completedAt" timestamp with time zone,
    "cancelledAt" timestamp with time zone,
    "createdAt" timestamp with time zone DEFAULT CURRENT_TIMESTAMP NOT NULL,
    "updatedAt" timestamp with time zone NOT NULL,
    "deletedAt" timestamp with time zone
);


--
-- TOC entry 398 (class 1259 OID 18700)
-- Name: RestaurantTable; Type: TABLE; Schema: public; Owner: -
--

CREATE TABLE public."RestaurantTable" (
    id uuid NOT NULL,
    "propertyId" uuid NOT NULL,
    number text NOT NULL,
    name text,
    capacity integer DEFAULT 4 NOT NULL,
    area text,
    floor integer DEFAULT 1 NOT NULL,
    "posX" integer,
    "posY" integer,
    width integer,
    height integer,
    status text DEFAULT 'available'::text NOT NULL,
    "createdAt" timestamp with time zone DEFAULT CURRENT_TIMESTAMP NOT NULL,
    "updatedAt" timestamp with time zone NOT NULL,
    shape text DEFAULT 'round'::text NOT NULL
);


--
-- TOC entry 399 (class 1259 OID 18712)
-- Name: Role; Type: TABLE; Schema: public; Owner: -
--

CREATE TABLE public."Role" (
    id uuid NOT NULL,
    "tenantId" uuid NOT NULL,
    name text NOT NULL,
    "displayName" text NOT NULL,
    description text,
    permissions text DEFAULT '[]'::text NOT NULL,
    "isSystem" boolean DEFAULT false NOT NULL,
    "createdAt" timestamp with time zone DEFAULT CURRENT_TIMESTAMP NOT NULL,
    "updatedAt" timestamp with time zone NOT NULL
);


--
-- TOC entry 400 (class 1259 OID 18722)
-- Name: Room; Type: TABLE; Schema: public; Owner: -
--

CREATE TABLE public."Room" (
    id uuid NOT NULL,
    "propertyId" uuid NOT NULL,
    "roomTypeId" uuid NOT NULL,
    number text NOT NULL,
    name text,
    floor integer DEFAULT 1 NOT NULL,
    "isAccessible" boolean DEFAULT false NOT NULL,
    "isSmoking" boolean DEFAULT false NOT NULL,
    "hasBalcony" boolean DEFAULT false NOT NULL,
    "hasSeaView" boolean DEFAULT false NOT NULL,
    "hasMountainView" boolean DEFAULT false NOT NULL,
    status text DEFAULT 'available'::text NOT NULL,
    "smartRoomConfig" text,
    "digitalKeyEnabled" boolean DEFAULT true NOT NULL,
    "digitalKeySecret" text,
    "housekeepingStatus" text DEFAULT 'clean'::text NOT NULL,
    "lastCleanedAt" timestamp with time zone,
    "lastInspectedAt" timestamp with time zone,
    "inspectedBy" text,
    "hkPriority" text DEFAULT 'normal'::text NOT NULL,
    "hkNotes" text,
    dnd boolean DEFAULT false NOT NULL,
    "currentTaskId" uuid,
    images text DEFAULT '[]'::text NOT NULL,
    "createdAt" timestamp with time zone DEFAULT CURRENT_TIMESTAMP NOT NULL,
    "updatedAt" timestamp with time zone NOT NULL,
    "deletedAt" timestamp with time zone
);


--
-- TOC entry 401 (class 1259 OID 18742)
-- Name: RoomMoveLog; Type: TABLE; Schema: public; Owner: -
--

CREATE TABLE public."RoomMoveLog" (
    id uuid NOT NULL,
    "tenantId" uuid NOT NULL,
    "propertyId" uuid NOT NULL,
    "bookingId" uuid NOT NULL,
    "guestId" uuid NOT NULL,
    "fromRoomId" uuid NOT NULL,
    "fromRoomNumber" text NOT NULL,
    "toRoomId" uuid NOT NULL,
    "toRoomNumber" text NOT NULL,
    reason text NOT NULL,
    "movedBy" text,
    "previousRate" double precision NOT NULL,
    "newRate" double precision NOT NULL,
    "rateDifference" double precision NOT NULL,
    notes text,
    "createdAt" timestamp with time zone DEFAULT CURRENT_TIMESTAMP NOT NULL
);


--
-- TOC entry 402 (class 1259 OID 18750)
-- Name: RoomType; Type: TABLE; Schema: public; Owner: -
--

CREATE TABLE public."RoomType" (
    id uuid NOT NULL,
    "propertyId" uuid NOT NULL,
    name text NOT NULL,
    code text NOT NULL,
    description text,
    "maxAdults" integer DEFAULT 2 NOT NULL,
    "maxChildren" integer DEFAULT 0 NOT NULL,
    "maxOccupancy" integer DEFAULT 2 NOT NULL,
    "sizeSqMeters" double precision,
    "sizeSqFeet" double precision,
    amenities text DEFAULT '[]'::text NOT NULL,
    "basePrice" double precision NOT NULL,
    currency text DEFAULT 'USD'::text NOT NULL,
    images text DEFAULT '[]'::text NOT NULL,
    "sortOrder" integer DEFAULT 0 NOT NULL,
    "totalRooms" integer DEFAULT 0 NOT NULL,
    "overbookingEnabled" boolean DEFAULT false NOT NULL,
    "overbookingPercentage" double precision DEFAULT 0 NOT NULL,
    "overbookingLimit" integer DEFAULT 0 NOT NULL,
    "wifiPlanId" uuid,
    status text DEFAULT 'active'::text NOT NULL,
    "createdAt" timestamp with time zone DEFAULT CURRENT_TIMESTAMP NOT NULL,
    "updatedAt" timestamp with time zone NOT NULL,
    "deletedAt" timestamp with time zone
);


--
-- TOC entry 413 (class 1259 OID 18889)
-- Name: SSOConnection; Type: TABLE; Schema: public; Owner: -
--

CREATE TABLE public."SSOConnection" (
    id uuid NOT NULL,
    "tenantId" uuid NOT NULL,
    name text NOT NULL,
    type text NOT NULL,
    status text DEFAULT 'active'::text NOT NULL,
    "samlEntityId" uuid,
    "samlSsoUrl" text,
    "samlSloUrl" text,
    "samlCertificate" text,
    "samlPrivateKey" text,
    "samlNameIdFormat" text DEFAULT 'urn:oasis:names:tc:SAML:1.1:nameid-format:emailAddress'::text,
    "samlSignRequest" boolean DEFAULT true NOT NULL,
    "samlWantAssertionSigned" boolean DEFAULT true NOT NULL,
    "ldapUrl" text,
    "ldapBaseDn" text,
    "ldapBindDn" text,
    "ldapBindPassword" text,
    "ldapSearchFilter" text DEFAULT '(mail={email})'::text,
    "ldapUseStartTls" boolean DEFAULT false NOT NULL,
    "ldapUseSsl" boolean DEFAULT true NOT NULL,
    "ldapTimeout" integer DEFAULT 30 NOT NULL,
    "oidcClientId" uuid,
    "oidcClientSecret" text,
    "oidcDiscoveryUrl" text,
    "oidcAuthorizationUrl" text,
    "oidcTokenUrl" text,
    "oidcUserInfoUrl" text,
    "oidcJwksUrl" text,
    "oidcScopes" text DEFAULT 'openid profile email'::text NOT NULL,
    "oidcUsePkce" boolean DEFAULT true NOT NULL,
    "emailAttribute" text DEFAULT 'email'::text NOT NULL,
    "firstNameAttribute" text DEFAULT 'givenName'::text NOT NULL,
    "lastNameAttribute" text DEFAULT 'sn'::text NOT NULL,
    "nameAttribute" text DEFAULT 'name'::text NOT NULL,
    "roleAttribute" text,
    "departmentAttribute" text,
    "phoneAttribute" text DEFAULT 'telephoneNumber'::text,
    "autoProvision" boolean DEFAULT true NOT NULL,
    "autoProvisionRole" text,
    "syncRoles" boolean DEFAULT false NOT NULL,
    "syncOnLogin" boolean DEFAULT true NOT NULL,
    "allowedDomains" text,
    "lastSyncAt" timestamp with time zone,
    "lastSyncStatus" text,
    "lastSyncError" text,
    "testConnectionAt" timestamp with time zone,
    "testConnectionStatus" text,
    "createdAt" timestamp with time zone DEFAULT CURRENT_TIMESTAMP NOT NULL,
    "updatedAt" timestamp with time zone NOT NULL
);


--
-- TOC entry 414 (class 1259 OID 18915)
-- Name: SSOSession; Type: TABLE; Schema: public; Owner: -
--

CREATE TABLE public."SSOSession" (
    id uuid NOT NULL,
    "connectionId" uuid NOT NULL,
    "userId" uuid,
    "ssoProviderId" uuid,
    attributes text DEFAULT '{}'::text NOT NULL,
    "sessionId" uuid,
    "ipAddress" text,
    "userAgent" text,
    "initiatedAt" timestamp with time zone DEFAULT CURRENT_TIMESTAMP NOT NULL,
    "authenticatedAt" timestamp with time zone,
    "expiresAt" timestamp with time zone NOT NULL,
    "terminatedAt" timestamp with time zone,
    "terminatedReason" text,
    "createdAt" timestamp with time zone DEFAULT CURRENT_TIMESTAMP NOT NULL,
    "updatedAt" timestamp with time zone NOT NULL
);


--
-- TOC entry 403 (class 1259 OID 18770)
-- Name: ScheduleAccess; Type: TABLE; Schema: public; Owner: -
--

CREATE TABLE public."ScheduleAccess" (
    id uuid NOT NULL,
    "tenantId" uuid NOT NULL,
    "propertyId" uuid NOT NULL,
    name text NOT NULL,
    "daysOfWeek" text DEFAULT '1,2,3,4,5,6,7'::text NOT NULL,
    "startTime" text DEFAULT '00:00'::text NOT NULL,
    "endTime" text DEFAULT '23:59'::text NOT NULL,
    "downloadMbps" integer DEFAULT 0 NOT NULL,
    "uploadMbps" integer DEFAULT 0 NOT NULL,
    "applyTo" text DEFAULT 'all'::text NOT NULL,
    "applyToPlanId" uuid,
    "bandwidthPolicyId" uuid,
    action text DEFAULT 'limit'::text NOT NULL,
    description text,
    enabled boolean DEFAULT true NOT NULL,
    "createdAt" timestamp with time zone DEFAULT CURRENT_TIMESTAMP NOT NULL,
    "updatedAt" timestamp with time zone NOT NULL
);


--
-- TOC entry 480 (class 1259 OID 19720)
-- Name: ScheduledCharge; Type: TABLE; Schema: public; Owner: -
--

CREATE TABLE public."ScheduledCharge" (
    id uuid NOT NULL,
    "tenantId" uuid NOT NULL,
    "propertyId" uuid NOT NULL,
    "folioId" uuid NOT NULL,
    "bookingId" uuid NOT NULL,
    "chargeType" text NOT NULL,
    description text NOT NULL,
    category text,
    amount double precision DEFAULT 0 NOT NULL,
    currency text DEFAULT 'USD'::text NOT NULL,
    frequency text NOT NULL,
    "startDate" timestamp with time zone NOT NULL,
    "endDate" timestamp with time zone,
    "nextExecutionAt" timestamp with time zone NOT NULL,
    "lastExecutedAt" timestamp with time zone,
    "isActive" boolean DEFAULT true NOT NULL,
    "maxAmount" double precision,
    "executedCount" integer DEFAULT 0 NOT NULL,
    "createdAt" timestamp with time zone DEFAULT CURRENT_TIMESTAMP NOT NULL,
    "updatedAt" timestamp with time zone NOT NULL
);


--
-- TOC entry 404 (class 1259 OID 18786)
-- Name: ScheduledNotification; Type: TABLE; Schema: public; Owner: -
--

CREATE TABLE public."ScheduledNotification" (
    id uuid NOT NULL,
    "tenantId" uuid NOT NULL,
    "templateId" uuid,
    "recipientType" text NOT NULL,
    "recipientId" uuid NOT NULL,
    "recipientEmail" text,
    "recipientPhone" text,
    channels text DEFAULT '[]'::text NOT NULL,
    subject text,
    body text NOT NULL,
    data text DEFAULT '{}'::text NOT NULL,
    "scheduledFor" timestamp with time zone NOT NULL,
    status text DEFAULT 'pending'::text NOT NULL,
    "processedAt" timestamp with time zone,
    "sentAt" timestamp with time zone,
    "errorMessage" text,
    "retryCount" integer DEFAULT 0 NOT NULL,
    "maxRetries" integer DEFAULT 3 NOT NULL,
    "nextRetryAt" timestamp with time zone,
    "createdAt" timestamp with time zone DEFAULT CURRENT_TIMESTAMP NOT NULL,
    "updatedAt" timestamp with time zone NOT NULL
);


--
-- TOC entry 405 (class 1259 OID 18799)
-- Name: ScheduledReport; Type: TABLE; Schema: public; Owner: -
--

CREATE TABLE public."ScheduledReport" (
    id uuid NOT NULL,
    "tenantId" uuid NOT NULL,
    name text NOT NULL,
    type text NOT NULL,
    frequency text NOT NULL,
    "dayOfWeek" integer,
    "dayOfMonth" integer,
    "time" text NOT NULL,
    recipients text NOT NULL,
    format text DEFAULT 'pdf'::text NOT NULL,
    "deliveryMethod" text DEFAULT 'email'::text NOT NULL,
    filters text DEFAULT '{}'::text NOT NULL,
    "lastRunAt" timestamp with time zone,
    "nextRunAt" timestamp with time zone,
    "isActive" boolean DEFAULT true NOT NULL,
    "createdAt" timestamp with time zone DEFAULT CURRENT_TIMESTAMP NOT NULL,
    "updatedAt" timestamp with time zone NOT NULL
);


--
-- TOC entry 406 (class 1259 OID 18811)
-- Name: SecurityEvent; Type: TABLE; Schema: public; Owner: -
--

CREATE TABLE public."SecurityEvent" (
    id uuid NOT NULL,
    "tenantId" uuid NOT NULL,
    "cameraId" uuid NOT NULL,
    type text NOT NULL,
    severity text DEFAULT 'medium'::text NOT NULL,
    description text,
    thumbnail text,
    "recordingId" uuid,
    metadata text DEFAULT '{}'::text NOT NULL,
    "timestamp" timestamp with time zone DEFAULT CURRENT_TIMESTAMP NOT NULL,
    acknowledged boolean DEFAULT false NOT NULL,
    "acknowledgedAt" timestamp with time zone,
    "acknowledgedBy" text,
    notes text,
    "createdAt" timestamp with time zone DEFAULT CURRENT_TIMESTAMP NOT NULL,
    "updatedAt" timestamp with time zone NOT NULL
);


--
-- TOC entry 407 (class 1259 OID 18823)
-- Name: SecurityIncident; Type: TABLE; Schema: public; Owner: -
--

CREATE TABLE public."SecurityIncident" (
    id uuid NOT NULL,
    "tenantId" uuid NOT NULL,
    "propertyId" uuid,
    type text NOT NULL,
    severity text DEFAULT 'medium'::text NOT NULL,
    title text NOT NULL,
    description text,
    location text NOT NULL,
    "reportedBy" text,
    "assignedTo" uuid,
    "cameraId" uuid,
    status text DEFAULT 'open'::text NOT NULL,
    resolution text,
    "resolvedAt" timestamp with time zone,
    "resolvedBy" text,
    "incidentDate" timestamp with time zone DEFAULT CURRENT_TIMESTAMP NOT NULL,
    "createdAt" timestamp with time zone DEFAULT CURRENT_TIMESTAMP NOT NULL,
    "updatedAt" timestamp with time zone NOT NULL
);


--
-- TOC entry 408 (class 1259 OID 18834)
-- Name: SecuritySettings; Type: TABLE; Schema: public; Owner: -
--

CREATE TABLE public."SecuritySettings" (
    id uuid NOT NULL,
    "tenantId" uuid NOT NULL,
    "maxConcurrentSessions" integer DEFAULT 3 NOT NULL,
    "sessionTimeoutMinutes" integer DEFAULT 30 NOT NULL,
    "passwordExpiryDays" integer DEFAULT 90 NOT NULL,
    "minPasswordLength" integer DEFAULT 8 NOT NULL,
    "requireUppercase" boolean DEFAULT false NOT NULL,
    "requireLowercase" boolean DEFAULT false NOT NULL,
    "requireNumbers" boolean DEFAULT false NOT NULL,
    "requireSpecialChars" boolean DEFAULT false NOT NULL,
    "enable2FA" boolean DEFAULT false NOT NULL,
    "createdAt" timestamp with time zone DEFAULT CURRENT_TIMESTAMP NOT NULL,
    "updatedAt" timestamp with time zone NOT NULL
);


--
-- TOC entry 409 (class 1259 OID 18849)
-- Name: SegmentMembership; Type: TABLE; Schema: public; Owner: -
--

CREATE TABLE public."SegmentMembership" (
    id uuid NOT NULL,
    "segmentId" uuid NOT NULL,
    "guestId" uuid NOT NULL,
    "addedAt" timestamp with time zone DEFAULT CURRENT_TIMESTAMP NOT NULL
);


--
-- TOC entry 410 (class 1259 OID 18855)
-- Name: ServiceRequest; Type: TABLE; Schema: public; Owner: -
--

CREATE TABLE public."ServiceRequest" (
    id uuid NOT NULL,
    "tenantId" uuid NOT NULL,
    "propertyId" uuid NOT NULL,
    "guestId" uuid,
    "bookingId" uuid,
    "roomId" uuid,
    type text NOT NULL,
    category text,
    subject text NOT NULL,
    description text,
    priority text DEFAULT 'medium'::text NOT NULL,
    "assignedTo" uuid,
    "assignedAt" timestamp with time zone,
    status text DEFAULT 'pending'::text NOT NULL,
    "requestedAt" timestamp with time zone DEFAULT CURRENT_TIMESTAMP NOT NULL,
    "startedAt" timestamp with time zone,
    "completedAt" timestamp with time zone,
    rating integer,
    feedback text,
    source text DEFAULT 'app'::text NOT NULL,
    "createdAt" timestamp with time zone DEFAULT CURRENT_TIMESTAMP NOT NULL,
    "updatedAt" timestamp with time zone NOT NULL
);


--
-- TOC entry 411 (class 1259 OID 18867)
-- Name: Session; Type: TABLE; Schema: public; Owner: -
--

CREATE TABLE public."Session" (
    id uuid NOT NULL,
    "userId" uuid NOT NULL,
    token text NOT NULL,
    "refreshToken" text NOT NULL,
    "userAgent" text,
    "ipAddress" text,
    "expiresAt" timestamp with time zone NOT NULL,
    "lastActive" timestamp with time zone,
    "createdAt" timestamp with time zone DEFAULT CURRENT_TIMESTAMP NOT NULL
);


--
-- TOC entry 412 (class 1259 OID 18875)
-- Name: ShiftTemplate; Type: TABLE; Schema: public; Owner: -
--

CREATE TABLE public."ShiftTemplate" (
    id uuid NOT NULL,
    "tenantId" uuid NOT NULL,
    name text NOT NULL,
    code text,
    "startTime" text NOT NULL,
    "endTime" text NOT NULL,
    "breakMinutes" integer DEFAULT 0 NOT NULL,
    "shiftType" text DEFAULT 'regular'::text NOT NULL,
    "activeDays" text DEFAULT '[1,2,3,4,5]'::text NOT NULL,
    department text,
    "minStaff" integer DEFAULT 1 NOT NULL,
    "maxStaff" integer,
    color text DEFAULT '#0d9488'::text NOT NULL,
    "isActive" boolean DEFAULT true NOT NULL,
    "createdAt" timestamp with time zone DEFAULT CURRENT_TIMESTAMP NOT NULL,
    "updatedAt" timestamp with time zone NOT NULL
);


--
-- TOC entry 415 (class 1259 OID 18925)
-- Name: StaffAttendance; Type: TABLE; Schema: public; Owner: -
--

CREATE TABLE public."StaffAttendance" (
    id uuid NOT NULL,
    "tenantId" uuid NOT NULL,
    "userId" uuid NOT NULL,
    date timestamp with time zone NOT NULL,
    status text DEFAULT 'present'::text NOT NULL,
    "checkIn" timestamp with time zone,
    "checkOut" timestamp with time zone,
    "lateMinutes" integer DEFAULT 0 NOT NULL,
    "earlyLeaveMinutes" integer DEFAULT 0 NOT NULL,
    notes text,
    "createdAt" timestamp with time zone DEFAULT CURRENT_TIMESTAMP NOT NULL,
    "updatedAt" timestamp with time zone NOT NULL
);


--
-- TOC entry 416 (class 1259 OID 18936)
-- Name: StaffChannel; Type: TABLE; Schema: public; Owner: -
--

CREATE TABLE public."StaffChannel" (
    id uuid NOT NULL,
    "tenantId" uuid NOT NULL,
    name text NOT NULL,
    description text,
    type text DEFAULT 'team'::text NOT NULL,
    department text,
    "createdBy" uuid,
    "isArchived" boolean DEFAULT false NOT NULL,
    "lastMessageAt" timestamp with time zone,
    "lastMessage" text,
    "createdAt" timestamp with time zone DEFAULT CURRENT_TIMESTAMP NOT NULL,
    "updatedAt" timestamp with time zone NOT NULL
);


--
-- TOC entry 417 (class 1259 OID 18946)
-- Name: StaffChannelMember; Type: TABLE; Schema: public; Owner: -
--

CREATE TABLE public."StaffChannelMember" (
    id uuid NOT NULL,
    "channelId" uuid NOT NULL,
    "userId" uuid NOT NULL,
    role text DEFAULT 'member'::text NOT NULL,
    "lastReadAt" timestamp with time zone,
    muted boolean DEFAULT false NOT NULL,
    "joinedAt" timestamp with time zone DEFAULT CURRENT_TIMESTAMP NOT NULL
);


--
-- TOC entry 418 (class 1259 OID 18956)
-- Name: StaffChatMessage; Type: TABLE; Schema: public; Owner: -
--

CREATE TABLE public."StaffChatMessage" (
    id uuid NOT NULL,
    "channelId" uuid NOT NULL,
    "senderId" uuid NOT NULL,
    content text NOT NULL,
    "messageType" text DEFAULT 'text'::text NOT NULL,
    attachments text DEFAULT '[]'::text NOT NULL,
    "replyToId" uuid,
    "isEdited" boolean DEFAULT false NOT NULL,
    "editedAt" timestamp with time zone,
    "isDeleted" boolean DEFAULT false NOT NULL,
    "deletedAt" timestamp with time zone,
    "sentAt" timestamp with time zone DEFAULT CURRENT_TIMESTAMP NOT NULL,
    "readBy" text DEFAULT '[]'::text NOT NULL,
    "createdAt" timestamp with time zone DEFAULT CURRENT_TIMESTAMP NOT NULL,
    "updatedAt" timestamp with time zone NOT NULL
);


--
-- TOC entry 419 (class 1259 OID 18970)
-- Name: StaffLeave; Type: TABLE; Schema: public; Owner: -
--

CREATE TABLE public."StaffLeave" (
    id uuid NOT NULL,
    "tenantId" uuid NOT NULL,
    "userId" uuid NOT NULL,
    "leaveType" text NOT NULL,
    "startDate" timestamp with time zone NOT NULL,
    "endDate" timestamp with time zone NOT NULL,
    "totalDays" double precision NOT NULL,
    reason text,
    status text DEFAULT 'pending'::text NOT NULL,
    "approvedBy" text,
    "approvedAt" timestamp with time zone,
    "rejectionReason" text,
    "attachmentUrl" text,
    notes text,
    "createdAt" timestamp with time zone DEFAULT CURRENT_TIMESTAMP NOT NULL,
    "updatedAt" timestamp with time zone NOT NULL
);


--
-- TOC entry 420 (class 1259 OID 18979)
-- Name: StaffPerformance; Type: TABLE; Schema: public; Owner: -
--

CREATE TABLE public."StaffPerformance" (
    id uuid NOT NULL,
    "tenantId" uuid NOT NULL,
    "userId" uuid NOT NULL,
    "reviewPeriod" text NOT NULL,
    "reviewYear" integer NOT NULL,
    "reviewDate" timestamp with time zone DEFAULT CURRENT_TIMESTAMP NOT NULL,
    "overallRating" double precision,
    "punctualityRating" double precision,
    "qualityRating" double precision,
    "teamworkRating" double precision,
    "communicationRating" double precision,
    "initiativeRating" double precision,
    "tasksCompleted" integer DEFAULT 0 NOT NULL,
    "avgResponseTime" double precision,
    "attendanceRate" double precision,
    "customerRating" double precision,
    "goalsSet" integer DEFAULT 0 NOT NULL,
    "goalsAchieved" integer DEFAULT 0 NOT NULL,
    "goalsComments" text,
    strengths text,
    "areasOfImprovement" text,
    achievements text,
    "reviewedBy" text,
    status text DEFAULT 'draft'::text NOT NULL,
    "acknowledgedAt" timestamp with time zone,
    "employeeComments" text,
    "nextReviewDate" timestamp with time zone,
    "createdAt" timestamp with time zone DEFAULT CURRENT_TIMESTAMP NOT NULL,
    "updatedAt" timestamp with time zone NOT NULL
);


--
-- TOC entry 421 (class 1259 OID 18992)
-- Name: StaffSchedule; Type: TABLE; Schema: public; Owner: -
--

CREATE TABLE public."StaffSchedule" (
    id uuid NOT NULL,
    "tenantId" uuid NOT NULL,
    "propertyId" uuid,
    "userId" uuid NOT NULL,
    "shiftTemplateId" uuid,
    date timestamp with time zone NOT NULL,
    "startTime" text NOT NULL,
    "endTime" text NOT NULL,
    department text,
    status text DEFAULT 'scheduled'::text NOT NULL,
    "assignedBy" text,
    notes text,
    "createdAt" timestamp with time zone DEFAULT CURRENT_TIMESTAMP NOT NULL,
    "updatedAt" timestamp with time zone NOT NULL
);


--
-- TOC entry 422 (class 1259 OID 19001)
-- Name: StaffShift; Type: TABLE; Schema: public; Owner: -
--

CREATE TABLE public."StaffShift" (
    id uuid NOT NULL,
    "tenantId" uuid NOT NULL,
    "userId" uuid NOT NULL,
    date timestamp with time zone NOT NULL,
    "startTime" text NOT NULL,
    "endTime" text NOT NULL,
    "shiftType" text DEFAULT 'regular'::text NOT NULL,
    status text DEFAULT 'scheduled'::text NOT NULL,
    "clockIn" timestamp with time zone,
    "clockOut" timestamp with time zone,
    notes text,
    "createdAt" timestamp with time zone DEFAULT CURRENT_TIMESTAMP NOT NULL,
    "updatedAt" timestamp with time zone NOT NULL
);


--
-- TOC entry 423 (class 1259 OID 19011)
-- Name: StaffSkill; Type: TABLE; Schema: public; Owner: -
--

CREATE TABLE public."StaffSkill" (
    id uuid NOT NULL,
    "tenantId" uuid NOT NULL,
    "userId" uuid NOT NULL,
    "skillName" text NOT NULL,
    "skillLevel" integer DEFAULT 1 NOT NULL,
    category text DEFAULT 'general'::text NOT NULL,
    certified boolean DEFAULT false NOT NULL,
    "certifiedAt" timestamp with time zone,
    "certifiedBy" text,
    notes text,
    "createdAt" timestamp with time zone DEFAULT CURRENT_TIMESTAMP NOT NULL,
    "updatedAt" timestamp with time zone NOT NULL
);


--
-- TOC entry 424 (class 1259 OID 19022)
-- Name: StaffWorkload; Type: TABLE; Schema: public; Owner: -
--

CREATE TABLE public."StaffWorkload" (
    id uuid NOT NULL,
    "tenantId" uuid NOT NULL,
    "userId" uuid NOT NULL,
    "propertyId" uuid,
    date timestamp with time zone NOT NULL,
    "totalTasks" integer DEFAULT 0 NOT NULL,
    "completedTasks" integer DEFAULT 0 NOT NULL,
    "totalMinutes" integer DEFAULT 0 NOT NULL,
    "workedMinutes" integer DEFAULT 0 NOT NULL,
    "capacityMinutes" integer DEFAULT 480 NOT NULL,
    efficiency double precision DEFAULT 1.0 NOT NULL,
    "createdAt" timestamp with time zone DEFAULT CURRENT_TIMESTAMP NOT NULL,
    "updatedAt" timestamp with time zone NOT NULL
);


--
-- TOC entry 425 (class 1259 OID 19034)
-- Name: StaticRoute; Type: TABLE; Schema: public; Owner: -
--

CREATE TABLE public."StaticRoute" (
    id uuid NOT NULL,
    "tenantId" uuid NOT NULL,
    "propertyId" uuid NOT NULL,
    name text NOT NULL,
    destination text NOT NULL,
    gateway text NOT NULL,
    metric integer DEFAULT 100 NOT NULL,
    "interfaceName" text,
    protocol text DEFAULT 'static'::text NOT NULL,
    "isDefault" boolean DEFAULT false NOT NULL,
    enabled boolean DEFAULT true NOT NULL,
    description text,
    "createdAt" timestamp with time zone DEFAULT CURRENT_TIMESTAMP NOT NULL,
    "updatedAt" timestamp with time zone NOT NULL
);


--
-- TOC entry 426 (class 1259 OID 19046)
-- Name: StockConsumption; Type: TABLE; Schema: public; Owner: -
--

CREATE TABLE public."StockConsumption" (
    id uuid NOT NULL,
    "stockItemId" uuid NOT NULL,
    quantity double precision NOT NULL,
    type text NOT NULL,
    reference text,
    cost double precision,
    notes text,
    "recordedBy" text,
    "createdAt" timestamp with time zone DEFAULT CURRENT_TIMESTAMP NOT NULL
);


--
-- TOC entry 427 (class 1259 OID 19054)
-- Name: StockItem; Type: TABLE; Schema: public; Owner: -
--

CREATE TABLE public."StockItem" (
    id uuid NOT NULL,
    "tenantId" uuid NOT NULL,
    "propertyId" uuid,
    name text NOT NULL,
    sku text,
    category text,
    description text,
    unit text DEFAULT 'piece'::text NOT NULL,
    "unitCost" double precision DEFAULT 0 NOT NULL,
    quantity double precision DEFAULT 0 NOT NULL,
    "minQuantity" double precision DEFAULT 0 NOT NULL,
    "maxQuantity" double precision,
    "reorderPoint" double precision,
    location text,
    status text DEFAULT 'active'::text NOT NULL,
    "lowStockAlert" boolean DEFAULT true NOT NULL,
    "expiryDate" timestamp with time zone,
    "createdAt" timestamp with time zone DEFAULT CURRENT_TIMESTAMP NOT NULL,
    "updatedAt" timestamp with time zone NOT NULL,
    "deletedAt" timestamp with time zone
);


--
-- TOC entry 428 (class 1259 OID 19068)
-- Name: Subscription; Type: TABLE; Schema: public; Owner: -
--

CREATE TABLE public."Subscription" (
    id uuid NOT NULL,
    "tenantId" uuid NOT NULL,
    "planId" uuid NOT NULL,
    "planName" text NOT NULL,
    "billingCycle" text NOT NULL,
    amount double precision NOT NULL,
    currency text DEFAULT 'USD'::text NOT NULL,
    status text DEFAULT 'active'::text NOT NULL,
    "currentPeriodStart" timestamp with time zone NOT NULL,
    "currentPeriodEnd" timestamp with time zone NOT NULL,
    "cancelledAt" timestamp with time zone,
    "paymentMethodId" uuid,
    "createdAt" timestamp with time zone DEFAULT CURRENT_TIMESTAMP NOT NULL,
    "updatedAt" timestamp with time zone NOT NULL
);


--
-- TOC entry 429 (class 1259 OID 19078)
-- Name: SubscriptionInvoice; Type: TABLE; Schema: public; Owner: -
--

CREATE TABLE public."SubscriptionInvoice" (
    id uuid NOT NULL,
    "subscriptionId" uuid NOT NULL,
    "invoiceNumber" text NOT NULL,
    amount double precision NOT NULL,
    currency text DEFAULT 'USD'::text NOT NULL,
    status text DEFAULT 'draft'::text NOT NULL,
    "issuedAt" timestamp with time zone,
    "dueAt" timestamp with time zone,
    "paidAt" timestamp with time zone,
    "pdfUrl" text,
    "paymentId" uuid,
    "createdAt" timestamp with time zone DEFAULT CURRENT_TIMESTAMP NOT NULL,
    "updatedAt" timestamp with time zone NOT NULL
);


--
-- TOC entry 430 (class 1259 OID 19088)
-- Name: SubscriptionPlan; Type: TABLE; Schema: public; Owner: -
--

CREATE TABLE public."SubscriptionPlan" (
    id uuid NOT NULL,
    name text NOT NULL,
    "displayName" text NOT NULL,
    description text,
    "monthlyPrice" double precision NOT NULL,
    "yearlyPrice" double precision NOT NULL,
    currency text DEFAULT 'USD'::text NOT NULL,
    "maxProperties" integer,
    "maxUsers" integer,
    "maxRooms" integer,
    "storageLimitMb" integer,
    features text DEFAULT '{}'::text NOT NULL,
    "sortOrder" integer DEFAULT 0 NOT NULL,
    "isPopular" boolean DEFAULT false NOT NULL,
    "isActive" boolean DEFAULT true NOT NULL,
    "createdAt" timestamp with time zone DEFAULT CURRENT_TIMESTAMP NOT NULL,
    "updatedAt" timestamp with time zone NOT NULL
);


--
-- TOC entry 483 (class 1259 OID 19756)
-- Name: SurveillanceConfig; Type: TABLE; Schema: public; Owner: -
--

CREATE TABLE public."SurveillanceConfig" (
    id uuid NOT NULL,
    "tenantId" uuid NOT NULL,
    "propertyId" uuid NOT NULL,
    "configType" text NOT NULL,
    settings text NOT NULL,
    "updatedAt" timestamp with time zone NOT NULL
);


--
-- TOC entry 431 (class 1259 OID 19101)
-- Name: SyslogServer; Type: TABLE; Schema: public; Owner: -
--

CREATE TABLE public."SyslogServer" (
    id uuid NOT NULL,
    "tenantId" uuid NOT NULL,
    "propertyId" uuid NOT NULL,
    name text NOT NULL,
    protocol text DEFAULT 'udp'::text NOT NULL,
    host text NOT NULL,
    port integer DEFAULT 514 NOT NULL,
    format text DEFAULT 'ietf'::text NOT NULL,
    facility text DEFAULT 'local1'::text NOT NULL,
    severity text DEFAULT 'info'::text NOT NULL,
    categories text DEFAULT '[]'::text NOT NULL,
    enabled boolean DEFAULT false NOT NULL,
    "tlsCertPath" text,
    "tlsVerify" boolean DEFAULT true NOT NULL,
    "createdAt" timestamp with time zone DEFAULT CURRENT_TIMESTAMP NOT NULL,
    "updatedAt" timestamp with time zone NOT NULL
);


--
-- TOC entry 432 (class 1259 OID 19117)
-- Name: SystemNetworkHealth; Type: TABLE; Schema: public; Owner: -
--

CREATE TABLE public."SystemNetworkHealth" (
    id uuid NOT NULL,
    "tenantId" uuid NOT NULL,
    "propertyId" uuid NOT NULL,
    hostname text,
    "kernelVersion" text,
    uptime integer DEFAULT 0 NOT NULL,
    "cpuUsage" double precision DEFAULT 0 NOT NULL,
    "ramTotal" integer DEFAULT 0 NOT NULL,
    "ramUsed" integer DEFAULT 0 NOT NULL,
    "diskTotal" integer DEFAULT 0 NOT NULL,
    "diskUsed" integer DEFAULT 0 NOT NULL,
    "cpuTemperature" double precision,
    services text DEFAULT '{}'::text NOT NULL,
    "lastUpdated" timestamp with time zone DEFAULT CURRENT_TIMESTAMP NOT NULL,
    "createdAt" timestamp with time zone DEFAULT CURRENT_TIMESTAMP NOT NULL,
    "updatedAt" timestamp with time zone NOT NULL
);


--
-- TOC entry 477 (class 1259 OID 19691)
-- Name: TableMerge; Type: TABLE; Schema: public; Owner: -
--

CREATE TABLE public."TableMerge" (
    id uuid NOT NULL,
    "tenantId" uuid NOT NULL,
    "propertyId" uuid NOT NULL,
    "tableIds" text NOT NULL,
    "partySize" integer NOT NULL,
    "mergedAt" timestamp with time zone DEFAULT CURRENT_TIMESTAMP NOT NULL,
    "splitAt" timestamp with time zone,
    status text DEFAULT 'merged'::text NOT NULL,
    "createdAt" timestamp with time zone DEFAULT CURRENT_TIMESTAMP NOT NULL,
    "updatedAt" timestamp with time zone NOT NULL
);


--
-- TOC entry 433 (class 1259 OID 19133)
-- Name: Task; Type: TABLE; Schema: public; Owner: -
--

CREATE TABLE public."Task" (
    id uuid NOT NULL,
    "tenantId" uuid NOT NULL,
    "propertyId" uuid NOT NULL,
    "roomId" uuid,
    "assignedTo" uuid,
    type text NOT NULL,
    category text NOT NULL,
    title text NOT NULL,
    description text,
    priority text DEFAULT 'medium'::text NOT NULL,
    status text DEFAULT 'pending'::text NOT NULL,
    "scheduledAt" timestamp with time zone,
    "startedAt" timestamp with time zone,
    "completedAt" timestamp with time zone,
    "estimatedDuration" integer,
    "actualDuration" integer,
    "roomStatusBefore" text,
    "roomStatusAfter" text,
    notes text,
    "completionNotes" text,
    attachments text DEFAULT '[]'::text NOT NULL,
    "isRecurring" boolean DEFAULT false NOT NULL,
    "recurrenceRule" text,
    deadline timestamp with time zone,
    "createdBy" uuid,
    "qualityScore" integer,
    subtasks text DEFAULT '[]'::text NOT NULL,
    "serviceRequestId" uuid,
    "createdAt" timestamp with time zone DEFAULT CURRENT_TIMESTAMP NOT NULL,
    "updatedAt" timestamp with time zone NOT NULL
);


--
-- TOC entry 434 (class 1259 OID 19146)
-- Name: TaskAssignmentSuggestion; Type: TABLE; Schema: public; Owner: -
--

CREATE TABLE public."TaskAssignmentSuggestion" (
    id uuid NOT NULL,
    "tenantId" uuid NOT NULL,
    "taskId" uuid NOT NULL,
    "suggestedUserId" uuid NOT NULL,
    score double precision DEFAULT 0 NOT NULL,
    reason text NOT NULL,
    factors text DEFAULT '{}'::text NOT NULL,
    status text DEFAULT 'pending'::text NOT NULL,
    "rejectedBy" text,
    "createdAt" timestamp with time zone DEFAULT CURRENT_TIMESTAMP NOT NULL,
    "expiresAt" timestamp with time zone,
    "acceptedAt" timestamp with time zone,
    "rejectedAt" timestamp with time zone
);


--
-- TOC entry 435 (class 1259 OID 19157)
-- Name: TaxReport; Type: TABLE; Schema: public; Owner: -
--

CREATE TABLE public."TaxReport" (
    id uuid NOT NULL,
    "tenantId" uuid NOT NULL,
    "propertyId" uuid,
    "reportNumber" text NOT NULL,
    "reportType" text NOT NULL,
    jurisdiction text DEFAULT 'india'::text NOT NULL,
    "periodStart" timestamp with time zone NOT NULL,
    "periodEnd" timestamp with time zone NOT NULL,
    "filingDueDate" timestamp with time zone,
    "grossRevenue" double precision DEFAULT 0 NOT NULL,
    "taxableRevenue" double precision DEFAULT 0 NOT NULL,
    "taxCollected" double precision DEFAULT 0 NOT NULL,
    "taxPaid" double precision DEFAULT 0 NOT NULL,
    "taxDue" double precision DEFAULT 0 NOT NULL,
    "taxRefundable" double precision DEFAULT 0 NOT NULL,
    adjustments double precision DEFAULT 0 NOT NULL,
    "adjustmentReason" text,
    "cgstAmount" double precision DEFAULT 0 NOT NULL,
    "sgstAmount" double precision DEFAULT 0 NOT NULL,
    "igstAmount" double precision DEFAULT 0 NOT NULL,
    "cessAmount" double precision DEFAULT 0 NOT NULL,
    "stateTaxAmount" double precision DEFAULT 0 NOT NULL,
    "localTaxAmount" double precision DEFAULT 0 NOT NULL,
    "vatOutput" double precision DEFAULT 0 NOT NULL,
    "vatInput" double precision DEFAULT 0 NOT NULL,
    "transactionCount" integer DEFAULT 0 NOT NULL,
    "exemptTransactions" integer DEFAULT 0 NOT NULL,
    "exportTransactions" integer DEFAULT 0 NOT NULL,
    status text DEFAULT 'draft'::text NOT NULL,
    "filedAt" timestamp with time zone,
    "filedBy" text,
    "filingReference" text,
    "paymentReference" text,
    "paidAt" timestamp with time zone,
    "attachmentUrl" text,
    notes text,
    "internalNotes" text,
    "createdAt" timestamp with time zone DEFAULT CURRENT_TIMESTAMP NOT NULL,
    "updatedAt" timestamp with time zone NOT NULL
);


--
-- TOC entry 436 (class 1259 OID 19185)
-- Name: Tenant; Type: TABLE; Schema: public; Owner: -
--

CREATE TABLE public."Tenant" (
    id uuid NOT NULL,
    name text NOT NULL,
    slug text NOT NULL,
    logo text,
    email public.citext NOT NULL,
    phone text,
    address text,
    city text,
    country text,
    timezone text DEFAULT 'UTC'::text NOT NULL,
    currency text DEFAULT 'USD'::text NOT NULL,
    language text DEFAULT 'en'::text NOT NULL,
    plan text DEFAULT 'trial'::text NOT NULL,
    status text DEFAULT 'trial'::text NOT NULL,
    "trialEndsAt" timestamp with time zone,
    "subscriptionStartsAt" timestamp with time zone,
    "subscriptionEndsAt" timestamp with time zone,
    "maxProperties" integer DEFAULT 1 NOT NULL,
    "maxUsers" integer DEFAULT 5 NOT NULL,
    "maxRooms" integer DEFAULT 50 NOT NULL,
    "storageLimitMb" integer DEFAULT 500 NOT NULL,
    features text DEFAULT '{}'::text NOT NULL,
    settings text DEFAULT '{}'::text NOT NULL,
    "createdAt" timestamp with time zone DEFAULT CURRENT_TIMESTAMP NOT NULL,
    "updatedAt" timestamp with time zone NOT NULL,
    "deletedAt" timestamp with time zone
);


--
-- TOC entry 444 (class 1259 OID 19277)
-- Name: UsageLog; Type: TABLE; Schema: public; Owner: -
--

CREATE TABLE public."UsageLog" (
    id uuid NOT NULL,
    "tenantId" uuid NOT NULL,
    type text NOT NULL,
    endpoint text,
    method text,
    "statusCode" integer,
    "dataSize" integer DEFAULT 0 NOT NULL,
    duration integer,
    "ipAddress" text,
    "userAgent" text,
    "userId" uuid,
    metadata text DEFAULT '{}'::text NOT NULL,
    "createdAt" timestamp with time zone DEFAULT CURRENT_TIMESTAMP NOT NULL
);


--
-- TOC entry 445 (class 1259 OID 19287)
-- Name: UsageSummary; Type: TABLE; Schema: public; Owner: -
--

CREATE TABLE public."UsageSummary" (
    id uuid NOT NULL,
    "tenantId" uuid NOT NULL,
    "apiCalls" integer DEFAULT 0 NOT NULL,
    "apiCallsMonth" integer DEFAULT 0 NOT NULL,
    "messagesSent" integer DEFAULT 0 NOT NULL,
    "messagesMonth" integer DEFAULT 0 NOT NULL,
    "emailsSent" integer DEFAULT 0 NOT NULL,
    "emailsMonth" integer DEFAULT 0 NOT NULL,
    "smsSent" integer DEFAULT 0 NOT NULL,
    "smsMonth" integer DEFAULT 0 NOT NULL,
    "storageUsedMb" double precision DEFAULT 0 NOT NULL,
    "storageFiles" integer DEFAULT 0 NOT NULL,
    "webhooksSent" integer DEFAULT 0 NOT NULL,
    "webhooksMonth" integer DEFAULT 0 NOT NULL,
    "lastApiCallAt" timestamp with time zone,
    "lastMessageAt" timestamp with time zone,
    "lastStorageUploadAt" timestamp with time zone,
    "lastResetAt" timestamp with time zone DEFAULT CURRENT_TIMESTAMP NOT NULL,
    "updatedAt" timestamp with time zone NOT NULL
);


--
-- TOC entry 446 (class 1259 OID 19305)
-- Name: User; Type: TABLE; Schema: public; Owner: -
--

CREATE TABLE public."User" (
    id uuid NOT NULL,
    "tenantId" uuid NOT NULL,
    email public.citext NOT NULL,
    "passwordHash" text NOT NULL,
    "isVerified" boolean DEFAULT false NOT NULL,
    "verifiedAt" timestamp with time zone,
    "firstName" text NOT NULL,
    "lastName" text NOT NULL,
    avatar text,
    phone text,
    "jobTitle" text,
    department text,
    "roleId" uuid,
    "lastLoginAt" timestamp with time zone,
    "lastLoginIp" text,
    "passwordChangedAt" timestamp with time zone,
    "failedAttempts" integer DEFAULT 0 NOT NULL,
    "lockedUntil" timestamp with time zone,
    "twoFactorEnabled" boolean DEFAULT false NOT NULL,
    "twoFactorSecret" text,
    "backupCodes" text,
    preferences text DEFAULT '{}'::text NOT NULL,
    "isPlatformAdmin" boolean DEFAULT false NOT NULL,
    status text DEFAULT 'active'::text NOT NULL,
    "invitedAt" timestamp with time zone,
    "invitedBy" text,
    "createdAt" timestamp with time zone DEFAULT CURRENT_TIMESTAMP NOT NULL,
    "updatedAt" timestamp with time zone NOT NULL,
    "deletedAt" timestamp with time zone
);


--
-- TOC entry 447 (class 1259 OID 19319)
-- Name: UserFcmToken; Type: TABLE; Schema: public; Owner: -
--

CREATE TABLE public."UserFcmToken" (
    id uuid NOT NULL,
    "tenantId" uuid NOT NULL,
    "userId" uuid NOT NULL,
    token text NOT NULL,
    "deviceId" uuid,
    "deviceType" text DEFAULT 'web'::text NOT NULL,
    "deviceName" text,
    "userAgent" text,
    "isActive" boolean DEFAULT true NOT NULL,
    "lastUsedAt" timestamp with time zone,
    "createdAt" timestamp with time zone DEFAULT CURRENT_TIMESTAMP NOT NULL,
    "updatedAt" timestamp with time zone NOT NULL
);


--
-- TOC entry 448 (class 1259 OID 19329)
-- Name: UserTutorial; Type: TABLE; Schema: public; Owner: -
--

CREATE TABLE public."UserTutorial" (
    id uuid NOT NULL,
    "tenantId" uuid NOT NULL,
    "userId" uuid NOT NULL,
    "tutorialKey" text NOT NULL,
    completed boolean DEFAULT false NOT NULL,
    "completedAt" timestamp with time zone,
    "currentStep" integer DEFAULT 0 NOT NULL,
    "totalSteps" integer DEFAULT 0 NOT NULL,
    "createdAt" timestamp with time zone DEFAULT CURRENT_TIMESTAMP NOT NULL,
    "updatedAt" timestamp with time zone NOT NULL
);


--
-- TOC entry 449 (class 1259 OID 19340)
-- Name: Vehicle; Type: TABLE; Schema: public; Owner: -
--

CREATE TABLE public."Vehicle" (
    id uuid NOT NULL,
    "tenantId" uuid NOT NULL,
    "guestId" uuid,
    "bookingId" uuid,
    "licensePlate" text NOT NULL,
    make text,
    model text,
    color text,
    year integer,
    "slotId" uuid,
    "entryTime" timestamp with time zone,
    "exitTime" timestamp with time zone,
    "parkingFee" double precision DEFAULT 0 NOT NULL,
    "isPaid" boolean DEFAULT false NOT NULL,
    status text DEFAULT 'parked'::text NOT NULL,
    "createdAt" timestamp with time zone DEFAULT CURRENT_TIMESTAMP NOT NULL,
    "updatedAt" timestamp with time zone NOT NULL
);


--
-- TOC entry 450 (class 1259 OID 19351)
-- Name: Vendor; Type: TABLE; Schema: public; Owner: -
--

CREATE TABLE public."Vendor" (
    id uuid NOT NULL,
    "tenantId" uuid NOT NULL,
    name text NOT NULL,
    "contactPerson" text,
    email text,
    phone text,
    address text,
    type text NOT NULL,
    "paymentTerms" text,
    status text DEFAULT 'active'::text NOT NULL,
    notes text,
    "portalEmail" text,
    "portalPassword" text,
    "portalToken" text,
    "portalTokenExpires" timestamp with time zone,
    "lastPortalLogin" timestamp with time zone,
    "createdAt" timestamp with time zone DEFAULT CURRENT_TIMESTAMP NOT NULL,
    "updatedAt" timestamp with time zone NOT NULL,
    "deletedAt" timestamp with time zone
);


--
-- TOC entry 451 (class 1259 OID 19360)
-- Name: VendorPayment; Type: TABLE; Schema: public; Owner: -
--

CREATE TABLE public."VendorPayment" (
    id uuid NOT NULL,
    "tenantId" uuid NOT NULL,
    "vendorId" uuid NOT NULL,
    "workOrderId" uuid,
    "paymentNumber" text NOT NULL,
    amount double precision NOT NULL,
    currency text DEFAULT 'USD'::text NOT NULL,
    status text DEFAULT 'pending'::text NOT NULL,
    "paymentMethod" text DEFAULT 'bank_transfer'::text NOT NULL,
    "paymentDate" timestamp with time zone,
    "dueDate" timestamp with time zone,
    "bankName" text,
    "bankAccount" text,
    "checkNumber" text,
    "transactionRef" text,
    notes text,
    "paidAt" timestamp with time zone,
    "cancelledAt" timestamp with time zone,
    "cancelReason" text,
    "createdAt" timestamp with time zone DEFAULT CURRENT_TIMESTAMP NOT NULL,
    "updatedAt" timestamp with time zone NOT NULL
);


--
-- TOC entry 452 (class 1259 OID 19371)
-- Name: VlanConfig; Type: TABLE; Schema: public; Owner: -
--

CREATE TABLE public."VlanConfig" (
    id uuid NOT NULL,
    "tenantId" uuid NOT NULL,
    "propertyId" uuid NOT NULL,
    "parentInterfaceId" uuid NOT NULL,
    "vlanId" integer NOT NULL,
    "subInterface" text NOT NULL,
    description text,
    mtu integer DEFAULT 1500 NOT NULL,
    enabled boolean DEFAULT true NOT NULL,
    "createdAt" timestamp with time zone DEFAULT CURRENT_TIMESTAMP NOT NULL,
    "updatedAt" timestamp with time zone NOT NULL
);


--
-- TOC entry 453 (class 1259 OID 19381)
-- Name: WaitlistEntry; Type: TABLE; Schema: public; Owner: -
--

CREATE TABLE public."WaitlistEntry" (
    id uuid NOT NULL,
    "tenantId" uuid NOT NULL,
    "propertyId" uuid NOT NULL,
    "guestId" uuid NOT NULL,
    "roomTypeId" uuid NOT NULL,
    "checkIn" timestamp with time zone NOT NULL,
    "checkOut" timestamp with time zone NOT NULL,
    adults integer DEFAULT 1 NOT NULL,
    children integer DEFAULT 0 NOT NULL,
    priority integer DEFAULT 0 NOT NULL,
    status text DEFAULT 'waiting'::text NOT NULL,
    notes text,
    "bookingId" uuid,
    "convertedAt" timestamp with time zone,
    "createdAt" timestamp with time zone DEFAULT CURRENT_TIMESTAMP NOT NULL,
    "updatedAt" timestamp with time zone NOT NULL
);


--
-- TOC entry 454 (class 1259 OID 19393)
-- Name: WanFailover; Type: TABLE; Schema: public; Owner: -
--

CREATE TABLE public."WanFailover" (
    id uuid NOT NULL,
    "tenantId" uuid NOT NULL,
    "propertyId" uuid NOT NULL,
    "primaryWanId" uuid NOT NULL,
    "backupWanId" uuid NOT NULL,
    "healthCheckUrl" text DEFAULT 'https://1.1.1.1'::text NOT NULL,
    "healthCheckInterval" integer DEFAULT 30 NOT NULL,
    "failoverThreshold" integer DEFAULT 3 NOT NULL,
    "autoSwitchback" boolean DEFAULT true NOT NULL,
    "switchbackDelay" integer DEFAULT 300 NOT NULL,
    enabled boolean DEFAULT false NOT NULL,
    "createdAt" timestamp with time zone DEFAULT CURRENT_TIMESTAMP NOT NULL,
    "updatedAt" timestamp with time zone NOT NULL
);


--
-- TOC entry 455 (class 1259 OID 19407)
-- Name: WebCategory; Type: TABLE; Schema: public; Owner: -
--

CREATE TABLE public."WebCategory" (
    id uuid NOT NULL,
    "tenantId" uuid NOT NULL,
    "propertyId" uuid NOT NULL,
    name text NOT NULL,
    description text,
    "categoryType" text DEFAULT 'custom'::text NOT NULL,
    "isUploadRestricted" boolean DEFAULT false NOT NULL,
    "isDefault" boolean DEFAULT false NOT NULL,
    "implementationOn" text DEFAULT 'block'::text NOT NULL,
    "sortOrder" integer DEFAULT 0 NOT NULL,
    enabled boolean DEFAULT true NOT NULL,
    "createdAt" timestamp with time zone DEFAULT CURRENT_TIMESTAMP NOT NULL,
    "updatedAt" timestamp with time zone NOT NULL
);


--
-- TOC entry 456 (class 1259 OID 19421)
-- Name: WebCategorySchedule; Type: TABLE; Schema: public; Owner: -
--

CREATE TABLE public."WebCategorySchedule" (
    id uuid NOT NULL,
    "tenantId" uuid NOT NULL,
    "propertyId" uuid NOT NULL,
    "webCategoryId" uuid NOT NULL,
    "scheduleAccessId" uuid,
    "isAllow" boolean DEFAULT false NOT NULL,
    "orderIndex" integer DEFAULT 0 NOT NULL,
    "startTime" text DEFAULT '00:00'::text NOT NULL,
    "endTime" text DEFAULT '23:59'::text NOT NULL,
    "daysOfWeek" text DEFAULT '1,2,3,4,5,6,7'::text NOT NULL,
    enabled boolean DEFAULT true NOT NULL,
    "createdAt" timestamp with time zone DEFAULT CURRENT_TIMESTAMP NOT NULL,
    "updatedAt" timestamp with time zone NOT NULL
);


--
-- TOC entry 457 (class 1259 OID 19435)
-- Name: WebhookDeliveryLog; Type: TABLE; Schema: public; Owner: -
--

CREATE TABLE public."WebhookDeliveryLog" (
    id uuid NOT NULL,
    "endpointId" uuid NOT NULL,
    "eventType" text NOT NULL,
    payload text NOT NULL,
    "statusCode" integer,
    response text,
    status text DEFAULT 'pending'::text NOT NULL,
    "attemptCount" integer DEFAULT 1 NOT NULL,
    "nextRetryAt" timestamp with time zone,
    "createdAt" timestamp with time zone DEFAULT CURRENT_TIMESTAMP NOT NULL
);


--
-- TOC entry 458 (class 1259 OID 19445)
-- Name: WebhookEndpoint; Type: TABLE; Schema: public; Owner: -
--

CREATE TABLE public."WebhookEndpoint" (
    id uuid NOT NULL,
    "tenantId" uuid NOT NULL,
    name text NOT NULL,
    url text NOT NULL,
    events text DEFAULT '[]'::text NOT NULL,
    secret text NOT NULL,
    "isActive" boolean DEFAULT true NOT NULL,
    "totalCalls" integer DEFAULT 0 NOT NULL,
    "failedCalls" integer DEFAULT 0 NOT NULL,
    "lastCalledAt" timestamp with time zone,
    "createdAt" timestamp with time zone DEFAULT CURRENT_TIMESTAMP NOT NULL,
    "updatedAt" timestamp with time zone NOT NULL
);


--
-- TOC entry 459 (class 1259 OID 19457)
-- Name: WiFiAAAConfig; Type: TABLE; Schema: public; Owner: -
--

CREATE TABLE public."WiFiAAAConfig" (
    id uuid NOT NULL,
    "tenantId" uuid NOT NULL,
    "propertyId" uuid NOT NULL,
    "defaultPlanId" uuid,
    "defaultDownloadSpeed" integer DEFAULT 10 NOT NULL,
    "defaultUploadSpeed" integer DEFAULT 10 NOT NULL,
    "defaultSessionLimit" integer,
    "defaultDataLimit" integer,
    "autoProvisionOnCheckin" boolean DEFAULT true NOT NULL,
    "autoDeprovisionOnCheckout" boolean DEFAULT true NOT NULL,
    "autoDeprovisionDelay" integer DEFAULT 0 NOT NULL,
    "authMethod" text DEFAULT 'pap'::text NOT NULL,
    "allowMacAuth" boolean DEFAULT false NOT NULL,
    "accountingSyncInterval" integer DEFAULT 5 NOT NULL,
    "lastSyncAt" timestamp with time zone,
    "lastSyncId" uuid,
    "maxConcurrentSessions" integer DEFAULT 3 NOT NULL,
    "sessionTimeoutPolicy" text DEFAULT 'hard'::text NOT NULL,
    "portalEnabled" boolean DEFAULT true NOT NULL,
    "portalTitle" text,
    "portalLogo" text,
    "portalTerms" text,
    "portalRedirectUrl" text,
    "portalBrandColor" text DEFAULT '#0d9488'::text NOT NULL,
    "voucherPortalUrl" text,
    "usernameFormat" text DEFAULT 'room_random'::text NOT NULL,
    "usernamePrefix" text,
    "usernameCase" text DEFAULT 'lowercase'::text NOT NULL,
    "usernameMinLength" integer DEFAULT 4 NOT NULL,
    "usernameMaxLength" integer DEFAULT 32 NOT NULL,
    "passwordFormat" text DEFAULT 'random_alphanumeric'::text NOT NULL,
    "passwordFixedValue" text,
    "passwordLength" integer DEFAULT 8 NOT NULL,
    "passwordIncludeUppercase" boolean DEFAULT true NOT NULL,
    "passwordIncludeNumbers" boolean DEFAULT true NOT NULL,
    "passwordIncludeSymbols" boolean DEFAULT false NOT NULL,
    "credentialSeparator" text DEFAULT '_'::text NOT NULL,
    "credentialPrintOnVoucher" boolean DEFAULT true NOT NULL,
    "credentialShowInPortal" boolean DEFAULT true NOT NULL,
    "duplicateUsernameAction" text DEFAULT 'append_random'::text NOT NULL,
    status text DEFAULT 'active'::text NOT NULL,
    "createdAt" timestamp with time zone DEFAULT CURRENT_TIMESTAMP NOT NULL,
    "updatedAt" timestamp with time zone NOT NULL
);


--
-- TOC entry 460 (class 1259 OID 19491)
-- Name: WiFiAccountingSync; Type: TABLE; Schema: public; Owner: -
--

CREATE TABLE public."WiFiAccountingSync" (
    id uuid NOT NULL,
    "lastRadAcctId" text NOT NULL,
    "lastSyncedAt" timestamp with time zone DEFAULT CURRENT_TIMESTAMP NOT NULL,
    "recordsProcessed" integer DEFAULT 0 NOT NULL,
    errors integer DEFAULT 0 NOT NULL,
    "lastError" text,
    "createdAt" timestamp with time zone DEFAULT CURRENT_TIMESTAMP NOT NULL,
    "updatedAt" timestamp with time zone NOT NULL
);


--
-- TOC entry 461 (class 1259 OID 19502)
-- Name: WiFiGateway; Type: TABLE; Schema: public; Owner: -
--

CREATE TABLE public."WiFiGateway" (
    id uuid NOT NULL,
    "tenantId" uuid NOT NULL,
    "propertyId" uuid NOT NULL,
    name text NOT NULL,
    description text,
    "ipAddress" text NOT NULL,
    "macAddress" text,
    vendor text NOT NULL,
    model text,
    version text,
    "radiusSecret" text NOT NULL,
    "radiusAuthPort" integer DEFAULT 1812 NOT NULL,
    "radiusAcctPort" integer DEFAULT 1813 NOT NULL,
    "coaEnabled" boolean DEFAULT false NOT NULL,
    "coaPort" integer DEFAULT 3799 NOT NULL,
    "coaSecret" text,
    "captivePortalEnabled" boolean DEFAULT false NOT NULL,
    "captivePortalUrl" text,
    "splashPageId" uuid,
    "defaultVlan" integer,
    "guestVlan" integer,
    "staffVlan" integer,
    "managementUrl" text,
    "apiUsername" text,
    "apiPassword" text,
    "apiPort" integer,
    status text DEFAULT 'active'::text NOT NULL,
    "lastSeenAt" timestamp with time zone,
    "firmwareVersion" text,
    "totalClients" integer DEFAULT 0 NOT NULL,
    "totalSessions" integer DEFAULT 0 NOT NULL,
    "createdAt" timestamp with time zone DEFAULT CURRENT_TIMESTAMP NOT NULL,
    "updatedAt" timestamp with time zone NOT NULL
);


--
-- TOC entry 464 (class 1259 OID 19537)
-- Name: WiFiPlan; Type: TABLE; Schema: public; Owner: -
--

CREATE TABLE public."WiFiPlan" (
    id uuid NOT NULL,
    "tenantId" uuid NOT NULL,
    name text NOT NULL,
    description text,
    "downloadSpeed" integer NOT NULL,
    "uploadSpeed" integer NOT NULL,
    "dataLimit" integer,
    "sessionLimit" integer,
    "sessionTimeoutSec" integer,
    "idleTimeoutSec" integer,
    "maxDevices" integer DEFAULT 1 NOT NULL,
    "fupPolicyId" uuid,
    "ipPoolId" uuid,
    price double precision DEFAULT 0 NOT NULL,
    currency text DEFAULT 'USD'::text NOT NULL,
    priority integer DEFAULT 0 NOT NULL,
    "validityDays" integer DEFAULT 1 NOT NULL,
    "validityMinutes" integer DEFAULT 1440 NOT NULL,
    status text DEFAULT 'active'::text NOT NULL,
    "createdAt" timestamp with time zone DEFAULT CURRENT_TIMESTAMP NOT NULL,
    "updatedAt" timestamp with time zone NOT NULL
);


--
-- TOC entry 465 (class 1259 OID 19552)
-- Name: WiFiSession; Type: TABLE; Schema: public; Owner: -
--

CREATE TABLE public."WiFiSession" (
    id uuid NOT NULL,
    "tenantId" uuid NOT NULL,
    "planId" uuid,
    "guestId" uuid,
    "bookingId" uuid,
    username text,
    "acctUniqueId" text,
    "macAddress" text NOT NULL,
    "ipAddress" text,
    "deviceName" text,
    "deviceType" text,
    "startTime" timestamp with time zone DEFAULT CURRENT_TIMESTAMP NOT NULL,
    "endTime" timestamp with time zone,
    "dataUsed" bigint DEFAULT 0 NOT NULL,
    duration integer DEFAULT 0 NOT NULL,
    "authMethod" text DEFAULT 'voucher'::text NOT NULL,
    status text DEFAULT 'active'::text NOT NULL,
    "createdAt" timestamp with time zone DEFAULT CURRENT_TIMESTAMP NOT NULL,
    "updatedAt" timestamp with time zone NOT NULL
);


--
-- TOC entry 466 (class 1259 OID 19565)
-- Name: WiFiUser; Type: TABLE; Schema: public; Owner: -
--

CREATE TABLE public."WiFiUser" (
    id uuid NOT NULL,
    "tenantId" uuid NOT NULL,
    "propertyId" uuid NOT NULL,
    username text NOT NULL,
    password text NOT NULL,
    "guestId" uuid,
    "bookingId" uuid,
    "userType" text DEFAULT 'guest'::text NOT NULL,
    "planId" uuid,
    "ipPoolId" uuid,
    "validFrom" timestamp with time zone NOT NULL,
    "validUntil" timestamp with time zone NOT NULL,
    "maxSessions" integer DEFAULT 1 NOT NULL,
    "sessionCount" integer DEFAULT 0 NOT NULL,
    "totalBytesIn" bigint DEFAULT 0 NOT NULL,
    "totalBytesOut" bigint DEFAULT 0 NOT NULL,
    status text DEFAULT 'active'::text NOT NULL,
    "radiusSynced" boolean DEFAULT false NOT NULL,
    "radiusSyncedAt" timestamp with time zone,
    "lastAccountingAt" timestamp with time zone,
    "createdAt" timestamp with time zone DEFAULT CURRENT_TIMESTAMP NOT NULL,
    "updatedAt" timestamp with time zone NOT NULL
);


--
-- TOC entry 467 (class 1259 OID 19580)
-- Name: WiFiUserStatusHistory; Type: TABLE; Schema: public; Owner: -
--

CREATE TABLE public."WiFiUserStatusHistory" (
    id uuid NOT NULL,
    "tenantId" uuid NOT NULL,
    "propertyId" uuid NOT NULL,
    username text NOT NULL,
    "userId" uuid,
    "oldStatus" text,
    "newStatus" text NOT NULL,
    "changedBy" text,
    "changeReason" text,
    "ipAddress" text,
    "createdAt" timestamp with time zone DEFAULT CURRENT_TIMESTAMP NOT NULL
);


--
-- TOC entry 468 (class 1259 OID 19588)
-- Name: WiFiVoucher; Type: TABLE; Schema: public; Owner: -
--

CREATE TABLE public."WiFiVoucher" (
    id uuid NOT NULL,
    "tenantId" uuid NOT NULL,
    "planId" uuid NOT NULL,
    code text NOT NULL,
    "guestId" uuid,
    "bookingId" uuid,
    "isUsed" boolean DEFAULT false NOT NULL,
    "usedAt" timestamp with time zone,
    "validFrom" timestamp with time zone NOT NULL,
    "validUntil" timestamp with time zone NOT NULL,
    status text DEFAULT 'active'::text NOT NULL,
    notes text,
    "issuedTo" text,
    "issuedAt" timestamp with time zone,
    "createdAt" timestamp with time zone DEFAULT CURRENT_TIMESTAMP NOT NULL,
    "updatedAt" timestamp with time zone NOT NULL
);


--
-- TOC entry 469 (class 1259 OID 19598)
-- Name: WorkOrder; Type: TABLE; Schema: public; Owner: -
--

CREATE TABLE public."WorkOrder" (
    id uuid NOT NULL,
    "tenantId" uuid NOT NULL,
    "propertyId" uuid NOT NULL,
    "vendorId" uuid,
    "roomId" uuid,
    "assetId" uuid,
    "workOrderNumber" text NOT NULL,
    title text NOT NULL,
    description text,
    type text DEFAULT 'general'::text NOT NULL,
    priority text DEFAULT 'medium'::text NOT NULL,
    status text DEFAULT 'pending'::text NOT NULL,
    "requestedBy" text,
    "assignedAt" timestamp with time zone,
    "scheduledDate" timestamp with time zone,
    "startedAt" timestamp with time zone,
    "completedAt" timestamp with time zone,
    "estimatedCost" double precision,
    "actualCost" double precision,
    "estimatedHours" double precision,
    "actualHours" double precision,
    notes text,
    "completionNotes" text,
    attachments text DEFAULT '[]'::text NOT NULL,
    "vendorNotes" text,
    rating integer,
    feedback text,
    "createdAt" timestamp with time zone DEFAULT CURRENT_TIMESTAMP NOT NULL,
    "updatedAt" timestamp with time zone NOT NULL,
    "deletedAt" timestamp with time zone
);


--
-- TOC entry 491 (class 1259 OID 19848)
-- Name: _CaptivePortalToVlanConfig; Type: TABLE; Schema: public; Owner: -
--

CREATE TABLE public."_CaptivePortalToVlanConfig" (
    "A" uuid NOT NULL,
    "B" uuid NOT NULL
);


--
-- TOC entry 492 (class 1259 OID 19853)
-- Name: _ModifierItems; Type: TABLE; Schema: public; Owner: -
--

CREATE TABLE public."_ModifierItems" (
    "A" uuid NOT NULL,
    "B" uuid NOT NULL
);


--
-- TOC entry 264 (class 1259 OID 17127)
-- Name: data_usage_by_period; Type: TABLE; Schema: public; Owner: -
--

CREATE TABLE public.data_usage_by_period (
    username text NOT NULL,
    period_start timestamp with time zone NOT NULL,
    period_end timestamp with time zone,
    acctinputoctets bigint DEFAULT 0 NOT NULL,
    acctoutputoctets bigint DEFAULT 0 NOT NULL
);


--
-- TOC entry 287 (class 1259 OID 17376)
-- Name: fup_switch_log; Type: TABLE; Schema: public; Owner: -
--

CREATE TABLE public.fup_switch_log (
    id bigint NOT NULL,
    username text NOT NULL,
    fup_policy_name text,
    usage_mb double precision DEFAULT 0 NOT NULL,
    limit_mb double precision DEFAULT 0 NOT NULL,
    throttle_down_kbps integer DEFAULT 0 NOT NULL,
    throttle_up_kbps integer DEFAULT 0 NOT NULL,
    triggered_at timestamp with time zone DEFAULT CURRENT_TIMESTAMP NOT NULL,
    property_id uuid,
    plan_name text,
    cycle_type text,
    action text DEFAULT 'throttle'::text NOT NULL,
    original_down_kbps integer DEFAULT 0 NOT NULL,
    original_up_kbps integer DEFAULT 0 NOT NULL,
    nas_ip text,
    created_at timestamp with time zone DEFAULT CURRENT_TIMESTAMP NOT NULL
);


--
-- TOC entry 286 (class 1259 OID 17375)
-- Name: fup_switch_log_id_seq; Type: SEQUENCE; Schema: public; Owner: -
--

CREATE SEQUENCE public.fup_switch_log_id_seq
    START WITH 1
    INCREMENT BY 1
    NO MINVALUE
    NO MAXVALUE
    CACHE 1;


--
-- TOC entry 8258 (class 0 OID 0)
-- Dependencies: 286
-- Name: fup_switch_log_id_seq; Type: SEQUENCE OWNED BY; Schema: public; Owner: -
--

ALTER SEQUENCE public.fup_switch_log_id_seq OWNED BY public.fup_switch_log.id;


--
-- TOC entry 391 (class 1259 OID 18625)
-- Name: nas; Type: TABLE; Schema: public; Owner: -
--

CREATE TABLE public.nas (
    id integer NOT NULL,
    nasname text NOT NULL,
    shortname text NOT NULL,
    type text DEFAULT 'other'::text NOT NULL,
    ports integer,
    secret text NOT NULL,
    server text,
    community text,
    description text
);


--
-- TOC entry 390 (class 1259 OID 18624)
-- Name: nas_id_seq; Type: SEQUENCE; Schema: public; Owner: -
--

CREATE SEQUENCE public.nas_id_seq
    AS integer
    START WITH 1
    INCREMENT BY 1
    NO MINVALUE
    NO MAXVALUE
    CACHE 1;


--
-- TOC entry 8259 (class 0 OID 0)
-- Dependencies: 390
-- Name: nas_id_seq; Type: SEQUENCE OWNED BY; Schema: public; Owner: -
--

ALTER SEQUENCE public.nas_id_seq OWNED BY public.nas.id;


--
-- TOC entry 344 (class 1259 OID 18088)
-- Name: nasreload; Type: TABLE; Schema: public; Owner: -
--

CREATE TABLE public.nasreload (
    nasipaddress text NOT NULL,
    reloadtime timestamp with time zone NOT NULL
);


--
-- TOC entry 375 (class 1259 OID 18450)
-- Name: radacct; Type: TABLE; Schema: public; Owner: -
--

CREATE TABLE public.radacct (
    radacctid bigint NOT NULL,
    acctsessionid text DEFAULT ''::text NOT NULL,
    acctuniqueid text NOT NULL,
    username text,
    realm text,
    nasipaddress text NOT NULL,
    nasportid text,
    nasporttype text,
    acctstarttime timestamp with time zone,
    acctupdatetime timestamp with time zone,
    acctstoptime timestamp with time zone,
    acctinterval bigint,
    acctsessiontime bigint,
    acctauthentic text,
    connectinfo_start text,
    connectinfo_stop text,
    acctinputoctets bigint DEFAULT 0,
    acctoutputoctets bigint DEFAULT 0,
    acctinputgigawords bigint DEFAULT 0,
    acctoutputgigawords bigint DEFAULT 0,
    calledstationid text,
    callingstationid text,
    acctterminatecause text,
    servicetype text,
    framedprotocol text,
    framedipaddress text,
    framedipv6address text,
    framedipv6prefix text,
    framedinterfaceid text,
    delegatedipv6prefix text,
    acctinputpackets integer DEFAULT 0,
    acctoutputpackets integer DEFAULT 0,
    acctstatus text DEFAULT 'start'::text,
    "loginType" text DEFAULT 'portal'::text,
    "createdAt" timestamp with time zone DEFAULT CURRENT_TIMESTAMP NOT NULL,
    "updatedAt" timestamp with time zone NOT NULL,
    class text
);


--
-- TOC entry 374 (class 1259 OID 18449)
-- Name: radacct_radacctid_seq; Type: SEQUENCE; Schema: public; Owner: -
--

CREATE SEQUENCE public.radacct_radacctid_seq
    START WITH 1
    INCREMENT BY 1
    NO MINVALUE
    NO MAXVALUE
    CACHE 1;


--
-- TOC entry 8260 (class 0 OID 0)
-- Dependencies: 374
-- Name: radacct_radacctid_seq; Type: SEQUENCE OWNED BY; Schema: public; Owner: -
--

ALTER SEQUENCE public.radacct_radacctid_seq OWNED BY public.radacct.radacctid;


--
-- TOC entry 376 (class 1259 OID 18468)
-- Name: radcheck; Type: TABLE; Schema: public; Owner: -
--

CREATE TABLE public.radcheck (
    id uuid NOT NULL,
    "wifiUserId" uuid,
    username text NOT NULL,
    attribute text NOT NULL,
    op text DEFAULT ':='::text NOT NULL,
    value text NOT NULL,
    priority integer DEFAULT 0 NOT NULL,
    "isActive" boolean DEFAULT true NOT NULL,
    "createdAt" timestamp with time zone DEFAULT CURRENT_TIMESTAMP NOT NULL,
    "updatedAt" timestamp with time zone NOT NULL
);


--
-- TOC entry 377 (class 1259 OID 18479)
-- Name: radgroupcheck; Type: TABLE; Schema: public; Owner: -
--

CREATE TABLE public.radgroupcheck (
    id uuid NOT NULL,
    groupname text NOT NULL,
    attribute text NOT NULL,
    op text DEFAULT ':='::text NOT NULL,
    value text NOT NULL,
    priority integer DEFAULT 0 NOT NULL,
    "createdAt" timestamp with time zone DEFAULT CURRENT_TIMESTAMP NOT NULL
);


--
-- TOC entry 378 (class 1259 OID 18489)
-- Name: radgroupreply; Type: TABLE; Schema: public; Owner: -
--

CREATE TABLE public.radgroupreply (
    id uuid NOT NULL,
    groupname text NOT NULL,
    attribute text NOT NULL,
    op text DEFAULT ':='::text NOT NULL,
    value text NOT NULL,
    priority integer DEFAULT 0 NOT NULL,
    "createdAt" timestamp with time zone DEFAULT CURRENT_TIMESTAMP NOT NULL
);


--
-- TOC entry 387 (class 1259 OID 18595)
-- Name: radpostauth; Type: TABLE; Schema: public; Owner: -
--

CREATE TABLE public.radpostauth (
    id bigint NOT NULL,
    username text NOT NULL,
    pass text,
    reply text,
    calledstationid text,
    callingstationid text,
    authdate timestamp with time zone DEFAULT CURRENT_TIMESTAMP NOT NULL,
    "propertyId" uuid,
    "nasIpAddress" text,
    clientipaddress text,
    class text
);


--
-- TOC entry 386 (class 1259 OID 18594)
-- Name: radpostauth_id_seq; Type: SEQUENCE; Schema: public; Owner: -
--

CREATE SEQUENCE public.radpostauth_id_seq
    START WITH 1
    INCREMENT BY 1
    NO MINVALUE
    NO MAXVALUE
    CACHE 1;


--
-- TOC entry 8261 (class 0 OID 0)
-- Dependencies: 386
-- Name: radpostauth_id_seq; Type: SEQUENCE OWNED BY; Schema: public; Owner: -
--

ALTER SEQUENCE public.radpostauth_id_seq OWNED BY public.radpostauth.id;


--
-- TOC entry 388 (class 1259 OID 18604)
-- Name: radreply; Type: TABLE; Schema: public; Owner: -
--

CREATE TABLE public.radreply (
    id uuid NOT NULL,
    "wifiUserId" uuid,
    username text NOT NULL,
    attribute text NOT NULL,
    op text DEFAULT ':='::text NOT NULL,
    value text NOT NULL,
    priority integer DEFAULT 0 NOT NULL,
    "isActive" boolean DEFAULT true NOT NULL,
    "createdAt" timestamp with time zone DEFAULT CURRENT_TIMESTAMP NOT NULL,
    "updatedAt" timestamp with time zone NOT NULL
);


--
-- TOC entry 389 (class 1259 OID 18615)
-- Name: radusergroup; Type: TABLE; Schema: public; Owner: -
--

CREATE TABLE public.radusergroup (
    id uuid NOT NULL,
    username text NOT NULL,
    groupname text NOT NULL,
    priority integer DEFAULT 0 NOT NULL,
    "createdAt" timestamp with time zone DEFAULT CURRENT_TIMESTAMP NOT NULL
);


--
-- TOC entry 493 (class 1259 OID 22982)
-- Name: v_session_history; Type: VIEW; Schema: public; Owner: -
--

CREATE VIEW public.v_session_history AS
 SELECT COALESCE((s.id)::text, r.acctuniqueid) AS session_id,
    COALESCE((s.id)::text, (r.radacctid)::text) AS radacctid,
    COALESCE((s.id)::text, r.acctsessionid) AS acctsessionid,
    COALESCE(s."tenantId", '00000000-0000-0000-0000-000000000000'::uuid) AS "tenantId",
    COALESCE(s."planId", '00000000-0000-0000-0000-000000000000'::uuid) AS "planId",
    COALESCE(s."guestId", '00000000-0000-0000-0000-000000000000'::uuid) AS "guestId",
    COALESCE(s."bookingId", '00000000-0000-0000-0000-000000000000'::uuid) AS "bookingId",
    COALESCE(s."macAddress", r.callingstationid, dp."macAddress") AS callingstationid,
    COALESCE(s."macAddress", r.callingstationid, dp."macAddress") AS wifi_mac,
    COALESCE(s."ipAddress", r.framedipaddress) AS "ipAddress",
    COALESCE(s."ipAddress", r.framedipaddress) AS framedipaddress,
    COALESCE(dp."deviceName", s."deviceName") AS "deviceName",
    COALESCE(dp."deviceType", s."deviceType") AS "deviceType",
    COALESCE(s."startTime", r.acctstarttime) AS acctstarttime,
    COALESCE(s."startTime", r.acctupdatetime) AS acctupdatetime,
    COALESCE(s."endTime", r.acctstoptime) AS acctstoptime,
    ((COALESCE(s."dataUsed", (0)::bigint) + COALESCE(r.acctinputoctets, (0)::bigint)) + COALESCE(r.acctoutputoctets, (0)::bigint)) AS total_data_used,
    COALESCE((s.duration)::bigint, r.acctsessiontime, (0)::bigint) AS acctsessiontime,
    COALESCE(
        CASE
            WHEN (s."dataUsed" IS NOT NULL) THEN (((s."dataUsed")::numeric * 0.7))::bigint
            ELSE r.acctoutputoctets
        END, (0)::bigint) AS acctoutputoctets,
    COALESCE(
        CASE
            WHEN (s."dataUsed" IS NOT NULL) THEN (((s."dataUsed")::numeric * 0.3))::bigint
            ELSE r.acctinputoctets
        END, (0)::bigint) AS acctinputoctets,
    s."authMethod",
    COALESCE(s.status,
        CASE
            WHEN (r.acctstoptime IS NULL) THEN 'active'::text
            ELSE 'completed'::text
        END) AS session_status,
    COALESCE(s.status,
        CASE
            WHEN (r.acctstoptime IS NULL) THEN 'active'::text
            ELSE 'completed'::text
        END) AS wifi_user_status,
    COALESCE(s.status,
        CASE
            WHEN (r.acctstoptime IS NULL) THEN 'active'::text
            ELSE 'completed'::text
        END) AS status,
    COALESCE(r.acctterminatecause,
        CASE
            WHEN (s.status = 'active'::text) THEN 'User-Request'::text
            ELSE 'NAS-Request'::text
        END) AS acctterminatecause,
    s."createdAt",
    s."updatedAt",
    COALESCE(wu.username, r.username, ''::text) AS username,
    COALESCE(g."firstName", ''::text) AS guest_first_name,
    COALESCE(g."lastName", ''::text) AS guest_last_name,
    COALESCE(g.email, ''::public.citext) AS guest_email,
    COALESCE(g.phone, ''::text) AS guest_phone,
    COALESCE(g."loyaltyTier", ''::text) AS guest_loyalty_tier,
        CASE
            WHEN (g."isVip" = true) THEN 1
            ELSE 0
        END AS guest_is_vip,
    COALESCE(rm.number, ''::text) AS room_number,
    COALESCE(rm.name, ''::text) AS room_name,
    COALESCE(rm.floor, 0) AS room_floor,
    COALESCE(p.name, ''::text) AS property_name,
    COALESCE(wp.name, ''::text) AS plan_name,
    wp."downloadSpeed" AS downloadspeed,
    wp."downloadSpeed" AS plan_download_speed,
    wp."uploadSpeed" AS uploadspeed,
    wp."uploadSpeed" AS plan_upload_speed,
    wp."dataLimit" AS datalimit,
    wp."dataLimit" AS plan_data_limit,
    wp."sessionTimeoutSec",
    wp."idleTimeoutSec",
    COALESCE(b."confirmationCode", ''::text) AS booking_code,
    COALESCE(b.status, ''::text) AS booking_status,
    COALESCE((s.id)::text, r.acctuniqueid) AS acctuniqueid,
    r.framedipv6address,
    COALESCE(r.nasipaddress, '0.0.0.0'::text) AS nasipaddress,
    ''::text AS nasidentifier,
    r.nasportid,
    COALESCE(r.nasporttype, 'Wireless-802.11'::text) AS nasporttype,
    COALESCE(r.calledstationid, ''::text) AS calledstationid,
    r.connectinfo_start,
    r.connectinfo_stop,
    COALESCE(r."loginType", 'portal'::text) AS "loginType",
    dp."userAgent",
    dp."macAddress" AS "dp_macAddress",
    COALESCE(dp."authCount", 0) AS "dp_authCount"
   FROM ((((((((public."WiFiSession" s
     FULL JOIN ( SELECT DISTINCT ON (radacct.username, radacct.acctsessionid) radacct.radacctid,
            radacct.acctsessionid,
            radacct.acctuniqueid,
            radacct.username,
            radacct.realm,
            radacct.nasipaddress,
            radacct.nasportid,
            radacct.nasporttype,
            radacct.acctstarttime,
            radacct.acctupdatetime,
            radacct.acctstoptime,
            radacct.acctinterval,
            radacct.acctsessiontime,
            radacct.acctauthentic,
            radacct.connectinfo_start,
            radacct.connectinfo_stop,
            radacct.acctinputoctets,
            radacct.acctoutputoctets,
            radacct.acctinputgigawords,
            radacct.acctoutputgigawords,
            radacct.calledstationid,
            radacct.callingstationid,
            radacct.acctterminatecause,
            radacct.servicetype,
            radacct.framedprotocol,
            radacct.framedipaddress,
            radacct.framedipv6address,
            radacct.framedipv6prefix,
            radacct.framedinterfaceid,
            radacct.delegatedipv6prefix,
            radacct.acctinputpackets,
            radacct.acctoutputpackets,
            radacct.acctstatus,
            radacct."createdAt",
            radacct."updatedAt",
            radacct.class,
            radacct."loginType"
           FROM public.radacct
          ORDER BY radacct.username, radacct.acctsessionid, radacct.radacctid DESC) r ON (((s.id)::text = r.acctuniqueid)))
     LEFT JOIN LATERAL ( SELECT "WiFiUser".id,
            "WiFiUser"."tenantId",
            "WiFiUser"."propertyId",
            "WiFiUser".username,
            "WiFiUser".password,
            "WiFiUser"."guestId",
            "WiFiUser"."bookingId",
            "WiFiUser"."userType",
            "WiFiUser"."planId",
            "WiFiUser"."ipPoolId",
            "WiFiUser"."validFrom",
            "WiFiUser"."validUntil",
            "WiFiUser"."maxSessions",
            "WiFiUser"."sessionCount",
            "WiFiUser"."totalBytesIn",
            "WiFiUser"."totalBytesOut",
            "WiFiUser".status,
            "WiFiUser"."radiusSynced",
            "WiFiUser"."radiusSyncedAt",
            "WiFiUser"."lastAccountingAt",
            "WiFiUser"."createdAt",
            "WiFiUser"."updatedAt"
           FROM public."WiFiUser"
          WHERE (("WiFiUser".username = r.username) OR ((r.username IS NULL) AND ("WiFiUser"."guestId" IS NOT NULL) AND ("WiFiUser"."guestId" = s."guestId")))
         LIMIT 1) wu ON (true))
     LEFT JOIN LATERAL ( SELECT "DeviceProfile"."deviceName",
            "DeviceProfile"."deviceType",
            "DeviceProfile"."macAddress",
            "DeviceProfile"."userAgent",
            "DeviceProfile"."authCount",
            "DeviceProfile"."wifiUserId"
           FROM public."DeviceProfile"
          WHERE (("DeviceProfile"."wifiUserId" = wu.id) AND ("DeviceProfile"."isActive" = true))
          ORDER BY "DeviceProfile"."lastSeenAt" DESC
         LIMIT 1) dp ON (true))
     LEFT JOIN public."Guest" g ON (((COALESCE(wu."guestId", s."guestId") IS NOT NULL) AND (COALESCE(wu."guestId", s."guestId") = g.id))))
     LEFT JOIN public."Booking" b ON (((COALESCE(wu."bookingId", s."bookingId") IS NOT NULL) AND (COALESCE(wu."bookingId", s."bookingId") = b.id))))
     LEFT JOIN public."Room" rm ON ((b."roomId" = rm.id)))
     LEFT JOIN public."Property" p ON (((COALESCE(wu."propertyId", b."propertyId") IS NOT NULL) AND (COALESCE(wu."propertyId", b."propertyId") = p.id))))
     LEFT JOIN public."WiFiPlan" wp ON ((COALESCE(s."planId", wu."planId") = wp.id)));


--
-- TOC entry 494 (class 1259 OID 22987)
-- Name: v_active_sessions; Type: VIEW; Schema: public; Owner: -
--

CREATE VIEW public.v_active_sessions AS
 SELECT session_id,
    radacctid,
    acctsessionid,
    "tenantId",
    "planId",
    "guestId",
    "bookingId",
    callingstationid,
    wifi_mac,
    "ipAddress",
    framedipaddress,
    "deviceName",
    "deviceType",
    acctstarttime,
    acctupdatetime,
    acctstoptime,
    total_data_used,
    acctsessiontime,
    acctoutputoctets,
    acctinputoctets,
    "authMethod",
    session_status,
    wifi_user_status,
    status,
    acctterminatecause,
    "createdAt",
    "updatedAt",
    username,
    guest_first_name,
    guest_last_name,
    guest_email,
    guest_phone,
    guest_loyalty_tier,
    guest_is_vip,
    room_number,
    room_name,
    room_floor,
    property_name,
    plan_name,
    downloadspeed,
    plan_download_speed,
    uploadspeed,
    plan_upload_speed,
    datalimit,
    plan_data_limit,
    booking_code,
    booking_status,
    acctuniqueid,
    framedipv6address,
    nasipaddress,
    nasidentifier,
    nasportid,
    nasporttype,
    calledstationid,
    connectinfo_start,
    connectinfo_stop,
    "loginType",
    "userAgent",
    "dp_macAddress",
    "dp_authCount",
    "sessionTimeoutSec",
    "idleTimeoutSec"
   FROM public.v_session_history
  WHERE (session_status = 'active'::text);


--
-- TOC entry 495 (class 1259 OID 22992)
-- Name: v_auth_logs; Type: VIEW; Schema: public; Owner: -
--

CREATE VIEW public.v_auth_logs AS
 SELECT (pa.id)::text AS id,
    pa.username,
    pa.reply AS auth_result,
    pa.authdate AS "timestamp",
    COALESCE(replace(acct.framedipaddress, '/32'::text, ''::text), ''::text) AS client_ip_address,
    COALESCE(pa."nasIpAddress", ''::text) AS nas_ip_address,
    COALESCE(NULLIF(pa.clientipaddress, ''::text), COALESCE(pa."nasIpAddress", ''::text), ''::text) AS source_ip_address,
    COALESCE(pa.callingstationid, dp_mac.mac_address, ''::text) AS calling_station_id,
    COALESCE(pa.calledstationid, ''::text) AS called_station_id,
    'PAP'::text AS auth_type,
        CASE
            WHEN (pa.reply = 'Access-Accept'::text) THEN
            CASE
                WHEN (COALESCE(replace(acct.framedipaddress, '/32'::text, ''::text), ''::text) <> ''::text) THEN ('Authenticated — client IP: '::text || replace(acct.framedipaddress, '/32'::text, ''::text))
                WHEN (COALESCE(pa."nasIpAddress", ''::text) <> ''::text) THEN ('Authenticated from NAS '::text || pa."nasIpAddress")
                ELSE 'Authenticated successfully'::text
            END
            ELSE
            CASE
                WHEN (pa.pass ~~ 'IP_NOT_IN_POOL:%%'::text) THEN (('Rejected — IP not in managed pool: '::text || replace(pa.pass, 'IP_NOT_IN_POOL:'::text, ''::text)) || COALESCE((' — user: '::text || pa.username), ''::text))
                WHEN (pa.pass ~~ 'IP_NOT_DETERMINED'::text) THEN ('Rejected — could not determine client IP'::text || COALESCE((' — user: '::text || pa.username), ''::text))
                WHEN (pa.pass ~~ 'MAX_SESSIONS%%'::text) THEN (('Rejected — max concurrent sessions reached'::text || COALESCE((' — user: '::text || pa.username), ''::text)) || COALESCE((' — from: '::text || COALESCE(pa.clientipaddress, pa."nasIpAddress")), ''::text))
                WHEN (pa.pass ~~ 'RADIUS_UNREACHABLE'::text) THEN ('Rejected — RADIUS server unreachable'::text || COALESCE((' — user: '::text || pa.username), ''::text))
                WHEN (pa.pass ~~ 'ACCOUNT_%%'::text) THEN ((('Rejected — '::text || lower(replace(pa.pass, '_'::text, ' '::text))) || COALESCE((' — user: '::text || pa.username), ''::text)) || COALESCE((' — from: '::text || COALESCE(pa.clientipaddress, pa."nasIpAddress")), ''::text))
                WHEN ((pa.pass ~~ 'INVALID_%%'::text) OR (pa.pass ~~ 'MISSING_%%'::text) OR (pa.pass ~~ 'VOUCHER_%%'::text) OR (pa.pass ~~ 'AUTH_%%'::text)) THEN ((('Rejected — '::text || lower(replace(pa.pass, '_'::text, ' '::text))) || COALESCE((' — user: '::text || pa.username), ''::text)) || COALESCE((' — from: '::text || COALESCE(pa.clientipaddress, pa."nasIpAddress")), ''::text))
                WHEN (wu.id IS NOT NULL) THEN (('Rejected — invalid password'::text || COALESCE((' — user: '::text || pa.username), ''::text)) || COALESCE((' — from: '::text || COALESCE(pa.clientipaddress, pa."nasIpAddress")), ''::text))
                ELSE (('Rejected — user not found'::text || COALESCE((' — username: '::text || pa.username), ''::text)) || COALESCE((' — from: '::text || COALESCE(pa.clientipaddress, pa."nasIpAddress")), ''::text))
            END
        END AS reply_message,
    COALESCE(g."firstName", ''::text) AS guest_first_name,
    COALESCE(g."lastName", ''::text) AS guest_last_name,
    COALESCE(rm.number, ''::text) AS room_number,
    COALESCE(p.name, ''::text) AS property_name,
    COALESCE((u."propertyId")::text, ''::text) AS property_id,
    rg.groupname AS radius_group,
    wp.name AS plan_name,
    wp."downloadSpeed" AS plan_download_speed,
    wp."uploadSpeed" AS plan_upload_speed,
    wp."dataLimit" AS plan_data_limit
   FROM ((((((((((public.radpostauth pa
     LEFT JOIN LATERAL ( SELECT radacct.framedipaddress
           FROM public.radacct
          WHERE (radacct.username = pa.username)
          ORDER BY radacct.acctstarttime DESC
         LIMIT 1) acct ON (true))
     LEFT JOIN public."WiFiUser" u ON ((pa.username = u.username)))
     LEFT JOIN public."WiFiUser" wu ON ((pa.username = wu.username)))
     LEFT JOIN LATERAL ( SELECT "DeviceProfile"."macAddress" AS mac_address
           FROM public."DeviceProfile"
          WHERE (("DeviceProfile"."wifiUserId" = u.id) AND ("DeviceProfile"."isActive" = true) AND ("DeviceProfile"."macAddress" IS NOT NULL))
          ORDER BY "DeviceProfile"."lastSeenAt" DESC
         LIMIT 1) dp_mac ON (true))
     LEFT JOIN public."Guest" g ON ((u."guestId" = g.id)))
     LEFT JOIN public."Booking" b ON ((u."bookingId" = b.id)))
     LEFT JOIN public."Room" rm ON ((b."roomId" = rm.id)))
     LEFT JOIN public."Property" p ON ((u."propertyId" = p.id)))
     LEFT JOIN public."WiFiPlan" wp ON ((u."planId" = wp.id)))
     LEFT JOIN public.radusergroup rg ON ((pa.username = rg.username)));


--
-- TOC entry 498 (class 1259 OID 23007)
-- Name: v_fup_switch_logs; Type: VIEW; Schema: public; Owner: -
--

CREATE VIEW public.v_fup_switch_logs AS
 SELECT (fsl.id)::text AS id,
    fsl.username,
    fsl.fup_policy_name,
    fsl.usage_mb,
    fsl.limit_mb,
    fsl.throttle_down_kbps,
    fsl.throttle_up_kbps,
    fsl.triggered_at,
    COALESCE(p.name, ''::text) AS property_name,
    wu."planId",
    wp.name AS plan_name,
    rg.groupname AS radius_group
   FROM ((((public.fup_switch_log fsl
     LEFT JOIN public."WiFiUser" wu ON ((wu.username = fsl.username)))
     LEFT JOIN public."Property" p ON ((p.id = fsl.property_id)))
     LEFT JOIN public."WiFiPlan" wp ON ((wp.id = wu."planId")))
     LEFT JOIN public.radusergroup rg ON ((rg.username = fsl.username)))
  ORDER BY fsl.triggered_at DESC;


--
-- TOC entry 496 (class 1259 OID 22997)
-- Name: v_user_usage; Type: VIEW; Schema: public; Owner: -
--

CREATE VIEW public.v_user_usage AS
 SELECT u.id AS user_id,
    u."tenantId",
    u."propertyId",
    u."guestId",
    u."bookingId",
    u.username,
    u."planId",
    u.status,
    u."totalBytesIn",
    u."totalBytesOut",
    (u."totalBytesIn" + u."totalBytesOut") AS total_data_used,
    COALESCE(( SELECT count(DISTINCT sh.radacctid) AS count
           FROM public.v_session_history sh
          WHERE (sh.username = u.username)), (0)::bigint) AS total_sessions,
    COALESCE(( SELECT count(DISTINCT sh.radacctid) AS count
           FROM public.v_session_history sh
          WHERE ((sh.username = u.username) AND (sh.session_status = 'active'::text))), (0)::bigint) AS active_sessions,
    u."totalBytesOut" AS total_download_bytes,
    u."totalBytesIn" AS total_upload_bytes,
    COALESCE(( SELECT sum(ws.duration) AS sum
           FROM public."WiFiSession" ws
          WHERE (ws."guestId" = u."guestId")), (0)::bigint) AS total_session_time,
    u."lastAccountingAt" AS last_session_start,
    COALESCE(( SELECT min(ws."startTime") AS min
           FROM public."WiFiSession" ws
          WHERE (ws."guestId" = u."guestId")), '1970-01-01 00:00:00+00'::timestamp with time zone) AS first_session_start,
    u."lastAccountingAt" AS "lastSeenAt",
    u."createdAt",
    u."updatedAt",
    COALESCE(g."firstName", ''::text) AS guest_first_name,
    COALESCE(g."lastName", ''::text) AS guest_last_name,
    COALESCE(g.email, ''::public.citext) AS guest_email,
    COALESCE(g."loyaltyTier", ''::text) AS guest_loyalty_tier,
        CASE
            WHEN (g."isVip" = true) THEN 1
            ELSE 0
        END AS guest_is_vip,
    COALESCE(r.number, ''::text) AS room_number,
    COALESCE(r.name, ''::text) AS room_name,
    COALESCE(p.name, ''::text) AS property_name,
    COALESCE(wp.name, ''::text) AS plan_name,
    wp."downloadSpeed" AS plan_download_speed,
    wp."uploadSpeed" AS plan_upload_speed,
    wp."dataLimit" AS plan_data_limit,
    COALESCE(b."confirmationCode", ''::text) AS booking_code,
    COALESCE(b.status, ''::text) AS booking_status
   FROM (((((public."WiFiUser" u
     LEFT JOIN public."Guest" g ON ((u."guestId" = g.id)))
     LEFT JOIN public."Booking" b ON ((u."bookingId" = b.id)))
     LEFT JOIN public."Room" r ON ((b."roomId" = r.id)))
     LEFT JOIN public."Property" p ON ((u."propertyId" = p.id)))
     LEFT JOIN public."WiFiPlan" wp ON ((u."planId" = wp.id)));


--
-- TOC entry 497 (class 1259 OID 23002)
-- Name: v_wifi_users; Type: VIEW; Schema: public; Owner: -
--

CREATE VIEW public.v_wifi_users AS
 SELECT u.id,
    u."tenantId",
    u."propertyId",
    u."guestId",
    u."bookingId",
    u.username,
    u."planId",
    u.status,
    NULL::text AS "authMethod",
    NULL::text AS "macAddress",
    u."validFrom",
    u."validUntil",
    u."totalBytesIn",
    u."totalBytesOut",
    u."sessionCount",
    u."lastAccountingAt" AS "lastSeenAt",
    u."createdAt",
    u."updatedAt",
    ( SELECT rc.value
           FROM public.radcheck rc
          WHERE ((rc.username = u.username) AND (rc.attribute = 'Cleartext-Password'::text))
         LIMIT 1) AS radius_password,
    ( SELECT rg.groupname
           FROM public.radusergroup rg
          WHERE (rg.username = u.username)
         LIMIT 1) AS radius_group,
    g."firstName" AS guest_first_name,
    g."lastName" AS guest_last_name,
    g.email AS guest_email,
    g.phone AS guest_phone,
    g."loyaltyTier" AS guest_loyalty_tier,
        CASE
            WHEN (g."isVip" = true) THEN 1
            ELSE 0
        END AS guest_is_vip,
    r.number AS room_number,
    r.name AS room_name,
    r.floor AS room_floor,
    p.name AS property_name,
    wp.name AS plan_name,
    wp."downloadSpeed" AS plan_download_speed,
    wp."uploadSpeed" AS plan_upload_speed,
    wp."dataLimit" AS plan_data_limit,
    b."confirmationCode" AS booking_code,
    b.status AS booking_status,
    b."checkIn" AS booking_check_in,
    b."checkOut" AS booking_check_out
   FROM (((((public."WiFiUser" u
     LEFT JOIN public."Guest" g ON ((u."guestId" = g.id)))
     LEFT JOIN public."Booking" b ON ((u."bookingId" = b.id)))
     LEFT JOIN public."Room" r ON ((b."roomId" = r.id)))
     LEFT JOIN public."Property" p ON ((u."propertyId" = p.id)))
     LEFT JOIN public."WiFiPlan" wp ON ((u."planId" = wp.id)));


--
-- TOC entry 4834 (class 2604 OID 17379)
-- Name: fup_switch_log id; Type: DEFAULT; Schema: public; Owner: -
--

ALTER TABLE ONLY public.fup_switch_log ALTER COLUMN id SET DEFAULT nextval('public.fup_switch_log_id_seq'::regclass);


--
-- TOC entry 5379 (class 2604 OID 18628)
-- Name: nas id; Type: DEFAULT; Schema: public; Owner: -
--

ALTER TABLE ONLY public.nas ALTER COLUMN id SET DEFAULT nextval('public.nas_id_seq'::regclass);


--
-- TOC entry 5304 (class 2604 OID 18453)
-- Name: radacct radacctid; Type: DEFAULT; Schema: public; Owner: -
--

ALTER TABLE ONLY public.radacct ALTER COLUMN radacctid SET DEFAULT nextval('public.radacct_radacctid_seq'::regclass);


--
-- TOC entry 5371 (class 2604 OID 18598)
-- Name: radpostauth id; Type: DEFAULT; Schema: public; Owner: -
--

ALTER TABLE ONLY public.radpostauth ALTER COLUMN id SET DEFAULT nextval('public.radpostauth_id_seq'::regclass);


--
-- TOC entry 7980 (class 0 OID 16612)
-- Dependencies: 221
-- Data for Name: AISuggestion; Type: TABLE DATA; Schema: public; Owner: -
--

COPY public."AISuggestion" (id, "tenantId", type, title, description, impact, "potentialRevenue", confidence, status, data, "appliedAt", "dismissedAt", "createdAt", "updatedAt") FROM stdin;
\.


--
-- TOC entry 7978 (class 0 OID 16562)
-- Dependencies: 219
-- Data for Name: AdCampaign; Type: TABLE DATA; Schema: public; Owner: -
--

COPY public."AdCampaign" (id, "tenantId", "propertyId", name, description, type, platform, status, budget, "budgetType", "spentAmount", currency, "startDate", "endDate", "bidStrategy", "bidAmount", "targetCpa", "targetRoas", targeting, keywords, "negativeKeywords", "roomTypes", "ratePlans", impressions, clicks, conversions, revenue, ctr, cpc, "conversionRate", roas, "externalId", "externalData", "lastSyncAt", "createdAt", "updatedAt") FROM stdin;
41fd9f9b-9fc5-423e-bbb5-c86910680f1f	444017d5-e022-4c5f-ac07-ea0d51f4609b	281fde73-7836-4511-b644-91f3663d8fcd	Durga Puja Special Offer	Special rates during Durga Puja festival season in Kolkata	search	google	active	5000	daily	85000	INR	2026-04-20 08:16:37.6+00	2026-05-15 08:16:37.6+00	enhanced	\N	350	\N	{"locations":["Kolkata","Howrah","Durgapur"],"radius":"100km"}	["kolkata hotel", "luxury hotel kolkata", "5 star hotel park street"]	[]	["roomtype-1", "roomtype-2"]	["rateplan-1", "rateplan-3"]	125000	8750	185	925000	7	9.71	2.11	10.88	\N	{}	\N	2026-05-05 08:16:37.72+00	2026-05-05 08:16:37.72+00
93e11f96-0b9f-4912-ae3a-8a3b55f2ff01	444017d5-e022-4c5f-ac07-ea0d51f4609b	281fde73-7836-4511-b644-91f3663d8fcd	Corporate Retreats Kolkata	Targeting corporate bookings for meetings and retreats	search	google	active	3000	daily	45000	INR	2026-04-05 08:16:37.6+00	\N	manual	15	\N	\N	{"locations":["Kolkata CBD"],"audiences":"corporate"}	["corporate hotel kolkata", "meeting venue kolkata", "business hotel"]	[]	["roomtype-3", "roomtype-4"]	["rateplan-6", "rateplan-7"]	68000	4080	62	372000	6	11.03	1.52	8.27	\N	{}	\N	2026-05-05 08:16:37.72+00	2026-05-05 08:16:37.72+00
d1271db0-c77f-4368-a4bf-fdf338787f8b	444017d5-e022-4c5f-ac07-ea0d51f4609b	281fde73-7836-4511-b644-91f3663d8fcd	Weekend Getaway - Social	Facebook and Instagram ads targeting weekend travelers	display	meta	paused	2000	daily	32000	INR	2026-03-21 08:16:37.6+00	2026-04-30 08:16:37.6+00	auto	\N	\N	\N	{"ageRange":"25-45","interests":["travel","luxury","food"]}	[]	[]	[]	[]	250000	5000	45	180000	2	6.4	0.9	5.63	\N	{}	\N	2026-05-05 08:16:37.72+00	2026-05-05 08:16:37.72+00
\.


--
-- TOC entry 7979 (class 0 OID 16592)
-- Dependencies: 220
-- Data for Name: AdPerformance; Type: TABLE DATA; Schema: public; Owner: -
--

COPY public."AdPerformance" (id, "campaignId", date, impressions, clicks, conversions, cost, revenue, ctr, cpc, cpa, roas, "conversionRate", "avgPosition", "qualityScore", "searchImpShare", "deviceBreakdown", "sourceBreakdown", "createdAt", "updatedAt") FROM stdin;
\.


--
-- TOC entry 7984 (class 0 OID 16654)
-- Dependencies: 225
-- Data for Name: AiConversation; Type: TABLE DATA; Schema: public; Owner: -
--

COPY public."AiConversation" (id, "tenantId", "userId", title, "createdAt", "updatedAt") FROM stdin;
\.


--
-- TOC entry 7985 (class 0 OID 16662)
-- Dependencies: 226
-- Data for Name: AiConversationMessage; Type: TABLE DATA; Schema: public; Owner: -
--

COPY public."AiConversationMessage" (id, "conversationId", role, content, "createdAt") FROM stdin;
\.


--
-- TOC entry 7981 (class 0 OID 16625)
-- Dependencies: 222
-- Data for Name: Amenity; Type: TABLE DATA; Schema: public; Owner: -
--

COPY public."Amenity" (id, "tenantId", name, icon, category, "isDefault", "isActive", "sortOrder", "createdAt", "updatedAt") FROM stdin;
e8f0683b-31b8-4e23-ac8e-1b17cb92b20b	444017d5-e022-4c5f-ac07-ea0d51f4609b	Free WiFi	wifi	general	t	t	0	2026-05-05 08:16:36.984+00	2026-05-05 08:16:36.984+00
06581595-deea-45e3-aa26-303e99fdb69e	444017d5-e022-4c5f-ac07-ea0d51f4609b	24/7 Front Desk	clock	general	t	t	1	2026-05-05 08:16:36.984+00	2026-05-05 08:16:36.984+00
1aaed462-3591-476d-b0a7-edc60915f8e3	444017d5-e022-4c5f-ac07-ea0d51f4609b	Free Parking	car	general	t	t	2	2026-05-05 08:16:36.984+00	2026-05-05 08:16:36.984+00
16de1e60-94d8-4a67-90f7-b63838d43640	444017d5-e022-4c5f-ac07-ea0d51f4609b	Airport Shuttle	plane	general	f	t	3	2026-05-05 08:16:36.984+00	2026-05-05 08:16:36.984+00
79aa519e-05cb-4172-b9f4-9a8efb389ab7	444017d5-e022-4c5f-ac07-ea0d51f4609b	Concierge Service	bell	general	f	t	4	2026-05-05 08:16:36.984+00	2026-05-05 08:16:36.984+00
9f749c8c-59e5-4b6b-a7c5-f172075f3275	444017d5-e022-4c5f-ac07-ea0d51f4609b	Luggage Storage	briefcase	general	f	t	5	2026-05-05 08:16:36.984+00	2026-05-05 08:16:36.984+00
85473701-d029-4058-96f7-cf82e2cf1bd6	444017d5-e022-4c5f-ac07-ea0d51f4609b	Air Conditioning	wind	room	t	t	10	2026-05-05 08:16:36.984+00	2026-05-05 08:16:36.984+00
2dd34d37-746e-470b-b3d0-b5251ed060a0	444017d5-e022-4c5f-ac07-ea0d51f4609b	Flat-screen TV	tv	room	t	t	11	2026-05-05 08:16:36.984+00	2026-05-05 08:16:36.984+00
7e334470-f8d0-457e-8e4f-09fff5aeeeab	444017d5-e022-4c5f-ac07-ea0d51f4609b	Minibar	wine	room	t	t	12	2026-05-05 08:16:36.984+00	2026-05-05 08:16:36.984+00
5f313cdd-e8f5-42f4-96ec-0a78f24ddc01	444017d5-e022-4c5f-ac07-ea0d51f4609b	In-room Safe	shield	room	t	t	13	2026-05-05 08:16:36.984+00	2026-05-05 08:16:36.984+00
04e5cb42-2bc9-4f2b-b2eb-945beefe8163	444017d5-e022-4c5f-ac07-ea0d51f4609b	Work Desk	briefcase	room	t	t	14	2026-05-05 08:16:36.984+00	2026-05-05 08:16:36.984+00
9417155c-f809-4996-9b53-0a3237f0a1ce	444017d5-e022-4c5f-ac07-ea0d51f4609b	Sofa	sofa	room	f	t	15	2026-05-05 08:16:36.984+00	2026-05-05 08:16:36.984+00
c172e7e3-bf9d-4714-8b9a-8ddbf0799ea2	444017d5-e022-4c5f-ac07-ea0d51f4609b	Coffee Machine	coffee	room	t	t	16	2026-05-05 08:16:36.984+00	2026-05-05 08:16:36.984+00
e8aa3d73-66b5-4db8-9d1f-82432e7bfaf8	444017d5-e022-4c5f-ac07-ea0d51f4609b	Tea Maker	coffee	room	f	t	17	2026-05-05 08:16:36.984+00	2026-05-05 08:16:36.984+00
8c9f1605-cb43-4f3f-a2c9-897603ad6f07	444017d5-e022-4c5f-ac07-ea0d51f4609b	Iron & Ironing Board	shirt	room	t	t	18	2026-05-05 08:16:36.984+00	2026-05-05 08:16:36.984+00
a52698d3-d4f9-4450-805e-1b1d6a451a3e	444017d5-e022-4c5f-ac07-ea0d51f4609b	Mini Fridge	refrigerator	room	f	t	19	2026-05-05 08:16:36.984+00	2026-05-05 08:16:36.984+00
e74825ca-0dc1-49bc-9285-6cca9787b522	444017d5-e022-4c5f-ac07-ea0d51f4609b	King Bed	bed-double	room	t	t	20	2026-05-05 08:16:36.984+00	2026-05-05 08:16:36.984+00
df38285c-d75a-4af0-b5bf-d17b462d4c00	444017d5-e022-4c5f-ac07-ea0d51f4609b	Twin Beds	bed	room	f	t	21	2026-05-05 08:16:36.984+00	2026-05-05 08:16:36.984+00
e518d8dc-a106-4f15-8000-f6840b633c91	444017d5-e022-4c5f-ac07-ea0d51f4609b	Sitting Area	sofa	room	f	t	22	2026-05-05 08:16:36.984+00	2026-05-05 08:16:36.984+00
8d40efba-de68-4e4e-9190-299538c8fb6b	444017d5-e022-4c5f-ac07-ea0d51f4609b	Balcony	door-open	room	f	t	23	2026-05-05 08:16:36.984+00	2026-05-05 08:16:36.984+00
5598b9a3-444e-4839-9eaa-c518eb04b30f	444017d5-e022-4c5f-ac07-ea0d51f4609b	Telephone	phone	room	t	t	24	2026-05-05 08:16:36.984+00	2026-05-05 08:16:36.984+00
96cd049f-7a54-4bfc-9915-0ad5b4a81215	444017d5-e022-4c5f-ac07-ea0d51f4609b	Blackout Curtains	eye-off	room	f	t	25	2026-05-05 08:16:36.984+00	2026-05-05 08:16:36.984+00
4b386955-6076-4a85-b13a-ff751a29ea33	444017d5-e022-4c5f-ac07-ea0d51f4609b	Bathtub	bath	bathroom	t	t	30	2026-05-05 08:16:36.984+00	2026-05-05 08:16:36.984+00
78a55c50-1328-4b9e-b5e4-ed6080eff481	444017d5-e022-4c5f-ac07-ea0d51f4609b	Rain Shower	droplets	bathroom	t	t	31	2026-05-05 08:16:36.984+00	2026-05-05 08:16:36.984+00
472a0f12-febf-43df-adb3-51eb1aa4dea7	444017d5-e022-4c5f-ac07-ea0d51f4609b	Hair Dryer	scissors	bathroom	t	t	32	2026-05-05 08:16:36.984+00	2026-05-05 08:16:36.984+00
422aaa14-0df2-4cae-9f94-4c109b7b6eae	444017d5-e022-4c5f-ac07-ea0d51f4609b	Toiletries	droplet	bathroom	t	t	33	2026-05-05 08:16:36.984+00	2026-05-05 08:16:36.984+00
f664fd15-750f-48f0-853f-497d75ee22c6	444017d5-e022-4c5f-ac07-ea0d51f4609b	Bathrobe	shirt	bathroom	f	t	34	2026-05-05 08:16:36.984+00	2026-05-05 08:16:36.984+00
d8c3ea76-26c4-4b86-9252-4d9885b450fb	444017d5-e022-4c5f-ac07-ea0d51f4609b	Slippers	footprints	bathroom	f	t	35	2026-05-05 08:16:36.984+00	2026-05-05 08:16:36.984+00
d831219d-a472-4dc6-b82d-d234ee74d800	444017d5-e022-4c5f-ac07-ea0d51f4609b	Hot Water	flame	bathroom	t	t	36	2026-05-05 08:16:36.984+00	2026-05-05 08:16:36.984+00
8c19b58e-8736-40aa-a624-2f2bb14bb173	444017d5-e022-4c5f-ac07-ea0d51f4609b	Bidet	droplets	bathroom	f	t	37	2026-05-05 08:16:36.984+00	2026-05-05 08:16:36.984+00
6160717f-b3e6-4fef-b8d7-2184ac8e5084	444017d5-e022-4c5f-ac07-ea0d51f4609b	Sea View	waves	view	f	t	40	2026-05-05 08:16:36.984+00	2026-05-05 08:16:36.984+00
ba217fcc-e3b1-47cd-a36a-1d8f9ffa5c24	444017d5-e022-4c5f-ac07-ea0d51f4609b	Mountain View	mountain	view	f	t	41	2026-05-05 08:16:36.984+00	2026-05-05 08:16:36.984+00
10b539d4-b067-47b3-bff0-dbcae4ca7505	444017d5-e022-4c5f-ac07-ea0d51f4609b	City View	building	view	f	t	42	2026-05-05 08:16:36.984+00	2026-05-05 08:16:36.984+00
a9657754-013c-42e2-9b25-3aa87b86a1ea	444017d5-e022-4c5f-ac07-ea0d51f4609b	Garden View	trees	view	f	t	43	2026-05-05 08:16:36.984+00	2026-05-05 08:16:36.984+00
04a2e2fb-c3f2-4707-b55c-aa18a010f225	444017d5-e022-4c5f-ac07-ea0d51f4609b	Pool View	waves	view	f	t	44	2026-05-05 08:16:36.984+00	2026-05-05 08:16:36.984+00
61a939b8-a14e-4581-a7f3-1f079d6c304d	444017d5-e022-4c5f-ac07-ea0d51f4609b	Lake View	droplets	view	f	t	45	2026-05-05 08:16:36.984+00	2026-05-05 08:16:36.984+00
a9c44bc3-57e0-4bd6-b9c2-6bb53862998f	444017d5-e022-4c5f-ac07-ea0d51f4609b	Room Service	utensils	services	t	t	50	2026-05-05 08:16:36.984+00	2026-05-05 08:16:36.984+00
4ed3fa86-4f5b-4d2c-8293-50b9acc15398	444017d5-e022-4c5f-ac07-ea0d51f4609b	Housekeeping	sparkles	services	t	t	51	2026-05-05 08:16:36.984+00	2026-05-05 08:16:36.984+00
5c61c17c-7bdd-46f1-a4ed-ef7ed51f73f7	444017d5-e022-4c5f-ac07-ea0d51f4609b	Laundry Service	shirt	services	f	t	52	2026-05-05 08:16:36.984+00	2026-05-05 08:16:36.984+00
33e0ad7a-0d47-48eb-8277-c395736b97c6	444017d5-e022-4c5f-ac07-ea0d51f4609b	Wake-up Call	alarm-clock	services	t	t	53	2026-05-05 08:16:36.984+00	2026-05-05 08:16:36.984+00
03f186ee-6d54-465f-9a7b-93b6a508d284	444017d5-e022-4c5f-ac07-ea0d51f4609b	Spa Access	heart	services	f	t	54	2026-05-05 08:16:36.984+00	2026-05-05 08:16:36.984+00
a00dd758-b8a7-41ad-9ad0-c1431e88c6c0	444017d5-e022-4c5f-ac07-ea0d51f4609b	Gym Access	dumbbell	services	f	t	55	2026-05-05 08:16:36.984+00	2026-05-05 08:16:36.984+00
ac773ceb-bc42-42b6-b8e1-600f6359eb5c	444017d5-e022-4c5f-ac07-ea0d51f4609b	Pool Access	waves	services	f	t	56	2026-05-05 08:16:36.984+00	2026-05-05 08:16:36.984+00
6b60dbad-007f-41f8-9e08-25ae648278ab	444017d5-e022-4c5f-ac07-ea0d51f4609b	Breakfast Included	sunrise	services	f	t	57	2026-05-05 08:16:36.984+00	2026-05-05 08:16:36.984+00
f90ceede-1eb6-4854-b4e3-90a1794c33b3	444017d5-e022-4c5f-ac07-ea0d51f4609b	Pet Friendly	paw-print	services	f	t	58	2026-05-05 08:16:36.984+00	2026-05-05 08:16:36.984+00
\.


--
-- TOC entry 7982 (class 0 OID 16637)
-- Dependencies: 223
-- Data for Name: Asset; Type: TABLE DATA; Schema: public; Owner: -
--

COPY public."Asset" (id, "tenantId", "propertyId", name, category, description, "roomId", location, "purchasePrice", "purchaseDate", "currentValue", "warrantyExpiry", "warrantyProvider", "lastMaintenanceAt", "nextMaintenanceAt", "maintenanceIntervalDays", status, "serialNumber", "modelNumber", manufacturer, "conditionScore", "createdAt", "updatedAt", "deletedAt") FROM stdin;
38d4513a-0909-4dd4-875b-b705b42faa85	444017d5-e022-4c5f-ac07-ea0d51f4609b	281fde73-7836-4511-b644-91f3663d8fcd	Industrial Vacuum Cleaner	cleaning_equipment	Commercial grade vacuum for corridors	\N	Storage Room B1	25000	2024-01-15 00:00:00+00	22000	2026-01-15 00:00:00+00	CleanMax India	\N	2026-05-20 08:16:37.626+00	90	active	VC-2024-001	\N	CleanMax	8	2026-05-05 08:16:37.627+00	2026-05-05 08:16:37.627+00	\N
dc70d4d5-5d0c-4710-b759-2816d5f172ff	444017d5-e022-4c5f-ac07-ea0d51f4609b	281fde73-7836-4511-b644-91f3663d8fcd	Floor Buffer/Polisher	cleaning_equipment	Heavy duty floor buffer for lobby and restaurant	\N	Storage Room B1	45000	2023-06-01 00:00:00+00	38000	\N	\N	\N	\N	60	active	FB-2023-001	\N	FloorTech	7	2026-05-05 08:16:37.627+00	2026-05-05 08:16:37.627+00	\N
128879cf-44bf-4c01-ac7f-ebc13b6873c4	444017d5-e022-4c5f-ac07-ea0d51f4609b	281fde73-7836-4511-b644-91f3663d8fcd	HVAC Unit - Main Building	hvac	Central AC unit serving floors 1-4	\N	\N	500000	\N	\N	\N	\N	\N	\N	180	active	\N	\N	Carrier	9	2026-05-05 08:16:37.627+00	2026-05-05 08:16:37.627+00	\N
6f507374-c231-408c-aba6-9d3f59bb9961	444017d5-e022-4c5f-ac07-ea0d51f4609b	281fde73-7836-4511-b644-91f3663d8fcd	Linen Cart Set	furniture	Set of 5 rolling linen carts	\N	\N	35000	2024-03-10 00:00:00+00	\N	\N	\N	\N	\N	\N	active	\N	\N	\N	6	2026-05-05 08:16:37.627+00	2026-05-05 08:16:37.627+00	\N
ef726de3-946b-4130-b613-50d15d689707	444017d5-e022-4c5f-ac07-ea0d51f4609b	281fde73-7836-4511-b644-91f3663d8fcd	Guest Laundry Machines	laundry	2 commercial washers + 2 dryers	\N	Laundry Room B2	180000	\N	\N	\N	\N	\N	2026-04-30 08:16:37.626+00	90	maintenance	\N	\N	Electrolux	5	2026-05-05 08:16:37.627+00	2026-05-05 08:16:37.627+00	\N
\.


--
-- TOC entry 7983 (class 0 OID 16646)
-- Dependencies: 224
-- Data for Name: AuditLog; Type: TABLE DATA; Schema: public; Owner: -
--

COPY public."AuditLog" (id, "tenantId", "userId", module, action, "entityType", "entityId", "oldValue", "newValue", "ipAddress", "userAgent", "correlationId", "createdAt") FROM stdin;
d5800b87-8286-4856-bf3b-1943644c357f	444017d5-e022-4c5f-ac07-ea0d51f4609b	b763e2df-7bf1-4de8-94f8-97a1f1e7a0ec	auth	login	User	b763e2df-7bf1-4de8-94f8-97a1f1e7a0ec	\N	{"email":"admin@royalstay.in"}	192.168.1.100	Mozilla/5.0 (Windows NT 10.0; Win64; x64)	\N	2026-04-27 08:16:37.942+00
e12b99b4-5e7e-4364-8082-2a087267f4fb	444017d5-e022-4c5f-ac07-ea0d51f4609b	b763e2df-7bf1-4de8-94f8-97a1f1e7a0ec	bookings	booking_create	Booking	b544cc77-46a6-4e53-921e-50db663eb482	\N	{"confirmationCode":"RS-2024-001","guestId":"cb127462-1b96-4e37-8f78-65bbd0493ee1","roomId":"3330f9c6-2345-4db5-bc7f-4a8ca55afb8b"}	192.168.1.100	Mozilla/5.0 (Windows NT 10.0; Win64; x64)	\N	2026-04-28 08:16:37.942+00
87a4713b-91da-48d6-9215-3d0e9901c8db	444017d5-e022-4c5f-ac07-ea0d51f4609b	b763e2df-7bf1-4de8-94f8-97a1f1e7a0ec	billing	payment_received	Payment	c5c45224-4b94-4684-b5e5-7ae81c90d63d	\N	{"amount":17990,"currency":"INR","method":"credit_card","status":"completed"}	192.168.1.100	Mozilla/5.0 (Windows NT 10.0; Win64; x64)	\N	2026-05-03 08:16:37.942+00
7d3a7110-89e2-4bb0-a28e-1ba9d701b7de	444017d5-e022-4c5f-ac07-ea0d51f4609b	b763e2df-7bf1-4de8-94f8-97a1f1e7a0ec	frontdesk	guest_checkin	Booking	b544cc77-46a6-4e53-921e-50db663eb482	{"status":"confirmed"}	{"status":"checked_in","actualCheckIn":"2026-05-03T08:16:37.942Z"}	192.168.1.100	Mozilla/5.0 (Windows NT 10.0; Win64; x64)	08bce231-bb08-4892-8b2d-5d810e991be6	2026-05-03 08:16:37.942+00
0bda3111-0d08-431c-9852-f9eef1fa2c3b	444017d5-e022-4c5f-ac07-ea0d51f4609b	b763e2df-7bf1-4de8-94f8-97a1f1e7a0ec	settings	settings_update	Property	281fde73-7836-4511-b644-91f3663d8fcd	{"checkInTime":"13:00","checkOutTime":"12:00"}	{"checkInTime":"14:00","checkOutTime":"11:00"}	192.168.1.100	Mozilla/5.0 (Windows NT 10.0; Win64; x64)	\N	2026-04-25 08:16:37.942+00
811a5098-466c-4c05-a71c-e8a568589d9b	444017d5-e022-4c5f-ac07-ea0d51f4609b	b763e2df-7bf1-4de8-94f8-97a1f1e7a0ec	auth	login	session	b763e2df-7bf1-4de8-94f8-97a1f1e7a0ec	\N	{"email":"admin@royalstay.in","roleName":"admin","tenantName":"Royal Stay Hotels"}	21.0.0.1	Mozilla/5.0 (Windows NT 10.0; Win64; x64) AppleWebKit/537.36 (KHTML, like Gecko) Chrome/147.0.0.0 Safari/537.36	\N	2026-05-05 08:18:15.826+00
\.


--
-- TOC entry 7986 (class 0 OID 16670)
-- Dependencies: 227
-- Data for Name: AutomationExecutionLog; Type: TABLE DATA; Schema: public; Owner: -
--

COPY public."AutomationExecutionLog" (id, "ruleId", "triggerData", status, "errorMessage", "actionsResult", "executedAt") FROM stdin;
\.


--
-- TOC entry 7987 (class 0 OID 16678)
-- Dependencies: 228
-- Data for Name: AutomationRule; Type: TABLE DATA; Schema: public; Owner: -
--

COPY public."AutomationRule" (id, "tenantId", name, description, "triggerEvent", "triggerConditions", actions, "isActive", "executionCount", "lastExecutedAt", "createdAt", "updatedAt") FROM stdin;
9506d5fe-72c8-40ba-ae9c-32a6c371bff4	444017d5-e022-4c5f-ac07-ea0d51f4609b	Auto Check-in Reminder	Automatically sends a check-in reminder email/SMS 24 hours before guest arrival	checkin_reminder	{"hoursBeforeCheckin":24,"channels":["email","sms"]}	[{"type":"send_notification","templateId":"ntmpl-2","channel":"email"},{"type":"send_notification","templateId":"ntmpl-2","channel":"sms"}]	t	0	\N	2026-05-05 08:16:37.952+00	2026-05-05 08:16:37.952+00
979531c1-d447-4d65-bf0e-c703812cfb4d	444017d5-e022-4c5f-ac07-ea0d51f4609b	Auto Review Request	Sends a review request email 24 hours after guest checkout	review_request	{"hoursAfterCheckout":24}	[{"type":"send_notification","templateId":"ntmpl-4","channel":"email"}]	t	0	\N	2026-05-05 08:16:37.952+00	2026-05-05 08:16:37.952+00
19e017ea-1cd1-4d2f-983b-74ab03c1f208	444017d5-e022-4c5f-ac07-ea0d51f4609b	Auto Room Status Update	Automatically sets room status to "cleaning" after guest checkout	status_change	{"fromStatus":"occupied","toStatus":"cleaning","trigger":"checkout"}	[{"type":"update_room_status","field":"housekeepingStatus","value":"cleaning"},{"type":"create_task","taskType":"housekeeping","priority":"high"}]	t	0	\N	2026-05-05 08:16:37.952+00	2026-05-05 08:16:37.952+00
\.


--
-- TOC entry 7988 (class 0 OID 16688)
-- Dependencies: 229
-- Data for Name: BandwidthPolicy; Type: TABLE DATA; Schema: public; Owner: -
--

COPY public."BandwidthPolicy" (id, "tenantId", "propertyId", name, "downloadKbps", "uploadKbps", "burstDownloadKbps", "burstUploadKbps", priority, "planId", description, enabled, "createdAt", "updatedAt") FROM stdin;
62307af3-e904-4ad6-9cca-fde1cbf7b46f	444017d5-e022-4c5f-ac07-ea0d51f4609b	281fde73-7836-4511-b644-91f3663d8fcd	Free Tier	2048	1024	4096	2048	8	c80731b1-952f-45c0-b6e5-9cb77deb2590	Basic bandwidth for free WiFi users	t	2026-05-05 08:16:37.913+00	2026-05-05 08:16:37.913+00
2c13eaf5-08f3-49e3-922b-2e94c9f0ae84	444017d5-e022-4c5f-ac07-ea0d51f4609b	281fde73-7836-4511-b644-91f3663d8fcd	Standard Tier	25600	10240	51200	20480	5	40486b74-cf4c-4f9e-82c8-d7621f36116c	Standard bandwidth for paid WiFi plans	t	2026-05-05 08:16:37.913+00	2026-05-05 08:16:37.913+00
47056f0c-597c-4aa2-9809-4b506268e4fd	444017d5-e022-4c5f-ac07-ea0d51f4609b	281fde73-7836-4511-b644-91f3663d8fcd	Premium Tier	51200	25600	102400	51200	2	418b8a64-88c1-4529-a68f-e153bb92f224	Premium bandwidth for VIP and business users	t	2026-05-05 08:16:37.913+00	2026-05-05 08:16:37.913+00
\.


--
-- TOC entry 7989 (class 0 OID 16700)
-- Dependencies: 230
-- Data for Name: BandwidthPolicyDetail; Type: TABLE DATA; Schema: public; Owner: -
--

COPY public."BandwidthPolicyDetail" (id, "tenantId", "bandwidthPolicyId", "scheduleAccessId", "downloadLimitBps", "uploadLimitBps", "guaranteedDownBps", "guaranteedUpBps", "burstTimeSeconds", "burstThresholdBytes", "burstUpTimeSeconds", "burstUpThresholdBytes", "contentionRatio", priority, "isEnabled", "createdAt", "updatedAt") FROM stdin;
\.


--
-- TOC entry 7990 (class 0 OID 16717)
-- Dependencies: 231
-- Data for Name: BandwidthPool; Type: TABLE DATA; Schema: public; Owner: -
--

COPY public."BandwidthPool" (id, "tenantId", "propertyId", name, subnet, "vlanId", "totalDownloadKbps", "totalUploadKbps", "perUserDownloadKbps", "perUserUploadKbps", enabled, "createdAt", "updatedAt") FROM stdin;
bc463742-e631-4900-9395-cc7bac36b33a	444017d5-e022-4c5f-ac07-ea0d51f4609b	281fde73-7836-4511-b644-91f3663d8fcd	Guest Pool	192.168.10.0/24	10	200000	100000	51200	25600	t	2026-05-05 08:16:37.914+00	2026-05-05 08:16:37.914+00
0619daeb-650e-4fb7-bcb5-05246f121bf9	444017d5-e022-4c5f-ac07-ea0d51f4609b	281fde73-7836-4511-b644-91f3663d8fcd	Staff Pool	192.168.20.0/24	20	100000	50000	25600	10240	t	2026-05-05 08:16:37.914+00	2026-05-05 08:16:37.914+00
\.


--
-- TOC entry 7991 (class 0 OID 16728)
-- Dependencies: 232
-- Data for Name: BandwidthTopup; Type: TABLE DATA; Schema: public; Owner: -
--

COPY public."BandwidthTopup" (id, "tenantId", "propertyId", name, description, "allottedUploadMb", "allottedDownloadMb", "allottedTotalMb", "applicableType", "bandwidthPolicyId", price, currency, "validityMinutes", enabled, "createdAt", "updatedAt") FROM stdin;
\.


--
-- TOC entry 7992 (class 0 OID 16744)
-- Dependencies: 233
-- Data for Name: BandwidthUsageDaily; Type: TABLE DATA; Schema: public; Owner: -
--

COPY public."BandwidthUsageDaily" (id, "tenantId", "propertyId", date, "totalDownloadMb", "totalUploadMb", "uniqueUsers", "peakUsers", "peakTime", "createdAt", "updatedAt") FROM stdin;
34ce607c-e918-4d1c-831f-a31ba57b7aa0	444017d5-e022-4c5f-ac07-ea0d51f4609b	281fde73-7836-4511-b644-91f3663d8fcd	2026-04-29 08:16:37.838+00	125000.5	42000.3	45	38	20:00	2026-05-05 08:16:37.915+00	2026-05-05 08:16:37.915+00
6f2d396c-ca03-4119-9a79-f6a1d465f4fe	444017d5-e022-4c5f-ac07-ea0d51f4609b	281fde73-7836-4511-b644-91f3663d8fcd	2026-04-30 08:16:37.838+00	132000.7	45000.1	52	44	21:00	2026-05-05 08:16:37.915+00	2026-05-05 08:16:37.915+00
89f7c06a-8f5c-4d4d-9952-34f215b9fa93	444017d5-e022-4c5f-ac07-ea0d51f4609b	281fde73-7836-4511-b644-91f3663d8fcd	2026-05-01 08:16:37.838+00	98000.2	33000.8	38	32	19:00	2026-05-05 08:16:37.915+00	2026-05-05 08:16:37.915+00
f690e510-2b24-4946-ab80-88ed9280a969	444017d5-e022-4c5f-ac07-ea0d51f4609b	281fde73-7836-4511-b644-91f3663d8fcd	2026-05-02 08:16:37.838+00	145000.9	51000.5	58	49	22:00	2026-05-05 08:16:37.915+00	2026-05-05 08:16:37.915+00
a1f04e2d-aee9-4af7-a07e-9bf9b9ff223b	444017d5-e022-4c5f-ac07-ea0d51f4609b	281fde73-7836-4511-b644-91f3663d8fcd	2026-05-03 08:16:37.838+00	158000.3	55000.2	63	54	20:00	2026-05-05 08:16:37.915+00	2026-05-05 08:16:37.915+00
4cd2a305-1985-4178-b6fd-1367c721d514	444017d5-e022-4c5f-ac07-ea0d51f4609b	281fde73-7836-4511-b644-91f3663d8fcd	2026-05-04 08:16:37.838+00	141000.6	48000.7	55	47	21:00	2026-05-05 08:16:37.915+00	2026-05-05 08:16:37.915+00
d7d3a327-bc9d-41f6-8bd5-110fbf275844	444017d5-e022-4c5f-ac07-ea0d51f4609b	281fde73-7836-4511-b644-91f3663d8fcd	2026-05-05 08:16:37.838+00	89000.4	30000.9	35	28	10:00	2026-05-05 08:16:37.915+00	2026-05-05 08:16:37.915+00
\.


--
-- TOC entry 7993 (class 0 OID 16756)
-- Dependencies: 234
-- Data for Name: BandwidthUsageSession; Type: TABLE DATA; Schema: public; Owner: -
--

COPY public."BandwidthUsageSession" (id, "tenantId", "propertyId", "sessionId", username, "ipAddress", "macAddress", "planId", "policyId", "downloadBytes", "uploadBytes", "durationSeconds", "startedAt", "endedAt") FROM stdin;
\.


--
-- TOC entry 7994 (class 0 OID 16767)
-- Dependencies: 235
-- Data for Name: BankAccount; Type: TABLE DATA; Schema: public; Owner: -
--

COPY public."BankAccount" (id, "tenantId", "propertyId", "accountName", "accountNumber", "bankName", "bankCode", "accountType", currency, "openingBalance", "currentBalance", "lastReconciledAt", "lastStatementDate", status, "isDefault", notes, "createdAt", "updatedAt", "deletedAt") FROM stdin;
b5ea5c1c-7715-4eaf-b2a0-2a5bb798601c	444017d5-e022-4c5f-ac07-ea0d51f4609b	281fde73-7836-4511-b644-91f3663d8fcd	Royal Stay Kolkata - Operations	****1234	State Bank of India	SBIN0001234	checking	INR	500000	1245000	2026-05-03 08:16:37.6+00	\N	active	t	\N	2026-05-05 08:16:37.703+00	2026-05-05 08:16:37.703+00	\N
69e52531-24da-483d-ac50-4e7bdf0b1480	444017d5-e022-4c5f-ac07-ea0d51f4609b	281fde73-7836-4511-b644-91f3663d8fcd	Royal Stay Kolkata - Escrow	****5678	HDFC Bank	HDFC0005678	savings	INR	250000	680000	2026-04-30 08:16:37.6+00	\N	active	f	\N	2026-05-05 08:16:37.703+00	2026-05-05 08:16:37.703+00	\N
f2d4d004-56a7-4bd8-b66f-1bdfd9fd4265	444017d5-e022-4c5f-ac07-ea0d51f4609b	281fde73-7836-4511-b644-91f3663d8fcd	Royal Stay Kolkata - Tax	****9012	ICICI Bank	ICIC0009012	checking	INR	100000	245000	\N	\N	active	f	\N	2026-05-05 08:16:37.703+00	2026-05-05 08:16:37.703+00	\N
\.


--
-- TOC entry 7995 (class 0 OID 16781)
-- Dependencies: 236
-- Data for Name: BankTransaction; Type: TABLE DATA; Schema: public; Owner: -
--

COPY public."BankTransaction" (id, "tenantId", "bankAccountId", "transactionDate", "valueDate", "transactionType", amount, currency, balance, description, reference, "chequeNumber", "payeeName", "payeeAccount", category, "subCategory", "isReconciled", "reconciledAt", "importSource", "importBatchId", "rawLine", notes, "createdAt", "updatedAt", "deletedAt") FROM stdin;
4389d8d8-298b-4901-94f4-4c0420a57971	444017d5-e022-4c5f-ac07-ea0d51f4609b	b5ea5c1c-7715-4eaf-b2a0-2a5bb798601c	2026-04-28 08:16:37.6+00	\N	credit	55000	INR	1190000	Booking.com payout - batch #4521	BDC-4521	\N	Booking.com	\N	channel_payout	\N	t	\N	manual	\N	\N	\N	2026-05-05 08:16:37.705+00	2026-05-05 08:16:37.705+00	\N
9b5402e7-6780-419c-9d72-0085f7ff3bd0	444017d5-e022-4c5f-ac07-ea0d51f4609b	b5ea5c1c-7715-4eaf-b2a0-2a5bb798601c	2026-04-29 08:16:37.6+00	\N	credit	17990	INR	1207990	Guest payment - Amit Mukherjee - RS-2024-001	\N	\N	Amit Mukherjee	\N	guest_payment	\N	t	\N	manual	\N	\N	\N	2026-05-05 08:16:37.705+00	2026-05-05 08:16:37.705+00	\N
256b0ebb-b778-44a8-bf55-b33541cbf9be	444017d5-e022-4c5f-ac07-ea0d51f4609b	b5ea5c1c-7715-4eaf-b2a0-2a5bb798601c	2026-04-30 08:16:37.6+00	\N	debit	45000	INR	1162990	Vendor payment - Premium Linen Supply	\N	\N	Premium Linen Supply	\N	vendor_payment	\N	t	\N	manual	\N	\N	\N	2026-05-05 08:16:37.705+00	2026-05-05 08:16:37.705+00	\N
388ccedc-77d4-46c5-b3e3-c4e730e71469	444017d5-e022-4c5f-ac07-ea0d51f4609b	b5ea5c1c-7715-4eaf-b2a0-2a5bb798601c	2026-05-01 08:16:37.6+00	\N	credit	113800	INR	1276790	Direct booking payment - Vikram Singh - RS-2024-004	\N	\N	Vikram Singh	\N	guest_payment	\N	t	\N	manual	\N	\N	\N	2026-05-05 08:16:37.705+00	2026-05-05 08:16:37.705+00	\N
bb7f1a5f-c487-436e-a726-17334fbc9219	444017d5-e022-4c5f-ac07-ea0d51f4609b	b5ea5c1c-7715-4eaf-b2a0-2a5bb798601c	2026-05-02 08:16:37.6+00	\N	debit	32000	INR	1244790	GST tax payment - Q3 advance	\N	\N	\N	\N	tax_payment	\N	t	\N	manual	\N	\N	\N	2026-05-05 08:16:37.705+00	2026-05-05 08:16:37.705+00	\N
ea601f85-5cda-41c6-b8a5-5a702b7aeb8e	444017d5-e022-4c5f-ac07-ea0d51f4609b	b5ea5c1c-7715-4eaf-b2a0-2a5bb798601c	2026-05-03 08:16:37.6+00	\N	credit	53160	INR	1297950	Guest payment - Rahul Banerjee - RS-2024-002	\N	\N	Rahul Banerjee	\N	guest_payment	\N	f	\N	manual	\N	\N	\N	2026-05-05 08:16:37.705+00	2026-05-05 08:16:37.705+00	\N
caec14f1-447a-4a6b-912d-c8e024e60324	444017d5-e022-4c5f-ac07-ea0d51f4609b	b5ea5c1c-7715-4eaf-b2a0-2a5bb798601c	2026-05-04 08:16:37.6+00	\N	debit	52000	INR	1245950	Monthly salary payouts - staff	\N	\N	\N	\N	payroll	\N	f	\N	csv	\N	\N	\N	2026-05-05 08:16:37.705+00	2026-05-05 08:16:37.705+00	\N
64a9fdbe-2c7a-4d10-8815-15a4e582fb46	444017d5-e022-4c5f-ac07-ea0d51f4609b	69e52531-24da-483d-ac50-4e7bdf0b1480	2026-05-02 08:16:37.6+00	\N	credit	180000	INR	680000	Expedia payout - batch #887	EXP-887	\N	Expedia	\N	channel_payout	\N	t	\N	manual	\N	\N	\N	2026-05-05 08:16:37.705+00	2026-05-05 08:16:37.705+00	\N
c3942a7d-bda2-4675-9b6c-30180f087040	444017d5-e022-4c5f-ac07-ea0d51f4609b	69e52531-24da-483d-ac50-4e7bdf0b1480	2026-05-04 08:16:37.6+00	\N	credit	23490	INR	703490	Airbnb payout - batch #1205	AIR-1205	\N	Airbnb	\N	channel_payout	\N	f	\N	api	\N	\N	\N	2026-05-05 08:16:37.705+00	2026-05-05 08:16:37.705+00	\N
7b185e87-fc84-4923-9095-cbc13f30af05	444017d5-e022-4c5f-ac07-ea0d51f4609b	f2d4d004-56a7-4bd8-b66f-1bdfd9fd4265	2026-04-30 08:16:37.6+00	\N	credit	45000	INR	245000	GST collected from guests - partial remittance	\N	\N	\N	\N	tax_collection	\N	t	\N	manual	\N	\N	\N	2026-05-05 08:16:37.705+00	2026-05-05 08:16:37.705+00	\N
\.


--
-- TOC entry 7996 (class 0 OID 16792)
-- Dependencies: 237
-- Data for Name: BondConfig; Type: TABLE DATA; Schema: public; Owner: -
--

COPY public."BondConfig" (id, "tenantId", "propertyId", name, mode, miimon, "lacpRate", "primaryMember", enabled, "createdAt", "updatedAt") FROM stdin;
78fe9ac1-1a80-4c2c-87f2-a22c580bc254	444017d5-e022-4c5f-ac07-ea0d51f4609b	281fde73-7836-4511-b644-91f3663d8fcd	bond0	802.3ad	100	slow	b13cfcc5-4e94-4245-8a5f-082eac4a7b01	t	2026-05-05 08:16:37.881+00	2026-05-05 08:16:37.881+00
\.


--
-- TOC entry 7997 (class 0 OID 16804)
-- Dependencies: 238
-- Data for Name: BondMember; Type: TABLE DATA; Schema: public; Owner: -
--

COPY public."BondMember" (id, "bondConfigId", "interfaceId", priority, "createdAt") FROM stdin;
33d1067c-316c-4f1a-9417-d4edf24a1297	78fe9ac1-1a80-4c2c-87f2-a22c580bc254	b13cfcc5-4e94-4245-8a5f-082eac4a7b01	1	2026-05-05 08:16:37.882+00
5d915a53-4902-4b9a-95c0-7b04c9a34751	78fe9ac1-1a80-4c2c-87f2-a22c580bc254	45817e65-6245-490f-835a-0b88269549fd	2	2026-05-05 08:16:37.882+00
\.


--
-- TOC entry 7998 (class 0 OID 16811)
-- Dependencies: 239
-- Data for Name: Booking; Type: TABLE DATA; Schema: public; Owner: -
--

COPY public."Booking" (id, "tenantId", "propertyId", "confirmationCode", "externalRef", "primaryGuestId", "roomId", "roomTypeId", "checkIn", "checkOut", adults, children, infants, "roomRate", taxes, fees, discount, "totalAmount", currency, "ratePlanId", "promoCode", source, "channelId", status, "actualCheckIn", "actualCheckOut", "checkedInBy", "checkedOutBy", "cancelledAt", "cancelledBy", "cancellationReason", "specialRequests", notes, "internalNotes", "groupId", "isGroupLeader", "preArrivalSent", "preArrivalCompleted", "preArrivalLink", "preArrivalExpires", "kycRequired", "kycCompleted", "kycStatus", "portalToken", "portalTokenExpires", "eSignature", "eSignedAt", preferences, "idempotencyKey", "createdAt", "updatedAt", "deletedAt") FROM stdin;
b544cc77-46a6-4e53-921e-50db663eb482	444017d5-e022-4c5f-ac07-ea0d51f4609b	281fde73-7836-4511-b644-91f3663d8fcd	RS-2024-001	\N	cb127462-1b96-4e37-8f78-65bbd0493ee1	3330f9c6-2345-4db5-bc7f-4a8ca55afb8b	1aac4388-0d87-43da-a0bf-984fe39e5bcf	2026-05-03 08:16:37.6+00	2026-05-06 08:16:37.6+00	2	0	0	5500	990	500	0	17990	INR	\N	\N	direct	\N	checked_in	2026-05-03 08:16:37.6+00	\N	\N	\N	\N	\N	\N	\N	\N	\N	\N	f	f	f	\N	\N	f	f	pending	\N	\N	\N	\N	{}	\N	2026-05-05 08:16:37.601+00	2026-05-05 08:16:37.601+00	\N
9b7a9397-91d2-4f9c-baf4-71123765747b	444017d5-e022-4c5f-ac07-ea0d51f4609b	281fde73-7836-4511-b644-91f3663d8fcd	RS-2024-002	\N	0dae0b8b-173a-4819-8a5e-7ff3be5c81d5	df952a5d-0ea8-49c6-9445-0de11983d19a	22f53ea5-00fb-4b29-9dc6-a7834cc6b481	2026-05-04 08:16:37.6+00	2026-05-08 08:16:37.6+00	2	1	0	12000	2160	1000	0	53160	INR	\N	\N	direct	\N	checked_in	2026-05-04 08:16:37.6+00	\N	\N	\N	\N	\N	\N	\N	\N	\N	\N	f	f	f	\N	\N	f	f	pending	\N	\N	\N	\N	{}	\N	2026-05-05 08:16:37.601+00	2026-05-05 08:16:37.601+00	\N
231b3af0-9522-447b-8135-8ec031dc66c1	444017d5-e022-4c5f-ac07-ea0d51f4609b	281fde73-7836-4511-b644-91f3663d8fcd	RS-2024-004	\N	df87b649-707f-402a-9198-75a06d22ed63	511c8197-5769-497c-9efc-293067ff0671	bd3a1ffd-24b8-4185-b350-6bdae97bc426	2026-05-05 08:16:37.6+00	2026-05-07 08:16:37.6+00	2	0	0	35000	6300	2500	0	113800	INR	\N	\N	direct	\N	confirmed	\N	\N	\N	\N	\N	\N	\N	\N	\N	\N	\N	f	f	f	\N	\N	f	f	pending	\N	\N	\N	\N	{}	\N	2026-05-05 08:16:37.601+00	2026-05-05 08:16:37.601+00	\N
ba31a39a-e127-49d8-b18d-29088b49ac6d	444017d5-e022-4c5f-ac07-ea0d51f4609b	281fde73-7836-4511-b644-91f3663d8fcd	RS-2024-005	\N	79877c7c-f915-4922-94a0-5d83df9e1d09	2bd9e3e1-07f2-4535-ab58-5868a167f183	4d5269a2-63ad-48e7-8683-4b0efca11567	2026-05-12 08:16:37.6+00	2026-05-15 08:16:37.6+00	1	0	0	3500	630	300	0	11430	INR	\N	\N	airbnb	\N	confirmed	\N	\N	\N	\N	\N	\N	\N	\N	\N	\N	\N	f	f	f	\N	\N	f	f	pending	\N	\N	\N	\N	{}	\N	2026-05-05 08:16:37.601+00	2026-05-05 08:16:37.601+00	\N
7e7c1dde-1748-45aa-aad9-fde8feacb222	444017d5-e022-4c5f-ac07-ea0d51f4609b	281fde73-7836-4511-b644-91f3663d8fcd	RS-2024-006	\N	18349da2-1713-42c0-bad9-67856cc58d26	fa963414-5906-466f-8247-c080508d3716	4d5269a2-63ad-48e7-8683-4b0efca11567	2026-05-02 08:16:37.6+00	2026-05-05 08:16:37.6+00	2	0	0	3500	630	300	0	11430	INR	\N	\N	direct	\N	checked_in	2026-05-02 08:16:37.6+00	\N	\N	\N	\N	\N	\N	\N	\N	\N	\N	f	f	f	\N	\N	f	f	pending	\N	\N	\N	\N	{}	\N	2026-05-05 08:16:37.601+00	2026-05-05 08:16:37.601+00	\N
a539a935-cba9-4ae3-a986-1a15727495b7	444017d5-e022-4c5f-ac07-ea0d51f4609b	281fde73-7836-4511-b644-91f3663d8fcd	RS-2024-003	\N	c5e15b10-5464-4323-87b6-41d1eb95c39a	ed3525fb-db41-4efe-bc14-f8d70265fcc5	1aac4388-0d87-43da-a0bf-984fe39e5bcf	2026-05-05 08:16:37.6+00	2026-05-09 08:16:37.6+00	2	1	0	5500	990	500	0	23490	INR	\N	\N	booking_com	\N	confirmed	\N	\N	\N	\N	\N	\N	\N	\N	\N	\N	edf3f97e-5389-40ce-9cc1-000508d9bf6a	t	f	f	\N	\N	f	f	pending	\N	\N	\N	\N	{}	\N	2026-05-05 08:16:37.601+00	2026-05-05 08:16:37.67+00	\N
\.


--
-- TOC entry 7999 (class 0 OID 16837)
-- Dependencies: 240
-- Data for Name: BookingAuditLog; Type: TABLE DATA; Schema: public; Owner: -
--

COPY public."BookingAuditLog" (id, "bookingId", action, "oldStatus", "newStatus", notes, "performedBy", "performedAt") FROM stdin;
a6ba8d0c-0d72-4996-ba92-8cc6cd40116c	b544cc77-46a6-4e53-921e-50db663eb482	created	\N	confirmed	Direct booking by guest Amit Mukherjee	user-2	2026-04-28 08:16:37.6+00
108f1aea-54ac-4ca5-b005-ac2cb1a0e967	b544cc77-46a6-4e53-921e-50db663eb482	modified	confirmed	confirmed	Room changed from 505 to 501 per guest request	user-2	2026-04-29 08:16:37.6+00
42ca7c85-6f6c-43fb-9993-130779a7894a	b544cc77-46a6-4e53-921e-50db663eb482	checked_in	confirmed	checked_in	Guest arrived at 2:15 PM. ID verified.	user-2	2026-05-03 08:16:37.6+00
cea91b57-96e8-4a4f-b7c5-ebb8c9e7c2db	9b7a9397-91d2-4f9c-baf4-71123765747b	created	\N	confirmed	Direct booking by VIP Platinum guest Rahul Banerjee	user-1	2026-04-30 08:16:37.6+00
14ef13a2-4808-457c-ab60-65ceab7a8b6b	9b7a9397-91d2-4f9c-baf4-71123765747b	checked_in	confirmed	checked_in	Guest checked in at 1:30 PM. VIP welcome amenity arranged.	user-1	2026-05-04 08:16:37.6+00
4a85aa36-d86a-401a-89d5-7a75035f398d	a539a935-cba9-4ae3-a986-1a15727495b7	created	\N	confirmed	Booking.com reservation. Auto-confirmed.	system	2026-05-01 08:16:37.6+00
856bf872-fa57-4df5-83b3-c9a85b02e6d2	a539a935-cba9-4ae3-a986-1a15727495b7	modified	confirmed	confirmed	Added to group booking TCS Annual Offsite 2024 (group-1)	user-1	2026-05-03 08:16:37.6+00
9fafb1f1-71d1-438e-9511-ae065ece14f8	231b3af0-9522-447b-8135-8ec031dc66c1	created	\N	confirmed	Direct booking by gold tier guest Vikram Singh. Presidential Suite requested.	user-1	2026-05-02 08:16:37.6+00
8fb0bc24-02a9-4fef-9dbe-f1065d3d8c17	ba31a39a-e127-49d8-b18d-29088b49ac6d	created	\N	confirmed	Airbnb reservation. Auto-confirmed.	system	2026-04-27 08:16:37.6+00
4faf07c0-a54b-4f2b-95a5-c81ffabf358c	7e7c1dde-1748-45aa-aad9-fde8feacb222	checked_in	confirmed	checked_in	Guest checked in at 3:00 PM. Room 305 assigned.	user-2	2026-05-02 08:16:37.6+00
\.


--
-- TOC entry 8000 (class 0 OID 16845)
-- Dependencies: 241
-- Data for Name: Brand; Type: TABLE DATA; Schema: public; Owner: -
--

COPY public."Brand" (id, "tenantId", name, code, description, logo, "primaryColor", "secondaryColor", standards, status, "createdAt", "updatedAt") FROM stdin;
b7a673f6-c9a2-481a-99ec-3562c9800b77	444017d5-e022-4c5f-ac07-ea0d51f4609b	Royal Stay	ROYAL_STAY	Royal Stay Hotels & Resorts — A premium Indian hospitality brand offering luxury accommodations across major cities and tourist destinations.	/brand/royal-stay-logo.png	#1a365d	#c05621	{"minStarRating":4,"checkInStandard":"14:00","checkOutStandard":"11:00","amenitiesRequired":["WiFi","AC","RoomService","DailyHousekeeping"],"brandingRequired":true}	active	2026-05-05 08:16:37.697+00	2026-05-05 08:16:37.697+00
\.


--
-- TOC entry 8001 (class 0 OID 16855)
-- Dependencies: 242
-- Data for Name: BridgeConfig; Type: TABLE DATA; Schema: public; Owner: -
--

COPY public."BridgeConfig" (id, "tenantId", "propertyId", name, "memberInterfaces", "stpEnabled", "forwardDelay", "helloTime", "maxAge", enabled, "createdAt", "updatedAt") FROM stdin;
09e97416-ea22-4d7f-aea2-66313693743e	444017d5-e022-4c5f-ac07-ea0d51f4609b	281fde73-7836-4511-b644-91f3663d8fcd	br0	["eth1","wlan0"]	t	15	2	20	t	2026-05-05 08:16:37.879+00	2026-05-05 08:16:37.879+00
c5088952-e12c-481e-a882-af538f4419bc	444017d5-e022-4c5f-ac07-ea0d51f4609b	281fde73-7836-4511-b644-91f3663d8fcd	br-guest	["eth1.10"]	f	15	2	20	t	2026-05-05 08:16:37.879+00	2026-05-05 08:16:37.879+00
\.


--
-- TOC entry 8002 (class 0 OID 16869)
-- Dependencies: 243
-- Data for Name: Camera; Type: TABLE DATA; Schema: public; Owner: -
--

COPY public."Camera" (id, "propertyId", "groupId", name, location, "streamUrl", "streamType", "isRecording", "recordingUrl", status, "posX", "posY", "createdAt", "updatedAt") FROM stdin;
87acea97-4ea9-4d94-80f2-d927cbb20aa5	281fde73-7836-4511-b644-91f3663d8fcd	6bbccb28-1442-4dc0-b057-997fbcceb1a8	Lobby Main	Main lobby entrance	\N	rtsp	f	\N	online	50	30	2026-05-05 08:16:37.746+00	2026-05-05 08:16:37.746+00
a999f9d5-1ad2-43d6-94f7-2ad480b8dcef	281fde73-7836-4511-b644-91f3663d8fcd	6bbccb28-1442-4dc0-b057-997fbcceb1a8	Reception Desk	Front desk area	\N	rtsp	f	\N	online	200	30	2026-05-05 08:16:37.746+00	2026-05-05 08:16:37.746+00
1f925a16-8c72-48e4-ad28-65509c33e9e5	281fde73-7836-4511-b644-91f3663d8fcd	ca91d4f4-aaf7-4cd0-b832-c1e1949271cd	Parking Gate	Main parking gate	\N	rtsp	t	\N	online	50	50	2026-05-05 08:16:37.746+00	2026-05-05 08:16:37.746+00
78ed9fb5-40ca-42cc-b9d5-b3dc7168da79	281fde73-7836-4511-b644-91f3663d8fcd	ca91d4f4-aaf7-4cd0-b832-c1e1949271cd	Parking Basement	Basement parking B1	\N	rtsp	t	\N	offline	150	50	2026-05-05 08:16:37.746+00	2026-05-05 08:16:37.746+00
d673b2f1-b539-431a-a6cf-3e2c1e015179	281fde73-7836-4511-b644-91f3663d8fcd	8bce8a9f-aae9-42f3-9da9-cb7c5aed0bf4	Floor 1 East	1st floor east corridor	\N	rtsp	f	\N	online	50	70	2026-05-05 08:16:37.746+00	2026-05-05 08:16:37.746+00
44498310-1210-43eb-8f50-db3e7d5c1b3e	281fde73-7836-4511-b644-91f3663d8fcd	8bce8a9f-aae9-42f3-9da9-cb7c5aed0bf4	Floor 1 West	1st floor west corridor	\N	rtsp	f	\N	online	200	70	2026-05-05 08:16:37.746+00	2026-05-05 08:16:37.746+00
\.


--
-- TOC entry 8003 (class 0 OID 16880)
-- Dependencies: 244
-- Data for Name: CameraEvent; Type: TABLE DATA; Schema: public; Owner: -
--

COPY public."CameraEvent" (id, "tenantId", "cameraId", type, "timestamp", "thumbnailUrl", "clipUrl", description, confidence, "isAlert", "alertType", "acknowledgedBy", "acknowledgedAt", "createdAt") FROM stdin;
\.


--
-- TOC entry 8004 (class 0 OID 16890)
-- Dependencies: 245
-- Data for Name: CameraGroup; Type: TABLE DATA; Schema: public; Owner: -
--

COPY public."CameraGroup" (id, "propertyId", name, description, "createdAt", "updatedAt") FROM stdin;
6bbccb28-1442-4dc0-b057-997fbcceb1a8	281fde73-7836-4511-b644-91f3663d8fcd	Lobby	Lobby and reception area cameras	2026-05-05 08:16:37.745+00	2026-05-05 08:16:37.745+00
ca91d4f4-aaf7-4cd0-b832-c1e1949271cd	281fde73-7836-4511-b644-91f3663d8fcd	Parking	Parking lot and entrance cameras	2026-05-05 08:16:37.745+00	2026-05-05 08:16:37.745+00
8bce8a9f-aae9-42f3-9da9-cb7c5aed0bf4	281fde73-7836-4511-b644-91f3663d8fcd	Floor 1 Corridor	First floor corridor cameras	2026-05-05 08:16:37.745+00	2026-05-05 08:16:37.745+00
\.


--
-- TOC entry 8005 (class 0 OID 16898)
-- Dependencies: 246
-- Data for Name: Campaign; Type: TABLE DATA; Schema: public; Owner: -
--

COPY public."Campaign" (id, "tenantId", name, description, type, subject, content, "templateId", "targetSegments", "scheduledAt", "sentAt", "totalRecipients", "sentCount", "openedCount", "clickedCount", "bouncedCount", "unsubscribedCount", status, "createdAt", "updatedAt") FROM stdin;
f32e59ff-ccea-4ef3-9f6b-ec4653b0f5ac	444017d5-e022-4c5f-ac07-ea0d51f4609b	Summer Special	Summer season promotional campaign offering discounted rates and complimentary upgrades for stays during April–July. Budget: ₹50,000.	promotional	☀️ Summer Special — Save Up to 25%!	Dear {{guestName}},\n\nMake this summer unforgettable with our exclusive Summer Special offer!\n\nEnjoy up to 25% off on all room types when you book between April and July. Plus, get a complimentary room upgrade and free breakfast for stays of 3 nights or more.\n\nUse code SUMMER25 at checkout.\n\nBook now and create lasting memories!	\N	["all_guests"]	2026-05-05 08:16:37.957+00	\N	450	312	198	87	0	0	sent	2026-05-05 08:16:37.958+00	2026-05-05 08:16:37.958+00
8edbe1e4-1f41-4a9f-b4fc-098b834625f0	444017d5-e022-4c5f-ac07-ea0d51f4609b	Loyalty Bonus	Loyalty program promotion offering double points for bookings made in the current month. Budget: ₹25,000.	loyalty	🌟 Double Points Month — Earn 2X Rewards!	Dear {{guestName}},\n\nAs a valued {{tierName}} member, we're excited to offer you DOUBLE POINTS on all stays booked this month!\n\nThat means every ₹100 spent earns you 20 points instead of the usual 10. Stack up your points faster and unlock exclusive rewards like free nights, late checkouts, and dining vouchers.\n\nThis offer is valid for bookings made before month-end. Don't miss out!	\N	["loyalty_members"]	2026-05-08 08:16:37.957+00	\N	280	0	0	0	0	0	scheduled	2026-05-05 08:16:37.958+00	2026-05-05 08:16:37.958+00
\.


--
-- TOC entry 8246 (class 0 OID 19796)
-- Dependencies: 487
-- Data for Name: CampaignAbTest; Type: TABLE DATA; Schema: public; Owner: -
--

COPY public."CampaignAbTest" (id, "tenantId", "campaignId", "variantLabel", "variantName", subject, content, "splitPercentage", "sentCount", "openedCount", "clickedCount", "conversionCount", "isWinner", "declaredAt", "createdAt", "updatedAt") FROM stdin;
\.


--
-- TOC entry 8006 (class 0 OID 16914)
-- Dependencies: 247
-- Data for Name: CampaignSegment; Type: TABLE DATA; Schema: public; Owner: -
--

COPY public."CampaignSegment" (id, "campaignId", "segmentId", "createdAt") FROM stdin;
\.


--
-- TOC entry 8240 (class 0 OID 19732)
-- Dependencies: 481
-- Data for Name: CancellationPenalty; Type: TABLE DATA; Schema: public; Owner: -
--

COPY public."CancellationPenalty" (id, "tenantId", "bookingId", "folioId", "policyId", "policyName", "penaltyType", "penaltyAmount", "originalAmount", "penaltyPercent", "penaltyNights", "refundAmount", reason, "exemptionType", "exemptionDetails", status, "createdAt", "updatedAt") FROM stdin;
\.


--
-- TOC entry 8007 (class 0 OID 16920)
-- Dependencies: 248
-- Data for Name: CancellationPolicy; Type: TABLE DATA; Schema: public; Owner: -
--

COPY public."CancellationPolicy" (id, "tenantId", "propertyId", "ratePlanId", name, description, "freeCancelHoursBefore", "penaltyPercent", "noShowPenaltyPercent", "penaltyType", "penaltyFixedAmount", "penaltyNights", exceptions, "isActive", "sortOrder", "createdAt", "updatedAt") FROM stdin;
c11f0da1-6033-4cdb-a776-9061430256a5	444017d5-e022-4c5f-ac07-ea0d51f4609b	\N	\N	Standard Flexible	Free cancellation up to 48 hours before check-in. 50% penalty after that.	48	50	100	percentage	\N	\N	[{"type":"loyalty_tier","value":"gold"},{"type":"loyalty_tier","value":"platinum"}]	t	1	2026-05-05 08:16:37.647+00	2026-05-05 08:16:37.647+00
067b3895-062a-45d3-a109-485f85a04afc	444017d5-e022-4c5f-ac07-ea0d51f4609b	\N	\N	Non-Refundable	No free cancellation. 100% penalty for any cancellation or no-show.	0	100	100	percentage	\N	\N	[{"type":"loyalty_tier","value":"platinum"}]	t	2	2026-05-05 08:16:37.647+00	2026-05-05 08:16:37.647+00
0a48182a-424e-4476-a868-1c2d259edd47	444017d5-e022-4c5f-ac07-ea0d51f4609b	\N	\N	Corporate Rate	Free cancellation up to 24 hours before check-in. First night penalty after.	24	0	100	first_night	\N	1	[{"type":"segment","value":"corporate"}]	t	3	2026-05-05 08:16:37.647+00	2026-05-05 08:16:37.647+00
921e7074-0f25-43cc-846d-48d49b753085	444017d5-e022-4c5f-ac07-ea0d51f4609b	\N	\N	Long Stay (7+ Nights)	Free cancellation 7 days before. 25% penalty after. 50% no-show.	168	25	50	percentage	\N	\N	[]	t	4	2026-05-05 08:16:37.647+00	2026-05-05 08:16:37.647+00
360ed6f0-622c-467c-84c0-dbd4b317fcd9	1afa10da-6737-4bbe-b30c-e2b76eedd4d5	\N	\N	Standard - Ocean View	Free cancellation 72 hours before check-in.	72	100	100	percentage	\N	\N	[]	t	1	2026-05-05 08:16:37.647+00	2026-05-05 08:16:37.647+00
157c901f-6488-4ecc-b00d-7fec012060ca	444017d5-e022-4c5f-ac07-ea0d51f4609b	\N	\N	Standard 48h Free Cancellation	Guests can cancel free of charge up to 48 hours before check-in. Cancellations within 48 hours incur a penalty equal to the first night's rate. No-shows are charged the full booking amount.	48	100	100	first_night	\N	1	[{"type":"loyalty_tier","value":"gold"},{"type":"loyalty_tier","value":"platinum"}]	t	3	2026-05-05 08:16:37.987+00	2026-05-05 08:16:37.987+00
\.


--
-- TOC entry 8008 (class 0 OID 16935)
-- Dependencies: 249
-- Data for Name: CaptivePortal; Type: TABLE DATA; Schema: public; Owner: -
--

COPY public."CaptivePortal" (id, "tenantId", "propertyId", name, description, "listenIp", "listenPort", "useSsl", "sslCertPath", "sslKeyPath", enabled, "isDefault", "autoAuthEnabled", "maxConcurrent", "sessionTimeout", "idleTimeout", "redirectUrl", "successMessage", "failMessage", slug, "roamingMode", "allowsRoamingFrom", "authMethod", "maxBandwidthDown", "maxBandwidthUp", "bandwidthPolicy", "nasIdentifier", "ssidList", "createdAt", "updatedAt") FROM stdin;
0a58343e-1690-488f-a039-52f73162ff00	444017d5-e022-4c5f-ac07-ea0d51f4609b	281fde73-7836-4511-b644-91f3663d8fcd	Royal Stay Guest Portal	Main captive portal for hotel guests	0.0.0.0	80	f	\N	\N	t	f	t	500	86400	3600	https://www.royalstay.in/welcome	Welcome to Royal Stay! Enjoy your complimentary WiFi.	Authentication failed. Please check your credentials or contact the front desk.	royal-stay-guest	auth_origin	[]	pms_credentials	5242880	1048576	zone		["StaySuite-Guest","StaySuite-VIP"]	2026-05-05 08:16:37.898+00	2026-05-05 08:16:37.932+00
d67f15b6-bdab-478c-b980-031a5bce8656	444017d5-e022-4c5f-ac07-ea0d51f4609b	281fde73-7836-4511-b644-91f3663d8fcd	Staff Network Portal	Captive portal for staff WiFi authentication	0.0.0.0	80	f	\N	\N	t	f	t	200	86400	3600	https://www.royalstay.in/welcome	Welcome! Pool WiFi connected.	Authentication failed. Please contact the front desk.	royal-stay-staff	seamless	["lobby"]	pms_credentials	3145728	524288	origin		["StaySuite-Staff"]	2026-05-05 08:16:37.898+00	2026-05-05 08:16:37.934+00
\.


--
-- TOC entry 8009 (class 0 OID 16961)
-- Dependencies: 250
-- Data for Name: ChannelConnection; Type: TABLE DATA; Schema: public; Owner: -
--

COPY public."ChannelConnection" (id, "tenantId", channel, "displayName", "apiKey", "apiSecret", username, password, "clientId", "clientSecret", "accessToken", "refreshToken", "tokenExpiresAt", "hotelId", "propertyId", "listingId", "endpointUrl", credentials, status, "lastSyncAt", "lastError", "autoSync", "syncInterval", "createdAt", "updatedAt") FROM stdin;
3a596466-9ffa-4797-9570-0d5c8b55eb7b	444017d5-e022-4c5f-ac07-ea0d51f4609b	booking_com	Booking.com	BC-***MASKED***	\N	\N	\N	\N	\N	\N	\N	\N	8893039a-339a-48f0-870d-7f2344fb8b1b	281fde73-7836-4511-b644-91f3663d8fcd	\N	https://supply.connect.booking.com	\N	connected	2026-05-05 07:46:37.6+00	\N	t	15	2026-05-05 08:16:37.735+00	2026-05-05 08:16:37.735+00
7c7c06d4-638e-4e4d-8547-e00a502aa73c	444017d5-e022-4c5f-ac07-ea0d51f4609b	expedia	Expedia	EXP-***MASKED***	\N	\N	\N	\N	\N	\N	\N	\N	60fc3696-4cd9-4cf3-b2d8-6ae7a45a26dc	281fde73-7836-4511-b644-91f3663d8fcd	\N	https://services.expediapartnercentral.com	\N	connected	2026-05-05 07:31:37.6+00	\N	t	30	2026-05-05 08:16:37.735+00	2026-05-05 08:16:37.735+00
356053c4-8a20-47ae-aaf2-5384e8c90194	444017d5-e022-4c5f-ac07-ea0d51f4609b	airbnb	Airbnb	\N	\N	\N	\N	326668d4-4a36-4c8c-a5b8-19f0eaec5e2e	\N	\N	\N	\N	\N	281fde73-7836-4511-b644-91f3663d8fcd	1769469a-5140-4415-86fa-ad33994c603f	\N	\N	connected	2026-05-04 08:16:37.6+00	\N	t	60	2026-05-05 08:16:37.735+00	2026-05-05 08:16:37.735+00
8cfda594-a1ad-40ce-87fc-d7542568908b	444017d5-e022-4c5f-ac07-ea0d51f4609b	booking_com	Booking.com	\N	\N	\N	\N	\N	\N	\N	\N	\N	8979dec5-d34b-439a-8bbc-f6f9fd488694	281fde73-7836-4511-b644-91f3663d8fcd	\N	https://supply.connect.booking.com	{"username":"royal_stay_kolkata","apiKey":"bcom_key_xxxxxxxxxxxx"}	active	2026-05-05 07:46:37.983+00	\N	t	60	2026-05-05 08:16:37.984+00	2026-05-05 08:16:37.984+00
244cdf94-8f61-4c1a-9de4-a5ed2dcf421f	444017d5-e022-4c5f-ac07-ea0d51f4609b	airbnb	Airbnb	\N	\N	\N	\N	\N	\N	\N	\N	\N	\N	281fde73-7836-4511-b644-91f3663d8fcd	1c33f667-6d57-445d-8baf-e3b5bc7e180e	\N	{"clientId":"airbnb_client_id","clientSecret":"airbnb_client_secret"}	active	2026-05-05 08:01:37.983+00	\N	t	30	2026-05-05 08:16:37.984+00	2026-05-05 08:16:37.984+00
\.


--
-- TOC entry 8010 (class 0 OID 16972)
-- Dependencies: 251
-- Data for Name: ChannelDeadLetterQueue; Type: TABLE DATA; Schema: public; Owner: -
--

COPY public."ChannelDeadLetterQueue" (id, "tenantId", "propertyId", "syncLogId", "channelCode", operation, payload, error, "attemptCount", "originalCreatedAt", "createdAt", "updatedAt") FROM stdin;
d59d8e87-4eda-4179-8af9-c41cffc036a9	444017d5-e022-4c5f-ac07-ea0d51f4609b	281fde73-7836-4511-b644-91f3663d8fcd	\N	booking_com	create_booking	{"bookingId":"9c36843e-85c6-4281-9124-4007533fcd31","roomTypeId":"4d5269a2-63ad-48e7-8683-4b0efca11567","dates":["2024-11-10","2024-11-12"]}	Authentication failed - API key expired	5	2026-04-25 08:16:37.6+00	2026-05-05 08:16:37.743+00	2026-05-05 08:16:37.743+00
58fcb63a-d45a-4add-ba84-3fd628dccf10	444017d5-e022-4c5f-ac07-ea0d51f4609b	281fde73-7836-4511-b644-91f3663d8fcd	\N	airbnb	sync_calendar	{"roomId":"3330f9c6-2345-4db5-bc7f-4a8ca55afb8b","dates":["2024-11-05","2024-11-08"],"status":"blocked"}	Invalid listing ID - listing removed from Airbnb	3	2026-04-28 08:16:37.6+00	2026-05-05 08:16:37.743+00	2026-05-05 08:16:37.743+00
\.


--
-- TOC entry 8011 (class 0 OID 16982)
-- Dependencies: 252
-- Data for Name: ChannelMapping; Type: TABLE DATA; Schema: public; Owner: -
--

COPY public."ChannelMapping" (id, "connectionId", "roomTypeId", "ratePlanId", "externalRoomId", "externalRoomName", "externalRateId", "externalRateName", "syncInventory", "syncRates", "syncRestrictions", status, "createdAt", "updatedAt") FROM stdin;
9fb6d3db-8638-4172-9ad8-3e98d9c0f453	3a596466-9ffa-4797-9570-0d5c8b55eb7b	4d5269a2-63ad-48e7-8683-4b0efca11567	78bb50d4-0774-4706-bdb0-7b217f01fcf5	d0b52657-0dd6-4b55-98a1-a2fb10426de0	Standard Double Room	\N	\N	t	t	t	active	2026-05-05 08:16:37.736+00	2026-05-05 08:16:37.736+00
3f6e3b6f-dbc4-4e93-9a62-e104d87ad1ed	3a596466-9ffa-4797-9570-0d5c8b55eb7b	1aac4388-0d87-43da-a0bf-984fe39e5bcf	1a5c7379-c2c0-4b39-9bd5-3e363a554090	a2871515-1591-420f-b927-de5700aa5b0d	Deluxe City View Room	\N	\N	t	t	t	active	2026-05-05 08:16:37.736+00	2026-05-05 08:16:37.736+00
273f9817-f332-44d5-85dd-a00fcf647ee8	3a596466-9ffa-4797-9570-0d5c8b55eb7b	22f53ea5-00fb-4b29-9dc6-a7834cc6b481	b2f7bd51-c4c8-44ff-8c8d-5c408a11b54b	36b8001e-1a16-4c11-902d-7cf90bc2e216	Executive Suite	\N	\N	t	t	t	active	2026-05-05 08:16:37.736+00	2026-05-05 08:16:37.736+00
98ee063b-8790-4a55-8fd2-6b131408e807	7c7c06d4-638e-4e4d-8547-e00a502aa73c	4d5269a2-63ad-48e7-8683-4b0efca11567	78bb50d4-0774-4706-bdb0-7b217f01fcf5	dac04e86-9658-4e63-bde3-79762d7436ae	Standard Room	7df8784a-b6e2-40f3-bdf5-69232254eb83	\N	t	t	t	active	2026-05-05 08:16:37.736+00	2026-05-05 08:16:37.736+00
6687ce4b-36bb-4aa7-941d-0bb84da3d5f8	7c7c06d4-638e-4e4d-8547-e00a502aa73c	1aac4388-0d87-43da-a0bf-984fe39e5bcf	1a5c7379-c2c0-4b39-9bd5-3e363a554090	b13cafba-c895-43f1-842f-c19a92117b56	Deluxe Room	2a1e09cc-0f97-4127-a50c-a9fdbedb3091	\N	t	t	t	active	2026-05-05 08:16:37.736+00	2026-05-05 08:16:37.736+00
5a6021ed-899c-467e-a2be-4fc752dfba18	356053c4-8a20-47ae-aaf2-5384e8c90194	4d5269a2-63ad-48e7-8683-4b0efca11567	495aa159-3b9a-4ce4-ae2f-314d2c1efb18	cf0d9325-f9ec-4e4c-97c4-ab499888efa0	Cozy Standard Room	\N	\N	t	t	f	active	2026-05-05 08:16:37.736+00	2026-05-05 08:16:37.736+00
\.


--
-- TOC entry 8012 (class 0 OID 16994)
-- Dependencies: 253
-- Data for Name: ChannelRestriction; Type: TABLE DATA; Schema: public; Owner: -
--

COPY public."ChannelRestriction" (id, "connectionId", "roomTypeId", "startDate", "endDate", "closedToArrival", "closedToDeparture", closed, "minStay", "maxStay", "minStayArrival", "maxStayArrival", "rateMin", "rateMax", source, "syncStatus", "lastSyncedAt", "createdAt", "updatedAt") FROM stdin;
a628ccd8-c96e-4e72-8111-78f3190e2b46	3a596466-9ffa-4797-9570-0d5c8b55eb7b	bd3a1ffd-24b8-4185-b350-6bdae97bc426	2026-04-30 08:16:37.6+00	2026-06-04 08:16:37.6+00	f	f	t	\N	\N	\N	\N	\N	\N	manual	synced	2026-04-30 08:16:37.6+00	2026-05-05 08:16:37.739+00	2026-05-05 08:16:37.739+00
f91d8a07-03c2-4ea8-b7d0-9395bf3dbd4b	3a596466-9ffa-4797-9570-0d5c8b55eb7b	4d5269a2-63ad-48e7-8683-4b0efca11567	2026-05-06 08:16:37.6+00	2026-05-08 08:16:37.6+00	t	f	f	2	\N	\N	\N	\N	\N	manual	synced	2026-05-05 08:16:37.738+00	2026-05-05 08:16:37.739+00	2026-05-05 08:16:37.739+00
f7666442-752a-4868-a4dd-9d40fb77e17a	7c7c06d4-638e-4e4d-8547-e00a502aa73c	22f53ea5-00fb-4b29-9dc6-a7834cc6b481	2026-05-10 08:16:37.6+00	2026-05-12 08:16:37.6+00	f	f	f	3	\N	\N	\N	10000	\N	manual	pending	\N	2026-05-05 08:16:37.739+00	2026-05-05 08:16:37.739+00
\.


--
-- TOC entry 8013 (class 0 OID 17007)
-- Dependencies: 254
-- Data for Name: ChannelRetryQueue; Type: TABLE DATA; Schema: public; Owner: -
--

COPY public."ChannelRetryQueue" (id, "tenantId", "propertyId", "syncLogId", "channelCode", operation, payload, "attemptCount", "nextRetryAt", status, "lastError", "lastAttemptAt", priority, "createdAt", "updatedAt") FROM stdin;
b089cc80-2596-4578-960f-fc6e3c187bac	444017d5-e022-4c5f-ac07-ea0d51f4609b	281fde73-7836-4511-b644-91f3663d8fcd	\N	booking_com	update_rates	{"roomTypeId":"4d5269a2-63ad-48e7-8683-4b0efca11567","ratePlanId":"78bb50d4-0774-4706-bdb0-7b217f01fcf5","dates":["2024-12-15","2024-12-16"],"price":3800}	2	2026-05-05 08:21:37.6+00	pending	Connection timeout	2026-05-05 07:46:37.6+00	1	2026-05-05 08:16:37.741+00	2026-05-05 08:16:37.741+00
3ea3285c-c8f5-4f10-a170-1f3ac0be66c7	444017d5-e022-4c5f-ac07-ea0d51f4609b	281fde73-7836-4511-b644-91f3663d8fcd	\N	expedia	update_availability	{"roomTypeId":"1aac4388-0d87-43da-a0bf-984fe39e5bcf","date":"2024-12-15","available":8}	1	2026-05-05 08:26:37.6+00	pending	500 Internal Server Error	2026-05-05 08:01:37.6+00	2	2026-05-05 08:16:37.741+00	2026-05-05 08:16:37.741+00
\.


--
-- TOC entry 8014 (class 0 OID 17019)
-- Dependencies: 255
-- Data for Name: ChannelSyncLog; Type: TABLE DATA; Schema: public; Owner: -
--

COPY public."ChannelSyncLog" (id, "connectionId", "syncType", direction, "requestPayload", "responsePayload", "statusCode", status, "errorMessage", "attemptCount", "correlationId", "createdAt") FROM stdin;
\.


--
-- TOC entry 8201 (class 0 OID 19261)
-- Dependencies: 442
-- Data for Name: ChatAttachment; Type: TABLE DATA; Schema: public; Owner: -
--

COPY public."ChatAttachment" (id, "tenantId", "conversationId", "fileName", "fileSize", "mimeType", "fileUrl", "uploadedBy", "createdAt") FROM stdin;
\.


--
-- TOC entry 8015 (class 0 OID 17028)
-- Dependencies: 256
-- Data for Name: ChatConversation; Type: TABLE DATA; Schema: public; Owner: -
--

COPY public."ChatConversation" (id, "tenantId", "propertyId", "guestId", "bookingId", channel, "externalId", "channelRef", subject, "assignedTo", status, priority, "lastMessageAt", "lastMessage", "unreadCount", tags, "createdAt", "updatedAt") FROM stdin;
3b77764e-56a8-4034-a980-93018ecf8b0e	444017d5-e022-4c5f-ac07-ea0d51f4609b	281fde73-7836-4511-b644-91f3663d8fcd	cb127462-1b96-4e37-8f78-65bbd0493ee1	b544cc77-46a6-4e53-921e-50db663eb482	in_app	\N	\N	\N	\N	open	normal	2026-05-05 07:46:37.654+00	Thank you so much!	0	[]	2026-05-05 08:16:37.655+00	2026-05-05 08:16:37.655+00
\.


--
-- TOC entry 8016 (class 0 OID 17040)
-- Dependencies: 257
-- Data for Name: ChatMessage; Type: TABLE DATA; Schema: public; Owner: -
--

COPY public."ChatMessage" (id, "conversationId", "senderId", content, "messageType", attachments, "senderType", status, "sentAt", "readAt", "createdAt") FROM stdin;
1945557c-3c0e-4f4f-ae14-475a502572e4	3b77764e-56a8-4034-a980-93018ecf8b0e	\N	Hello, I just checked in to room 501. The room is beautiful!	text	[]	guest	read	2026-05-05 05:16:37.654+00	\N	2026-05-05 08:16:37.655+00
e9cbccd1-7019-4975-b08d-fb5025fb7be3	3b77764e-56a8-4034-a980-93018ecf8b0e	cc3b3483-ad7a-452a-b623-5465962c9678	Welcome to Royal Stay Kolkata, Mr. Mukherjee! We're glad you like the room. Is there anything you need?	text	[]	staff	read	2026-05-05 05:28:37.654+00	2026-05-05 05:34:37.654+00	2026-05-05 08:16:37.655+00
5ad09d00-84c3-4ae0-9dce-6b217e45acba	3b77764e-56a8-4034-a980-93018ecf8b0e	\N	Could you send an extra pillow and a blanket to the room?	text	[]	guest	read	2026-05-05 06:16:37.655+00	\N	2026-05-05 08:16:37.655+00
06bac445-ea4e-4d6a-ada6-4bc0c1885381	3b77764e-56a8-4034-a980-93018ecf8b0e	cc3b3483-ad7a-452a-b623-5465962c9678	Of course! I'll have housekeeping send those up right away. Expected in about 10 minutes.	text	[]	staff	read	2026-05-05 06:28:37.655+00	2026-05-05 06:46:37.655+00	2026-05-05 08:16:37.655+00
57388e47-b5c6-4dc0-bbda-c8303f08e841	3b77764e-56a8-4034-a980-93018ecf8b0e	\N	Also, what time does the restaurant open for dinner?	text	[]	guest	read	2026-05-05 07:16:37.655+00	\N	2026-05-05 08:16:37.655+00
d1f3fc3f-44dd-4365-a134-f3b36975f1c4	3b77764e-56a8-4034-a980-93018ecf8b0e	cc3b3483-ad7a-452a-b623-5465962c9678	Our restaurant opens at 7:00 PM. I'd recommend trying the Butter Chicken — it's a guest favourite! Would you like me to reserve a table?	text	[]	staff	delivered	2026-05-05 07:46:37.655+00	\N	2026-05-05 08:16:37.655+00
\.


--
-- TOC entry 8202 (class 0 OID 19269)
-- Dependencies: 443
-- Data for Name: ChatTransfer; Type: TABLE DATA; Schema: public; Owner: -
--

COPY public."ChatTransfer" (id, "tenantId", "conversationId", "fromUserId", "toUserId", reason, notes, "createdAt") FROM stdin;
\.


--
-- TOC entry 8017 (class 0 OID 17052)
-- Dependencies: 258
-- Data for Name: CoaSessionDetail; Type: TABLE DATA; Schema: public; Owner: -
--

COPY public."CoaSessionDetail" (id, "tenantId", "propertyId", "sessionId", username, "userId", "coaType", "policyName", "bandwidthPercent", "triggeredBy", "nasIpAddress", "actualSessionTime", "effectiveSessionTime", "actualDownloadBytes", "actualUploadBytes", "effectiveDownloadBytes", "effectiveUploadBytes", result, "errorMessage", "createdAt") FROM stdin;
\.


--
-- TOC entry 8018 (class 0 OID 17068)
-- Dependencies: 259
-- Data for Name: CommunicationChannel; Type: TABLE DATA; Schema: public; Owner: -
--

COPY public."CommunicationChannel" (id, "tenantId", type, name, provider, config, status, capabilities, "webhookUrl", "webhookSecret", "messagesSent", "messagesReceived", "lastMessageAt", "lastError", "lastErrorAt", "createdAt", "updatedAt") FROM stdin;
77c5616f-f085-4197-8e1d-489920e5a775	444017d5-e022-4c5f-ac07-ea0d51f4609b	email	SMTP Email	sendgrid	{"host":"smtp.sendgrid.net","port":587,"fromEmail":"noreply@royalstay.in","fromName":"Royal Stay Hotels"}	active	["send", "receive"]	\N	\N	4520	1200	2026-05-04 08:16:37.6+00	\N	\N	2026-05-05 08:16:37.726+00	2026-05-05 08:16:37.726+00
f752b315-116d-4eae-b683-73741788bb53	444017d5-e022-4c5f-ac07-ea0d51f4609b	sms	SMS Gateway	msg91	{"apiKey":"***masked***","senderId":"RSTAY"}	active	["send"]	\N	\N	8950	0	2026-05-05 08:16:37.726+00	\N	\N	2026-05-05 08:16:37.726+00	2026-05-05 08:16:37.726+00
6cb76014-a9a5-417d-a23e-747537ca4ee3	444017d5-e022-4c5f-ac07-ea0d51f4609b	whatsapp	WhatsApp Business	meta	{"phoneNumberId":"919830012345","businessAccountId":"BA-RS-001"}	active	["send", "receive", "template"]	\N	\N	3200	1800	2026-05-03 08:16:37.6+00	\N	\N	2026-05-05 08:16:37.726+00	2026-05-05 08:16:37.726+00
3896ce25-3629-48c8-a673-7188fdfc1a63	444017d5-e022-4c5f-ac07-ea0d51f4609b	push	Push Notifications	firebase	{"projectId":"royal-stay-001"}	active	["send"]	\N	\N	12500	0	2026-05-05 08:16:37.726+00	\N	\N	2026-05-05 08:16:37.726+00	2026-05-05 08:16:37.726+00
\.


--
-- TOC entry 8019 (class 0 OID 17080)
-- Dependencies: 260
-- Data for Name: CompetitorPrice; Type: TABLE DATA; Schema: public; Owner: -
--

COPY public."CompetitorPrice" (id, "tenantId", "propertyId", "roomTypeId", "competitorName", "competitorType", "competitorUrl", rating, date, price, currency, "roomTypeName", "ratePlanName", source, "createdAt", "updatedAt") FROM stdin;
c11f0da1-6033-4cdb-a776-9061430256a5	444017d5-e022-4c5f-ac07-ea0d51f4609b	281fde73-7836-4511-b644-91f3663d8fcd	1aac4388-0d87-43da-a0bf-984fe39e5bcf	Taj Bengal	luxury	\N	4.8	2026-05-03 08:16:37.6+00	8500	INR	Deluxe Room	BAR	channel_manager	2026-05-05 08:16:37.686+00	2026-05-05 08:16:37.686+00
067b3895-062a-45d3-a109-485f85a04afc	444017d5-e022-4c5f-ac07-ea0d51f4609b	281fde73-7836-4511-b644-91f3663d8fcd	1aac4388-0d87-43da-a0bf-984fe39e5bcf	ITC Sonar	luxury	\N	4.7	2026-05-03 08:16:37.6+00	7800	INR	Luxury Room	Flexible	channel_manager	2026-05-05 08:16:37.686+00	2026-05-05 08:16:37.686+00
0a48182a-424e-4476-a868-1c2d259edd47	444017d5-e022-4c5f-ac07-ea0d51f4609b	281fde73-7836-4511-b644-91f3663d8fcd	22f53ea5-00fb-4b29-9dc6-a7834cc6b481	Taj Bengal	luxury	\N	4.8	2026-05-04 08:16:37.6+00	15000	INR	Luxury Suite	BAR	channel_manager	2026-05-05 08:16:37.686+00	2026-05-05 08:16:37.686+00
921e7074-0f25-43cc-846d-48d49b753085	444017d5-e022-4c5f-ac07-ea0d51f4609b	281fde73-7836-4511-b644-91f3663d8fcd	4d5269a2-63ad-48e7-8683-4b0efca11567	FabHotel Park Street	mid_scale	\N	4.2	2026-05-05 08:16:37.685+00	2800	INR	Standard Room	Standard	manual	2026-05-05 08:16:37.686+00	2026-05-05 08:16:37.686+00
360ed6f0-622c-467c-84c0-dbd4b317fcd9	444017d5-e022-4c5f-ac07-ea0d51f4609b	281fde73-7836-4511-b644-91f3663d8fcd	1aac4388-0d87-43da-a0bf-984fe39e5bcf	The Oberoi Grand	luxury	\N	4.9	2026-05-05 08:16:37.685+00	9200	INR	Deluxe Suite	Best Available	channel_manager	2026-05-05 08:16:37.686+00	2026-05-05 08:16:37.686+00
1050a314-7864-45fd-bcf7-5f962d31fe69	444017d5-e022-4c5f-ac07-ea0d51f4609b	281fde73-7836-4511-b644-91f3663d8fcd	22f53ea5-00fb-4b29-9dc6-a7834cc6b481	ITC Sonar	luxury	\N	4.7	2026-05-05 08:16:37.685+00	14000	INR	Executive Suite	Flexible	channel_manager	2026-05-05 08:16:37.686+00	2026-05-05 08:16:37.686+00
\.


--
-- TOC entry 8247 (class 0 OID 19810)
-- Dependencies: 488
-- Data for Name: CompetitorSyncLog; Type: TABLE DATA; Schema: public; Owner: -
--

COPY public."CompetitorSyncLog" (id, "tenantId", "propertyId", "competitorName", "syncType", status, "pricesCollected", "errorMessage", "startedAt", "completedAt", "createdAt") FROM stdin;
\.


--
-- TOC entry 8020 (class 0 OID 17091)
-- Dependencies: 261
-- Data for Name: ConsentRecord; Type: TABLE DATA; Schema: public; Owner: -
--

COPY public."ConsentRecord" (id, "tenantId", "guestId", "userId", "consentType", "consentCategory", granted, "grantedAt", "grantedVia", "ipAddress", "userAgent", "consentText", "consentVersion", revoked, "revokedAt", "revokedVia", "revocationReason", "expiresAt", metadata, "createdAt", "updatedAt") FROM stdin;
3f75c226-6038-49a3-a1d2-5fd62f85898f	444017d5-e022-4c5f-ac07-ea0d51f4609b	cb127462-1b96-4e37-8f78-65bbd0493ee1	\N	marketing	marketing	t	2026-02-04 08:16:37.6+00	web	192.168.1.100	\N	\N	v1.0	f	\N	\N	\N	\N	{}	2026-05-05 08:16:37.755+00	2026-05-05 08:16:37.755+00
2ff75b6e-9c98-4d4e-9066-4ebeaa58e652	444017d5-e022-4c5f-ac07-ea0d51f4609b	cb127462-1b96-4e37-8f78-65bbd0493ee1	\N	analytics	analytics	t	2026-02-04 08:16:37.6+00	web	192.168.1.100	\N	\N	v1.0	f	\N	\N	\N	\N	{}	2026-05-05 08:16:37.755+00	2026-05-05 08:16:37.755+00
817821d9-92d7-41a2-87dc-8e68e1706838	444017d5-e022-4c5f-ac07-ea0d51f4609b	cb127462-1b96-4e37-8f78-65bbd0493ee1	\N	third_party	third_party	f	\N	web	192.168.1.100	\N	\N	v1.0	f	\N	\N	\N	\N	{}	2026-05-05 08:16:37.755+00	2026-05-05 08:16:37.755+00
48925f5d-bc97-4ce9-b4b7-c3a7ea73f16e	444017d5-e022-4c5f-ac07-ea0d51f4609b	c5e15b10-5464-4323-87b6-41d1eb95c39a	\N	marketing	marketing	t	2026-03-06 08:16:37.6+00	email	\N	\N	\N	v1.0	f	\N	\N	\N	\N	{}	2026-05-05 08:16:37.755+00	2026-05-05 08:16:37.755+00
4f188d3f-19d0-402e-a9a1-f37dbd98c374	444017d5-e022-4c5f-ac07-ea0d51f4609b	c5e15b10-5464-4323-87b6-41d1eb95c39a	\N	analytics	analytics	t	2026-03-06 08:16:37.6+00	email	\N	\N	\N	v1.0	f	\N	\N	\N	\N	{}	2026-05-05 08:16:37.755+00	2026-05-05 08:16:37.755+00
9fed576d-a881-4d07-ab58-282da95dec5d	444017d5-e022-4c5f-ac07-ea0d51f4609b	0dae0b8b-173a-4819-8a5e-7ff3be5c81d5	\N	marketing	marketing	t	2026-01-05 08:16:37.6+00	portal	\N	\N	\N	v1.0	f	\N	\N	\N	\N	{}	2026-05-05 08:16:37.755+00	2026-05-05 08:16:37.755+00
5dfdc3d5-a698-4a7e-8309-fafa315e0d1d	444017d5-e022-4c5f-ac07-ea0d51f4609b	df87b649-707f-402a-9198-75a06d22ed63	\N	marketing	marketing	t	2026-04-05 08:16:37.6+00	web	\N	\N	\N	v1.0	f	\N	\N	\N	\N	{}	2026-05-05 08:16:37.755+00	2026-05-05 08:16:37.755+00
45bd6164-40c7-42d7-b5b5-f4b0033b1e64	444017d5-e022-4c5f-ac07-ea0d51f4609b	df87b649-707f-402a-9198-75a06d22ed63	\N	third_party	third_party	f	\N	web	\N	\N	\N	v1.0	f	\N	\N	\N	\N	{}	2026-05-05 08:16:37.755+00	2026-05-05 08:16:37.755+00
b7151575-8e32-46a9-b0f2-ac6cfdbf89ca	444017d5-e022-4c5f-ac07-ea0d51f4609b	\N	cc3b3483-ad7a-452a-b623-5465962c9678	essential	essential	t	2025-11-06 08:16:37.6+00	api	\N	\N	\N	v1.0	f	\N	\N	\N	\N	{}	2026-05-05 08:16:37.755+00	2026-05-05 08:16:37.755+00
25110226-fba3-4d62-a305-5436885dbbf7	444017d5-e022-4c5f-ac07-ea0d51f4609b	79877c7c-f915-4922-94a0-5d83df9e1d09	\N	marketing	marketing	f	\N	web	\N	\N	\N	v1.0	t	2026-04-25 08:16:37.6+00	\N	User opted out of marketing emails	\N	{}	2026-05-05 08:16:37.755+00	2026-05-05 08:16:37.755+00
\.


--
-- TOC entry 8021 (class 0 OID 17103)
-- Dependencies: 262
-- Data for Name: ContentFilter; Type: TABLE DATA; Schema: public; Owner: -
--

COPY public."ContentFilter" (id, "tenantId", "propertyId", name, category, domains, enabled, "scheduleId", "createdAt", "updatedAt") FROM stdin;
fb79cff1-8a34-4948-8e55-3d46af1a08a3	444017d5-e022-4c5f-ac07-ea0d51f4609b	281fde73-7836-4511-b644-91f3663d8fcd	Social Media Block	social_media	["facebook.com","instagram.com","twitter.com","tiktok.com","snapchat.com"]	f	\N	2026-05-05 08:16:37.917+00	2026-05-05 08:16:37.917+00
93a14985-63de-45a6-bc69-83a778667bc1	444017d5-e022-4c5f-ac07-ea0d51f4609b	281fde73-7836-4511-b644-91f3663d8fcd	Adult Content Block	adult	["*adult*","*porn*","*xxx*"]	t	\N	2026-05-05 08:16:37.917+00	2026-05-05 08:16:37.917+00
b75c5491-34e9-4449-9971-c59611887c88	444017d5-e022-4c5f-ac07-ea0d51f4609b	281fde73-7836-4511-b644-91f3663d8fcd	Malware Protection	malware	["*malware*","*phishing*","*ransomware*"]	t	\N	2026-05-05 08:16:37.917+00	2026-05-05 08:16:37.917+00
2f333762-e406-4c5f-a68b-57f74946b294	444017d5-e022-4c5f-ac07-ea0d51f4609b	281fde73-7836-4511-b644-91f3663d8fcd	Ad Blocker	ads	["*doubleclick*","*googlesyndication*","*adnxs*","*adserv*"]	t	4699ffa6-f2ac-4f46-922a-97ab9e8ecc98	2026-05-05 08:16:37.917+00	2026-05-05 08:16:37.917+00
\.


--
-- TOC entry 8022 (class 0 OID 17113)
-- Dependencies: 263
-- Data for Name: CreditNote; Type: TABLE DATA; Schema: public; Owner: -
--

COPY public."CreditNote" (id, "tenantId", "propertyId", "folioId", "creditNoteNumber", "guestId", "bookingId", reason, description, items, subtotal, "taxAmount", "totalAmount", currency, status, "appliedAmount", "remainingAmount", "issuedBy", "approvedBy", "approvedAt", "validUntil", "refundedTo", "createdAt", "updatedAt") FROM stdin;
\.


--
-- TOC entry 8024 (class 0 OID 17136)
-- Dependencies: 265
-- Data for Name: DemandForecast; Type: TABLE DATA; Schema: public; Owner: -
--

COPY public."DemandForecast" (id, "tenantId", "propertyId", "roomTypeId", date, "demandScore", "occupancyForecast", "adrForecast", "revparForecast", "localEvents", "eventsImpact", "seasonalFactor", "dayOfWeekFactor", confidence, "generatedBy", "modelVersion", "createdAt", "updatedAt") FROM stdin;
39f36770-3e5d-46bc-9a60-0e6e607a9ba9	444017d5-e022-4c5f-ac07-ea0d51f4609b	281fde73-7836-4511-b644-91f3663d8fcd	\N	2026-05-05 08:16:37.687+00	75	82	6800	5576	[]	0	1	1	0.85	algorithm	v2.1	2026-05-05 08:16:37.688+00	2026-05-05 08:16:37.688+00
fa5df493-6bab-45e4-9210-3dd92abaa98f	444017d5-e022-4c5f-ac07-ea0d51f4609b	281fde73-7836-4511-b644-91f3663d8fcd	\N	2026-05-06 08:16:37.6+00	80	85	7200	6120	[]	0	1	1	0.82	algorithm	v2.1	2026-05-05 08:16:37.688+00	2026-05-05 08:16:37.688+00
f167295e-1026-4357-9dc7-e890e5e59925	444017d5-e022-4c5f-ac07-ea0d51f4609b	281fde73-7836-4511-b644-91f3663d8fcd	\N	2026-05-07 08:16:37.6+00	85	88	7500	6600	[{"name":"Kolkata Book Fair","impact":5}]	5	1	1	0.78	algorithm	v2.1	2026-05-05 08:16:37.688+00	2026-05-05 08:16:37.688+00
16867fb9-80cf-4b9b-ad87-2089aad3209b	444017d5-e022-4c5f-ac07-ea0d51f4609b	281fde73-7836-4511-b644-91f3663d8fcd	\N	2026-05-08 08:16:37.6+00	90	92	8200	7544	[{"name":"Kolkata Book Fair","impact":8}]	8	1	1	0.8	algorithm	v2.1	2026-05-05 08:16:37.688+00	2026-05-05 08:16:37.688+00
4bf01d7d-e5ad-4f2e-b1e1-035340a728de	444017d5-e022-4c5f-ac07-ea0d51f4609b	281fde73-7836-4511-b644-91f3663d8fcd	\N	2026-05-09 08:16:37.6+00	70	75	6500	4875	[]	0	1	1	0.75	algorithm	v2.1	2026-05-05 08:16:37.688+00	2026-05-05 08:16:37.688+00
bf4fe9ee-aaf5-4479-8d32-89e3bf2f9dd6	444017d5-e022-4c5f-ac07-ea0d51f4609b	281fde73-7836-4511-b644-91f3663d8fcd	\N	2026-05-10 08:16:37.6+00	65	70	6000	4200	[]	0	1	1	0.7	algorithm	v2.1	2026-05-05 08:16:37.688+00	2026-05-05 08:16:37.688+00
4a2e2787-3868-42ce-80df-5468fa4b8510	444017d5-e022-4c5f-ac07-ea0d51f4609b	281fde73-7836-4511-b644-91f3663d8fcd	\N	2026-05-11 08:16:37.6+00	60	65	5800	3770	[]	0	0.95	1	0.65	algorithm	v2.1	2026-05-05 08:16:37.688+00	2026-05-05 08:16:37.688+00
\.


--
-- TOC entry 7977 (class 0 OID 16540)
-- Dependencies: 218
-- Data for Name: DeviceProfile; Type: TABLE DATA; Schema: public; Owner: -
--

COPY public."DeviceProfile" (id, "tenantId", "propertyId", "wifiUserId", "guestId", "fingerprintHash", "storageToken", "macAddress", "ipAddress", "userAgent", "deviceName", "deviceType", "fingerprintData", "authCount", "lastAuthAt", "firstSeenAt", "lastSeenAt", "isActive") FROM stdin;
\.


--
-- TOC entry 8025 (class 0 OID 17151)
-- Dependencies: 266
-- Data for Name: DhcpBlacklist; Type: TABLE DATA; Schema: public; Owner: -
--

COPY public."DhcpBlacklist" (id, "tenantId", "propertyId", "subnetId", "macAddress", reason, enabled, "createdAt", "updatedAt") FROM stdin;
\.


--
-- TOC entry 8026 (class 0 OID 17160)
-- Dependencies: 267
-- Data for Name: DhcpHostnameFilter; Type: TABLE DATA; Schema: public; Owner: -
--

COPY public."DhcpHostnameFilter" (id, "tenantId", "propertyId", "subnetId", pattern, action, enabled, description, "createdAt", "updatedAt") FROM stdin;
\.


--
-- TOC entry 8027 (class 0 OID 17170)
-- Dependencies: 268
-- Data for Name: DhcpLease; Type: TABLE DATA; Schema: public; Owner: -
--

COPY public."DhcpLease" (id, "tenantId", "propertyId", "subnetId", "macAddress", "ipAddress", hostname, "clientId", "leaseStart", "leaseEnd", state, "lastSeenAt") FROM stdin;
ea02587a-3d18-47b6-9fe0-8fef09c240d5	444017d5-e022-4c5f-ac07-ea0d51f4609b	281fde73-7836-4511-b644-91f3663d8fcd	78626e41-d0a8-48fe-bf6f-d9157a0ab8ae	AA:BB:CC:11:22:33	192.168.10.105	Amit-iPhone	01:aabb:cc11:2233	2026-05-05 05:16:37.838+00	2026-05-05 09:16:37.838+00	active	2026-05-05 08:11:37.838+00
12b8a48b-12a0-4908-a393-08bd64c087bf	444017d5-e022-4c5f-ac07-ea0d51f4609b	281fde73-7836-4511-b644-91f3663d8fcd	78626e41-d0a8-48fe-bf6f-d9157a0ab8ae	AA:BB:CC:44:55:66	192.168.10.110	Rahul-MacBook	01:aabb:cc44:5566	2026-05-05 03:16:37.838+00	2026-05-05 07:16:37.838+00	active	2026-05-05 08:14:37.838+00
dcbeebd3-a852-4d30-b05e-c9f986610c3c	444017d5-e022-4c5f-ac07-ea0d51f4609b	281fde73-7836-4511-b644-91f3663d8fcd	78626e41-d0a8-48fe-bf6f-d9157a0ab8ae	AA:BB:CC:DD:EE:FF	192.168.10.125	Rina-iPad	01:aabb:ccdd:eeff	2026-05-03 08:16:37.838+00	2026-05-04 08:16:37.838+00	expired	2026-05-04 08:16:37.838+00
407a6ae6-02dd-460e-9431-7d16f8b32090	444017d5-e022-4c5f-ac07-ea0d51f4609b	281fde73-7836-4511-b644-91f3663d8fcd	71ba93d1-56df-45f8-8e05-2b95daee8c27	AA:BB:CC:DD:02:01	192.168.20.51	Priya-Laptop	01:aabb:ccdd:0201	2026-05-04 08:16:37.838+00	2026-05-06 08:16:37.838+00	active	2026-05-05 08:01:37.838+00
00df1a70-f1fa-4fbe-bea2-d2fa78ef2a3b	444017d5-e022-4c5f-ac07-ea0d51f4609b	281fde73-7836-4511-b644-91f3663d8fcd	930fa188-5732-46f8-a17a-91723afce130	AA:BB:CC:DD:01:01	192.168.40.101	Room101-SmartLock	\N	2026-04-28 08:16:37.838+00	2026-05-05 08:16:37.838+00	released	2026-05-05 02:16:37.838+00
\.


--
-- TOC entry 8028 (class 0 OID 17180)
-- Dependencies: 269
-- Data for Name: DhcpLeaseScript; Type: TABLE DATA; Schema: public; Owner: -
--

COPY public."DhcpLeaseScript" (id, "tenantId", "propertyId", name, "scriptPath", events, enabled, description, "createdAt", "updatedAt") FROM stdin;
\.


--
-- TOC entry 8029 (class 0 OID 17190)
-- Dependencies: 270
-- Data for Name: DhcpOption; Type: TABLE DATA; Schema: public; Owner: -
--

COPY public."DhcpOption" (id, "tenantId", "propertyId", "subnetId", code, name, value, type, enabled, description, "createdAt", "updatedAt") FROM stdin;
53640176-da16-465b-a69f-5211b40b06ed	444017d5-e022-4c5f-ac07-ea0d51f4609b	281fde73-7836-4511-b644-91f3663d8fcd	\N	6	DNS Servers	8.8.8.8, 1.1.1.1	ip	t	Default DNS servers for all subnets	2026-05-05 08:16:37.893+00	2026-05-05 08:16:37.893+00
fb009c34-2b59-4c0d-86ed-61eb14f3fbf9	444017d5-e022-4c5f-ac07-ea0d51f4609b	281fde73-7836-4511-b644-91f3663d8fcd	\N	42	NTP Server	162.159.200.1,162.159.200.123	string	t	Network time protocol server for time synchronization	2026-05-05 08:16:37.893+00	2026-05-05 08:16:37.893+00
db4d7b8d-2226-426a-9796-3812952e4260	444017d5-e022-4c5f-ac07-ea0d51f4609b	281fde73-7836-4511-b644-91f3663d8fcd	78626e41-d0a8-48fe-bf6f-d9157a0ab8ae	15	Domain Name	guest.royalstay.local	string	t	Domain name for guest WiFi subnet	2026-05-05 08:16:37.893+00	2026-05-05 08:16:37.893+00
\.


--
-- TOC entry 8030 (class 0 OID 17200)
-- Dependencies: 271
-- Data for Name: DhcpReservation; Type: TABLE DATA; Schema: public; Owner: -
--

COPY public."DhcpReservation" (id, "tenantId", "propertyId", "subnetId", "macAddress", "ipAddress", hostname, "leaseTime", "linkedType", "linkedId", description, enabled, "createdAt", "updatedAt") FROM stdin;
7ce7ca63-8bf9-404f-8a7e-1cd44708c7aa	444017d5-e022-4c5f-ac07-ea0d51f4609b	281fde73-7836-4511-b644-91f3663d8fcd	930fa188-5732-46f8-a17a-91723afce130	AA:BB:CC:DD:01:01	192.168.40.101	Room101-SmartLock	\N	room	2bd9e3e1-07f2-4535-ab58-5868a167f183	Smart lock for Room 101 - always needs same IP	t	2026-05-05 08:16:37.888+00	2026-05-05 08:16:37.888+00
425e0bc9-c3e8-4253-a2a4-f4e036f2019f	444017d5-e022-4c5f-ac07-ea0d51f4609b	281fde73-7836-4511-b644-91f3663d8fcd	930fa188-5732-46f8-a17a-91723afce130	AA:BB:CC:DD:01:02	192.168.40.102	Room101-Thermostat	\N	room	2bd9e3e1-07f2-4535-ab58-5868a167f183	Smart thermostat for Room 101	t	2026-05-05 08:16:37.888+00	2026-05-05 08:16:37.888+00
06340955-7533-420e-95bc-7a18f93d0106	444017d5-e022-4c5f-ac07-ea0d51f4609b	281fde73-7836-4511-b644-91f3663d8fcd	71ba93d1-56df-45f8-8e05-2b95daee8c27	AA:BB:CC:DD:02:01	192.168.20.51	Priya-Laptop	\N	staff	cc3b3483-ad7a-452a-b623-5465962c9678	Front desk manager laptop - fixed IP for printer access	t	2026-05-05 08:16:37.888+00	2026-05-05 08:16:37.888+00
\.


--
-- TOC entry 8031 (class 0 OID 17209)
-- Dependencies: 272
-- Data for Name: DhcpSubnet; Type: TABLE DATA; Schema: public; Owner: -
--

COPY public."DhcpSubnet" (id, "tenantId", "propertyId", name, subnet, gateway, "poolStart", "poolEnd", "leaseTime", "vlanId", "vlanConfigId", "domainName", "dnsServers", "ntpServers", "bootFileName", "nextServer", "ipv6Enabled", "ipv6Prefix", "ipv6PoolStart", "ipv6PoolEnd", "ipv6LeaseTime", "ipv6RAType", enabled, description, "createdAt", "updatedAt") FROM stdin;
78626e41-d0a8-48fe-bf6f-d9157a0ab8ae	444017d5-e022-4c5f-ac07-ea0d51f4609b	281fde73-7836-4511-b644-91f3663d8fcd	Guest WiFi Subnet	192.168.10.0/24	192.168.10.1	192.168.10.100	192.168.10.254	3600	10	aecc5780-c291-40bb-9ed7-09405d164437	guest.royalstay.local	["192.168.1.1","8.8.8.8"]	["162.159.200.1","162.159.200.123"]	\N	\N	f	\N	\N	\N	3600	slaac	t	DHCP pool for guest WiFi clients on VLAN 10	2026-05-05 08:16:37.886+00	2026-05-05 08:16:37.886+00
71ba93d1-56df-45f8-8e05-2b95daee8c27	444017d5-e022-4c5f-ac07-ea0d51f4609b	281fde73-7836-4511-b644-91f3663d8fcd	Staff LAN Subnet	192.168.20.0/24	192.168.20.1	192.168.20.50	192.168.20.254	86400	20	f344ec78-7c01-46c8-bc7c-f0107b5cd15c	staff.royalstay.local	["192.168.1.1","8.8.8.8"]	["216.239.35.0","216.239.35.4"]	\N	\N	f	\N	\N	\N	3600	slaac	t	DHCP pool for staff devices on VLAN 20	2026-05-05 08:16:37.886+00	2026-05-05 08:16:37.886+00
930fa188-5732-46f8-a17a-91723afce130	444017d5-e022-4c5f-ac07-ea0d51f4609b	281fde73-7836-4511-b644-91f3663d8fcd	IoT Devices Subnet	192.168.40.0/24	192.168.40.1	192.168.40.100	192.168.40.200	604800	40	1c18fb39-4fce-4b1d-a7d4-d976a280ca00	iot.royalstay.local	["192.168.1.1"]	["162.159.200.1","216.239.35.0"]	\N	\N	f	\N	\N	\N	3600	slaac	t	DHCP pool for IoT devices on VLAN 40. Long lease for stability.	2026-05-05 08:16:37.886+00	2026-05-05 08:16:37.886+00
65d9f1f7-f98e-4ded-8507-5f225db98df8	444017d5-e022-4c5f-ac07-ea0d51f4609b	281fde73-7836-4511-b644-91f3663d8fcd	Management Subnet	192.168.50.0/24	192.168.50.1	192.168.50.10	192.168.50.50	86400	50	3a6e593b-f27b-48c5-b6dc-7948591549df	mgmt.royalstay.local	["192.168.1.1","8.8.8.8"]	["216.239.35.0","216.239.35.4"]	\N	\N	f	\N	\N	\N	3600	slaac	t	DHCP pool for management network devices on VLAN 50	2026-05-05 08:16:37.886+00	2026-05-05 08:16:37.886+00
\.


--
-- TOC entry 8032 (class 0 OID 17224)
-- Dependencies: 273
-- Data for Name: DhcpTagRule; Type: TABLE DATA; Schema: public; Owner: -
--

COPY public."DhcpTagRule" (id, "tenantId", "propertyId", "subnetId", name, "matchType", "matchPattern", "setTag", enabled, description, "createdAt", "updatedAt") FROM stdin;
\.


--
-- TOC entry 8033 (class 0 OID 17233)
-- Dependencies: 274
-- Data for Name: DigitalKeyAccessLog; Type: TABLE DATA; Schema: public; Owner: -
--

COPY public."DigitalKeyAccessLog" (id, "tenantId", "roomId", "guestId", "accessType", method, success, "failureReason", "deviceId", "deviceType", "ipAddress", "accessedAt") FROM stdin;
\.


--
-- TOC entry 8034 (class 0 OID 17241)
-- Dependencies: 275
-- Data for Name: Discount; Type: TABLE DATA; Schema: public; Owner: -
--

COPY public."Discount" (id, "tenantId", name, code, type, value, "minAmount", "maxDiscount", "applicableTo", "validFrom", "validUntil", "maxUses", "usedCount", "isActive", "createdAt", "updatedAt", "deletedAt") FROM stdin;
2e3ba2ba-de02-4944-8130-54329a363204	444017d5-e022-4c5f-ac07-ea0d51f4609b	Summer Sale 20% Off	SUMMER20	percentage	20	5000	10000	room	2026-05-05 08:16:37.635+00	2026-08-03 08:16:37.6+00	200	47	t	2026-05-05 08:16:37.635+00	2026-05-05 08:16:37.635+00	\N
b1904778-d76d-4e45-9d6c-5ea31a0e0919	444017d5-e022-4c5f-ac07-ea0d51f4609b	Welcome 10% Off	WELCOME10	percentage	10	0	\N	all	2026-05-05 08:16:37.635+00	2026-11-01 08:16:37.6+00	500	123	t	2026-05-05 08:16:37.635+00	2026-05-05 08:16:37.635+00	\N
0a1695b5-a52f-4203-bf22-3b40b2277cea	444017d5-e022-4c5f-ac07-ea0d51f4609b	Early Bird 15% Off	EARLYBIRD	percentage	15	3000	7500	room	2026-05-05 08:16:37.635+00	2026-07-04 08:16:37.6+00	100	28	t	2026-05-05 08:16:37.635+00	2026-05-05 08:16:37.635+00	\N
4424dcc9-418a-4e3c-9100-a63a704a2cf0	444017d5-e022-4c5f-ac07-ea0d51f4609b	Flat $50 Off	FIXED50	fixed_amount	50	10000	50	all	2026-05-05 08:16:37.635+00	2026-06-19 08:16:37.6+00	150	35	t	2026-05-05 08:16:37.635+00	2026-05-05 08:16:37.635+00	\N
57d18be5-f3b5-4fe4-a57c-058d4e9f2173	444017d5-e022-4c5f-ac07-ea0d51f4609b	Complimentary Stay	COMP_STAY	complimentary	100	0	\N	room	2026-05-05 08:16:37.635+00	2027-05-05 08:16:37.6+00	10	2	t	2026-05-05 08:16:37.635+00	2026-05-05 08:16:37.635+00	\N
45aa9921-4bf2-4a73-8fd8-ca3df099b2f9	444017d5-e022-4c5f-ac07-ea0d51f4609b	Summer Special 25% Off	SUMMER25	percentage	25	5000	15000	room	2026-05-05 08:16:37.986+00	2026-08-03 08:16:37.6+00	100	15	t	2026-05-05 08:16:37.986+00	2026-05-05 08:16:37.986+00	\N
\.


--
-- TOC entry 8035 (class 0 OID 17254)
-- Dependencies: 276
-- Data for Name: DnsRecord; Type: TABLE DATA; Schema: public; Owner: -
--

COPY public."DnsRecord" (id, "tenantId", "zoneId", name, type, value, ttl, priority, enabled, "createdAt", "updatedAt") FROM stdin;
0033ec98-638b-43da-b50c-faa7ed8a4815	444017d5-e022-4c5f-ac07-ea0d51f4609b	74190fe7-dba3-4364-a5a3-6100d60ad6bf	portal	A	192.168.10.1	300	\N	t	2026-05-05 08:16:37.896+00	2026-05-05 08:16:37.896+00
00f0bf3c-feca-46e1-bf7c-87721b14f0a1	444017d5-e022-4c5f-ac07-ea0d51f4609b	74190fe7-dba3-4364-a5a3-6100d60ad6bf	dns	A	192.168.1.1	300	\N	t	2026-05-05 08:16:37.896+00	2026-05-05 08:16:37.896+00
0c758ff9-42fa-4f07-a54e-2fbd22364a31	444017d5-e022-4c5f-ac07-ea0d51f4609b	de5cdfb5-0587-42c4-b7f8-7f9382210d54	portal	A	192.168.1.10	300	\N	t	2026-05-05 08:16:37.896+00	2026-05-05 08:16:37.896+00
f10765a8-3283-44c8-8772-abf410404840	444017d5-e022-4c5f-ac07-ea0d51f4609b	de5cdfb5-0587-42c4-b7f8-7f9382210d54	dns	A	192.168.1.1	300	\N	t	2026-05-05 08:16:37.896+00	2026-05-05 08:16:37.896+00
\.


--
-- TOC entry 8036 (class 0 OID 17265)
-- Dependencies: 277
-- Data for Name: DnsRedirectRule; Type: TABLE DATA; Schema: public; Owner: -
--

COPY public."DnsRedirectRule" (id, "tenantId", "propertyId", name, "matchPattern", "targetIp", "applyTo", priority, enabled, description, "createdAt", "updatedAt") FROM stdin;
a55b1851-deae-48b6-8df8-02ebd99c8c2d	444017d5-e022-4c5f-ac07-ea0d51f4609b	281fde73-7836-4511-b644-91f3663d8fcd	Captive Portal Detection	*	192.168.10.1	unauthenticated	1	t	Redirect all DNS from unauthenticated clients to captive portal	2026-05-05 08:16:37.897+00	2026-05-05 08:16:37.897+00
7e3c3782-5d5b-4ccf-a8fb-735d3a9cee32	444017d5-e022-4c5f-ac07-ea0d51f4609b	281fde73-7836-4511-b644-91f3663d8fcd	All DNS Redirect	*	0.0.0.0	all	0	f	Emergency: Block all DNS resolution (disabled by default)	2026-05-05 08:16:37.897+00	2026-05-05 08:16:37.897+00
\.


--
-- TOC entry 8037 (class 0 OID 17276)
-- Dependencies: 278
-- Data for Name: DnsZone; Type: TABLE DATA; Schema: public; Owner: -
--

COPY public."DnsZone" (id, "tenantId", "propertyId", domain, description, "vlanId", enabled, "createdAt", "updatedAt") FROM stdin;
de5cdfb5-0587-42c4-b7f8-7f9382210d54	444017d5-e022-4c5f-ac07-ea0d51f4609b	281fde73-7836-4511-b644-91f3663d8fcd	staysuite.local	Main internal DNS zone for hotel services	20	t	2026-05-05 08:16:37.894+00	2026-05-05 08:16:37.894+00
74190fe7-dba3-4364-a5a3-6100d60ad6bf	444017d5-e022-4c5f-ac07-ea0d51f4609b	281fde73-7836-4511-b644-91f3663d8fcd	guest.staysuite.local	Guest-facing DNS zone for captive portal and services	10	t	2026-05-05 08:16:37.894+00	2026-05-05 08:16:37.894+00
\.


--
-- TOC entry 8038 (class 0 OID 17285)
-- Dependencies: 279
-- Data for Name: EnergyMetric; Type: TABLE DATA; Schema: public; Owner: -
--

COPY public."EnergyMetric" (id, "tenantId", "propertyId", date, "electricityKwh", "gasM3", "waterM3", "electricityCost", "gasCost", "waterCost", "carbonFootprint", "createdAt") FROM stdin;
1521781c-0bea-4c43-ac71-c0c4a6bbad89	444017d5-e022-4c5f-ac07-ea0d51f4609b	281fde73-7836-4511-b644-91f3663d8fcd	2026-04-28 08:16:37.6+00	2400	120	85	21600	6000	4250	1080	2026-05-05 08:16:37.693+00
0d14250e-71d9-4f50-8921-a695fc021031	444017d5-e022-4c5f-ac07-ea0d51f4609b	281fde73-7836-4511-b644-91f3663d8fcd	2026-04-29 08:16:37.6+00	2350	115	80	21150	5750	4000	1058	2026-05-05 08:16:37.693+00
acf16d7b-f209-47a4-b665-4d88d70d83d6	444017d5-e022-4c5f-ac07-ea0d51f4609b	281fde73-7836-4511-b644-91f3663d8fcd	2026-04-30 08:16:37.6+00	2500	130	92	22500	6500	4600	1125	2026-05-05 08:16:37.693+00
23acdae5-4ef3-4ec1-b2ae-02e80ea40bbd	444017d5-e022-4c5f-ac07-ea0d51f4609b	281fde73-7836-4511-b644-91f3663d8fcd	2026-05-01 08:16:37.6+00	2300	110	78	20700	5500	3900	1035	2026-05-05 08:16:37.693+00
63fef7e0-d875-46b6-9ac2-b3e17540eecd	444017d5-e022-4c5f-ac07-ea0d51f4609b	281fde73-7836-4511-b644-91f3663d8fcd	2026-05-02 08:16:37.6+00	2600	140	95	23400	7000	4750	1170	2026-05-05 08:16:37.693+00
f9c6fcf3-5aa6-4431-9716-688ad8d60f9b	444017d5-e022-4c5f-ac07-ea0d51f4609b	281fde73-7836-4511-b644-91f3663d8fcd	2026-05-03 08:16:37.6+00	2550	135	90	22950	6750	4500	1148	2026-05-05 08:16:37.693+00
ea3e9260-d18c-442c-b158-c9bd4f7807fc	444017d5-e022-4c5f-ac07-ea0d51f4609b	281fde73-7836-4511-b644-91f3663d8fcd	2026-05-04 08:16:37.6+00	2450	125	88	22050	6250	4400	1103	2026-05-05 08:16:37.693+00
ca8006f0-52a8-4238-be81-b4286ab28224	444017d5-e022-4c5f-ac07-ea0d51f4609b	281fde73-7836-4511-b644-91f3663d8fcd	2026-05-05 08:16:37.692+00	1800	90	60	16200	4500	3000	810	2026-05-05 08:16:37.693+00
e7e30bef-2eba-4702-88c4-65cd5238caea	444017d5-e022-4c5f-ac07-ea0d51f4609b	281fde73-7836-4511-b644-91f3663d8fcd	2026-05-06 08:16:37.6+00	2480	128	87	22320	6400	4350	1116	2026-05-05 08:16:37.693+00
671e6295-cc68-40bd-b11f-4c4d82d9575a	444017d5-e022-4c5f-ac07-ea0d51f4609b	281fde73-7836-4511-b644-91f3663d8fcd	2026-05-07 08:16:37.6+00	2420	122	83	21780	6100	4150	1089	2026-05-05 08:16:37.693+00
\.


--
-- TOC entry 8039 (class 0 OID 17298)
-- Dependencies: 280
-- Data for Name: Event; Type: TABLE DATA; Schema: public; Owner: -
--

COPY public."Event" (id, "tenantId", "propertyId", "spaceId", name, type, description, "organizerName", "organizerEmail", "organizerPhone", "startDate", "endDate", "setupStart", "teardownEnd", "expectedAttendance", "actualAttendance", "spaceCharge", "cateringCharge", "avCharge", "otherCharges", "totalAmount", currency, "depositAmount", "depositPaid", status, "contractUrl", "contractSignedAt", notes, "createdAt", "updatedAt") FROM stdin;
00698c31-1f5d-432a-af47-f514784a1541	444017d5-e022-4c5f-ac07-ea0d51f4609b	281fde73-7836-4511-b644-91f3663d8fcd	\N	Durga Puja Gala Dinner	banquet	Traditional Bengali feast celebrating Durga Puja with live music and cultural performances	Royal Stay Events	events@royalstay.in	+91-33-40012350	2026-05-15 08:16:37.6+00	2026-05-15 13:16:37.6+00	2026-05-15 04:16:37.6+00	2026-05-15 15:16:37.6+00	150	\N	75000	120000	25000	15000	235000	INR	50000	t	confirmed	\N	\N	Menu finalized with executive chef	2026-05-05 08:16:37.75+00	2026-05-05 08:16:37.75+00
16a3d419-7d03-4047-be77-7671e70a9f3f	444017d5-e022-4c5f-ac07-ea0d51f4609b	281fde73-7836-4511-b644-91f3663d8fcd	\N	Corporate Workshop - Tech Solutions	meeting	Two-day technology workshop for Tech Solutions India annual team meeting	Amit Sharma	amit@techsolutions.in	+91-33-24789012	2026-05-20 08:16:37.6+00	2026-05-22 08:16:37.6+00	\N	\N	40	\N	45000	48000	18000	5000	116000	INR	25000	t	confirmed	\N	2026-04-30 08:16:37.6+00	\N	2026-05-05 08:16:37.75+00	2026-05-05 08:16:37.75+00
0ffe8aa1-b66d-4a62-98d8-af33c3e87193	444017d5-e022-4c5f-ac07-ea0d51f4609b	281fde73-7836-4511-b644-91f3663d8fcd	\N	Wedding Reception - Banerjee Family	wedding	Traditional Bengali wedding reception with 500 guests	Debashis Banerjee	debashis.b@email.com	+91-9830098765	2026-05-30 08:16:37.6+00	2026-05-30 16:16:37.6+00	\N	\N	500	\N	150000	750000	85000	50000	1035000	INR	200000	t	confirmed	\N	\N	\N	2026-05-05 08:16:37.75+00	2026-05-05 08:16:37.75+00
a040dbd6-aead-4237-bdf1-6f01e97b3eae	444017d5-e022-4c5f-ac07-ea0d51f4609b	281fde73-7836-4511-b644-91f3663d8fcd	\N	Rabindra Jayanti Cultural Evening	cultural	Evening of Rabindranath Tagore poetry, songs, and dance performances	Royal Stay Cultural Committee	culture@royalstay.in	+91-33-40012350	2026-06-09 08:16:37.6+00	2026-06-09 12:16:37.6+00	\N	\N	200	\N	60000	100000	35000	10000	205000	INR	0	f	inquiry	\N	\N	\N	2026-05-05 08:16:37.75+00	2026-05-05 08:16:37.75+00
\.


--
-- TOC entry 8040 (class 0 OID 17315)
-- Dependencies: 281
-- Data for Name: EventResource; Type: TABLE DATA; Schema: public; Owner: -
--

COPY public."EventResource" (id, "eventId", name, category, description, quantity, "unitPrice", "totalAmount", "vendorId", "vendorName", "staffId", "staffName", status, "setupTime", "teardownTime", notes, "createdAt", "updatedAt") FROM stdin;
\.


--
-- TOC entry 8041 (class 0 OID 17327)
-- Dependencies: 282
-- Data for Name: EventSpace; Type: TABLE DATA; Schema: public; Owner: -
--

COPY public."EventSpace" (id, "propertyId", name, description, "minCapacity", "maxCapacity", "sizeSqMeters", "sizeSqFeet", "hourlyRate", "dailyRate", amenities, images, status, "createdAt", "updatedAt") FROM stdin;
5bba1f62-3e0d-4cc8-a672-2d97eda063cf	281fde73-7836-4511-b644-91f3663d8fcd	Grand Ballroom	Elegant ballroom with crystal chandeliers, suitable for weddings, galas, and large corporate events. Features a built-in stage, premium sound system, and configurable lighting.	100	500	450	\N	15000	100000	["stage","sound_system","projector","microphone","dance_floor","wifi","air_conditioning","valet_parking"]	[]	active	2026-05-05 08:16:37.982+00	2026-05-05 08:16:37.982+00
059c558c-2c3a-4bb3-83a9-d2c5df0d3eec	281fde73-7836-4511-b644-91f3663d8fcd	Meeting Room A	Modern meeting room with natural lighting, ideal for board meetings, training sessions, and presentations. Equipped with video conferencing facilities.	10	40	60	\N	3000	20000	["projector","whiteboard","video_conferencing","wifi","air_conditioning","coffee_machine"]	[]	active	2026-05-05 08:16:37.982+00	2026-05-05 08:16:37.982+00
\.


--
-- TOC entry 8042 (class 0 OID 17338)
-- Dependencies: 283
-- Data for Name: ExchangeRate; Type: TABLE DATA; Schema: public; Owner: -
--

COPY public."ExchangeRate" (id, "tenantId", "fromCurrency", "toCurrency", rate, source, "validFrom", "validUntil", "isActive", "createdAt", "updatedAt") FROM stdin;
\.


--
-- TOC entry 8196 (class 0 OID 19204)
-- Dependencies: 437
-- Data for Name: Experience; Type: TABLE DATA; Schema: public; Owner: -
--

COPY public."Experience" (id, "tenantId", "propertyId", name, description, "categoryId", category, duration, "maxParticipants", "basePrice", "imageUrl", status, tags, highlights, "whatToBring", "cancellationPolicy", rating, "totalReviews", "totalBookings", "createdAt", "updatedAt", "deletedAt") FROM stdin;
\.


--
-- TOC entry 8197 (class 0 OID 19219)
-- Dependencies: 438
-- Data for Name: ExperienceBooking; Type: TABLE DATA; Schema: public; Owner: -
--

COPY public."ExperienceBooking" (id, "tenantId", "propertyId", "experienceId", "guestId", "guestName", "guestEmail", "guestPhone", "bookingDate", "bookingTime", "numberOfGuests", "totalPrice", "specialRequests", status, "confirmedAt", "completedAt", "cancelledAt", "cancellationReason", "createdAt", "updatedAt", "deletedAt") FROM stdin;
\.


--
-- TOC entry 8200 (class 0 OID 19252)
-- Dependencies: 441
-- Data for Name: ExperienceFeedback; Type: TABLE DATA; Schema: public; Owner: -
--

COPY public."ExperienceFeedback" (id, "tenantId", "experienceBookingId", "experienceId", "guestId", "guestName", rating, "reviewText", category, "staffResponse", status, "createdAt", "updatedAt") FROM stdin;
\.


--
-- TOC entry 8198 (class 0 OID 19230)
-- Dependencies: 439
-- Data for Name: ExperiencePricing; Type: TABLE DATA; Schema: public; Owner: -
--

COPY public."ExperiencePricing" (id, "tenantId", "experienceId", type, "seasonName", "startTime", "endTime", capacity, "startDate", "endDate", "priceMultiplier", "minGuests", "maxGuests", "isAvailable", "createdAt", "updatedAt") FROM stdin;
\.


--
-- TOC entry 8199 (class 0 OID 19242)
-- Dependencies: 440
-- Data for Name: ExperienceVendor; Type: TABLE DATA; Schema: public; Owner: -
--

COPY public."ExperienceVendor" (id, "tenantId", "propertyId", "companyName", "contactPerson", email, phone, address, category, "commissionRate", "bankAccountName", "bankAccountNumber", "bankIfsc", status, notes, "createdAt", "updatedAt", "deletedAt") FROM stdin;
\.


--
-- TOC entry 8043 (class 0 OID 17349)
-- Dependencies: 284
-- Data for Name: ExternalReview; Type: TABLE DATA; Schema: public; Owner: -
--

COPY public."ExternalReview" (id, "tenantId", "propertyId", source, "externalId", content, rating, "reviewerName", "reviewDate", "sentimentScore", "sentimentLabel", "sentimentAspects", "sentimentKeywords", "responseText", "respondedAt", "createdAt", "updatedAt") FROM stdin;
bf233071-084b-4607-9830-4d98d43a564e	444017d5-e022-4c5f-ac07-ea0d51f4609b	281fde73-7836-4511-b644-91f3663d8fcd	google	017e2d82-9ce6-4498-9da9-137dfd397535	Excellent stay at Royal Stay Kolkata! The staff was incredibly warm and helpful. Room 501 had a beautiful city view. Breakfast buffet had great variety. Will definitely come back.	5	Sanjay K.	2026-04-20 08:16:37.6+00	0.95	positive	\N	\N	\N	\N	2026-05-05 08:16:37.699+00	2026-05-05 08:16:37.699+00
bf21dc77-b404-4d0d-a9fa-97bde26b57c7	444017d5-e022-4c5f-ac07-ea0d51f4609b	281fde73-7836-4511-b644-91f3663d8fcd	google	c326ca60-afd3-4c04-a472-e26838be0912	Good hotel, well-maintained rooms. The location on Park Street is perfect. Only minor issue was the Wi-Fi was a bit slow in the evening. Otherwise, a great experience.	4	Meera P.	2026-04-25 08:16:37.6+00	0.78	positive	\N	\N	Thank you for your feedback, Meera! We're working on upgrading our internet bandwidth. Hope to see you again soon!	2026-04-26 08:16:37.6+00	2026-05-05 08:16:37.699+00	2026-05-05 08:16:37.699+00
62411b79-4485-440b-8da5-2bd7b2237ab0	444017d5-e022-4c5f-ac07-ea0d51f4609b	281fde73-7836-4511-b644-91f3663d8fcd	tripadvisor	5d670cc6-f86a-4138-b89e-77927bb55e8e	Fantastic property with top-notch service. The Executive Suite was spacious and well-appointed. The in-house restaurant serves amazing Bengali cuisine. Highly recommended for business travelers.	5	Rajiv M.	2026-04-15 08:16:37.6+00	0.92	positive	\N	\N	Thank you, Rajiv! We're delighted you enjoyed our Bengali cuisine offerings.	2026-04-16 08:16:37.6+00	2026-05-05 08:16:37.699+00	2026-05-05 08:16:37.699+00
59ddef25-58b6-4d8f-846f-f88248d9a45c	444017d5-e022-4c5f-ac07-ea0d51f4609b	281fde73-7836-4511-b644-91f3663d8fcd	booking_com	221a2e9f-caed-4c19-b3d6-87ce50df54a3	Decent hotel for the price. Rooms are clean and the staff is courteous. The check-in process was smooth. Breakfast could have more options. Overall a satisfactory stay.	3	Anonymous	2026-04-28 08:16:37.6+00	0.55	neutral	\N	\N	\N	\N	2026-05-05 08:16:37.699+00	2026-05-05 08:16:37.699+00
b338686f-2ff4-4d3a-95a3-1c1bf896e8bd	444017d5-e022-4c5f-ac07-ea0d51f4609b	281fde73-7836-4511-b644-91f3663d8fcd	google	e96790d9-4472-4eb5-be3b-329a6edbf91d	Disappointed with our stay. The AC in our room was not working properly and it took 2 hours to get it fixed. The bathroom had some stains. Not what we expected from a 5-star property.	2	Deepak S.	2026-05-02 08:16:37.6+00	0.15	negative	\N	\N	We sincerely apologize for the inconvenience, Deepak. We have addressed the AC maintenance issue and bathroom cleaning protocols with our team.	2026-05-03 08:16:37.6+00	2026-05-05 08:16:37.699+00	2026-05-05 08:16:37.699+00
\.


--
-- TOC entry 8044 (class 0 OID 17359)
-- Dependencies: 285
-- Data for Name: FairAccessPolicy; Type: TABLE DATA; Schema: public; Owner: -
--

COPY public."FairAccessPolicy" (id, "tenantId", "propertyId", name, description, "cycleType", "limitType", "dataLimitMb", "dataLimitUnit", "switchOverBwPolicyId", "cycleResetHour", "cycleResetMinute", "applicableOn", "isEnabled", priority, "createdAt", "updatedAt", "throttleDownKbps", "throttleUpKbps") FROM stdin;
\.


--
-- TOC entry 8047 (class 0 OID 17393)
-- Dependencies: 288
-- Data for Name: FeatureAnnouncement; Type: TABLE DATA; Schema: public; Owner: -
--

COPY public."FeatureAnnouncement" (id, title, content, type, "targetRoles", "startsAt", "endsAt", dismissible, status, "createdAt", "updatedAt") FROM stdin;
\.


--
-- TOC entry 8048 (class 0 OID 17405)
-- Dependencies: 289
-- Data for Name: FirewallRule; Type: TABLE DATA; Schema: public; Owner: -
--

COPY public."FirewallRule" (id, "tenantId", "propertyId", "zoneId", chain, protocol, "sourceIp", "sourcePort", "destIp", "destPort", action, "jumpTarget", "logPrefix", enabled, comment, priority, "scheduleId", "createdAt", "updatedAt") FROM stdin;
0ad74c53-61fa-4b5d-8148-64adf854f38e	444017d5-e022-4c5f-ac07-ea0d51f4609b	281fde73-7836-4511-b644-91f3663d8fcd	56c170f6-3bbe-48bf-b7dc-ea955e32624e	input	tcp	\N	\N	\N	80	accept	\N	\N	t	Allow HTTP from WAN	10	\N	2026-05-05 08:16:37.908+00	2026-05-05 08:16:37.908+00
3ef1498b-7816-49d5-bf93-fd69ae2a31d8	444017d5-e022-4c5f-ac07-ea0d51f4609b	281fde73-7836-4511-b644-91f3663d8fcd	56c170f6-3bbe-48bf-b7dc-ea955e32624e	input	tcp	\N	\N	\N	443	accept	\N	\N	t	Allow HTTPS from WAN	11	\N	2026-05-05 08:16:37.908+00	2026-05-05 08:16:37.908+00
7758ea0a-9a6b-4131-92b5-0a5c51b8e376	444017d5-e022-4c5f-ac07-ea0d51f4609b	281fde73-7836-4511-b644-91f3663d8fcd	c897310d-482d-4e5c-8b97-afeacd80d038	forward	\N	192.168.10.0/24	\N	192.168.20.0/24	\N	drop	\N	GUEST-LAN-DROP:	t	Drop guest-to-LAN traffic (isolation)	5	\N	2026-05-05 08:16:37.908+00	2026-05-05 08:16:37.908+00
7406c10e-a312-46ac-a469-1ac54f9b93ce	444017d5-e022-4c5f-ac07-ea0d51f4609b	281fde73-7836-4511-b644-91f3663d8fcd	c897310d-482d-4e5c-8b97-afeacd80d038	forward	\N	192.168.10.0/24	\N	\N	53	accept	\N	\N	t	Allow DNS from guest to all	1	\N	2026-05-05 08:16:37.908+00	2026-05-05 08:16:37.908+00
f135924c-7691-44ce-9ff1-f884dead2a63	444017d5-e022-4c5f-ac07-ea0d51f4609b	281fde73-7836-4511-b644-91f3663d8fcd	56c170f6-3bbe-48bf-b7dc-ea955e32624e	input	icmp	\N	\N	\N	\N	accept	\N	\N	t	Allow ICMP (ping) from WAN	20	\N	2026-05-05 08:16:37.908+00	2026-05-05 08:16:37.908+00
27501327-900a-4bd2-9920-8f6713ce62e3	444017d5-e022-4c5f-ac07-ea0d51f4609b	281fde73-7836-4511-b644-91f3663d8fcd	2df717d0-3dd9-4daf-a7f2-5d16ce172496	forward	\N	\N	\N	\N	53	accept	\N	\N	t	Allow DNS from all zones	1	\N	2026-05-05 08:16:37.908+00	2026-05-05 08:16:37.908+00
\.


--
-- TOC entry 8049 (class 0 OID 17417)
-- Dependencies: 290
-- Data for Name: FirewallSchedule; Type: TABLE DATA; Schema: public; Owner: -
--

COPY public."FirewallSchedule" (id, "tenantId", "propertyId", name, "daysOfWeek", "startTime", "endTime", timezone, enabled, "createdAt", "updatedAt") FROM stdin;
5bc5945a-9174-4364-ab88-8fae8827e2f4	444017d5-e022-4c5f-ac07-ea0d51f4609b	281fde73-7836-4511-b644-91f3663d8fcd	Business Hours	1,2,3,4,5	08:00	18:00	Asia/Kolkata	t	2026-05-05 08:16:37.91+00	2026-05-05 08:16:37.91+00
4699ffa6-f2ac-4f46-922a-97ab9e8ecc98	444017d5-e022-4c5f-ac07-ea0d51f4609b	281fde73-7836-4511-b644-91f3663d8fcd	Night Mode	1,2,3,4,5,6,7	23:00	06:00	Asia/Kolkata	t	2026-05-05 08:16:37.91+00	2026-05-05 08:16:37.91+00
\.


--
-- TOC entry 8050 (class 0 OID 17430)
-- Dependencies: 291
-- Data for Name: FirewallZone; Type: TABLE DATA; Schema: public; Owner: -
--

COPY public."FirewallZone" (id, "tenantId", "propertyId", name, interfaces, "inputPolicy", "forwardPolicy", "outputPolicy", masquerade, description, "createdAt", "updatedAt") FROM stdin;
56c170f6-3bbe-48bf-b7dc-ea955e32624e	444017d5-e022-4c5f-ac07-ea0d51f4609b	281fde73-7836-4511-b644-91f3663d8fcd	wan	["eth0","eth2"]	accept	drop	accept	t	WAN zone - Internet facing interfaces with masquerade (NAT)	2026-05-05 08:16:37.906+00	2026-05-05 08:16:37.906+00
2df717d0-3dd9-4daf-a7f2-5d16ce172496	444017d5-e022-4c5f-ac07-ea0d51f4609b	281fde73-7836-4511-b644-91f3663d8fcd	lan	["eth1","br0"]	accept	accept	accept	f	LAN zone - Internal trusted network for staff and management	2026-05-05 08:16:37.906+00	2026-05-05 08:16:37.906+00
c897310d-482d-4e5c-8b97-afeacd80d038	444017d5-e022-4c5f-ac07-ea0d51f4609b	281fde73-7836-4511-b644-91f3663d8fcd	guest	["eth1.10","br-guest"]	accept	drop	accept	f	Guest zone - Internet only, no LAN forwarding by default	2026-05-05 08:16:37.906+00	2026-05-05 08:16:37.906+00
\.


--
-- TOC entry 8051 (class 0 OID 17443)
-- Dependencies: 292
-- Data for Name: FloorPlan; Type: TABLE DATA; Schema: public; Owner: -
--

COPY public."FloorPlan" (id, "propertyId", floor, name, "imageUrl", "svgData", "roomPositions", width, height, "gridSize", "createdAt", "updatedAt") FROM stdin;
39b70308-383d-4420-8e03-599489462d1b	281fde73-7836-4511-b644-91f3663d8fcd	1	Ground Floor	\N	<svg>...</svg>	[{"roomId":"2bd9e3e1-07f2-4535-ab58-5868a167f183","x":100,"y":80,"width":120,"height":90}]	800	600	20	2026-05-05 08:16:37.672+00	2026-05-05 08:16:37.672+00
cb9987d5-408f-4ef0-b3e6-1afcd852dd70	281fde73-7836-4511-b644-91f3663d8fcd	5	Fifth Floor - Deluxe Wing	\N	<svg>...</svg>	[{"roomId":"3330f9c6-2345-4db5-bc7f-4a8ca55afb8b","x":100,"y":80,"width":120,"height":90},{"roomId":"ed3525fb-db41-4efe-bc14-f8d70265fcc5","x":260,"y":80,"width":120,"height":90}]	800	600	20	2026-05-05 08:16:37.672+00	2026-05-05 08:16:37.672+00
eccf3bd4-7240-4721-9c72-4bb60f63a345	281fde73-7836-4511-b644-91f3663d8fcd	8	Eighth Floor - Executive Wing	\N	<svg>...</svg>	[{"roomId":"df952a5d-0ea8-49c6-9445-0de11983d19a","x":100,"y":80,"width":150,"height":110}]	800	600	20	2026-05-05 08:16:37.672+00	2026-05-05 08:16:37.672+00
\.


--
-- TOC entry 8052 (class 0 OID 17455)
-- Dependencies: 293
-- Data for Name: FloorPlanRoom; Type: TABLE DATA; Schema: public; Owner: -
--

COPY public."FloorPlanRoom" (id, "floorPlanId", "roomId", x, y, width, height, rotation, "createdAt", "updatedAt") FROM stdin;
\.


--
-- TOC entry 8053 (class 0 OID 17464)
-- Dependencies: 294
-- Data for Name: Folio; Type: TABLE DATA; Schema: public; Owner: -
--

COPY public."Folio" (id, "tenantId", "propertyId", "bookingId", "folioNumber", "guestId", subtotal, taxes, discount, "totalAmount", "paidAmount", balance, currency, status, "openedAt", "closedAt", "invoiceNumber", "invoiceUrl", "invoiceIssuedAt", "createdAt", "updatedAt") FROM stdin;
6562be0c-1585-4355-8c48-96dc8368240e	444017d5-e022-4c5f-ac07-ea0d51f4609b	281fde73-7836-4511-b644-91f3663d8fcd	b544cc77-46a6-4e53-921e-50db663eb482	FOL-KOL-0001	cb127462-1b96-4e37-8f78-65bbd0493ee1	16500	2970	0	20970	10000	10970	INR	partially_paid	2026-05-03 08:16:37.636+00	\N	\N	\N	\N	2026-05-05 08:16:37.637+00	2026-05-05 08:16:37.637+00
6842772c-7088-40eb-b9c7-2e6a609ced4a	444017d5-e022-4c5f-ac07-ea0d51f4609b	281fde73-7836-4511-b644-91f3663d8fcd	a539a935-cba9-4ae3-a986-1a15727495b7	FOL-KOL-0003	c5e15b10-5464-4323-87b6-41d1eb95c39a	22000	3960	0	27960	0	27960	INR	open	2026-05-05 08:16:37.636+00	\N	\N	\N	\N	2026-05-05 08:16:37.637+00	2026-05-05 08:16:37.637+00
0a1ad08b-67d2-4851-880f-55245edce0ff	444017d5-e022-4c5f-ac07-ea0d51f4609b	281fde73-7836-4511-b644-91f3663d8fcd	ba31a39a-e127-49d8-b18d-29088b49ac6d	FOL-KOL-0005	79877c7c-f915-4922-94a0-5d83df9e1d09	10500	1890	0	13290	5000	8290	INR	partially_paid	2026-05-05 08:16:37.636+00	\N	\N	\N	\N	2026-05-05 08:16:37.637+00	2026-05-05 08:16:37.637+00
31b2dc91-a684-4dfa-af6a-fc948051da24	444017d5-e022-4c5f-ac07-ea0d51f4609b	281fde73-7836-4511-b644-91f3663d8fcd	9b7a9397-91d2-4f9c-baf4-71123765747b	FOL-KOL-0002	0dae0b8b-173a-4819-8a5e-7ff3be5c81d5	48000	8640	2000	58640	58640	0	INR	paid	2026-05-04 08:16:37.636+00	2026-05-04 08:16:37.636+00	INV-2501-0001	\N	2026-05-04 08:16:37.636+00	2026-05-05 08:16:37.637+00	2026-05-05 08:16:37.644+00
3e65e740-b126-49ec-aabd-915b5bd60bb2	444017d5-e022-4c5f-ac07-ea0d51f4609b	281fde73-7836-4511-b644-91f3663d8fcd	231b3af0-9522-447b-8135-8ec031dc66c1	FOL-KOL-0004	df87b649-707f-402a-9198-75a06d22ed63	70000	12600	3500	84100	84100	0	INR	paid	2026-05-05 08:16:37.636+00	2026-05-05 08:16:37.636+00	INV-2501-0002	\N	2026-05-05 08:16:37.645+00	2026-05-05 08:16:37.637+00	2026-05-05 08:16:37.646+00
972e32ee-0532-4a3a-9b38-9076f74e8fb5	444017d5-e022-4c5f-ac07-ea0d51f4609b	281fde73-7836-4511-b644-91f3663d8fcd	7e7c1dde-1748-45aa-aad9-fde8feacb222	FOL-KOL-0006	18349da2-1713-42c0-bad9-67856cc58d26	10500	1890	0	13290	13290	0	INR	paid	2026-05-02 08:16:37.636+00	2026-05-05 08:16:37.636+00	INV-2501-0003	\N	2026-05-05 08:16:37.646+00	2026-05-05 08:16:37.637+00	2026-05-05 08:16:37.646+00
\.


--
-- TOC entry 8054 (class 0 OID 17481)
-- Dependencies: 295
-- Data for Name: FolioLineItem; Type: TABLE DATA; Schema: public; Owner: -
--

COPY public."FolioLineItem" (id, "folioId", description, category, quantity, "unitPrice", "totalAmount", "serviceDate", "referenceType", "referenceId", "taxRate", "taxAmount", "itemCurrency", "exchangeRate", "baseAmount", "postedBy", "createdAt", "updatedAt", "discountId") FROM stdin;
a10f1663-7fa8-4854-a44f-24ec448e4d83	6562be0c-1585-4355-8c48-96dc8368240e	Room 501 - Deluxe Room - 3 night(s)	room_charge	3	5500	16500	2026-05-03 08:16:37.636+00	\N	\N	18	2970	USD	1	0	\N	2026-05-05 08:16:37.639+00	2026-05-05 08:16:37.639+00	\N
f304fc9f-3801-48f4-b922-34d414acd5e4	6562be0c-1585-4355-8c48-96dc8368240e	Room Service - Butter Chicken, Naan, Lassi	food_beverage	1	900	900	2026-05-04 08:16:37.636+00	\N	\N	5	45	USD	1	0	\N	2026-05-05 08:16:37.639+00	2026-05-05 08:16:37.639+00	\N
b8a83aad-223b-481e-a216-dcf8793317e5	6562be0c-1585-4355-8c48-96dc8368240e	Laundry Service - Dry Cleaning (3 items)	service	3	200	600	2026-05-05 08:16:37.638+00	\N	\N	18	108	USD	1	0	\N	2026-05-05 08:16:37.639+00	2026-05-05 08:16:37.639+00	\N
903217b6-6fe0-4737-b60c-92c9a0475e3f	31b2dc91-a684-4dfa-af6a-fc948051da24	Room 801 - Executive Suite - 4 night(s)	room_charge	4	12000	48000	2026-05-04 08:16:37.636+00	\N	\N	18	8640	USD	1	0	\N	2026-05-05 08:16:37.639+00	2026-05-05 08:16:37.639+00	\N
bfb1683d-8901-4011-bd28-09487497ba1f	31b2dc91-a684-4dfa-af6a-fc948051da24	Mini Bar - Beverages & Snacks	food_beverage	1	2500	2500	2026-05-04 20:16:37.636+00	\N	\N	5	125	USD	1	0	\N	2026-05-05 08:16:37.639+00	2026-05-05 08:16:37.639+00	\N
b79da0c3-adaf-4986-adc7-aa553ba8585d	6842772c-7088-40eb-b9c7-2e6a609ced4a	Room 510 - Deluxe Room - 4 night(s)	room_charge	4	5500	22000	2026-05-05 08:16:37.638+00	\N	\N	18	3960	USD	1	0	\N	2026-05-05 08:16:37.639+00	2026-05-05 08:16:37.639+00	\N
77e1ce83-7b70-439c-a2c0-7c614a1c6871	3e65e740-b126-49ec-aabd-915b5bd60bb2	Room 1002 - Presidential Suite - 2 night(s)	room_charge	2	35000	70000	2026-05-05 08:16:37.638+00	\N	\N	18	12600	USD	1	0	\N	2026-05-05 08:16:37.639+00	2026-05-05 08:16:37.639+00	\N
5b16012c-c160-419c-bf8f-7ac58a7837e7	0a1ad08b-67d2-4851-880f-55245edce0ff	Room 101 - Standard Room - 3 night(s)	room_charge	3	3500	10500	2026-05-12 08:16:37.636+00	\N	\N	18	1890	USD	1	0	\N	2026-05-05 08:16:37.639+00	2026-05-05 08:16:37.639+00	\N
f586bbe5-7159-4bc8-a6b4-6f37d3b74506	972e32ee-0532-4a3a-9b38-9076f74e8fb5	Room 305 - Standard Room - 3 night(s)	room_charge	3	3500	10500	2026-05-02 08:16:37.636+00	\N	\N	18	1890	USD	1	0	\N	2026-05-05 08:16:37.639+00	2026-05-05 08:16:37.639+00	\N
\.


--
-- TOC entry 8080 (class 0 OID 17801)
-- Dependencies: 321
-- Data for Name: FolioLineItemAudit; Type: TABLE DATA; Schema: public; Owner: -
--

COPY public."FolioLineItemAudit" (id, "tenantId", "folioId", "lineItemId", action, description, category, amount, quantity, "userId", "userName", source, "createdAt") FROM stdin;
\.


--
-- TOC entry 8055 (class 0 OID 17496)
-- Dependencies: 296
-- Data for Name: FolioTransfer; Type: TABLE DATA; Schema: public; Owner: -
--

COPY public."FolioTransfer" (id, "tenantId", "propertyId", "fromFolioId", "toFolioId", "folioLineItemId", "bookingId", amount, currency, reason, description, status, "transferredBy", "approvedBy", "createdAt") FROM stdin;
\.


--
-- TOC entry 8056 (class 0 OID 17506)
-- Dependencies: 297
-- Data for Name: GDPRRequest; Type: TABLE DATA; Schema: public; Owner: -
--

COPY public."GDPRRequest" (id, "tenantId", "guestId", "requestType", status, "requestSource", "requesterEmail", "requesterName", "verificationToken", "verifiedAt", "expiresAt", priority, notes, "rejectionReason", "completedAt", "completedBy", "downloadUrl", "downloadExpiresAt", "dataSnapshot", metadata, "createdAt", "updatedAt") FROM stdin;
fb72f3ca-a107-49c2-8e25-6a3474eaf94e	444017d5-e022-4c5f-ac07-ea0d51f4609b	79877c7c-f915-4922-94a0-5d83df9e1d09	export	completed	guest	pooja.s@email.com	Pooja Saha	\N	2026-04-30 08:16:37.6+00	2026-05-30 08:16:37.6+00	normal	\N	\N	2026-05-01 08:16:37.6+00	user-1	/api/gdpr/export/gdpr-1	\N	\N	{}	2026-05-05 08:16:37.753+00	2026-05-05 08:16:37.753+00
dd09f054-9910-42e5-b531-3107c7c4aa9c	444017d5-e022-4c5f-ac07-ea0d51f4609b	cb127462-1b96-4e37-8f78-65bbd0493ee1	rectify	pending	guest	amit.m@email.com	Amit Mukherjee	\N	\N	2026-05-30 08:16:37.6+00	normal	Guest wants to update phone number and address	\N	\N	\N	\N	\N	\N	{}	2026-05-05 08:16:37.753+00	2026-05-05 08:16:37.753+00
22244515-0bf7-47d5-b495-8028fc9a0ce7	444017d5-e022-4c5f-ac07-ea0d51f4609b	\N	delete	processing	admin	admin@royalstay.in	Rajesh Sharma	\N	\N	2026-05-30 08:16:37.6+00	normal	Guest checked out from old property management, data cleanup requested	\N	\N	\N	\N	\N	\N	{}	2026-05-05 08:16:37.753+00	2026-05-05 08:16:37.753+00
\.


--
-- TOC entry 8098 (class 0 OID 18032)
-- Dependencies: 339
-- Data for Name: Gateway; Type: TABLE DATA; Schema: public; Owner: -
--

COPY public."Gateway" (id, "tenantId", "propertyId", "multiWanConfigId", name, "ipAddress", "interfaceName", "interfaceId", weight, "isBackup", "backupGatewayId", "routingTableId", "healthStatus", "lastHealthCheck", enabled, "createdAt", "updatedAt") FROM stdin;
\.


--
-- TOC entry 8100 (class 0 OID 18058)
-- Dependencies: 341
-- Data for Name: GatewayExplicitRoute; Type: TABLE DATA; Schema: public; Owner: -
--

COPY public."GatewayExplicitRoute" (id, "gatewayId", "tenantId", "propertyId", network, description, "createdAt", "updatedAt") FROM stdin;
\.


--
-- TOC entry 8101 (class 0 OID 18066)
-- Dependencies: 342
-- Data for Name: GatewayFwmark; Type: TABLE DATA; Schema: public; Owner: -
--

COPY public."GatewayFwmark" (id, "gatewayId", "tenantId", "fwmarkValue", description, "createdAt", "updatedAt") FROM stdin;
\.


--
-- TOC entry 8099 (class 0 OID 18046)
-- Dependencies: 340
-- Data for Name: GatewayHealthRule; Type: TABLE DATA; Schema: public; Owner: -
--

COPY public."GatewayHealthRule" (id, "gatewayId", "tenantId", protocol, host, port, operator, "sortOrder", "createdAt", "updatedAt") FROM stdin;
\.


--
-- TOC entry 8057 (class 0 OID 17518)
-- Dependencies: 298
-- Data for Name: GoogleHotelAdsConnection; Type: TABLE DATA; Schema: public; Owner: -
--

COPY public."GoogleHotelAdsConnection" (id, "tenantId", "propertyId", "accountId", "subAccountId", "hotelId", status, "connectionMode", "partnerId", "hotelCenterId", "priceFeedUrl", "priceFeedFormat", "lastPriceFeedAt", "lastBookingFeedAt", "lastError", "lastErrorAt", "totalBookings", "totalRevenue", "totalSpend", "avgRoas", "bidStrategy", "baseBidModifier", "occupancyBidModifier", "dayOfWeekBidModifier", "advanceBookingModifier", "lengthOfStayModifier", "autoBidEnabled", "autoBidRules", "createdAt", "updatedAt") FROM stdin;
da99d5a2-7abe-4946-b189-9f345db2fdab	444017d5-e022-4c5f-ac07-ea0d51f4609b	281fde73-7836-4511-b644-91f3663d8fcd	6d273f94-9230-4396-a4ee-fa0421916ef0	\N	c35991db-68e8-4b66-a913-c59575f8adbf	connected	live	742f375e-d12a-418f-ab00-ed1fd24c3116	35067cd6-dcfc-468e-ba41-6de74df5d266	https://feeds.royalstay.in/prices/kolkata.xml	xml	2026-05-04 08:16:37.6+00	\N	\N	\N	142	850000	125000	6.8	auto	1.2	{}	{}	{}	{}	t	[]	2026-05-05 08:16:37.723+00	2026-05-05 08:16:37.723+00
\.


--
-- TOC entry 8058 (class 0 OID 17541)
-- Dependencies: 299
-- Data for Name: GroupBooking; Type: TABLE DATA; Schema: public; Owner: -
--

COPY public."GroupBooking" (id, "tenantId", "propertyId", name, description, "contactName", "contactEmail", "contactPhone", "checkIn", "checkOut", "totalRooms", "bookedRooms", "totalAmount", "depositAmount", "depositPaid", status, "contractUrl", "contractSignedAt", notes, "createdAt", "updatedAt") FROM stdin;
edf3f97e-5389-40ce-9cc1-000508d9bf6a	444017d5-e022-4c5f-ac07-ea0d51f4609b	281fde73-7836-4511-b644-91f3663d8fcd	TCS Annual Offsite 2024	Tata Consultancy Services Kolkata team offsite. 3 days of meetings, team building, and gala dinner.	Arjun Mehta	arjun.mehta@tcs.com	+91-9876543210	2026-05-25 08:16:37.6+00	2026-05-28 08:16:37.6+00	15	12	540000	108000	t	confirmed	\N	\N	Requires meeting room setup with projector for all 3 days. Gala dinner on day 2.	2026-05-05 08:16:37.669+00	2026-05-05 08:16:37.669+00
8788338c-1391-4bb0-8262-20e95289b019	444017d5-e022-4c5f-ac07-ea0d51f4609b	281fde73-7836-4511-b644-91f3663d8fcd	Mukherjee Wedding Block	Wedding block booking for Sneha and Rishi's wedding reception.	Ananya Mukherjee	ananya.m@email.com	+91-9830011111	2026-06-04 08:16:37.6+00	2026-06-07 08:16:37.6+00	8	5	176000	35200	t	confirmed	\N	\N	Bride and groom in Presidential Suite. Haldi and sangeet events need space.	2026-05-05 08:16:37.669+00	2026-05-05 08:16:37.669+00
\.


--
-- TOC entry 8059 (class 0 OID 17555)
-- Dependencies: 300
-- Data for Name: Guest; Type: TABLE DATA; Schema: public; Owner: -
--

COPY public."Guest" (id, "tenantId", "firstName", "lastName", email, phone, "alternatePhone", nationality, "dateOfBirth", gender, "idType", "idNumber", "idExpiry", "idCountry", address, city, state, country, "postalCode", preferences, "dietaryRequirements", "specialRequests", avatar, notes, tags, "loyaltyTier", "loyaltyPoints", "totalStays", "totalSpent", "isVip", "vipLevel", source, "sourceId", "emailOptIn", "smsOptIn", status, "kycStatus", "kycVerifiedAt", "createdAt", "updatedAt", "deletedAt") FROM stdin;
cb127462-1b96-4e37-8f78-65bbd0493ee1	444017d5-e022-4c5f-ac07-ea0d51f4609b	Amit	Mukherjee	amit.m@email.com	+91-9830012345	\N	India	\N	male	\N	\N	\N	\N	45 Lake Gardens	Kolkata	West Bengal	India	700045	{}	\N	\N	\N	\N	[]	gold	4500	12	85000	t	\N	direct	\N	t	f	active	verified	\N	2026-05-05 08:16:37.598+00	2026-05-05 08:16:37.598+00	\N
c5e15b10-5464-4323-87b6-41d1eb95c39a	444017d5-e022-4c5f-ac07-ea0d51f4609b	Sneha	Gupta	sneha.g@email.com	+91-9830023456	\N	India	\N	female	\N	\N	\N	\N	78 Salt Lake	Kolkata	West Bengal	India	700091	{}	\N	\N	\N	\N	[]	silver	2200	5	32000	f	\N	booking_com	\N	t	f	active	verified	\N	2026-05-05 08:16:37.598+00	2026-05-05 08:16:37.598+00	\N
0dae0b8b-173a-4819-8a5e-7ff3be5c81d5	444017d5-e022-4c5f-ac07-ea0d51f4609b	Rahul	Banerjee	rahul.b@email.com	+91-9830034567	\N	India	\N	male	\N	\N	\N	\N	12 Ballygunge Place	Kolkata	West Bengal	India	700019	{}	\N	\N	\N	\N	[]	platinum	12500	25	250000	t	\N	direct	\N	t	f	active	verified	\N	2026-05-05 08:16:37.598+00	2026-05-05 08:16:37.598+00	\N
79877c7c-f915-4922-94a0-5d83df9e1d09	444017d5-e022-4c5f-ac07-ea0d51f4609b	Pooja	Saha	pooja.s@email.com	+91-9830045678	\N	India	\N	female	\N	\N	\N	\N	23 Behala	Kolkata	West Bengal	India	700034	{}	\N	\N	\N	\N	[]	bronze	800	2	6000	f	\N	airbnb	\N	f	f	active	pending	\N	2026-05-05 08:16:37.598+00	2026-05-05 08:16:37.598+00	\N
df87b649-707f-402a-9198-75a06d22ed63	444017d5-e022-4c5f-ac07-ea0d51f4609b	Vikram	Singh	vikram.s@email.com	+91-9830056789	\N	India	\N	male	\N	\N	\N	\N	56 Sector V	Kolkata	West Bengal	India	700091	{}	\N	\N	\N	\N	[]	gold	5100	15	92000	t	\N	expedia	\N	t	f	active	verified	\N	2026-05-05 08:16:37.598+00	2026-05-05 08:16:37.598+00	\N
18349da2-1713-42c0-bad9-67856cc58d26	444017d5-e022-4c5f-ac07-ea0d51f4609b	Rina	Chatterjee	rina.c@email.com	+91-9830067890	\N	India	\N	female	\N	\N	\N	\N	89 Gariahat	Kolkata	West Bengal	India	700019	{}	\N	\N	\N	\N	[]	silver	1800	4	24000	f	\N	direct	\N	t	f	active	verified	\N	2026-05-05 08:16:37.598+00	2026-05-05 08:16:37.598+00	\N
\.


--
-- TOC entry 8060 (class 0 OID 17575)
-- Dependencies: 301
-- Data for Name: GuestBehavior; Type: TABLE DATA; Schema: public; Owner: -
--

COPY public."GuestBehavior" (id, "tenantId", "guestId", "visitCount", "firstVisitAt", "lastVisitAt", "totalBookings", "cancelledBookings", "noShowCount", "totalSpent", "avgBookingValue", "lifetimeValue", "totalNights", "avgStayLength", "preferredRoomTypes", "bookingSources", "serviceRequests", "foodOrders", "spaBookings", "learnedPreferences", "emailOpens", "emailClicks", "smsResponses", "engagementScore", "vipScore", "vipDetectedAt", "isRepeatGuest", "repeatGuestSince", "createdAt", "updatedAt") FROM stdin;
\.


--
-- TOC entry 8061 (class 0 OID 17604)
-- Dependencies: 302
-- Data for Name: GuestDocument; Type: TABLE DATA; Schema: public; Owner: -
--

COPY public."GuestDocument" (id, "guestId", type, name, "fileUrl", status, "verifiedAt", "verifiedBy", "rejectionReason", "expiryDate", "createdAt", "updatedAt") FROM stdin;
fa02c433-2ea5-4b4c-840f-36883c1aeed3	cb127462-1b96-4e37-8f78-65bbd0493ee1	aadhaar	Aadhaar Card	/uploads/docs/guest-1/aadhaar.jpg	verified	2026-04-30 08:16:37.6+00	user-2	\N	\N	2026-05-05 08:16:37.659+00	2026-05-05 08:16:37.659+00
363b0214-ee52-469e-ba27-43e79e5ff04a	c5e15b10-5464-4323-87b6-41d1eb95c39a	passport	Indian Passport	/uploads/docs/guest-2/passport.jpg	verified	2026-05-02 08:16:37.6+00	user-2	\N	\N	2026-05-05 08:16:37.659+00	2026-05-05 08:16:37.659+00
00a4a6b4-ba79-458e-9a54-3b105ad79365	79877c7c-f915-4922-94a0-5d83df9e1d09	driving_license	Driving License	/uploads/docs/guest-4/dl.jpg	pending	\N	\N	\N	\N	2026-05-05 08:16:37.659+00	2026-05-05 08:16:37.659+00
4ba6d7f9-15ec-4da5-acce-9ede6ec7fd6e	0dae0b8b-173a-4819-8a5e-7ff3be5c81d5	passport	Indian Passport	/uploads/docs/guest-3/passport.jpg	verified	2026-05-03 08:16:37.6+00	user-2	\N	\N	2026-05-05 08:16:37.659+00	2026-05-05 08:16:37.659+00
\.


--
-- TOC entry 8062 (class 0 OID 17613)
-- Dependencies: 303
-- Data for Name: GuestFeedback; Type: TABLE DATA; Schema: public; Owner: -
--

COPY public."GuestFeedback" (id, "guestId", "propertyId", type, category, subject, description, priority, status, "resolvedAt", "resolvedBy", resolution, "createdAt", "updatedAt") FROM stdin;
be924560-4ca3-4755-8a1e-fe2022fba177	df87b649-707f-402a-9198-75a06d22ed63	281fde73-7836-4511-b644-91f3663d8fcd	complaint	room	Noisy air conditioning unit	The AC in room-501 makes a rattling noise throughout the night, especially when set to high fan speed. This disturbed my sleep significantly. Requesting maintenance or a room change for my next stay.	high	open	\N	\N	\N	2026-05-05 08:16:37.946+00	2026-05-05 08:16:37.946+00
e7f335f0-4929-41ae-89d4-ee4215665e89	cb127462-1b96-4e37-8f78-65bbd0493ee1	281fde73-7836-4511-b644-91f3663d8fcd	compliment	service	Outstanding front desk service	Priya at the front desk was incredibly helpful during check-in. She upgraded our room and provided excellent recommendations for local restaurants. The level of hospitality made our anniversary trip truly special.	low	resolved	2026-05-04 08:16:37.945+00	user-2	Thank you noted and shared with Priya. She received an employee recognition award for exceptional service.	2026-05-05 08:16:37.946+00	2026-05-05 08:16:37.946+00
7aefca88-a440-45a9-8e8c-a40f7540e0d2	18349da2-1713-42c0-bad9-67856cc58d26	281fde73-7836-4511-b644-91f3663d8fcd	suggestion	amenities	Add yoga mats to room amenities	It would be wonderful if the hotel could provide yoga mats in rooms or at least have them available on request. Many business travellers like myself maintain a daily yoga practice and this would be a great wellness amenity.	medium	open	\N	\N	\N	2026-05-05 08:16:37.946+00	2026-05-05 08:16:37.946+00
\.


--
-- TOC entry 8063 (class 0 OID 17623)
-- Dependencies: 304
-- Data for Name: GuestJourney; Type: TABLE DATA; Schema: public; Owner: -
--

COPY public."GuestJourney" (id, "tenantId", "guestId", "bookingId", stage, "eventType", title, description, metadata, source, "occurredAt", "createdAt", "updatedAt") FROM stdin;
7073659f-5a00-46d4-9f3f-2e0e5e25fc5b	444017d5-e022-4c5f-ac07-ea0d51f4609b	cb127462-1b96-4e37-8f78-65bbd0493ee1	b544cc77-46a6-4e53-921e-50db663eb482	pre_arrival	pre_arrival	Booking Confirmed	Booking RS-2024-001 confirmed for Deluxe Room 501. Pre-arrival email sent.	{}	system	2026-04-30 08:16:37.6+00	2026-05-05 08:16:37.695+00	2026-05-05 08:16:37.695+00
32189326-eca0-42f0-bce9-555c7413cd25	444017d5-e022-4c5f-ac07-ea0d51f4609b	cb127462-1b96-4e37-8f78-65bbd0493ee1	b544cc77-46a6-4e53-921e-50db663eb482	pre_arrival	pre_arrival	Check-in Reminder Sent	Automated check-in reminder sent via email 24 hours before arrival.	{}	system	2026-05-02 08:16:37.6+00	2026-05-05 08:16:37.695+00	2026-05-05 08:16:37.695+00
836cab25-bce8-4baa-8fd4-e079647efd29	444017d5-e022-4c5f-ac07-ea0d51f4609b	cb127462-1b96-4e37-8f78-65bbd0493ee1	b544cc77-46a6-4e53-921e-50db663eb482	check_in	check_in	Checked In	Guest checked in at 2:15 PM. Welcomed by Priya Das. Gold tier benefits applied.	{"checkedInBy":"user-2","checkInTime":"14:15"}	system	2026-05-03 08:16:37.6+00	2026-05-05 08:16:37.695+00	2026-05-05 08:16:37.695+00
c3992212-562e-41c4-9c77-51b8c22bcc5c	444017d5-e022-4c5f-ac07-ea0d51f4609b	cb127462-1b96-4e37-8f78-65bbd0493ee1	b544cc77-46a6-4e53-921e-50db663eb482	stay	interaction	Chat Conversation	Guest requested extra pillows and inquired about restaurant hours via in-app chat.	{"channel":"in_app","messages":6}	system	2026-05-05 05:16:37.6+00	2026-05-05 08:16:37.695+00	2026-05-05 08:16:37.695+00
38bdd590-8037-4acd-b99d-25d4da94810b	444017d5-e022-4c5f-ac07-ea0d51f4609b	cb127462-1b96-4e37-8f78-65bbd0493ee1	b544cc77-46a6-4e53-921e-50db663eb482	stay	service_request	Housekeeping Request	Extra pillow and blanket delivered to room 501.	{"type":"housekeeping","resolved":true,"responseTimeMinutes":12}	system	2026-05-05 05:46:37.6+00	2026-05-05 08:16:37.695+00	2026-05-05 08:16:37.695+00
08c99afe-d005-4261-ba5a-8c9bd2a0eead	444017d5-e022-4c5f-ac07-ea0d51f4609b	cb127462-1b96-4e37-8f78-65bbd0493ee1	b544cc77-46a6-4e53-921e-50db663eb482	stay	amenity_used	Restaurant Visit	Guest dined at the in-house restaurant. Ordered Butter Chicken and Naan.	{"outlet":"restaurant","amount":1200,"items":3}	system	2026-05-04 08:16:37.6+00	2026-05-05 08:16:37.695+00	2026-05-05 08:16:37.695+00
87a3989b-0e74-49c8-8f65-07b41e6e81fb	444017d5-e022-4c5f-ac07-ea0d51f4609b	cb127462-1b96-4e37-8f78-65bbd0493ee1	b544cc77-46a6-4e53-921e-50db663eb482	stay	amenity_used	Gym Access	Guest used the fitness center for 45 minutes.	{"facility":"gym","duration":45}	system	2026-05-04 20:16:37.6+00	2026-05-05 08:16:37.695+00	2026-05-05 08:16:37.695+00
94235e8f-772f-4498-97bc-565b96a39c04	444017d5-e022-4c5f-ac07-ea0d51f4609b	cb127462-1b96-4e37-8f78-65bbd0493ee1	b544cc77-46a6-4e53-921e-50db663eb482	stay	service_request	Plumbing Issue Reported	Guest reported leaking bathroom faucet. Work order WO-2024-001 created.	{"workOrderId":"wo-1","priority":"high"}	system	2026-05-05 02:16:37.6+00	2026-05-05 08:16:37.695+00	2026-05-05 08:16:37.695+00
\.


--
-- TOC entry 8064 (class 0 OID 17634)
-- Dependencies: 305
-- Data for Name: GuestRecommendation; Type: TABLE DATA; Schema: public; Owner: -
--

COPY public."GuestRecommendation" (id, "tenantId", "guestId", type, category, title, description, reason, "estimatedValue", "relevanceScore", status, "shownAt", "acceptedAt", "rejectedAt", "expiresAt", "actionType", "actionData", "isAiGenerated", "aiConfidence", "createdAt", "updatedAt") FROM stdin;
\.


--
-- TOC entry 8065 (class 0 OID 17645)
-- Dependencies: 306
-- Data for Name: GuestReview; Type: TABLE DATA; Schema: public; Owner: -
--

COPY public."GuestReview" (id, "guestId", "propertyId", "overallRating", "cleanlinessRating", "serviceRating", "locationRating", "valueRating", title, comment, source, "responseText", "respondedAt", "respondedBy", "sentimentScore", "sentimentLabel", "createdAt", "updatedAt") FROM stdin;
9ba9032d-3e8f-4d43-99f2-7620b29e4a32	cb127462-1b96-4e37-8f78-65bbd0493ee1	281fde73-7836-4511-b644-91f3663d8fcd	5	5	5	4	4	Excellent stay at Royal Stay Kolkata	The hotel exceeded all expectations. Impeccable cleanliness, attentive staff, and a prime location near Park Street. The room service was prompt and the breakfast spread was delightful. Will definitely return!	internal	\N	\N	\N	0.95	positive	2026-05-05 08:16:37.944+00	2026-05-05 08:16:37.944+00
e6cf9712-2300-4179-8113-d1dec4a2dfdb	c5e15b10-5464-4323-87b6-41d1eb95c39a	281fde73-7836-4511-b644-91f3663d8fcd	4	4	4	5	3	Great location, comfortable rooms	Beautiful property in a fantastic location. The rooms were well-maintained and the staff was courteous. Only slight issue was the breakfast variety could be better. Overall a wonderful experience.	internal	\N	\N	\N	0.78	positive	2026-05-05 08:16:37.944+00	2026-05-05 08:16:37.944+00
66942d69-bf67-4a15-991c-f44f7bf3e5c1	0dae0b8b-173a-4819-8a5e-7ff3be5c81d5	281fde73-7836-4511-b644-91f3663d8fcd	5	5	5	5	4	My favourite hotel in Kolkata	As a frequent business traveller, Royal Stay Kolkata is my go-to choice. The executive lounge access is a wonderful perk. Consistent quality every single visit. The management team goes above and beyond to ensure guest satisfaction.	internal	\N	\N	\N	0.92	positive	2026-05-05 08:16:37.944+00	2026-05-05 08:16:37.944+00
\.


--
-- TOC entry 8066 (class 0 OID 17654)
-- Dependencies: 307
-- Data for Name: GuestSegment; Type: TABLE DATA; Schema: public; Owner: -
--

COPY public."GuestSegment" (id, "tenantId", name, description, rules, "memberCount", "createdAt", "updatedAt") FROM stdin;
de8c0340-12cd-4180-9105-63f9c49411d2	444017d5-e022-4c5f-ac07-ea0d51f4609b	Business Travelers	Guests who travel primarily for business purposes, typically booking weekday stays and requiring WiFi, workspace amenities.	{"conditions":[{"field":"source","operator":"in","value":["direct","corporate"]},{"field":"preferences.purpose","operator":"equals","value":"business"}],"autoAssign":true}	45	2026-05-05 08:16:37.959+00	2026-05-05 08:16:37.959+00
a6b669ca-30b2-4d4d-877c-ab47b2df5455	444017d5-e022-4c5f-ac07-ea0d51f4609b	Leisure Guests	Guests traveling for vacation, leisure, or personal reasons. Often book weekend stays and family rooms.	{"conditions":[{"field":"adults","operator":"greaterThanOrEqual","value":2},{"field":"children","operator":"greaterThan","value":0}],"autoAssign":true}	120	2026-05-05 08:16:37.959+00	2026-05-05 08:16:37.959+00
08009085-8590-4dd8-aa38-77b83a5e05a2	444017d5-e022-4c5f-ac07-ea0d51f4609b	VIP Guests	High-value guests with VIP status, loyalty tier Gold or above, or total spend exceeding ₹50,000.	{"conditions":[{"field":"isVip","operator":"equals","value":true},{"field":"loyaltyTier","operator":"in","value":["gold","platinum"]},{"field":"totalSpent","operator":"greaterThan","value":50000}],"matchType":"any","autoAssign":true}	18	2026-05-05 08:16:37.959+00	2026-05-05 08:16:37.959+00
\.


--
-- TOC entry 8067 (class 0 OID 17663)
-- Dependencies: 308
-- Data for Name: GuestStay; Type: TABLE DATA; Schema: public; Owner: -
--

COPY public."GuestStay" (id, "guestId", "bookingId", "totalAmount", "roomNights", "feedbackGiven", "reviewGiven", "createdAt") FROM stdin;
6b15ba01-99a2-4eb0-95f2-048091178a9d	cb127462-1b96-4e37-8f78-65bbd0493ee1	b544cc77-46a6-4e53-921e-50db663eb482	17990	3	f	f	2026-05-05 08:16:37.675+00
6416b00e-3326-4b6e-b576-5d6b2992244f	18349da2-1713-42c0-bad9-67856cc58d26	7e7c1dde-1748-45aa-aad9-fde8feacb222	11430	3	t	t	2026-05-05 08:16:37.675+00
ba344879-dfd1-4f23-b990-fd7f48f2ec34	0dae0b8b-173a-4819-8a5e-7ff3be5c81d5	9b7a9397-91d2-4f9c-baf4-71123765747b	53160	4	f	f	2026-05-05 08:16:37.675+00
d70aa5a5-7118-4d69-a374-0e44e7a3b554	c5e15b10-5464-4323-87b6-41d1eb95c39a	a539a935-cba9-4ae3-a986-1a15727495b7	23490	4	f	f	2026-05-05 08:16:37.675+00
\.


--
-- TOC entry 8068 (class 0 OID 17673)
-- Dependencies: 309
-- Data for Name: HelpArticle; Type: TABLE DATA; Schema: public; Owner: -
--

COPY public."HelpArticle" (id, "tenantId", title, slug, content, excerpt, category, tags, "featuredImage", "videoUrl", "viewCount", "helpfulCount", "notHelpfulCount", status, "authorId", "metaTitle", "metaDescription", "createdAt", "updatedAt", "publishedAt") FROM stdin;
\.


--
-- TOC entry 8069 (class 0 OID 17686)
-- Dependencies: 310
-- Data for Name: HelpCategory; Type: TABLE DATA; Schema: public; Owner: -
--

COPY public."HelpCategory" (id, name, slug, description, icon, "sortOrder", "parentId", "createdAt", "updatedAt") FROM stdin;
\.


--
-- TOC entry 8070 (class 0 OID 17695)
-- Dependencies: 311
-- Data for Name: IdempotencyKey; Type: TABLE DATA; Schema: public; Owner: -
--

COPY public."IdempotencyKey" (id, "tenantId", key, "entityType", "entityId", "requestHash", "responseSnapshot", status, "expiresAt", "createdAt") FROM stdin;
\.


--
-- TOC entry 8071 (class 0 OID 17704)
-- Dependencies: 312
-- Data for Name: InspectionResult; Type: TABLE DATA; Schema: public; Owner: -
--

COPY public."InspectionResult" (id, "tenantId", "propertyId", "roomId", "taskId", "templateId", "inspectorId", score, passed, items, notes, "completedAt", "reAssigned", "createdAt", "updatedAt") FROM stdin;
684eb517-0e78-46d2-95fe-a75d7cc49a42	444017d5-e022-4c5f-ac07-ea0d51f4609b	281fde73-7836-4511-b644-91f3663d8fcd	2bd9e3e1-07f2-4535-ab58-5868a167f183	\N	2bfc91c5-06d1-45dd-9701-1afba2f76126	195d4b15-e4ba-4554-affa-01c53a43f883	96	t	[{"templateItemId":"bath-1","name":"Toilet cleaned and sanitized","passed":true,"notes":null,"photoUrl":null},{"templateItemId":"bath-2","name":"Shower/bathtub cleaned","passed":true,"notes":null,"photoUrl":null},{"templateItemId":"bath-3","name":"Sink and vanity clean","passed":true,"notes":null,"photoUrl":null},{"templateItemId":"bath-4","name":"Mirror spotless","passed":false,"notes":"Small water stain on left edge","photoUrl":null},{"templateItemId":"bath-5","name":"Towels replaced","passed":true,"notes":null,"photoUrl":null},{"templateItemId":"bath-6","name":"Toiletries restocked","passed":true,"notes":null,"photoUrl":null},{"templateItemId":"bed-1","name":"Bedsheets changed","passed":true,"notes":null,"photoUrl":null},{"templateItemId":"bed-2","name":"Pillows fluffed","passed":true,"notes":null,"photoUrl":null},{"templateItemId":"bed-3","name":"Bedspread/duvet clean","passed":true,"notes":null,"photoUrl":null},{"templateItemId":"bed-4","name":"AC working","passed":true,"notes":null,"photoUrl":null},{"templateItemId":"bed-5","name":"TV working","passed":true,"notes":null,"photoUrl":null},{"templateItemId":"room-1","name":"Floor vacuumed","passed":true,"notes":null,"photoUrl":null},{"templateItemId":"room-2","name":"Curtains clean","passed":true,"notes":null,"photoUrl":null},{"templateItemId":"room-3","name":"Trash bins emptied","passed":true,"notes":null,"photoUrl":null},{"templateItemId":"room-4","name":"Room fragranced","passed":true,"notes":null,"photoUrl":null},{"templateItemId":"room-5","name":"Welcome amenities placed","passed":true,"notes":null,"photoUrl":null}]	Minor mirror stain noted, acceptable for standard room	2026-05-05 06:16:37.651+00	f	2026-05-05 08:16:37.651+00	2026-05-05 08:16:37.651+00
dbef0c5f-63a3-46ea-bfb0-886a5418842c	444017d5-e022-4c5f-ac07-ea0d51f4609b	281fde73-7836-4511-b644-91f3663d8fcd	099d3527-9c08-4060-8813-fea8ca1553c7	\N	2bfc91c5-06d1-45dd-9701-1afba2f76126	195d4b15-e4ba-4554-affa-01c53a43f883	78	f	[{"templateItemId":"bath-1","name":"Toilet cleaned","passed":true,"notes":null,"photoUrl":null},{"templateItemId":"bath-4","name":"Mirror spotless","passed":false,"notes":"Heavy water stains, needs re-cleaning","photoUrl":null},{"templateItemId":"bath-5","name":"Towels replaced","passed":false,"notes":"Only 1 bath towel provided, needs 2","photoUrl":null},{"templateItemId":"bed-1","name":"Bedsheets changed","passed":true,"notes":null,"photoUrl":null},{"templateItemId":"bed-4","name":"AC working","passed":false,"notes":"AC making noise, needs maintenance","photoUrl":null},{"templateItemId":"room-1","name":"Floor vacuumed","passed":true,"notes":null,"photoUrl":null},{"templateItemId":"room-3","name":"Trash bins emptied","passed":false,"notes":"Bathroom bin not emptied","photoUrl":null}]	3 items failed. Re-cleaning and maintenance required.	2026-05-05 07:16:37.651+00	t	2026-05-05 08:16:37.651+00	2026-05-05 08:16:37.651+00
\.


--
-- TOC entry 8072 (class 0 OID 17715)
-- Dependencies: 313
-- Data for Name: InspectionTemplate; Type: TABLE DATA; Schema: public; Owner: -
--

COPY public."InspectionTemplate" (id, "tenantId", "propertyId", name, description, "roomType", category, items, "isActive", "sortOrder", "createdAt", "updatedAt") FROM stdin;
2bfc91c5-06d1-45dd-9701-1afba2f76126	444017d5-e022-4c5f-ac07-ea0d51f4609b	\N	Standard Room Inspection	Comprehensive checklist for standard room cleaning inspection	standard	room	[{"id":"f967a9c4-53ac-41e0-88a6-9e85c8147625","name":"Toilet cleaned and sanitized","category":"Bathroom","required":true,"sortOrder":1},{"id":"16c52005-f9f1-452f-86cc-456a78add61e","name":"Shower/bathtub cleaned","category":"Bathroom","required":true,"sortOrder":2},{"id":"2031d36b-4316-49d7-b3a3-c9bf75af2fbc","name":"Sink and vanity clean","category":"Bathroom","required":true,"sortOrder":3},{"id":"d97e1fe9-7b5f-461f-9164-03e730c82394","name":"Mirror spotless","category":"Bathroom","required":true,"sortOrder":4},{"id":"76105635-69bb-4284-b0b3-e7f42a928be3","name":"Towels replaced (2 bath, 2 hand, 1 face)","category":"Bathroom","required":true,"sortOrder":5},{"id":"649628c8-220a-4d1a-bea5-2075121ab1bf","name":"Toiletries restocked","category":"Bathroom","required":true,"sortOrder":6},{"id":"3953d0d3-8cc5-4f28-bbad-cc2a7ec2ddb3","name":"Hair dryer present and working","category":"Bathroom","required":false,"sortOrder":7},{"id":"211116fb-3dc2-4de6-98c0-a9d8ea4eb66c","name":"Bedsheets changed (fresh, no wrinkles)","category":"Bedroom","required":true,"sortOrder":8},{"id":"28cb4b25-f9a2-4cdf-89c9-e1a20b492c15","name":"Pillows fluffed and arranged","category":"Bedroom","required":true,"sortOrder":9},{"id":"04033567-22f6-43c3-a3d4-b43c8eedfb59","name":"Bedspread/duvet clean","category":"Bedroom","required":true,"sortOrder":10},{"id":"76315cbe-95cd-47c9-8ef2-b63dde63c316","name":"AC working (set to 22°C)","category":"Bedroom","required":true,"sortOrder":11},{"id":"15b53200-83ae-43c3-b10c-031fd47b1e84","name":"TV working, remote present","category":"Bedroom","required":true,"sortOrder":12},{"id":"f69626b5-290d-4626-a9f3-1fb4e8f58185","name":"Minibar restocked","category":"Bedroom","required":false,"sortOrder":13},{"id":"3b1a2a0e-0293-4982-81be-420db98cb58f","name":"Safe locked and working","category":"Bedroom","required":false,"sortOrder":14},{"id":"79869c4e-fd20-46fd-b795-4e45398eec76","name":"Dust-free surfaces","category":"Bedroom","required":true,"sortOrder":15},{"id":"5f4b8399-2944-4737-be64-3d7296df0f51","name":"Floor vacuumed and mopped","category":"Room","required":true,"sortOrder":16},{"id":"106aeb28-caf4-402f-a088-68ab2801df42","name":"Curtains clean and properly hung","category":"Room","required":true,"sortOrder":17},{"id":"709e6374-2509-42fe-a006-1ad1fc9a6209","name":"Trash bins emptied","category":"Room","required":true,"sortOrder":18},{"id":"d389c1d6-f5d5-4c40-8662-d3e37c5db402","name":"Room fragranced","category":"Room","required":true,"sortOrder":19},{"id":"c06eb6fb-4be3-4df6-830a-cf01129056d3","name":"Welcome amenities placed","category":"Room","required":true,"sortOrder":20},{"id":"2074ea13-b57e-434b-bc0c-6d087e9167da","name":"Do Not Disturb sign available","category":"Room","required":true,"sortOrder":21},{"id":"8b7ee102-e214-4ecb-9075-9b6c08cbd06a","name":"No personal items left behind","category":"Room","required":true,"sortOrder":22},{"id":"46afefaa-0005-4064-903c-ffb719c7194d","name":"Furniture properly arranged","category":"Room","required":true,"sortOrder":23}]	t	1	2026-05-05 08:16:37.649+00	2026-05-05 08:16:37.649+00
4e382b37-1bc8-46b8-8cc0-7fb46c2ccd88	444017d5-e022-4c5f-ac07-ea0d51f4609b	\N	VIP Suite Inspection	Enhanced checklist for VIP suites and premium rooms	vip	room	[{"id":"583c0159-92f6-44bd-89d2-f1991802c785","name":"Premium toiletries stocked (set complete)","category":"Bathroom","required":true,"sortOrder":1},{"id":"27bba9e7-e18e-42ab-8aa9-11c507a4f534","name":"Bathrobe and slippers placed","category":"Bathroom","required":true,"sortOrder":2},{"id":"60f6e0fb-5c2a-4673-9e18-935bf1d509fd","name":"Toilet and bathroom spotless","category":"Bathroom","required":true,"sortOrder":3},{"id":"299390d8-ce2c-4497-90ca-c2a7c11fbf3f","name":"Fresh flowers arranged","category":"Bathroom","required":true,"sortOrder":4},{"id":"afac54e4-283f-4f92-b0a2-35f3f5033c3e","name":"Premium linen (cotton/silk blend)","category":"Bedroom","required":true,"sortOrder":5},{"id":"4dd26c14-4186-409b-b6b7-308d7e56b856","name":"Pillow menu card placed","category":"Bedroom","required":true,"sortOrder":6},{"id":"7338ae6f-4bd4-4056-9e51-fe1f924c569a","name":"Turndown amenities prepared","category":"Bedroom","required":true,"sortOrder":7},{"id":"b1cd6674-6e5a-46fc-8980-b5a3f0f4a33a","name":"Fruit basket and welcome card","category":"Bedroom","required":true,"sortOrder":8},{"id":"ffeb9221-c4b8-47db-afc2-582a21dc9f4a","name":"AC at optimal temperature","category":"Bedroom","required":true,"sortOrder":9},{"id":"a9cfe451-e343-491e-a68b-1fbf83331d9a","name":"Floor polished (no marks)","category":"Room","required":true,"sortOrder":10},{"id":"1d9b8912-0fa7-4c05-8a7d-080e775bb426","name":"Premium minibar fully stocked","category":"Room","required":true,"sortOrder":11},{"id":"0a531505-d722-4b2e-a7e1-04b3adef1251","name":"Nespresso machine cleaned and loaded","category":"Room","required":true,"sortOrder":12},{"id":"cb7186fb-407b-4d9a-9894-b94e439d6a77","name":"All lights and electronics working","category":"Room","required":true,"sortOrder":13},{"id":"7f98cac7-5c6f-4330-b351-b44fa77b6a83","name":"Balcony clean (if applicable)","category":"Room","required":true,"sortOrder":14},{"id":"d97cfa5a-5bda-45df-a440-82bfa0696765","name":"Complimentary newspaper/magazine","category":"Room","required":false,"sortOrder":15}]	t	2	2026-05-05 08:16:37.649+00	2026-05-05 08:16:37.649+00
6db0099d-2314-44db-9890-630f7af32d12	444017d5-e022-4c5f-ac07-ea0d51f4609b	\N	Deep Clean Inspection	Thorough inspection after deep cleaning or maintenance	deep_clean	room	[{"id":"9d07c227-0ccf-4efe-8b85-562ed66c0ff2","name":"Under-bed area cleaned","category":"Deep Clean","required":true,"sortOrder":1},{"id":"d3290d6d-632d-4c9f-a0eb-b45cae31c716","name":"Behind furniture vacuumed","category":"Deep Clean","required":true,"sortOrder":2},{"id":"06b826b0-ef30-4133-8dbe-2d52587f64d3","name":"Wardrobe interior wiped","category":"Deep Clean","required":true,"sortOrder":3},{"id":"aaa7117b-3afc-4f02-b666-3cba1b671675","name":"Drawer interiors cleaned","category":"Deep Clean","required":true,"sortOrder":4},{"id":"e0305ad7-0682-4b29-82d2-a5ccc5014523","name":"AC vents/filters cleaned","category":"Deep Clean","required":true,"sortOrder":5},{"id":"a158020b-2376-4f54-a677-a29146fd7266","name":"Light fixtures cleaned","category":"Deep Clean","required":true,"sortOrder":6},{"id":"83cf4d1e-04e1-4aee-947a-8376ba33e9e3","name":"Window tracks cleaned","category":"Deep Clean","required":true,"sortOrder":7},{"id":"b8203828-4477-4ce3-b269-ea328c16ff2b","name":"Grout and tile sealant checked","category":"Deep Clean","required":false,"sortOrder":8},{"id":"56924063-a59f-4020-9259-d411f6817028","name":"Mattress rotated/flipped","category":"Deep Clean","required":true,"sortOrder":9},{"id":"8cf232d0-af0f-4dab-a969-fe9004e5e257","name":"Upholstery spots treated","category":"Deep Clean","required":true,"sortOrder":10}]	t	3	2026-05-05 08:16:37.649+00	2026-05-05 08:16:37.649+00
46111aa1-8175-428b-8091-a1f4b3874620	444017d5-e022-4c5f-ac07-ea0d51f4609b	\N	Public Area Inspection	Checklist for lobby, corridors, and common areas	public_area	public_area	[{"id":"4b58dd4c-2177-454f-94de-7748785c46ad","name":"Floors clean and polished","category":"Lobby","required":true,"sortOrder":1},{"id":"caa56f7b-0c64-4f2e-b70a-fa83c25a4f95","name":"Furniture arranged properly","category":"Lobby","required":true,"sortOrder":2},{"id":"e84e6e7d-15b6-410d-9dc3-a75280badd4a","name":"Restrooms clean and stocked","category":"Lobby","required":true,"sortOrder":3},{"id":"e5331ca3-7391-4160-af8b-42506d063e61","name":"Plants watered and healthy","category":"Lobby","required":true,"sortOrder":4},{"id":"c55f05bb-865c-4ffb-ae01-4f7b192ca794","name":"Lighting adequate","category":"Lobby","required":true,"sortOrder":5},{"id":"fca083dd-7256-45d7-819a-e0aa89e78d4d","name":"Signage clean and visible","category":"Lobby","required":true,"sortOrder":6},{"id":"da72e908-6d31-4de7-a20d-e6c81cb3171c","name":"Elevator clean and functioning","category":"Common","required":true,"sortOrder":7},{"id":"d09b5916-d372-4035-a020-731ee276326a","name":"Corridors vacuumed","category":"Common","required":true,"sortOrder":8}]	t	4	2026-05-05 08:16:37.649+00	2026-05-05 08:16:37.649+00
5c732ba6-ef38-4ee2-b1de-36cb5880e933	1afa10da-6737-4bbe-b30c-e2b76eedd4d5	\N	Ocean View Room Inspection	Standard inspection for Ocean View resort	\N	room	[{"id":"db3ec9a2-2cdf-4f6f-a1e8-c9660a3ebc84","name":"Room thoroughly cleaned","category":"Room","required":true,"sortOrder":1},{"id":"82be6bee-50ef-4bcb-b1f2-a3e5f38986e5","name":"Bathroom sanitized","category":"Bathroom","required":true,"sortOrder":2},{"id":"549ef5d6-a0bc-4671-be9d-031d2e7bcbd4","name":"Towels and linens replaced","category":"Bathroom","required":true,"sortOrder":3},{"id":"1aaf436d-367b-423b-aa99-ee7f091a1e1c","name":"Balcony clean with ocean view unobstructed","category":"Room","required":true,"sortOrder":4},{"id":"b9e7d3b1-24b3-4816-a447-2f88ad610804","name":"Minibar restocked","category":"Room","required":false,"sortOrder":5}]	t	1	2026-05-05 08:16:37.649+00	2026-05-05 08:16:37.649+00
aa95edda-9691-481e-b95b-30bee1683f0f	444017d5-e022-4c5f-ac07-ea0d51f4609b	281fde73-7836-4511-b644-91f3663d8fcd	Standard Room Inspection	Quick turnaround inspection checklist used after standard room cleaning. Covers bed, bathroom, towels, minibar, and entertainment.	standard	room	[{"id":"89c99a16-1e6d-413a-ac6d-1deab19e228a","name":"Bed Made","category":"bedroom","required":true,"sortOrder":1},{"id":"b2ec4a0d-8328-4b50-b0fb-081b44283efd","name":"Bathroom Clean","category":"bathroom","required":true,"sortOrder":2},{"id":"20cbd5a6-5f9b-4582-8240-3b9bd51f2d41","name":"Towels Fresh","category":"bathroom","required":true,"sortOrder":3},{"id":"07b54199-0fcf-4a1c-a5a7-ff97d03c4b35","name":"Minibar Stocked","category":"amenities","required":true,"sortOrder":4},{"id":"3bbee116-d359-430a-8650-136a6a177bc6","name":"TV Working","category":"amenities","required":true,"sortOrder":5}]	t	3	2026-05-05 08:16:37.988+00	2026-05-05 08:16:37.988+00
\.


--
-- TOC entry 8073 (class 0 OID 17727)
-- Dependencies: 314
-- Data for Name: Integration; Type: TABLE DATA; Schema: public; Owner: -
--

COPY public."Integration" (id, "tenantId", type, provider, name, config, status, "lastSyncAt", "lastError", "createdAt", "updatedAt") FROM stdin;
8b848149-580b-4569-a559-e2f93492030b	444017d5-e022-4c5f-ac07-ea0d51f4609b	payment	stripe	Stripe Payments	{"apiKey":"sk_live_***","publishableKey":"pk_live_***","webhookSecret":"whsec_***","currency":"INR"}	active	2026-05-05 07:16:37.6+00	\N	2026-05-05 08:16:37.68+00	2026-05-05 08:16:37.68+00
b5dcd2d4-65bf-4a79-b20b-f4ac34cdd9e9	444017d5-e022-4c5f-ac07-ea0d51f4609b	payment	razorpay	Razorpay	{"apiKeyId":"rzp_live_***","apiKeySecret":"***","webhookSecret":"***","currency":"INR"}	active	2026-05-05 06:16:37.6+00	\N	2026-05-05 08:16:37.68+00	2026-05-05 08:16:37.68+00
6e9eac56-e4be-43bc-9c21-7b5682444774	444017d5-e022-4c5f-ac07-ea0d51f4609b	communication	whatsapp	WhatsApp Business	{"phoneNumber":"+913340012345","apiVersion":"v18.0","templateNamespace":"royal_stay"}	active	2026-05-05 07:46:37.6+00	\N	2026-05-05 08:16:37.68+00	2026-05-05 08:16:37.68+00
00357706-3777-4e33-9d53-0122a7c1cd62	444017d5-e022-4c5f-ac07-ea0d51f4609b	channel_manager	booking_com	Booking.com	{"hotelId":"123456","apiKey":"***","syncRates":true,"syncAvailability":true,"syncRestrictions":true}	active	2026-05-04 17:16:37.6+00	\N	2026-05-05 08:16:37.68+00	2026-05-05 08:16:37.68+00
8a58d1a4-ea15-49c5-85c8-230b333adc83	444017d5-e022-4c5f-ac07-ea0d51f4609b	pos	posist	Ahaar Kitchen POS	{"endpoint":"https://api.posist.io","apiKey":"pk_live_***","merchantId":"MERCHANT_RSK_001","locationId":"LOC_KOL_001","outlets":3,"menuItems":48,"syncSettings":{"syncMenuItems":true,"syncOrders":true,"syncInventory":false,"autoSync":true,"syncIntervalMinutes":30}}	active	2026-05-05 06:16:37.6+00	\N	2026-05-05 08:16:37.682+00	2026-05-05 08:16:37.682+00
56f811c3-6d96-4965-a738-ccfa2faab81b	444017d5-e022-4c5f-ac07-ea0d51f4609b	pos	petpooja	Terrace Bar POS	{"endpoint":"https://api.petpooja.com","apiKey":"pp_live_***","merchantId":"MERCHANT_RSK_002","locationId":"LOC_KOL_002","outlets":1,"menuItems":35,"syncSettings":{"syncMenuItems":true,"syncOrders":true,"syncInventory":true,"autoSync":true,"syncIntervalMinutes":15}}	active	2026-05-05 04:16:37.6+00	\N	2026-05-05 08:16:37.682+00	2026-05-05 08:16:37.682+00
7afbbca0-86ae-49a5-98a3-afd0a315db4a	444017d5-e022-4c5f-ac07-ea0d51f4609b	pos	micros	Banquet POS (MICROS)	{"endpoint":"https://api.micros.com","apiKey":"mic_live_***","merchantId":"MERCHANT_RSK_003","locationId":"LOC_KOL_003","outlets":2,"menuItems":22,"syncSettings":{"syncMenuItems":false,"syncOrders":true,"syncInventory":false,"autoSync":false,"syncIntervalMinutes":60}}	pending	\N	\N	2026-05-05 08:16:37.682+00	2026-05-05 08:16:37.682+00
\.


--
-- TOC entry 8074 (class 0 OID 17736)
-- Dependencies: 315
-- Data for Name: InterfaceAlias; Type: TABLE DATA; Schema: public; Owner: -
--

COPY public."InterfaceAlias" (id, "tenantId", "propertyId", "interfaceId", "interfaceName", "ipAddress", netmask, description, enabled, "createdAt", "updatedAt") FROM stdin;
\.


--
-- TOC entry 8075 (class 0 OID 17745)
-- Dependencies: 316
-- Data for Name: InterfaceConfig; Type: TABLE DATA; Schema: public; Owner: -
--

COPY public."InterfaceConfig" (id, "tenantId", "propertyId", "interfaceId", mode, "ipAddress", netmask, gateway, "dnsPrimary", "dnsSecondary", enabled, "createdAt", "updatedAt") FROM stdin;
91c622fe-9d3e-416d-8419-7a4fe46c50e3	444017d5-e022-4c5f-ac07-ea0d51f4609b	281fde73-7836-4511-b644-91f3663d8fcd	b13cfcc5-4e94-4245-8a5f-082eac4a7b01	dhcp	\N	\N	\N	\N	\N	t	2026-05-05 08:16:37.878+00	2026-05-05 08:16:37.878+00
bb5fedff-b766-4692-8fb4-cffea71a58f9	444017d5-e022-4c5f-ac07-ea0d51f4609b	281fde73-7836-4511-b644-91f3663d8fcd	2983fc24-d37b-447e-b86c-0a57bc781a10	static	192.168.1.1	255.255.255.0	192.168.1.254	8.8.8.8	1.1.1.1	t	2026-05-05 08:16:37.878+00	2026-05-05 08:16:37.878+00
664b195b-9949-4ae8-bc30-f23bd6dceafd	444017d5-e022-4c5f-ac07-ea0d51f4609b	281fde73-7836-4511-b644-91f3663d8fcd	45817e65-6245-490f-835a-0b88269549fd	disabled	\N	\N	\N	\N	\N	f	2026-05-05 08:16:37.878+00	2026-05-05 08:16:37.878+00
\.


--
-- TOC entry 8076 (class 0 OID 17755)
-- Dependencies: 317
-- Data for Name: InterfaceRole; Type: TABLE DATA; Schema: public; Owner: -
--

COPY public."InterfaceRole" (id, "tenantId", "propertyId", "interfaceId", role, priority, "isPrimary", enabled, "createdAt", "updatedAt") FROM stdin;
067be721-305f-4e8e-835a-9153bb4520e4	444017d5-e022-4c5f-ac07-ea0d51f4609b	281fde73-7836-4511-b644-91f3663d8fcd	b13cfcc5-4e94-4245-8a5f-082eac4a7b01	wan	1	t	t	2026-05-05 08:16:37.875+00	2026-05-05 08:16:37.875+00
4c5ef323-aea6-4e31-9eaa-8c47d0cdd1c5	444017d5-e022-4c5f-ac07-ea0d51f4609b	281fde73-7836-4511-b644-91f3663d8fcd	2983fc24-d37b-447e-b86c-0a57bc781a10	lan	0	t	t	2026-05-05 08:16:37.875+00	2026-05-05 08:16:37.875+00
1ec87863-0061-4067-a48b-972ce8d8d6f6	444017d5-e022-4c5f-ac07-ea0d51f4609b	281fde73-7836-4511-b644-91f3663d8fcd	38916a92-3d6b-49e6-b489-de5098c2e733	dmz	0	f	t	2026-05-05 08:16:37.875+00	2026-05-05 08:16:37.875+00
ff15efe2-7a83-4aaf-81fb-85402d02a4fe	444017d5-e022-4c5f-ac07-ea0d51f4609b	281fde73-7836-4511-b644-91f3663d8fcd	46bab1f7-75ec-4e86-9155-d152a3a2e71f	management	0	f	t	2026-05-05 08:16:37.875+00	2026-05-05 08:16:37.875+00
b48510ab-5833-43bc-8eee-b0bd39a7aa94	444017d5-e022-4c5f-ac07-ea0d51f4609b	281fde73-7836-4511-b644-91f3663d8fcd	4b7b3303-c060-4e69-b20d-4fa6ebca6fab	wifi	0	t	t	2026-05-05 08:16:37.875+00	2026-05-05 08:16:37.875+00
3765bb3a-694e-4378-b7ff-b51450e35e4d	444017d5-e022-4c5f-ac07-ea0d51f4609b	281fde73-7836-4511-b644-91f3663d8fcd	45817e65-6245-490f-835a-0b88269549fd	unused	2	f	f	2026-05-05 08:16:37.875+00	2026-05-05 08:16:37.875+00
\.


--
-- TOC entry 8232 (class 0 OID 19645)
-- Dependencies: 473
-- Data for Name: InventoryItem; Type: TABLE DATA; Schema: public; Owner: -
--

COPY public."InventoryItem" (id, "propertyId", name, category, "currentStock", unit, "unitCost", "lowStockThreshold", "reorderLevel", "supplierName", "supplierContact", status, "lastRestocked", "createdAt", "updatedAt", "deletedAt") FROM stdin;
\.


--
-- TOC entry 8077 (class 0 OID 17767)
-- Dependencies: 318
-- Data for Name: InventoryLock; Type: TABLE DATA; Schema: public; Owner: -
--

COPY public."InventoryLock" (id, "tenantId", "propertyId", "roomId", "roomTypeId", "startDate", "endDate", reason, "lockType", "sessionId", "expiresAt", "createdBy", "createdAt", "updatedAt") FROM stdin;
\.


--
-- TOC entry 8233 (class 0 OID 19659)
-- Dependencies: 474
-- Data for Name: InventoryMovement; Type: TABLE DATA; Schema: public; Owner: -
--

COPY public."InventoryMovement" (id, "propertyId", "inventoryItemId", quantity, "previousStock", "newStock", reason, note, "performedBy", "createdAt") FROM stdin;
\.


--
-- TOC entry 8244 (class 0 OID 19777)
-- Dependencies: 485
-- Data for Name: InventoryTransfer; Type: TABLE DATA; Schema: public; Owner: -
--

COPY public."InventoryTransfer" (id, "tenantId", "fromPropertyId", "toPropertyId", status, "requestedBy", "approvedBy", "completedBy", reason, notes, "approvedAt", "completedAt", "rejectedAt", "rejectionReason", "createdAt", "updatedAt") FROM stdin;
\.


--
-- TOC entry 8245 (class 0 OID 19786)
-- Dependencies: 486
-- Data for Name: InventoryTransferItem; Type: TABLE DATA; Schema: public; Owner: -
--

COPY public."InventoryTransferItem" (id, "transferId", "stockItemId", "stockItemName", quantity, unit, "unitCost", "createdAt", "updatedAt") FROM stdin;
\.


--
-- TOC entry 8078 (class 0 OID 17776)
-- Dependencies: 319
-- Data for Name: Invoice; Type: TABLE DATA; Schema: public; Owner: -
--

COPY public."Invoice" (id, "tenantId", "invoiceNumber", "folioId", "customerName", "customerEmail", "customerAddress", "customerPhone", subtotal, taxes, discount, "totalAmount", currency, "issuedAt", "dueAt", "paidAt", status, "pdfUrl", notes, "lineItems", "templateId", "isRecurring", "recurringFrequency", "recurringNextDate", "recurringEndDate", "parentInvoiceId", "createdAt", "updatedAt") FROM stdin;
83d78a29-9d35-4799-85dd-6e6d1f2f05bc	444017d5-e022-4c5f-ac07-ea0d51f4609b	INV-2501-0001	31b2dc91-a684-4dfa-af6a-fc948051da24	Rahul Banerjee	rahul.b@email.com	Kolkata, India	\N	48000	8640	0	58640	INR	2026-05-04 08:16:37.636+00	2026-06-03 08:16:37.636+00	2026-05-04 08:16:37.636+00	paid	/api/invoices/folio-2/pdf	\N	[]	\N	f	\N	\N	\N	\N	2026-05-05 08:16:37.643+00	2026-05-05 08:16:37.643+00
128408a2-21a2-4af6-a8af-f260ffd61337	444017d5-e022-4c5f-ac07-ea0d51f4609b	INV-2501-0002	3e65e740-b126-49ec-aabd-915b5bd60bb2	Vikram Singh	vikram.s@email.com	Kolkata, India	\N	70000	12600	0	84100	INR	2026-05-05 08:16:37.642+00	2026-06-04 08:16:37.642+00	2026-05-05 08:16:37.642+00	paid	/api/invoices/folio-4/pdf	\N	[]	\N	f	\N	\N	\N	\N	2026-05-05 08:16:37.643+00	2026-05-05 08:16:37.643+00
ef78a01d-f28a-4d20-ba8a-e9f970e8e4ba	444017d5-e022-4c5f-ac07-ea0d51f4609b	INV-2501-0003	972e32ee-0532-4a3a-9b38-9076f74e8fb5	Rina Chatterjee	rina.c@email.com	Kolkata, India	\N	10500	1890	0	13290	INR	2026-05-05 08:16:37.642+00	2026-06-04 08:16:37.642+00	2026-05-05 08:16:37.642+00	paid	/api/invoices/folio-6/pdf	\N	[]	\N	f	\N	\N	\N	\N	2026-05-05 08:16:37.643+00	2026-05-05 08:16:37.643+00
\.


--
-- TOC entry 8079 (class 0 OID 17791)
-- Dependencies: 320
-- Data for Name: InvoiceTemplate; Type: TABLE DATA; Schema: public; Owner: -
--

COPY public."InvoiceTemplate" (id, "tenantId", name, description, "isDefault", "logoUrl", "primaryColor", "footerText", "createdAt", "updatedAt") FROM stdin;
\.


--
-- TOC entry 8081 (class 0 OID 17810)
-- Dependencies: 322
-- Data for Name: IoTCommand; Type: TABLE DATA; Schema: public; Owner: -
--

COPY public."IoTCommand" (id, "deviceId", command, parameters, status, "executedAt", error, source, "triggeredBy", "createdAt") FROM stdin;
\.


--
-- TOC entry 8082 (class 0 OID 17821)
-- Dependencies: 323
-- Data for Name: IoTDevice; Type: TABLE DATA; Schema: public; Owner: -
--

COPY public."IoTDevice" (id, "tenantId", "propertyId", "roomId", name, type, manufacturer, model, "serialNumber", protocol, "ipAddress", "macAddress", status, "lastHeartbeat", "firmwareVersion", config, "currentState", "createdAt", "updatedAt") FROM stdin;
b3983747-2762-43db-9e1d-74d0fbfaf06c	444017d5-e022-4c5f-ac07-ea0d51f4609b	281fde73-7836-4511-b644-91f3663d8fcd	2bd9e3e1-07f2-4535-ab58-5868a167f183	Smart Thermostat	thermostat	Honeywell	T6 Pro	HT-2024-001	wifi	\N	\N	online	2026-05-05 08:11:37.652+00	2.4.1	{"targetTemp":22,"minTemp":16,"maxTemp":30,"mode":"auto"}	{"currentTemp":23.5,"humidity":45,"mode":"cooling"}	2026-05-05 08:16:37.653+00	2026-05-05 08:16:37.653+00
253ba52a-cfa4-43be-9adf-ce46f7405090	444017d5-e022-4c5f-ac07-ea0d51f4609b	281fde73-7836-4511-b644-91f3663d8fcd	099d3527-9c08-4060-8813-fea8ca1553c7	Smart Lock	door_lock	Schlage	Encode Plus	SL-2024-002	wifi	\N	\N	online	2026-05-05 08:14:37.653+00	1.8.3	{"autoLock":true,"autoLockDelay":30,"lockoutEnabled":false}	{"locked":true,"batteryLevel":85}	2026-05-05 08:16:37.653+00	2026-05-05 08:16:37.653+00
030e80c9-316f-436b-9b3a-19ee31d43c35	444017d5-e022-4c5f-ac07-ea0d51f4609b	281fde73-7836-4511-b644-91f3663d8fcd	\N	Motion Sensor	motion_sensor	Philips Hue	Motion Sensor	MS-2024-003	zigbee	\N	\N	online	2026-05-05 08:15:37.653+00	3.2.0	{"sensitivity":"high","detectionRange":8}	{"motionDetected":false,"lastMotionAt":"2026-05-05T07:46:37.653Z","lux":320}	2026-05-05 08:16:37.653+00	2026-05-05 08:16:37.653+00
\.


--
-- TOC entry 8083 (class 0 OID 17833)
-- Dependencies: 324
-- Data for Name: IoTReading; Type: TABLE DATA; Schema: public; Owner: -
--

COPY public."IoTReading" (id, "deviceId", type, value, unit, "timestamp") FROM stdin;
\.


--
-- TOC entry 8221 (class 0 OID 19518)
-- Dependencies: 462
-- Data for Name: IpPool; Type: TABLE DATA; Schema: public; Owner: -
--

COPY public."IpPool" (id, "tenantId", "propertyId", name, description, gateway, subnet, "isDefault", "captivePortal", enabled, "createdAt", "updatedAt") FROM stdin;
ab4ff167-dc45-45d1-b9fb-cea83e090f96	444017d5-e022-4c5f-ac07-ea0d51f4609b	281fde73-7836-4511-b644-91f3663d8fcd	Guest VLAN Pool	DHCP pool for guest WiFi on VLAN 10	10.10.10.1	10.10.10.0/24	t	t	t	2026-05-05 08:16:37.838+00	2026-05-05 08:16:37.838+00
4978d211-10e6-4f1b-9994-9b2542f74bb8	444017d5-e022-4c5f-ac07-ea0d51f4609b	281fde73-7836-4511-b644-91f3663d8fcd	Staff VLAN Pool	DHCP pool for staff network on VLAN 20	10.10.20.1	10.10.20.0/24	f	f	t	2026-05-05 08:16:37.838+00	2026-05-05 08:16:37.838+00
1e75402e-5a72-479d-a9e4-08f446b98878	444017d5-e022-4c5f-ac07-ea0d51f4609b	281fde73-7836-4511-b644-91f3663d8fcd	VIP Lounge Pool	Premium VIP lounge WiFi on VLAN 30	10.10.30.1	10.10.30.0/24	f	t	t	2026-05-05 08:16:37.838+00	2026-05-05 08:16:37.838+00
4ebe60c8-28e9-447e-be11-80cb83f43a26	444017d5-e022-4c5f-ac07-ea0d51f4609b	281fde73-7836-4511-b644-91f3663d8fcd	IoT Devices Pool	IoT sensor and smart device pool on VLAN 40	10.10.40.1	10.10.40.0/24	f	f	t	2026-05-05 08:16:37.838+00	2026-05-05 08:16:37.838+00
\.


--
-- TOC entry 8222 (class 0 OID 19529)
-- Dependencies: 463
-- Data for Name: IpPoolRange; Type: TABLE DATA; Schema: public; Owner: -
--

COPY public."IpPoolRange" (id, "poolId", "startIp", "endIp", comment, "createdAt") FROM stdin;
983d906e-ba9b-4349-8b1b-a6c8dd88897d	ab4ff167-dc45-45d1-b9fb-cea83e090f96	10.10.10.50	10.10.10.200	Guest usable range	2026-05-05 08:16:37.838+00
11a626d3-692e-4443-8f0f-3557709d4a51	4978d211-10e6-4f1b-9994-9b2542f74bb8	10.10.20.10	10.10.20.100	Staff devices	2026-05-05 08:16:37.838+00
ac6668ef-9ad4-4262-aa5d-20808e9e60a5	1e75402e-5a72-479d-a9e4-08f446b98878	10.10.30.20	10.10.30.80	VIP guests	2026-05-05 08:16:37.838+00
9498247c-12e3-4b45-99bf-1053ebe87c39	4ebe60c8-28e9-447e-be11-80cb83f43a26	10.10.40.10	10.10.40.50	IoT devices	2026-05-05 08:16:37.838+00
\.


--
-- TOC entry 8241 (class 0 OID 19744)
-- Dependencies: 482
-- Data for Name: KeyCard; Type: TABLE DATA; Schema: public; Owner: -
--

COPY public."KeyCard" (id, "tenantId", "propertyId", "roomId", "guestId", "bookingId", "cardNumber", "cardType", "issuerName", status, "issuedAt", "activatedAt", "deactivatedAt", "returnedAt", "returnReason", "accessLevel", "validFrom", "validTo", notes, "createdAt", "updatedAt") FROM stdin;
\.


--
-- TOC entry 8084 (class 0 OID 17841)
-- Dependencies: 325
-- Data for Name: KioskSettings; Type: TABLE DATA; Schema: public; Owner: -
--

COPY public."KioskSettings" (id, "propertyId", "tenantId", "hotelName", "welcomeMessage", "primaryColor", "logoUrl", "backgroundStyle", "idleTimeout", "showClock", "showLanguageSwitch", "enableCheckIn", "enableCheckOut", "enablePayment", "termsContent", "requirePaymentOnCheckout", "createdAt", "updatedAt") FROM stdin;
\.


--
-- TOC entry 8249 (class 0 OID 19839)
-- Dependencies: 490
-- Data for Name: LicenseKey; Type: TABLE DATA; Schema: public; Owner: -
--

COPY public."LicenseKey" (id, key, "planId", status, "generatedBy", "generatedFor", "activatedBy", "activatedAt", "tenantId", "expiresAt", note, "batchId", "createdAt", "updatedAt") FROM stdin;
\.


--
-- TOC entry 8085 (class 0 OID 17861)
-- Dependencies: 326
-- Data for Name: LiveSession; Type: TABLE DATA; Schema: public; Owner: -
--

COPY public."LiveSession" (id, "tenantId", "propertyId", "acctSessionId", username, "userId", "planId", "nasIpAddress", "nasIdentifier", "nasPortType", "framedIpAddress", "macAddress", "clientIpAddress", "deviceType", "operatingSystem", manufacturer, "bandwidthPolicyId", "bandwidthDown", "bandwidthUp", "maxInputOctets", "maxOutputOctets", "maxTotalOctets", "sessionTimeout", "idleTimeout", "lastInterimUpdate", "currentInputBytes", "currentOutputBytes", "currentSessionTime", status, "roomNo", "hotelId", "urlFilterPolicy", "authMethod", "startedAt", "updatedAt") FROM stdin;
\.


--
-- TOC entry 8086 (class 0 OID 17883)
-- Dependencies: 327
-- Data for Name: LoyaltyPointTransaction; Type: TABLE DATA; Schema: public; Owner: -
--

COPY public."LoyaltyPointTransaction" (id, "tenantId", "guestId", points, balance, type, source, "referenceId", "referenceType", description, "expiresAt", "createdAt") FROM stdin;
\.


--
-- TOC entry 8087 (class 0 OID 17891)
-- Dependencies: 328
-- Data for Name: LoyaltyRedemption; Type: TABLE DATA; Schema: public; Owner: -
--

COPY public."LoyaltyRedemption" (id, "tenantId", "guestId", "rewardId", "pointsSpent", status, "redemptionCode", "redeemedAt", "expiresAt", "cancelledAt", "cancelledReason", notes, "createdAt", "updatedAt") FROM stdin;
\.


--
-- TOC entry 8088 (class 0 OID 17901)
-- Dependencies: 329
-- Data for Name: LoyaltyReward; Type: TABLE DATA; Schema: public; Owner: -
--

COPY public."LoyaltyReward" (id, "tenantId", name, description, category, "pointsCost", "monetaryValue", currency, "imageUrl", "isAvailable", "availableFrom", "availableUntil", "maxRedemptions", "currentRedemptions", "minTierRequired", "termsConditions", "sortOrder", "createdAt", "updatedAt") FROM stdin;
e8ade5fc-2933-45d8-a5c9-edbe8445b288	444017d5-e022-4c5f-ac07-ea0d51f4609b	Free Welcome Drink	Enjoy a complimentary welcome drink at the bar upon arrival	dining	100	350	INR	\N	t	\N	\N	\N	0	\N	\N	1	2026-05-05 08:16:37.956+00	2026-05-05 08:16:37.956+00
1f406216-5b2b-4dd6-bdcd-266df3da4c63	444017d5-e022-4c5f-ac07-ea0d51f4609b	Late Checkout	Extend your checkout time to 4:00 PM on your departure day	room	200	1500	INR	\N	t	\N	\N	\N	0	silver	\N	2	2026-05-05 08:16:37.956+00	2026-05-05 08:16:37.956+00
34f84116-d257-4359-ba88-999c48aec2f4	444017d5-e022-4c5f-ac07-ea0d51f4609b	Free Night	Redeem for one free night in a Standard Room, including breakfast	room	5000	4200	INR	\N	t	\N	\N	2	0	gold	\N	3	2026-05-05 08:16:37.956+00	2026-05-05 08:16:37.956+00
\.


--
-- TOC entry 8089 (class 0 OID 17915)
-- Dependencies: 330
-- Data for Name: LoyaltyTier; Type: TABLE DATA; Schema: public; Owner: -
--

COPY public."LoyaltyTier" (id, "tenantId", name, "displayName", "minPoints", "maxPoints", "pointsMultiplier", benefits, color, icon, "sortOrder", "isActive", "createdAt", "updatedAt") FROM stdin;
8a60a776-3436-453b-8565-9c769d750670	444017d5-e022-4c5f-ac07-ea0d51f4609b	bronze	Bronze Member	0	499	1	["Basic room upgrades","Welcome drink on birthday"]	#cd7f32	\N	1	t	2026-05-05 08:16:37.955+00	2026-05-05 08:16:37.955+00
6866e4a4-11f6-4697-b4d9-fa466539c03e	444017d5-e022-4c5f-ac07-ea0d51f4609b	silver	Silver Elite	500	1999	1.25	["Priority check-in","Late checkout (2pm)","Free WiFi upgrade","Room upgrade (subject to availability)"]	#c0c0c0	\N	2	t	2026-05-05 08:16:37.955+00	2026-05-05 08:16:37.955+00
c38e2cc6-c04b-4310-825a-3c4bac844cd7	444017d5-e022-4c5f-ac07-ea0d51f4609b	gold	Gold Premier	2000	\N	1.5	["Express check-in/out","Late checkout (4pm)","Suite upgrades","Free airport transfer","Complimentary breakfast","Dedicated concierge"]	#ffd700	\N	3	t	2026-05-05 08:16:37.955+00	2026-05-05 08:16:37.955+00
\.


--
-- TOC entry 8090 (class 0 OID 17929)
-- Dependencies: 331
-- Data for Name: LoyaltyTransaction; Type: TABLE DATA; Schema: public; Owner: -
--

COPY public."LoyaltyTransaction" (id, "tenantId", "guestId", points, type, reason, "referenceType", "referenceId", "balanceAfter", "createdAt") FROM stdin;
\.


--
-- TOC entry 8091 (class 0 OID 17937)
-- Dependencies: 332
-- Data for Name: MacFilter; Type: TABLE DATA; Schema: public; Owner: -
--

COPY public."MacFilter" (id, "tenantId", "propertyId", "macAddress", action, "listType", description, "linkedType", "linkedId", "expiresAt", enabled, "createdAt", "updatedAt") FROM stdin;
3611c301-66c7-45e9-9107-c185df7105cb	444017d5-e022-4c5f-ac07-ea0d51f4609b	281fde73-7836-4511-b644-91f3663d8fcd	22:33:44:55:66:77	deny	blacklist	Suspicious device detected on guest network	\N	\N	\N	t	2026-05-05 08:16:37.911+00	2026-05-05 08:16:37.911+00
49bc174b-d365-4644-b56c-a203e133eca3	444017d5-e022-4c5f-ac07-ea0d51f4609b	281fde73-7836-4511-b644-91f3663d8fcd	33:44:55:66:77:88	deny	blacklist	Known rogue AP client - banned permanently	\N	\N	\N	t	2026-05-05 08:16:37.911+00	2026-05-05 08:16:37.911+00
0baf52a5-13fe-4ec9-bada-dbf6fe4c7613	444017d5-e022-4c5f-ac07-ea0d51f4609b	281fde73-7836-4511-b644-91f3663d8fcd	AA:BB:CC:DD:02:01	allow	whitelist	Front desk manager laptop - always allowed	staff	cc3b3483-ad7a-452a-b623-5465962c9678	\N	t	2026-05-05 08:16:37.911+00	2026-05-05 08:16:37.911+00
\.


--
-- TOC entry 8092 (class 0 OID 17948)
-- Dependencies: 333
-- Data for Name: MaintenanceBlock; Type: TABLE DATA; Schema: public; Owner: -
--

COPY public."MaintenanceBlock" (id, "tenantId", "propertyId", "roomId", "roomNumber", reason, description, "startDate", "endDate", "blockedBy", status, priority, "vendorId", "estimatedCost", "actualCost", notes, "createdAt", "updatedAt") FROM stdin;
\.


--
-- TOC entry 8093 (class 0 OID 17958)
-- Dependencies: 334
-- Data for Name: ManualTransaction; Type: TABLE DATA; Schema: public; Owner: -
--

COPY public."ManualTransaction" (id, "tenantId", "paymentId", amount, currency, status, "refundAmount", "refundId", metadata, "createdAt", "updatedAt") FROM stdin;
\.


--
-- TOC entry 8094 (class 0 OID 17969)
-- Dependencies: 335
-- Data for Name: MenuItem; Type: TABLE DATA; Schema: public; Owner: -
--

COPY public."MenuItem" (id, "propertyId", "categoryId", name, description, "imageUrl", price, currency, options, "isVegetarian", "isVegan", "isGlutenFree", allergens, "isAvailable", "availableTimes", "preparationTime", "kitchenStation", "sortOrder", status, "createdAt", "updatedAt", "deletedAt") FROM stdin;
d4d48ae8-d207-4356-b597-0c25b7afa847	281fde73-7836-4511-b644-91f3663d8fcd	8f676c43-1d6b-44e2-9197-8ae4d926c1ce	Samosa	Crispy pastry filled with spiced potatoes	\N	120	INR	[]	t	f	f	[]	t	\N	10	fryer	1	active	2026-05-05 08:16:37.612+00	2026-05-05 08:16:37.612+00	\N
5c471d82-4a1b-4d18-9ecc-79a4646554ca	281fde73-7836-4511-b644-91f3663d8fcd	8f676c43-1d6b-44e2-9197-8ae4d926c1ce	Paneer Tikka	Grilled cottage cheese with spices	\N	280	INR	[]	t	f	f	[]	t	\N	15	tandoor	2	active	2026-05-05 08:16:37.612+00	2026-05-05 08:16:37.612+00	\N
afab0b51-6f0e-4982-a6ac-8c0ef88ea248	281fde73-7836-4511-b644-91f3663d8fcd	8f676c43-1d6b-44e2-9197-8ae4d926c1ce	Chicken Tikka	Tender chicken marinated in yogurt and spices	\N	320	INR	[]	f	f	f	[]	t	\N	18	tandoor	3	active	2026-05-05 08:16:37.612+00	2026-05-05 08:16:37.612+00	\N
289df210-987a-4b09-b9b7-d61a1272d33a	281fde73-7836-4511-b644-91f3663d8fcd	8f676c43-1d6b-44e2-9197-8ae4d926c1ce	Vegetable Spring Roll	Crispy rolls with mixed vegetables	\N	180	INR	[]	t	f	f	[]	t	\N	12	fryer	4	active	2026-05-05 08:16:37.612+00	2026-05-05 08:16:37.612+00	\N
2c5ec47d-89f9-4af5-ad66-e38623f1c640	281fde73-7836-4511-b644-91f3663d8fcd	785564c2-f610-40e8-9f84-d4fe178521e9	Butter Chicken	Creamy tomato-based curry with tender chicken	\N	420	INR	[]	f	f	f	[]	t	\N	20	curry	1	active	2026-05-05 08:16:37.612+00	2026-05-05 08:16:37.612+00	\N
69a0a464-d488-4747-a0a0-77ac6f937b17	281fde73-7836-4511-b644-91f3663d8fcd	785564c2-f610-40e8-9f84-d4fe178521e9	Dal Makhani	Creamy black lentils slow-cooked overnight	\N	280	INR	[]	t	f	f	[]	t	\N	15	curry	2	active	2026-05-05 08:16:37.612+00	2026-05-05 08:16:37.612+00	\N
fed2034a-758b-4850-804c-1e2458706529	281fde73-7836-4511-b644-91f3663d8fcd	785564c2-f610-40e8-9f84-d4fe178521e9	Fish Curry	Bengali style fish curry with rohu	\N	480	INR	[]	f	f	f	[]	t	\N	22	curry	3	active	2026-05-05 08:16:37.612+00	2026-05-05 08:16:37.612+00	\N
c107d603-c3a4-41e2-8e2d-2f7445bea398	281fde73-7836-4511-b644-91f3663d8fcd	785564c2-f610-40e8-9f84-d4fe178521e9	Vegetable Biryani	Fragrant basmati rice with mixed vegetables	\N	320	INR	[]	t	f	f	[]	t	\N	25	rice	4	active	2026-05-05 08:16:37.612+00	2026-05-05 08:16:37.612+00	\N
723ade4c-d438-42ec-b701-ccac9c5bc094	281fde73-7836-4511-b644-91f3663d8fcd	fd5f9183-4a48-4327-812d-61e522c99248	Rasgulla	Soft cottage cheese balls in sugar syrup	\N	120	INR	[]	t	f	f	[]	t	\N	5	dessert	1	active	2026-05-05 08:16:37.612+00	2026-05-05 08:16:37.612+00	\N
12c99c72-58fc-4184-b8aa-aece391c45d2	281fde73-7836-4511-b644-91f3663d8fcd	fd5f9183-4a48-4327-812d-61e522c99248	Gulab Jamun	Deep-fried milk dumplings in rose syrup	\N	150	INR	[]	t	f	f	[]	t	\N	10	dessert	2	active	2026-05-05 08:16:37.612+00	2026-05-05 08:16:37.612+00	\N
0b49dca4-6169-4c15-b70f-0518ec689a66	281fde73-7836-4511-b644-91f3663d8fcd	fd5f9183-4a48-4327-812d-61e522c99248	Mishti Doi	Traditional Bengali sweet yogurt	\N	100	INR	[]	t	f	f	[]	t	\N	5	dessert	3	active	2026-05-05 08:16:37.612+00	2026-05-05 08:16:37.612+00	\N
372484a4-0938-4a84-be50-771691bdebb3	281fde73-7836-4511-b644-91f3663d8fcd	34af807c-8252-4486-bf03-d47bb55e6308	Masala Chai	Traditional Indian spiced tea	\N	60	INR	[]	f	t	f	[]	t	\N	5	bar	1	active	2026-05-05 08:16:37.612+00	2026-05-05 08:16:37.612+00	\N
36524f4a-15f3-47d8-964a-e1430cd1d985	281fde73-7836-4511-b644-91f3663d8fcd	34af807c-8252-4486-bf03-d47bb55e6308	Fresh Lime Soda	Refreshing lime with soda	\N	80	INR	[]	f	t	f	[]	t	\N	3	bar	2	active	2026-05-05 08:16:37.612+00	2026-05-05 08:16:37.612+00	\N
c81ea5bf-6898-4de0-b0e9-a1d15fb45288	281fde73-7836-4511-b644-91f3663d8fcd	34af807c-8252-4486-bf03-d47bb55e6308	Mango Lassi	Creamy yogurt drink with mango	\N	120	INR	[]	t	f	f	[]	t	\N	5	bar	3	active	2026-05-05 08:16:37.612+00	2026-05-05 08:16:37.612+00	\N
\.


--
-- TOC entry 8229 (class 0 OID 19610)
-- Dependencies: 470
-- Data for Name: MenuModifier; Type: TABLE DATA; Schema: public; Owner: -
--

COPY public."MenuModifier" (id, "propertyId", name, "selectionType", "minSelections", "maxSelections", "isAvailable", "createdAt", "updatedAt", "deletedAt") FROM stdin;
\.


--
-- TOC entry 8230 (class 0 OID 19622)
-- Dependencies: 471
-- Data for Name: MenuModifierOption; Type: TABLE DATA; Schema: public; Owner: -
--

COPY public."MenuModifierOption" (id, "propertyId", "modifierGroupId", name, "priceAdjustment", "isAvailable", "isDefault", "sortOrder", "createdAt", "updatedAt") FROM stdin;
\.


--
-- TOC entry 8231 (class 0 OID 19634)
-- Dependencies: 472
-- Data for Name: MenuVariant; Type: TABLE DATA; Schema: public; Owner: -
--

COPY public."MenuVariant" (id, "propertyId", "menuItemId", name, price, sku, calories, "isAvailable", "isDefault", "sortOrder", "createdAt", "updatedAt") FROM stdin;
\.


--
-- TOC entry 8095 (class 0 OID 17986)
-- Dependencies: 336
-- Data for Name: MessageTemplate; Type: TABLE DATA; Schema: public; Owner: -
--

COPY public."MessageTemplate" (id, "tenantId", name, category, channel, subject, body, variables, "isQuickReply", shortcut, "whatsappTemplateId", "whatsappCategory", "isActive", "usageCount", "createdAt", "updatedAt") FROM stdin;
e1432fce-9f70-484e-aa0c-7f4b4ec80013	444017d5-e022-4c5f-ac07-ea0d51f4609b	Check-in Reminder	pre_arrival	whatsapp	\N	Dear {{guestName}}, your check-in at {{hotelName}} is tomorrow! Your room {{roomNumber}} is ready from {{checkInTime}}. Please carry a valid ID. We look forward to welcoming you!	["guestName", "hotelName", "roomNumber", "checkInTime"]	f	checkin-remind	\N	\N	t	450	2026-05-05 08:16:37.728+00	2026-05-05 08:16:37.728+00
5725dd55-ba1b-4e00-b1d7-ffffa3d09200	444017d5-e022-4c5f-ac07-ea0d51f4609b	Review Request	post_stay	email	How was your stay at {{hotelName}}?	Dear {{guestName}},\n\nThank you for choosing {{hotelName}}. We hope you had a wonderful stay with us.\n\nWe would love to hear about your experience. Your feedback helps us improve.\n\nPlease take a moment to review us: {{reviewUrl}}\n\nWarm regards,\n{{hotelName}} Team	["guestName", "hotelName", "reviewUrl"]	f	\N	\N	\N	t	320	2026-05-05 08:16:37.728+00	2026-05-05 08:16:37.728+00
d90c1b3f-6f4d-471e-97dc-f33b8cdb6242	444017d5-e022-4c5f-ac07-ea0d51f4609b	Maintenance Update	internal	push	\N	Room {{roomNumber}} maintenance has been completed by {{staffName}}.	["roomNumber", "staffName"]	t	maint-done	\N	\N	t	180	2026-05-05 08:16:37.728+00	2026-05-05 08:16:37.728+00
170bfcd1-9615-41fa-8983-7f54c599815d	444017d5-e022-4c5f-ac07-ea0d51f4609b	Welcome Message	on_property	whatsapp	\N	Welcome to {{hotelName}}, {{guestName}}! 🎉 We are delighted to have you. Your room {{roomNumber}} is ready. WiFi: {{wifiNetwork}} | Password: {{wifiPassword}}. Need anything? Just reply here!	["guestName", "hotelName", "roomNumber", "wifiNetwork", "wifiPassword"]	f	\N	\N	\N	t	890	2026-05-05 08:16:37.728+00	2026-05-05 08:16:37.728+00
\.


--
-- TOC entry 8096 (class 0 OID 17998)
-- Dependencies: 337
-- Data for Name: MetasearchConnection; Type: TABLE DATA; Schema: public; Owner: -
--

COPY public."MetasearchConnection" (id, "tenantId", "propertyId", platform, "externalId", status, "connectionUrl", "feedFormat", "lastSyncAt", "lastError", "lastErrorAt", impressions, clicks, bookings, revenue, cost, ctr, config, "createdAt", "updatedAt") FROM stdin;
8bfa7327-5d46-4d6e-9aa8-c17ad0289082	444017d5-e022-4c5f-ac07-ea0d51f4609b	281fde73-7836-4511-b644-91f3663d8fcd	trivago	95a5ede9-8094-4857-b259-1bef2bf80d33	connected	\N	xml	2026-05-03 08:16:37.6+00	\N	\N	85000	5100	85	340000	42500	6	{"commissionModel":"cpc","bid":8.33}	2026-05-05 08:16:37.725+00	2026-05-05 08:16:37.725+00
c450806f-55f5-466b-af2e-0a2127b77df6	444017d5-e022-4c5f-ac07-ea0d51f4609b	281fde73-7836-4511-b644-91f3663d8fcd	tripadvisor	3f32e16f-96c7-4436-94e9-ef43537133b9	connected	\N	json	2026-05-02 08:16:37.6+00	\N	\N	42000	2100	32	128000	16800	5	{"commissionModel":"cpa","commission":525}	2026-05-05 08:16:37.725+00	2026-05-05 08:16:37.725+00
\.


--
-- TOC entry 8097 (class 0 OID 18015)
-- Dependencies: 338
-- Data for Name: MultiWanConfig; Type: TABLE DATA; Schema: public; Owner: -
--

COPY public."MultiWanConfig" (id, "tenantId", "propertyId", enabled, mode, "checkInterval", "pingCount", "pingTimeout", "tcpTimeout", "autoSwitchback", "switchbackDelay", "flushConntrackOnFailover", "createdAt", "updatedAt") FROM stdin;
\.


--
-- TOC entry 8102 (class 0 OID 18075)
-- Dependencies: 343
-- Data for Name: NasHealthLog; Type: TABLE DATA; Schema: public; Owner: -
--

COPY public."NasHealthLog" (id, "tenantId", "propertyId", "nasIpAddress", "nasName", "isOnline", "liveUsers", "totalAuths", "totalAccts", "avgLatencyMs", "lastSeenAt", "checkIntervalSec", "createdAt", "updatedAt") FROM stdin;
b60a4e76-ea23-4115-aaf5-0e81b6bcd135	444017d5-e022-4c5f-ac07-ea0d51f4609b	281fde73-7836-4511-b644-91f3663d8fcd	127.0.0.1	Cryptsk Gateway (Multimode)	t	0	0	0	0	2026-05-05 08:18:03.69+00	60	2026-05-05 08:18:03.694+00	2026-05-05 08:18:03.694+00
b2f27b64-2d99-4d7e-bfcb-7a8bc808d18d	444017d5-e022-4c5f-ac07-ea0d51f4609b	281fde73-7836-4511-b644-91f3663d8fcd	10.0.1.1	MikroTik Router - Main	f	0	16	0	\N	\N	60	2026-05-05 08:18:03.704+00	2026-05-05 08:18:03.704+00
5ce1e2dd-33b4-40cf-b4ac-fa81961afb9a	444017d5-e022-4c5f-ac07-ea0d51f4609b	281fde73-7836-4511-b644-91f3663d8fcd	10.0.1.2	Aruba Controller - Conference	f	0	7	0	\N	\N	60	2026-05-05 08:18:03.707+00	2026-05-05 08:18:03.707+00
22407d76-8cf2-4df7-a99b-0571a956dabe	444017d5-e022-4c5f-ac07-ea0d51f4609b	281fde73-7836-4511-b644-91f3663d8fcd	127.0.0.1	Cryptsk Gateway (Multimode)	t	0	0	0	0	2026-05-05 08:19:03.026+00	60	2026-05-05 08:19:03.028+00	2026-05-05 08:19:03.028+00
d356a04f-2bd8-420b-911d-f7c8fd9f42fe	444017d5-e022-4c5f-ac07-ea0d51f4609b	281fde73-7836-4511-b644-91f3663d8fcd	10.0.1.1	MikroTik Router - Main	f	0	16	0	\N	\N	60	2026-05-05 08:19:03.031+00	2026-05-05 08:19:03.031+00
e98535d6-3168-464a-9360-17abaa3a07e7	444017d5-e022-4c5f-ac07-ea0d51f4609b	281fde73-7836-4511-b644-91f3663d8fcd	10.0.1.2	Aruba Controller - Conference	f	0	7	0	\N	\N	60	2026-05-05 08:19:03.033+00	2026-05-05 08:19:03.033+00
b14a8335-adc0-42ab-b884-dde31c97a098	444017d5-e022-4c5f-ac07-ea0d51f4609b	281fde73-7836-4511-b644-91f3663d8fcd	127.0.0.1	Cryptsk Gateway (Multimode)	t	0	0	0	0	2026-05-05 08:20:03.037+00	60	2026-05-05 08:20:03.039+00	2026-05-05 08:20:03.039+00
d93f9ea4-2297-49e6-a8a8-ac23255e0b85	444017d5-e022-4c5f-ac07-ea0d51f4609b	281fde73-7836-4511-b644-91f3663d8fcd	10.0.1.1	MikroTik Router - Main	f	0	16	0	\N	\N	60	2026-05-05 08:20:03.042+00	2026-05-05 08:20:03.042+00
3e013397-466a-4c1b-968a-95c03d9b4a75	444017d5-e022-4c5f-ac07-ea0d51f4609b	281fde73-7836-4511-b644-91f3663d8fcd	10.0.1.2	Aruba Controller - Conference	f	0	7	0	\N	\N	60	2026-05-05 08:20:03.044+00	2026-05-05 08:20:03.044+00
7ac47249-c764-4f48-9ed6-86061e0142a3	444017d5-e022-4c5f-ac07-ea0d51f4609b	281fde73-7836-4511-b644-91f3663d8fcd	127.0.0.1	Cryptsk Gateway (Multimode)	t	0	0	0	0	2026-05-05 08:21:03.032+00	60	2026-05-05 08:21:03.034+00	2026-05-05 08:21:03.034+00
5832511b-d009-4d01-af13-c69fe0860d84	444017d5-e022-4c5f-ac07-ea0d51f4609b	281fde73-7836-4511-b644-91f3663d8fcd	10.0.1.1	MikroTik Router - Main	f	0	16	0	\N	\N	60	2026-05-05 08:21:03.04+00	2026-05-05 08:21:03.04+00
32229283-e29b-4c4c-bf3e-35a91e073aeb	444017d5-e022-4c5f-ac07-ea0d51f4609b	281fde73-7836-4511-b644-91f3663d8fcd	10.0.1.2	Aruba Controller - Conference	f	0	7	0	\N	\N	60	2026-05-05 08:21:03.042+00	2026-05-05 08:21:03.042+00
0fde9509-c032-4f4b-b0c7-14c983f70d25	444017d5-e022-4c5f-ac07-ea0d51f4609b	281fde73-7836-4511-b644-91f3663d8fcd	127.0.0.1	Cryptsk Gateway (Multimode)	t	0	0	0	0	2026-05-05 08:22:03.018+00	60	2026-05-05 08:22:03.019+00	2026-05-05 08:22:03.019+00
56b55919-71ef-4253-8148-549f6ae14d67	444017d5-e022-4c5f-ac07-ea0d51f4609b	281fde73-7836-4511-b644-91f3663d8fcd	10.0.1.1	MikroTik Router - Main	f	0	16	0	\N	\N	60	2026-05-05 08:22:03.021+00	2026-05-05 08:22:03.021+00
28fb645a-a2b4-4541-837a-adc13427e72c	444017d5-e022-4c5f-ac07-ea0d51f4609b	281fde73-7836-4511-b644-91f3663d8fcd	10.0.1.2	Aruba Controller - Conference	f	0	7	0	\N	\N	60	2026-05-05 08:22:03.022+00	2026-05-05 08:22:03.022+00
6ca7fad5-ce70-49f8-99da-aefed676c4f6	444017d5-e022-4c5f-ac07-ea0d51f4609b	281fde73-7836-4511-b644-91f3663d8fcd	127.0.0.1	Cryptsk Gateway (Multimode)	t	0	0	0	0	2026-05-05 08:23:03.038+00	60	2026-05-05 08:23:03.039+00	2026-05-05 08:23:03.039+00
be26f7b2-1321-408a-9497-869cd682c576	444017d5-e022-4c5f-ac07-ea0d51f4609b	281fde73-7836-4511-b644-91f3663d8fcd	10.0.1.1	MikroTik Router - Main	f	0	16	0	\N	\N	60	2026-05-05 08:23:03.045+00	2026-05-05 08:23:03.045+00
72652832-e5de-4c62-af6f-e6cd8c2a4aa6	444017d5-e022-4c5f-ac07-ea0d51f4609b	281fde73-7836-4511-b644-91f3663d8fcd	10.0.1.2	Aruba Controller - Conference	f	0	7	0	\N	\N	60	2026-05-05 08:23:03.046+00	2026-05-05 08:23:03.046+00
d7236d31-b046-468e-a691-01c10e1ae3a4	444017d5-e022-4c5f-ac07-ea0d51f4609b	281fde73-7836-4511-b644-91f3663d8fcd	127.0.0.1	Cryptsk Gateway (Multimode)	t	0	0	0	0	2026-05-05 08:24:03.149+00	60	2026-05-05 08:24:03.151+00	2026-05-05 08:24:03.151+00
f75211da-9c47-4111-8030-2a4c73e21bad	444017d5-e022-4c5f-ac07-ea0d51f4609b	281fde73-7836-4511-b644-91f3663d8fcd	10.0.1.1	MikroTik Router - Main	f	0	16	0	\N	\N	60	2026-05-05 08:24:03.153+00	2026-05-05 08:24:03.153+00
b5d29556-cccf-492e-b51d-24c8d1a548d7	444017d5-e022-4c5f-ac07-ea0d51f4609b	281fde73-7836-4511-b644-91f3663d8fcd	10.0.1.2	Aruba Controller - Conference	f	0	7	0	\N	\N	60	2026-05-05 08:24:03.155+00	2026-05-05 08:24:03.155+00
6cbd279f-08b9-4276-8918-ecc525082ae8	444017d5-e022-4c5f-ac07-ea0d51f4609b	281fde73-7836-4511-b644-91f3663d8fcd	127.0.0.1	Cryptsk Gateway (Multimode)	t	0	0	0	0	2026-05-05 08:25:03.026+00	60	2026-05-05 08:25:03.027+00	2026-05-05 08:25:03.027+00
83181b43-c335-4103-a255-7b451ff389a9	444017d5-e022-4c5f-ac07-ea0d51f4609b	281fde73-7836-4511-b644-91f3663d8fcd	10.0.1.1	MikroTik Router - Main	f	0	16	0	\N	\N	60	2026-05-05 08:25:03.029+00	2026-05-05 08:25:03.029+00
fe74b3d3-3848-4968-b5d0-7c27f5b114bc	444017d5-e022-4c5f-ac07-ea0d51f4609b	281fde73-7836-4511-b644-91f3663d8fcd	10.0.1.2	Aruba Controller - Conference	f	0	7	0	\N	\N	60	2026-05-05 08:25:03.03+00	2026-05-05 08:25:03.03+00
b034cd07-c831-48dc-9086-867079c72ad2	444017d5-e022-4c5f-ac07-ea0d51f4609b	281fde73-7836-4511-b644-91f3663d8fcd	127.0.0.1	Cryptsk Gateway (Multimode)	t	0	0	0	0	2026-05-05 08:26:03.021+00	60	2026-05-05 08:26:03.022+00	2026-05-05 08:26:03.022+00
8139bf90-6b2f-4cd5-8880-d4fa6cbc210b	444017d5-e022-4c5f-ac07-ea0d51f4609b	281fde73-7836-4511-b644-91f3663d8fcd	10.0.1.1	MikroTik Router - Main	f	0	16	0	\N	\N	60	2026-05-05 08:26:03.025+00	2026-05-05 08:26:03.025+00
b50638b9-ec6a-4cfe-836f-d6afacfb0996	444017d5-e022-4c5f-ac07-ea0d51f4609b	281fde73-7836-4511-b644-91f3663d8fcd	10.0.1.2	Aruba Controller - Conference	f	0	7	0	\N	\N	60	2026-05-05 08:26:03.026+00	2026-05-05 08:26:03.026+00
888d6f8e-fab7-49ff-b4d9-acd1d948b4c5	444017d5-e022-4c5f-ac07-ea0d51f4609b	281fde73-7836-4511-b644-91f3663d8fcd	127.0.0.1	Cryptsk Gateway (Multimode)	t	0	0	0	0	2026-05-05 08:27:03.019+00	60	2026-05-05 08:27:03.02+00	2026-05-05 08:27:03.02+00
b9f26652-fe7e-48cc-ab52-5cfc4ea4a630	444017d5-e022-4c5f-ac07-ea0d51f4609b	281fde73-7836-4511-b644-91f3663d8fcd	10.0.1.1	MikroTik Router - Main	f	0	16	0	\N	\N	60	2026-05-05 08:27:03.022+00	2026-05-05 08:27:03.022+00
3a45a4dd-8444-4777-b9cb-4ddf728fc3e1	444017d5-e022-4c5f-ac07-ea0d51f4609b	281fde73-7836-4511-b644-91f3663d8fcd	10.0.1.2	Aruba Controller - Conference	f	0	7	0	\N	\N	60	2026-05-05 08:27:03.023+00	2026-05-05 08:27:03.023+00
789a25ef-9808-444d-a242-2e97d41d3404	444017d5-e022-4c5f-ac07-ea0d51f4609b	281fde73-7836-4511-b644-91f3663d8fcd	127.0.0.1	Cryptsk Gateway (Multimode)	t	0	0	0	0	2026-05-05 08:28:03.021+00	60	2026-05-05 08:28:03.022+00	2026-05-05 08:28:03.022+00
689d131c-386a-4d23-8020-406d2f505ded	444017d5-e022-4c5f-ac07-ea0d51f4609b	281fde73-7836-4511-b644-91f3663d8fcd	10.0.1.1	MikroTik Router - Main	f	0	16	0	\N	\N	60	2026-05-05 08:28:03.04+00	2026-05-05 08:28:03.04+00
26a521a1-1b6a-4f2e-8fc0-a85843963cfb	444017d5-e022-4c5f-ac07-ea0d51f4609b	281fde73-7836-4511-b644-91f3663d8fcd	10.0.1.2	Aruba Controller - Conference	f	0	7	0	\N	\N	60	2026-05-05 08:28:03.041+00	2026-05-05 08:28:03.041+00
2a0f0ffb-c37a-49eb-8617-30e123cc8fc3	444017d5-e022-4c5f-ac07-ea0d51f4609b	281fde73-7836-4511-b644-91f3663d8fcd	127.0.0.1	Cryptsk Gateway (Multimode)	t	0	0	0	0	2026-05-05 08:29:03.144+00	60	2026-05-05 08:29:03.145+00	2026-05-05 08:29:03.145+00
a614e8dd-781d-4075-be5d-3717101f0503	444017d5-e022-4c5f-ac07-ea0d51f4609b	281fde73-7836-4511-b644-91f3663d8fcd	10.0.1.1	MikroTik Router - Main	f	0	16	0	\N	\N	60	2026-05-05 08:29:03.151+00	2026-05-05 08:29:03.151+00
799f6b84-b5d8-4cb7-9ba0-1f3560d904bd	444017d5-e022-4c5f-ac07-ea0d51f4609b	281fde73-7836-4511-b644-91f3663d8fcd	10.0.1.2	Aruba Controller - Conference	f	0	7	0	\N	\N	60	2026-05-05 08:29:03.153+00	2026-05-05 08:29:03.153+00
7fba6d7d-1b42-4cf9-8180-169f34810f5d	444017d5-e022-4c5f-ac07-ea0d51f4609b	281fde73-7836-4511-b644-91f3663d8fcd	127.0.0.1	Cryptsk Gateway (Multimode)	t	0	0	0	0	2026-05-05 08:30:03.023+00	60	2026-05-05 08:30:03.024+00	2026-05-05 08:30:03.024+00
1219556d-501a-41f9-9de0-4465fd5c48f8	444017d5-e022-4c5f-ac07-ea0d51f4609b	281fde73-7836-4511-b644-91f3663d8fcd	10.0.1.1	MikroTik Router - Main	f	0	16	0	\N	\N	60	2026-05-05 08:30:03.026+00	2026-05-05 08:30:03.026+00
f4b573a7-a86e-43c3-ab8d-b4f196f45537	444017d5-e022-4c5f-ac07-ea0d51f4609b	281fde73-7836-4511-b644-91f3663d8fcd	10.0.1.2	Aruba Controller - Conference	f	0	7	0	\N	\N	60	2026-05-05 08:30:03.027+00	2026-05-05 08:30:03.027+00
11ea96b7-f2a7-4efb-8ed5-e8af76a1bf92	444017d5-e022-4c5f-ac07-ea0d51f4609b	281fde73-7836-4511-b644-91f3663d8fcd	127.0.0.1	Cryptsk Gateway (Multimode)	t	0	0	0	0	2026-05-05 08:31:03.02+00	60	2026-05-05 08:31:03.022+00	2026-05-05 08:31:03.022+00
faaa7309-85da-4fcd-9691-490ceb5ba1c5	444017d5-e022-4c5f-ac07-ea0d51f4609b	281fde73-7836-4511-b644-91f3663d8fcd	10.0.1.1	MikroTik Router - Main	f	0	16	0	\N	\N	60	2026-05-05 08:31:03.024+00	2026-05-05 08:31:03.024+00
3d8af763-6f2e-4a0b-8090-442bb5925a0b	444017d5-e022-4c5f-ac07-ea0d51f4609b	281fde73-7836-4511-b644-91f3663d8fcd	10.0.1.2	Aruba Controller - Conference	f	0	7	0	\N	\N	60	2026-05-05 08:31:03.025+00	2026-05-05 08:31:03.025+00
18527cac-3fff-4942-94e1-e4a85aa56d84	444017d5-e022-4c5f-ac07-ea0d51f4609b	281fde73-7836-4511-b644-91f3663d8fcd	127.0.0.1	Cryptsk Gateway (Multimode)	t	0	0	0	0	2026-05-05 08:32:03.02+00	60	2026-05-05 08:32:03.022+00	2026-05-05 08:32:03.022+00
74a6c04e-ae43-48f8-ac9b-f0f612ae011d	444017d5-e022-4c5f-ac07-ea0d51f4609b	281fde73-7836-4511-b644-91f3663d8fcd	10.0.1.1	MikroTik Router - Main	f	0	16	0	\N	\N	60	2026-05-05 08:32:03.028+00	2026-05-05 08:32:03.028+00
93debb80-a89f-4d8c-870c-a93427051a4e	444017d5-e022-4c5f-ac07-ea0d51f4609b	281fde73-7836-4511-b644-91f3663d8fcd	10.0.1.2	Aruba Controller - Conference	f	0	7	0	\N	\N	60	2026-05-05 08:32:03.029+00	2026-05-05 08:32:03.029+00
9143e2b7-85d1-4ab0-998a-3ebcbb0584c9	444017d5-e022-4c5f-ac07-ea0d51f4609b	281fde73-7836-4511-b644-91f3663d8fcd	127.0.0.1	Cryptsk Gateway (Multimode)	t	0	0	0	0	2026-05-05 08:33:03.017+00	60	2026-05-05 08:33:03.019+00	2026-05-05 08:33:03.019+00
43b5eab7-f013-4d4c-97c4-54112fa93280	444017d5-e022-4c5f-ac07-ea0d51f4609b	281fde73-7836-4511-b644-91f3663d8fcd	10.0.1.1	MikroTik Router - Main	f	0	16	0	\N	\N	60	2026-05-05 08:33:03.02+00	2026-05-05 08:33:03.02+00
8d548b4b-6f1c-42f6-9de0-bf32956c93f1	444017d5-e022-4c5f-ac07-ea0d51f4609b	281fde73-7836-4511-b644-91f3663d8fcd	10.0.1.2	Aruba Controller - Conference	f	0	7	0	\N	\N	60	2026-05-05 08:33:03.021+00	2026-05-05 08:33:03.021+00
4b91cb57-29fc-44c4-a6ca-2194707ff929	444017d5-e022-4c5f-ac07-ea0d51f4609b	281fde73-7836-4511-b644-91f3663d8fcd	127.0.0.1	Cryptsk Gateway (Multimode)	t	0	0	0	0	2026-05-05 08:34:03.02+00	60	2026-05-05 08:34:03.021+00	2026-05-05 08:34:03.021+00
017bdc24-9302-4560-add9-dcae95f24b07	444017d5-e022-4c5f-ac07-ea0d51f4609b	281fde73-7836-4511-b644-91f3663d8fcd	10.0.1.1	MikroTik Router - Main	f	0	16	0	\N	\N	60	2026-05-05 08:34:03.039+00	2026-05-05 08:34:03.039+00
ee2d0a46-4fb6-4cec-8d0c-3c998da97aa6	444017d5-e022-4c5f-ac07-ea0d51f4609b	281fde73-7836-4511-b644-91f3663d8fcd	10.0.1.2	Aruba Controller - Conference	f	0	7	0	\N	\N	60	2026-05-05 08:34:03.04+00	2026-05-05 08:34:03.04+00
\.


--
-- TOC entry 8104 (class 0 OID 18095)
-- Dependencies: 345
-- Data for Name: NatLog; Type: TABLE DATA; Schema: public; Owner: -
--

COPY public."NatLog" (id, "tenantId", "propertyId", "timestamp", "sourceIp", "sourcePort", "destIp", "destPort", protocol, "destDomain", action, bytes, "sessionId") FROM stdin;
a2962fd3-b5be-49b8-9c4d-714aa7d580ce	444017d5-e022-4c5f-ac07-ea0d51f4609b	281fde73-7836-4511-b644-91f3663d8fcd	2026-05-05 06:16:37.838+00	192.168.10.105	54321	142.250.80.46	443	tcp	www.google.com	allow	524288	92c52d60-8e07-4377-9d8c-ef37fe244f5f
c2df40b7-b124-4e7f-82d5-a37a2d2372c8	444017d5-e022-4c5f-ac07-ea0d51f4609b	281fde73-7836-4511-b644-91f3663d8fcd	2026-05-05 04:16:37.838+00	192.168.10.110	54322	13.107.42.14	443	tcp	api.microsoft.com	allow	1048576	810d4c97-bf14-4460-8536-6a3d44b6d07b
021ddd5f-e24d-4bf1-8176-7b0df9da5658	444017d5-e022-4c5f-ac07-ea0d51f4609b	281fde73-7836-4511-b644-91f3663d8fcd	2026-05-05 02:16:37.838+00	192.168.10.140	54323	45.33.32.156	443	tcp	suspicious-domain.xyz	deny	0	91c10ef8-1922-47f3-8e74-8548675b4523
\.


--
-- TOC entry 8105 (class 0 OID 18105)
-- Dependencies: 346
-- Data for Name: NetworkConfigBackup; Type: TABLE DATA; Schema: public; Owner: -
--

COPY public."NetworkConfigBackup" (id, "tenantId", "propertyId", name, "configData", version, "autoBackup", "createdAt") FROM stdin;
3ba1bb3c-13fa-41eb-a923-4744496748fc	444017d5-e022-4c5f-ac07-ea0d51f4609b	281fde73-7836-4511-b644-91f3663d8fcd	Weekly Auto-Backup	{"interfaces":{"eth0":{"type":"wan","ip":"dhcp"},"eth1":{"type":"lan","ip":"192.168.1.1/24"}},"vlans":{"10":"Guest","20":"Staff","30":"POS","40":"IoT","50":"Management"},"dhcp":{"guest":"192.168.10.0/24","staff":"192.168.20.0/24"},"firewall":{"defaultPolicy":"drop","rules":6}}	12	t	2026-05-04 08:16:37.838+00
dc4e1669-c505-4fa1-94f9-f725a3c5c174	444017d5-e022-4c5f-ac07-ea0d51f4609b	281fde73-7836-4511-b644-91f3663d8fcd	Manual Pre-Maintenance Backup	{"interfaces":{"eth0":{"type":"wan","ip":"dhcp"},"eth1":{"type":"lan","ip":"192.168.1.1/24"}},"vlans":{"10":"Guest","20":"Staff","30":"POS","40":"IoT","50":"Management"},"note":"Pre-maintenance snapshot before firmware upgrade"}	11	f	2026-04-30 08:16:37.838+00
\.


--
-- TOC entry 8106 (class 0 OID 18115)
-- Dependencies: 347
-- Data for Name: NetworkInterface; Type: TABLE DATA; Schema: public; Owner: -
--

COPY public."NetworkInterface" (id, "tenantId", "propertyId", name, type, "hwAddress", mtu, speed, status, carrier, "isManagement", description, "createdAt", "updatedAt") FROM stdin;
b13cfcc5-4e94-4245-8a5f-082eac4a7b01	444017d5-e022-4c5f-ac07-ea0d51f4609b	281fde73-7836-4511-b644-91f3663d8fcd	eth0	ethernet	00:1A:2B:3C:4D:01	1500	1000M	up	t	f	Primary WAN uplink - ISP Airtel Fibre	2026-05-05 08:16:37.873+00	2026-05-05 08:16:37.873+00
2983fc24-d37b-447e-b86c-0a57bc781a10	444017d5-e022-4c5f-ac07-ea0d51f4609b	281fde73-7836-4511-b644-91f3663d8fcd	eth1	ethernet	00:1A:2B:3C:4D:02	1500	1000M	up	t	f	Primary LAN - Connected to main switch	2026-05-05 08:16:37.873+00	2026-05-05 08:16:37.873+00
38916a92-3d6b-49e6-b489-de5098c2e733	444017d5-e022-4c5f-ac07-ea0d51f4609b	281fde73-7836-4511-b644-91f3663d8fcd	br0	bridge	00:1A:2B:3C:4D:03	1500	1000M	up	t	f	Main bridge - LAN + Guest	2026-05-05 08:16:37.873+00	2026-05-05 08:16:37.873+00
46bab1f7-75ec-4e86-9155-d152a3a2e71f	444017d5-e022-4c5f-ac07-ea0d51f4609b	281fde73-7836-4511-b644-91f3663d8fcd	bond0	bond	00:1A:2B:3C:4D:04	1500	2000M	up	t	f	LACP bond of eth0 + backup WAN	2026-05-05 08:16:37.873+00	2026-05-05 08:16:37.873+00
4b7b3303-c060-4e69-b20d-4fa6ebca6fab	444017d5-e022-4c5f-ac07-ea0d51f4609b	281fde73-7836-4511-b644-91f3663d8fcd	wlan0	wireless	00:1A:2B:3C:4D:05	1500	867M	up	t	f	WiFi radio - 5GHz	2026-05-05 08:16:37.873+00	2026-05-05 08:16:37.873+00
45817e65-6245-490f-835a-0b88269549fd	444017d5-e022-4c5f-ac07-ea0d51f4609b	281fde73-7836-4511-b644-91f3663d8fcd	eth2	ethernet	00:1A:2B:3C:4D:06	1500	1000M	down	f	f	Backup WAN - Jio Fibre (standby)	2026-05-05 08:16:37.873+00	2026-05-05 08:16:37.873+00
\.


--
-- TOC entry 8107 (class 0 OID 18128)
-- Dependencies: 348
-- Data for Name: Notification; Type: TABLE DATA; Schema: public; Owner: -
--

COPY public."Notification" (id, "tenantId", "userId", type, category, title, message, data, link, icon, image, priority, "readAt", "dismissedAt", "actionType", "actionData", "expiresAt", "createdAt", "updatedAt") FROM stdin;
77e543a3-df14-41f0-9c80-0fb2361e8aab	444017d5-e022-4c5f-ac07-ea0d51f4609b	b763e2df-7bf1-4de8-94f8-97a1f1e7a0ec	booking_alert	warning	New Booking Request	Guest Pooja Saha has submitted a booking request for Standard Room 101 (RS-2024-005).	{"bookingId":"ba31a39a-e127-49d8-b18d-29088b49ac6d","guestId":"79877c7c-f915-4922-94a0-5d83df9e1d09"}	/bookings/booking-5	\N	\N	normal	2026-04-29 08:16:37.938+00	\N	\N	\N	\N	2026-05-05 08:16:37.939+00	2026-05-05 08:16:37.939+00
80f86646-d26a-4d2f-87e0-10a24c79d715	444017d5-e022-4c5f-ac07-ea0d51f4609b	b763e2df-7bf1-4de8-94f8-97a1f1e7a0ec	housekeeping	info	Inspection Failed - Room 102	Room 102 inspection failed with a score of 78. 3 items need attention including mirror stains and AC noise.	{"inspectionId":"ir-2","roomId":"099d3527-9c08-4060-8813-fea8ca1553c7","score":78}	/housekeeping/inspections/ir-2	\N	\N	high	\N	\N	\N	\N	\N	2026-05-05 08:16:37.939+00	2026-05-05 08:16:37.939+00
75ec0ab9-5c43-469a-8977-53e4636eaaca	444017d5-e022-4c5f-ac07-ea0d51f4609b	b763e2df-7bf1-4de8-94f8-97a1f1e7a0ec	system	success	Database Backup Complete	Daily automated database backup completed successfully. Backup size: 2.4 GB.	{"backupId":"bak-daily-001","size":"2.4GB"}	\N	\N	\N	low	2026-05-04 20:16:37.938+00	\N	\N	\N	\N	2026-05-05 08:16:37.939+00	2026-05-05 08:16:37.939+00
96494eb0-dbaf-4b57-8c0f-11f02b462cc3	444017d5-e022-4c5f-ac07-ea0d51f4609b	b763e2df-7bf1-4de8-94f8-97a1f1e7a0ec	payment	success	Payment Received	Payment of INR 17,990 received from Amit Mukherjee for booking RS-2024-001.	{"paymentId":"c5c45224-4b94-4684-b5e5-7ae81c90d63d","bookingId":"b544cc77-46a6-4e53-921e-50db663eb482","amount":17990}	/billing/payments/pay-1	\N	\N	normal	\N	\N	\N	\N	\N	2026-05-05 08:16:37.939+00	2026-05-05 08:16:37.939+00
6e095361-4514-4268-acc5-43867745490c	444017d5-e022-4c5f-ac07-ea0d51f4609b	b763e2df-7bf1-4de8-94f8-97a1f1e7a0ec	crm	info	VIP Guest Arriving Today	Platinum-tier guest Rahul Banerjee (guest-3) is checking in today for booking RS-2024-002. Executive Suite 801.	{"guestId":"0dae0b8b-173a-4819-8a5e-7ff3be5c81d5","bookingId":"9b7a9397-91d2-4f9c-baf4-71123765747b","loyaltyTier":"platinum"}	/guests/guest-3	\N	\N	high	2026-05-04 08:16:37.938+00	\N	\N	\N	\N	2026-05-05 08:16:37.939+00	2026-05-05 08:16:37.939+00
\.


--
-- TOC entry 8108 (class 0 OID 18138)
-- Dependencies: 349
-- Data for Name: NotificationLog; Type: TABLE DATA; Schema: public; Owner: -
--

COPY public."NotificationLog" (id, "tenantId", "templateId", "recipientType", "recipientId", "recipientEmail", "recipientPhone", channel, subject, body, status, "errorMessage", "externalId", "retryCount", "sentAt", "deliveredAt", "createdAt") FROM stdin;
\.


--
-- TOC entry 8109 (class 0 OID 18148)
-- Dependencies: 350
-- Data for Name: NotificationPreference; Type: TABLE DATA; Schema: public; Owner: -
--

COPY public."NotificationPreference" (id, "tenantId", "userId", category, "emailEnabled", "smsEnabled", "pushEnabled", "inAppEnabled", "quietHoursStart", "quietHoursEnd", "quietHoursEnabled", "createdAt", "updatedAt") FROM stdin;
40cbb3f8-bd09-4606-b9b1-f5b64af81f0b	444017d5-e022-4c5f-ac07-ea0d51f4609b	b763e2df-7bf1-4de8-94f8-97a1f1e7a0ec	booking	t	t	t	t	23:00	07:00	t	2026-05-05 08:16:37.73+00	2026-05-05 08:16:37.73+00
3a193444-a817-412c-a747-da80861fd8b4	444017d5-e022-4c5f-ac07-ea0d51f4609b	b763e2df-7bf1-4de8-94f8-97a1f1e7a0ec	payment	t	f	t	t	23:00	07:00	t	2026-05-05 08:16:37.73+00	2026-05-05 08:16:37.73+00
163f8bc4-0a8c-4836-b243-f4c191dcee76	444017d5-e022-4c5f-ac07-ea0d51f4609b	b763e2df-7bf1-4de8-94f8-97a1f1e7a0ec	housekeeping	f	f	t	t	23:00	07:00	f	2026-05-05 08:16:37.73+00	2026-05-05 08:16:37.73+00
05a9bd27-2296-482c-853c-4130c83bef83	444017d5-e022-4c5f-ac07-ea0d51f4609b	b763e2df-7bf1-4de8-94f8-97a1f1e7a0ec	system	t	f	t	t	23:00	07:00	t	2026-05-05 08:16:37.73+00	2026-05-05 08:16:37.73+00
90384484-a472-4110-9bb5-aa6749d1cd3f	444017d5-e022-4c5f-ac07-ea0d51f4609b	cc3b3483-ad7a-452a-b623-5465962c9678	booking	t	t	t	t	22:00	08:00	t	2026-05-05 08:16:37.73+00	2026-05-05 08:16:37.73+00
f72c50aa-bc83-4a43-95cf-36edb630c7ed	444017d5-e022-4c5f-ac07-ea0d51f4609b	cc3b3483-ad7a-452a-b623-5465962c9678	housekeeping	f	t	t	t	22:00	08:00	f	2026-05-05 08:16:37.73+00	2026-05-05 08:16:37.73+00
1126b276-8530-44df-9fe2-4faf044b0559	444017d5-e022-4c5f-ac07-ea0d51f4609b	195d4b15-e4ba-4554-affa-01c53a43f883	maintenance	f	t	t	t	22:00	08:00	f	2026-05-05 08:16:37.73+00	2026-05-05 08:16:37.73+00
\.


--
-- TOC entry 8110 (class 0 OID 18163)
-- Dependencies: 351
-- Data for Name: NotificationTemplate; Type: TABLE DATA; Schema: public; Owner: -
--

COPY public."NotificationTemplate" (id, "tenantId", name, type, "triggerEvent", subject, body, variables, "isActive", "createdAt", "updatedAt") FROM stdin;
cd0a7be1-97cc-4a06-9471-3e84e3b5ec34	444017d5-e022-4c5f-ac07-ea0d51f4609b	Booking Confirmation	email	booking_confirmed	Your Booking is Confirmed — {{confirmationCode}}	<!DOCTYPE html><html><body><div style="font-family:Arial,sans-serif;max-width:600px;margin:0 auto;padding:20px"><h1 style="color:#1a365d">Booking Confirmed</h1><p>Dear {{guestName}},</p><p>Your booking <strong>{{confirmationCode}}</strong> has been confirmed.</p><p><strong>Check-in:</strong> {{checkIn}}<br><strong>Check-out:</strong> {{checkOut}}<br><strong>Room:</strong> {{roomName}}<br><strong>Total:</strong> {{totalAmount}}</p><p>We look forward to welcoming you!</p><p>Best regards,<br>{{propertyName}}</p></div></body></html>	["confirmationCode","guestName","checkIn","checkOut","roomName","totalAmount","propertyName"]	t	2026-05-05 08:16:37.95+00	2026-05-05 08:16:37.95+00
ab386171-4331-479b-bde8-b2994351c70a	444017d5-e022-4c5f-ac07-ea0d51f4609b	Check-in Reminder	email	checkin_reminder	Your Check-in is Tomorrow — {{confirmationCode}}	<!DOCTYPE html><html><body><div style="font-family:Arial,sans-serif;max-width:600px;margin:0 auto;padding:20px"><h1 style="color:#2d7d46">See You Tomorrow!</h1><p>Dear {{guestName}},</p><p>This is a friendly reminder that your check-in is tomorrow.</p><p><strong>Property:</strong> {{propertyName}}<br><strong>Address:</strong> {{propertyAddress}}<br><strong>Check-in Time:</strong> {{checkInTime}}</p><p>Please remember to bring a valid photo ID.</p><p>We can't wait to host you!</p></div></body></html>	["confirmationCode","guestName","propertyName","propertyAddress","checkInTime"]	t	2026-05-05 08:16:37.95+00	2026-05-05 08:16:37.95+00
468d6729-ca1b-4d75-838e-efa96b5d6897	444017d5-e022-4c5f-ac07-ea0d51f4609b	Check-out Thank You	email	checkout_completed	Thank You for Staying With Us!	<!DOCTYPE html><html><body><div style="font-family:Arial,sans-serif;max-width:600px;margin:0 auto;padding:20px"><h1 style="color:#1a365d">Thank You, {{guestName}}!</h1><p>We hope you enjoyed your stay at <strong>{{propertyName}}</strong>.</p><p>Your check-out is complete. Booking reference: <strong>{{confirmationCode}}</strong>.</p><p>We would love to hear about your experience. If you have a moment, please leave us a review!</p><p>Safe travels and we hope to see you again soon.</p></div></body></html>	["guestName","propertyName","confirmationCode"]	t	2026-05-05 08:16:37.95+00	2026-05-05 08:16:37.95+00
b052ebe6-20ca-4030-abd4-b1082bd772db	444017d5-e022-4c5f-ac07-ea0d51f4609b	Review Request	email	review_request	How Was Your Stay? We'd Love Your Feedback	<!DOCTYPE html><html><body><div style="font-family:Arial,sans-serif;max-width:600px;margin:0 auto;padding:20px"><h1 style="color:#c05621">Share Your Experience</h1><p>Dear {{guestName}},</p><p>You recently stayed at <strong>{{propertyName}}</strong>. We'd love to hear about your experience!</p><p>Your feedback helps us improve and assists other guests in making informed decisions.</p><div style="text-align:center;margin:30px 0"><a href="{{reviewLink}}" style="background-color:#2d7d46;color:white;padding:12px 24px;text-decoration:none;border-radius:6px;font-size:16px">Leave a Review</a></div><p>It only takes a minute and means the world to us.</p><p>Warm regards,<br>{{propertyName}} Team</p></div></body></html>	["guestName","propertyName","reviewLink"]	t	2026-05-05 08:16:37.95+00	2026-05-05 08:16:37.95+00
bdc1e619-ba1f-4946-a65b-e622c50dd839	444017d5-e022-4c5f-ac07-ea0d51f4609b	Password Reset	email	password_reset	Reset Your Password — {{appName}}	<!DOCTYPE html><html><body><div style="font-family:Arial,sans-serif;max-width:600px;margin:0 auto;padding:20px"><h1 style="color:#c53030">Password Reset Request</h1><p>Hello,</p><p>We received a request to reset your password. Click the button below to set a new password:</p><div style="text-align:center;margin:30px 0"><a href="{{resetLink}}" style="background-color:#c53030;color:white;padding:12px 24px;text-decoration:none;border-radius:6px;font-size:16px">Reset Password</a></div><p>This link will expire in 30 minutes. If you didn't request this, please ignore this email.</p><p>Stay safe,<br>{{appName}} Security Team</p></div></body></html>	["appName","resetLink"]	t	2026-05-05 08:16:37.95+00	2026-05-05 08:16:37.95+00
\.


--
-- TOC entry 8111 (class 0 OID 18173)
-- Dependencies: 352
-- Data for Name: Order; Type: TABLE DATA; Schema: public; Owner: -
--

COPY public."Order" (id, "tenantId", "propertyId", "tableId", "orderNumber", "guestId", "bookingId", "guestName", "orderType", subtotal, taxes, discount, "totalAmount", currency, status, "kitchenStatus", "kitchenStartedAt", "kitchenCompletedAt", "folioId", "addToFolio", "roomNumber", "orderCategory", priority, "estimatedDelivery", notes, "specialInstructions", "confirmedAt", "completedAt", "cancelledAt", "cancelledReason", "createdAt", "updatedAt") FROM stdin;
4c8d31dd-fc90-4b73-9921-372ad70f2f24	444017d5-e022-4c5f-ac07-ea0d51f4609b	281fde73-7836-4511-b644-91f3663d8fcd	340cae62-3f58-4acf-a8c5-8e3b111f8feb	ORD-001	\N	\N	\N	dine_in	740	133	0	873	USD	preparing	cooking	2026-05-05 08:06:37.616+00	\N	\N	f	\N	\N	normal	\N	\N	\N	\N	\N	\N	\N	2026-05-05 08:01:37.616+00	2026-05-05 08:16:37.617+00
4ad05f63-6574-49f1-9626-7ffa1e61b615	444017d5-e022-4c5f-ac07-ea0d51f4609b	281fde73-7836-4511-b644-91f3663d8fcd	06ef7100-84ef-45fe-89e2-88b940733a4e	ORD-002	\N	\N	Amit Mukherjee	dine_in	1220	220	0	1440	USD	pending	pending	\N	\N	\N	f	\N	\N	normal	\N	\N	\N	\N	\N	\N	\N	2026-05-05 08:11:37.616+00	2026-05-05 08:16:37.617+00
9a5098d9-dd64-4e46-8b5f-dec93dc43224	444017d5-e022-4c5f-ac07-ea0d51f4609b	281fde73-7836-4511-b644-91f3663d8fcd	\N	ORD-003	c5e15b10-5464-4323-87b6-41d1eb95c39a	\N	Sneha Gupta	room_service	600	108	0	708	USD	ready	ready	2026-05-05 07:51:37.616+00	2026-05-05 08:11:37.616+00	\N	f	\N	\N	normal	\N	\N	\N	\N	\N	\N	\N	2026-05-05 07:46:37.616+00	2026-05-05 08:16:37.617+00
816b0dc5-3286-41c9-b5b1-9bd96c808497	444017d5-e022-4c5f-ac07-ea0d51f4609b	281fde73-7836-4511-b644-91f3663d8fcd	\N	ORD-004	\N	\N	Walk-in Guest	takeout	380	68	0	448	USD	served	ready	\N	\N	\N	f	\N	\N	normal	\N	\N	\N	\N	2026-05-05 07:31:37.616+00	\N	\N	2026-05-05 07:16:37.616+00	2026-05-05 08:16:37.617+00
\.


--
-- TOC entry 8112 (class 0 OID 18191)
-- Dependencies: 353
-- Data for Name: OrderCategory; Type: TABLE DATA; Schema: public; Owner: -
--

COPY public."OrderCategory" (id, "propertyId", name, description, "imageUrl", "sortOrder", status, "createdAt", "updatedAt") FROM stdin;
8f676c43-1d6b-44e2-9197-8ae4d926c1ce	281fde73-7836-4511-b644-91f3663d8fcd	Starters	Appetizers and starters	\N	1	active	2026-05-05 08:16:37.61+00	2026-05-05 08:16:37.61+00
785564c2-f610-40e8-9f84-d4fe178521e9	281fde73-7836-4511-b644-91f3663d8fcd	Main Course	Main dishes	\N	2	active	2026-05-05 08:16:37.61+00	2026-05-05 08:16:37.61+00
fd5f9183-4a48-4327-812d-61e522c99248	281fde73-7836-4511-b644-91f3663d8fcd	Desserts	Sweet treats	\N	3	active	2026-05-05 08:16:37.61+00	2026-05-05 08:16:37.61+00
34af807c-8252-4486-bf03-d47bb55e6308	281fde73-7836-4511-b644-91f3663d8fcd	Beverages	Drinks and refreshments	\N	4	active	2026-05-05 08:16:37.61+00	2026-05-05 08:16:37.61+00
6e97edc9-d4a2-4638-bdd7-4a11a1452f0f	281fde73-7836-4511-b644-91f3663d8fcd	Indian Specials	Authentic Indian cuisine	\N	5	active	2026-05-05 08:16:37.61+00	2026-05-05 08:16:37.61+00
\.


--
-- TOC entry 8237 (class 0 OID 19701)
-- Dependencies: 478
-- Data for Name: OrderDiscount; Type: TABLE DATA; Schema: public; Owner: -
--

COPY public."OrderDiscount" (id, "tenantId", "orderId", type, value, reason, "couponCode", "authorizedBy", "createdAt") FROM stdin;
\.


--
-- TOC entry 8113 (class 0 OID 18201)
-- Dependencies: 354
-- Data for Name: OrderItem; Type: TABLE DATA; Schema: public; Owner: -
--

COPY public."OrderItem" (id, "orderId", "menuItemId", quantity, "unitPrice", "totalAmount", notes, options, status, "createdAt", "updatedAt") FROM stdin;
cfd26ed1-f225-449d-bc44-857fd529e716	4c8d31dd-fc90-4b73-9921-372ad70f2f24	2c5ec47d-89f9-4af5-ad66-e38623f1c640	1	420	420	\N	\N	preparing	2026-05-05 08:16:37.619+00	2026-05-05 08:16:37.619+00
c08e1968-7418-41d5-b5c4-9d57480de59f	4c8d31dd-fc90-4b73-9921-372ad70f2f24	372484a4-0938-4a84-be50-771691bdebb3	2	60	120	\N	\N	preparing	2026-05-05 08:16:37.619+00	2026-05-05 08:16:37.619+00
0e8569f4-d6a0-4526-ad87-5de92a0072ed	4c8d31dd-fc90-4b73-9921-372ad70f2f24	c81ea5bf-6898-4de0-b0e9-a1d15fb45288	1	120	120	\N	\N	preparing	2026-05-05 08:16:37.619+00	2026-05-05 08:16:37.619+00
8f3b2342-7c0f-4ad5-9562-37ed73fe6c62	4ad05f63-6574-49f1-9626-7ffa1e61b615	fed2034a-758b-4850-804c-1e2458706529	1	480	480	\N	\N	pending	2026-05-05 08:16:37.619+00	2026-05-05 08:16:37.619+00
5b589ea8-e3cd-4bf5-8f88-fea3f1b8aa59	4ad05f63-6574-49f1-9626-7ffa1e61b615	d4d48ae8-d207-4356-b597-0c25b7afa847	2	120	240	\N	\N	pending	2026-05-05 08:16:37.619+00	2026-05-05 08:16:37.619+00
7022a44b-0074-45f4-a74f-2832e25b5a66	4ad05f63-6574-49f1-9626-7ffa1e61b615	12c99c72-58fc-4184-b8aa-aece391c45d2	2	150	300	\N	\N	pending	2026-05-05 08:16:37.619+00	2026-05-05 08:16:37.619+00
f378e53d-5331-434a-89e1-ec12ffa7e2f3	4ad05f63-6574-49f1-9626-7ffa1e61b615	36524f4a-15f3-47d8-964a-e1430cd1d985	2	80	160	\N	\N	pending	2026-05-05 08:16:37.619+00	2026-05-05 08:16:37.619+00
2d8533ec-a115-4786-8724-4eff11156cc9	9a5098d9-dd64-4e46-8b5f-dec93dc43224	c107d603-c3a4-41e2-8e2d-2f7445bea398	1	320	320	\N	\N	ready	2026-05-05 08:16:37.619+00	2026-05-05 08:16:37.619+00
f66b4469-fa46-4ddd-a5bc-53270b4900d8	9a5098d9-dd64-4e46-8b5f-dec93dc43224	289df210-987a-4b09-b9b7-d61a1272d33a	1	180	180	\N	\N	ready	2026-05-05 08:16:37.619+00	2026-05-05 08:16:37.619+00
98965606-1afa-4fd3-aa5b-f11c615befb1	9a5098d9-dd64-4e46-8b5f-dec93dc43224	372484a4-0938-4a84-be50-771691bdebb3	1	60	60	\N	\N	ready	2026-05-05 08:16:37.619+00	2026-05-05 08:16:37.619+00
a8ca27a5-231b-4a96-aad2-d1f0c06e9937	816b0dc5-3286-41c9-b5b1-9bd96c808497	69a0a464-d488-4747-a0a0-77ac6f937b17	1	280	280	\N	\N	served	2026-05-05 08:16:37.619+00	2026-05-05 08:16:37.619+00
7ba5344b-8fcd-4bf7-9986-b1f5ff243bf8	816b0dc5-3286-41c9-b5b1-9bd96c808497	36524f4a-15f3-47d8-964a-e1430cd1d985	1	80	80	\N	\N	served	2026-05-05 08:16:37.619+00	2026-05-05 08:16:37.619+00
\.


--
-- TOC entry 8243 (class 0 OID 19763)
-- Dependencies: 484
-- Data for Name: ParkingPass; Type: TABLE DATA; Schema: public; Owner: -
--

COPY public."ParkingPass" (id, "tenantId", "propertyId", "vehicleId", "slotId", "holderName", "holderEmail", "holderPhone", "licensePlate", "startDate", "endDate", duration, amount, currency, status, "autoRenew", "paymentStatus", notes, "createdAt", "updatedAt") FROM stdin;
\.


--
-- TOC entry 8114 (class 0 OID 18211)
-- Dependencies: 355
-- Data for Name: ParkingSlot; Type: TABLE DATA; Schema: public; Owner: -
--

COPY public."ParkingSlot" (id, "tenantId", "propertyId", number, floor, type, "vehicleType", width, length, "hasCharging", "chargerType", status, "posX", "posY", "createdAt", "updatedAt") FROM stdin;
70781398-9360-4a63-837c-829287bedf0b	444017d5-e022-4c5f-ac07-ea0d51f4609b	281fde73-7836-4511-b644-91f3663d8fcd	A1	-1	standard	car	\N	\N	f	\N	available	50	100	2026-05-05 08:16:37.676+00	2026-05-05 08:16:37.676+00
85d6cde7-38cc-453a-ae01-91d95fba1b21	444017d5-e022-4c5f-ac07-ea0d51f4609b	281fde73-7836-4511-b644-91f3663d8fcd	A2	-1	standard	car	\N	\N	f	\N	occupied	150	100	2026-05-05 08:16:37.676+00	2026-05-05 08:16:37.676+00
78c929f0-7f03-4b6f-a558-4ca332810876	444017d5-e022-4c5f-ac07-ea0d51f4609b	281fde73-7836-4511-b644-91f3663d8fcd	A3	-1	ev_charging	car	\N	\N	t	CCS2	occupied	250	100	2026-05-05 08:16:37.676+00	2026-05-05 08:16:37.676+00
0de676c7-b3b9-4d75-b78c-3e71ed50aab2	444017d5-e022-4c5f-ac07-ea0d51f4609b	281fde73-7836-4511-b644-91f3663d8fcd	A4	-1	standard	suv	\N	\N	f	\N	occupied	350	100	2026-05-05 08:16:37.676+00	2026-05-05 08:16:37.676+00
2442ee2a-7b1f-489d-aaad-71980a309182	444017d5-e022-4c5f-ac07-ea0d51f4609b	281fde73-7836-4511-b644-91f3663d8fcd	A5	-1	disabled	car	\N	\N	f	\N	reserved	50	200	2026-05-05 08:16:37.676+00	2026-05-05 08:16:37.676+00
\.


--
-- TOC entry 8115 (class 0 OID 18224)
-- Dependencies: 356
-- Data for Name: Payment; Type: TABLE DATA; Schema: public; Owner: -
--

COPY public."Payment" (id, "tenantId", "folioId", amount, currency, method, gateway, "gatewayRef", "gatewayFee", "gatewayStatus", "retryCount", "failoverTo", "routingDecision", "cardType", "cardLast4", "cardExpiry", "transactionId", reference, status, "refundAmount", "refundedAt", "refundReason", "guestId", "idempotencyKey", "processedAt", "createdAt", "updatedAt") FROM stdin;
c5c45224-4b94-4684-b5e5-7ae81c90d63d	444017d5-e022-4c5f-ac07-ea0d51f4609b	6562be0c-1585-4355-8c48-96dc8368240e	5000	INR	credit_card	stripe	\N	\N	\N	0	\N	\N	visa	4242	\N	7473bf65-273d-48f0-98d2-613cb7b96112	\N	completed	0	\N	\N	cb127462-1b96-4e37-8f78-65bbd0493ee1	\N	2026-05-03 08:16:37.636+00	2026-05-05 08:16:37.641+00	2026-05-05 08:16:37.641+00
49ab5380-a172-4b5b-a0f2-2bad405a7d33	444017d5-e022-4c5f-ac07-ea0d51f4609b	6562be0c-1585-4355-8c48-96dc8368240e	5000	INR	credit_card	stripe	\N	\N	\N	0	\N	\N	visa	4242	\N	41cd1d5b-aaf8-4141-ac8d-c483409ac27f	\N	completed	0	\N	\N	cb127462-1b96-4e37-8f78-65bbd0493ee1	\N	2026-05-04 08:16:37.636+00	2026-05-05 08:16:37.641+00	2026-05-05 08:16:37.641+00
761be1a0-36cf-40e6-88e7-1c970ab52a23	444017d5-e022-4c5f-ac07-ea0d51f4609b	31b2dc91-a684-4dfa-af6a-fc948051da24	58640	INR	bank_transfer	manual	\N	\N	\N	0	\N	\N	\N	\N	\N	43dc38ee-1f76-4603-bd89-a1a09d95b7eb	NEFT-REF-78901	completed	0	\N	\N	0dae0b8b-173a-4819-8a5e-7ff3be5c81d5	\N	2026-05-04 08:16:37.636+00	2026-05-05 08:16:37.641+00	2026-05-05 08:16:37.641+00
8ab1f8ea-1f8d-4903-bb93-5b1a8e21d822	444017d5-e022-4c5f-ac07-ea0d51f4609b	3e65e740-b126-49ec-aabd-915b5bd60bb2	50000	INR	credit_card	stripe	\N	\N	\N	0	\N	\N	mastercard	8888	\N	71cfff7b-0892-4eaa-b941-2fc75afe6d05	\N	completed	0	\N	\N	df87b649-707f-402a-9198-75a06d22ed63	\N	2026-05-05 08:16:37.64+00	2026-05-05 08:16:37.641+00	2026-05-05 08:16:37.641+00
49e9a7e0-9362-44dd-8ae5-9b9b3b2d7832	444017d5-e022-4c5f-ac07-ea0d51f4609b	3e65e740-b126-49ec-aabd-915b5bd60bb2	34100	INR	upi	manual	\N	\N	\N	0	\N	\N	\N	\N	\N	9f75c962-5e92-464e-86a4-3b1f03760e14	\N	completed	0	\N	\N	df87b649-707f-402a-9198-75a06d22ed63	\N	2026-05-05 08:16:37.64+00	2026-05-05 08:16:37.641+00	2026-05-05 08:16:37.641+00
a3097620-c141-4a3b-82c9-80d652c215e9	444017d5-e022-4c5f-ac07-ea0d51f4609b	0a1ad08b-67d2-4851-880f-55245edce0ff	5000	INR	upi	manual	\N	\N	\N	0	\N	\N	\N	\N	\N	9b775f6a-091f-4369-91da-064e5742c7f5	\N	completed	0	\N	\N	79877c7c-f915-4922-94a0-5d83df9e1d09	\N	2026-05-05 08:16:37.64+00	2026-05-05 08:16:37.641+00	2026-05-05 08:16:37.641+00
5d6a9b15-f5cb-48e0-8030-cc9d6bbb2298	444017d5-e022-4c5f-ac07-ea0d51f4609b	972e32ee-0532-4a3a-9b38-9076f74e8fb5	10000	INR	cash	manual	\N	\N	\N	0	\N	\N	\N	\N	\N	dab8c845-b563-40c8-882a-0825d01e0432	\N	completed	0	\N	\N	18349da2-1713-42c0-bad9-67856cc58d26	\N	2026-05-02 08:16:37.636+00	2026-05-05 08:16:37.641+00	2026-05-05 08:16:37.641+00
057c812f-9371-4e26-bdd6-f067a015e4bb	444017d5-e022-4c5f-ac07-ea0d51f4609b	972e32ee-0532-4a3a-9b38-9076f74e8fb5	3290	INR	credit_card	stripe	\N	\N	\N	0	\N	\N	visa	1234	\N	4a0cabf3-fb0e-4f67-9f6a-2b0a41b1b186	\N	completed	0	\N	\N	18349da2-1713-42c0-bad9-67856cc58d26	\N	2026-05-05 08:16:37.64+00	2026-05-05 08:16:37.641+00	2026-05-05 08:16:37.641+00
\.


--
-- TOC entry 8116 (class 0 OID 18236)
-- Dependencies: 357
-- Data for Name: PaymentGateway; Type: TABLE DATA; Schema: public; Owner: -
--

COPY public."PaymentGateway" (id, "tenantId", name, provider, priority, "isPrimary", status, mode, "apiKey", "secretKey", "merchantId", "webhookSecret", "feePercentage", "feeFixed", "supportedCurrencies", "totalTransactions", "totalVolume", "lastSyncAt", "createdAt", "updatedAt") FROM stdin;
\.


--
-- TOC entry 8117 (class 0 OID 18253)
-- Dependencies: 358
-- Data for Name: PaymentSchedule; Type: TABLE DATA; Schema: public; Owner: -
--

COPY public."PaymentSchedule" (id, "tenantId", "propertyId", "folioId", "bookingId", "guestId", "scheduleName", "totalAmount", "depositAmount", "depositDueDate", installments, currency, status, "paidAmount", "remainingAmount", "createdAt", "updatedAt") FROM stdin;
\.


--
-- TOC entry 8238 (class 0 OID 19710)
-- Dependencies: 479
-- Data for Name: PaymentToken; Type: TABLE DATA; Schema: public; Owner: -
--

COPY public."PaymentToken" (id, "tenantId", "propertyId", "guestId", "folioId", "tokenType", "gatewayTokenId", "cardType", "cardLast4", "cardExpiryMonth", "cardExpiryYear", "cardBrand", "isDefault", status, metadata, "createdAt", "updatedAt") FROM stdin;
\.


--
-- TOC entry 8123 (class 0 OID 18331)
-- Dependencies: 364
-- Data for Name: PortForwardRule; Type: TABLE DATA; Schema: public; Owner: -
--

COPY public."PortForwardRule" (id, "tenantId", "propertyId", name, protocol, "externalPort", "internalIp", "internalPort", "interfaceId", enabled, description, "createdAt", "updatedAt") FROM stdin;
7c9d36c2-05f8-4c9a-a509-c9bde348e8c6	444017d5-e022-4c5f-ac07-ea0d51f4609b	281fde73-7836-4511-b644-91f3663d8fcd	Web Server	tcp	80	192.168.1.10	80	b13cfcc5-4e94-4245-8a5f-082eac4a7b01	t	Hotel website and booking portal	2026-05-05 08:16:37.883+00	2026-05-05 08:16:37.883+00
77325bd8-09b7-43b2-ac5a-a8bda7f3b31b	444017d5-e022-4c5f-ac07-ea0d51f4609b	281fde73-7836-4511-b644-91f3663d8fcd	HTTPS Server	tcp	443	192.168.1.10	443	b13cfcc5-4e94-4245-8a5f-082eac4a7b01	t	Secure web services and PMS access	2026-05-05 08:16:37.883+00	2026-05-05 08:16:37.883+00
7961b052-b4b9-4e31-9d95-988197ded995	444017d5-e022-4c5f-ac07-ea0d51f4609b	281fde73-7836-4511-b644-91f3663d8fcd	PMS Remote Access	tcp	8443	192.168.1.20	443	b13cfcc5-4e94-4245-8a5f-082eac4a7b01	t	Remote PMS management access	2026-05-05 08:16:37.883+00	2026-05-05 08:16:37.883+00
df3e60bd-41e0-42ae-bcc6-1a0a0dd2c1d4	444017d5-e022-4c5f-ac07-ea0d51f4609b	281fde73-7836-4511-b644-91f3663d8fcd	VPN Server	udp	1194	192.168.1.30	1194	b13cfcc5-4e94-4245-8a5f-082eac4a7b01	t	WireGuard VPN for remote staff access	2026-05-05 08:16:37.883+00	2026-05-05 08:16:37.883+00
\.


--
-- TOC entry 8118 (class 0 OID 18266)
-- Dependencies: 359
-- Data for Name: PortalAuthentication; Type: TABLE DATA; Schema: public; Owner: -
--

COPY public."PortalAuthentication" (id, "tenantId", "propertyId", "portalId", method, enabled, priority, config, "createdAt", "updatedAt") FROM stdin;
5e339d09-1968-45df-831b-7d18436d3065	444017d5-e022-4c5f-ac07-ea0d51f4609b	281fde73-7836-4511-b644-91f3663d8fcd	0a58343e-1690-488f-a039-52f73162ff00	voucher	t	1	{"autoGenerate":true,"codeLength":8,"codeFormat":"alphanumeric"}	2026-05-05 08:16:37.901+00	2026-05-05 08:16:37.901+00
b508c596-7f91-4e57-a2ca-5b6b2443ef48	444017d5-e022-4c5f-ac07-ea0d51f4609b	281fde73-7836-4511-b644-91f3663d8fcd	0a58343e-1690-488f-a039-52f73162ff00	room_number	t	2	{"requireLastName":true,"maxAttempts":3,"lockoutMinutes":5}	2026-05-05 08:16:37.901+00	2026-05-05 08:16:37.901+00
531765bc-7a56-45c3-82de-444aa19b3e19	444017d5-e022-4c5f-ac07-ea0d51f4609b	281fde73-7836-4511-b644-91f3663d8fcd	0a58343e-1690-488f-a039-52f73162ff00	sms_otp	t	3	{"otpLength":6,"otpExpiry":300,"maxRetries":3,"senderId":"ROYLST"}	2026-05-05 08:16:37.901+00	2026-05-05 08:16:37.901+00
fe0a4b82-5fe4-49d4-860a-6f056a1cd14e	444017d5-e022-4c5f-ac07-ea0d51f4609b	281fde73-7836-4511-b644-91f3663d8fcd	0a58343e-1690-488f-a039-52f73162ff00	pms_credentials	t	1	{"label": "Room Number + Last Name", "description": "Guest enters room number and last name for verification"}	2026-05-05 08:16:37.838+00	2026-05-05 08:16:37.838+00
1b859a66-d9ee-4fa0-8c31-2b2b3b5df142	444017d5-e022-4c5f-ac07-ea0d51f4609b	281fde73-7836-4511-b644-91f3663d8fcd	0a58343e-1690-488f-a039-52f73162ff00	open_access	t	10	{"label": "Open Access", "description": "No authentication required"}	2026-05-05 08:16:37.838+00	2026-05-05 08:16:37.838+00
\.


--
-- TOC entry 8119 (class 0 OID 18278)
-- Dependencies: 360
-- Data for Name: PortalMapping; Type: TABLE DATA; Schema: public; Owner: -
--

COPY public."PortalMapping" (id, "tenantId", "propertyId", "portalId", "vlanId", "vlanConfigId", ssid, subnet, priority, "fallbackPortalId", enabled, "createdAt", "updatedAt") FROM stdin;
4f2fba57-7e62-4b0a-8dfd-53d3512cd1ee	444017d5-e022-4c5f-ac07-ea0d51f4609b	281fde73-7836-4511-b644-91f3663d8fcd	0a58343e-1690-488f-a039-52f73162ff00	10	aecc5780-c291-40bb-9ed7-09405d164437	RoyalStay-Guest	192.168.10.0/24	1	\N	t	2026-05-05 08:16:37.902+00	2026-05-05 08:16:37.902+00
a5cb12c8-b7d2-4698-93b1-7f300f88a3c0	444017d5-e022-4c5f-ac07-ea0d51f4609b	281fde73-7836-4511-b644-91f3663d8fcd	d67f15b6-bdab-478c-b980-031a5bce8656	20	f344ec78-7c01-46c8-bc7c-f0107b5cd15c	RoyalStay-Staff	192.168.20.0/24	1	\N	t	2026-05-05 08:16:37.902+00	2026-05-05 08:16:37.902+00
38750334-79ea-4135-a875-e8433d4916e2	444017d5-e022-4c5f-ac07-ea0d51f4609b	281fde73-7836-4511-b644-91f3663d8fcd	0a58343e-1690-488f-a039-52f73162ff00	10	\N	StaySuite-Guest	10.10.10.0/24	100	\N	t	2026-05-05 08:16:37.935+00	2026-05-05 08:16:37.935+00
e16967cf-d337-49a7-a3ed-be2fc81e4b3b	444017d5-e022-4c5f-ac07-ea0d51f4609b	281fde73-7836-4511-b644-91f3663d8fcd	0a58343e-1690-488f-a039-52f73162ff00	30	\N	StaySuite-VIP	10.10.30.0/24	90	\N	t	2026-05-05 08:16:37.936+00	2026-05-05 08:16:37.936+00
\.


--
-- TOC entry 8120 (class 0 OID 18288)
-- Dependencies: 361
-- Data for Name: PortalPage; Type: TABLE DATA; Schema: public; Owner: -
--

COPY public."PortalPage" (id, "tenantId", "portalId", language, title, subtitle, "logoUrl", "backgroundImage", "backgroundColor", "textColor", "accentColor", "termsText", "termsUrl", "customCss", "customHtml", "showSocial", "showBranding", "formFields", "authFlow", "socialProviders", "voucherTemplate", "designSettings", "createdAt", "updatedAt") FROM stdin;
e388904a-ca87-4d2e-8283-a432a47abdb1	444017d5-e022-4c5f-ac07-ea0d51f4609b	0a58343e-1690-488f-a039-52f73162ff00	en	Welcome to Royal Stay WiFi	Connect to complimentary high-speed internet	/assets/royal-stay-logo.png	\N	#1a1a2e	#ffffff	#8B5E3C	By connecting, you agree to our Acceptable Use Policy.	https://www.royalstay.in/terms			f	t	{"username":true,"password":true,"roomNumber":false,"phone":false,"voucherCode":false,"terms":true}	pms_credentials	{"google":false,"facebook":false,"apple":false}	default	{}	2026-05-05 08:16:37.904+00	2026-05-05 08:16:37.904+00
209040c9-6be3-4216-bbd7-98f98be1e754	444017d5-e022-4c5f-ac07-ea0d51f4609b	d67f15b6-bdab-478c-b980-031a5bce8656	en	Staff WiFi Login	Use your PMS credentials to connect	/assets/royal-stay-logo.png	\N	#f8fafc	#1f2937	#0d9488	Staff WiFi is for authorized personnel only.	https://staff.royalstay.in/policy			f	t	{"username":true,"password":true,"roomNumber":false,"phone":false,"voucherCode":false,"terms":true}	pms_credentials	{"google":false,"facebook":false,"apple":false}	default	{}	2026-05-05 08:16:37.904+00	2026-05-05 08:16:37.904+00
\.


--
-- TOC entry 8121 (class 0 OID 18309)
-- Dependencies: 362
-- Data for Name: PortalTemplate; Type: TABLE DATA; Schema: public; Owner: -
--

COPY public."PortalTemplate" (id, "tenantId", name, description, category, thumbnail, "htmlContent", "cssContent", "isBuiltIn", "createdAt", "updatedAt") FROM stdin;
72c25e48-a6ef-4877-b65c-37a5b5a57291	444017d5-e022-4c5f-ac07-ea0d51f4609b	Hotel Luxury	Elegant dark theme with gold accents, perfect for luxury hotels.	hotel	/templates/hotel-luxury-thumb.png	<div class="portal-container"><div class="logo-section"><img src="{{logoUrl}}" alt="Logo"/></div><h1>{{title}}</h1><p>{{subtitle}}</p><div class="auth-section">{{authMethods}}</div><div class="terms">{{termsText}}</div></div>	.portal-container{max-width:480px;margin:0 auto;padding:2rem;text-align:center;background:#1a1a2e;color:#fff;border-radius:16px;}.logo-section img{max-height:80px;margin-bottom:1.5rem;}h1{font-size:1.8rem;color:#8B5E3C;margin-bottom:0.5rem;}p{color:#a0a0b0;margin-bottom:2rem;}	t	2026-05-05 08:16:37.905+00	2026-05-05 08:16:37.905+00
8e62e28c-c3b6-4d69-bd97-ad95915a46c4	444017d5-e022-4c5f-ac07-ea0d51f4609b	Corporate Clean	Clean professional look with teal accents, ideal for business hotels.	corporate	/templates/corporate-clean-thumb.png	<div class="portal-container"><div class="logo-section"><img src="{{logoUrl}}" alt="Logo"/></div><h1>{{title}}</h1><p>{{subtitle}}</p><div class="auth-section">{{authMethods}}</div><div class="terms">{{termsText}}</div></div>	.portal-container{max-width:480px;margin:0 auto;padding:2rem;text-align:center;background:#f8fafc;color:#1f2937;border-radius:8px;border:1px solid #e5e7eb;}.logo-section img{max-height:60px;margin-bottom:1.5rem;}h1{font-size:1.5rem;color:#0d9488;}	t	2026-05-05 08:16:37.905+00	2026-05-05 08:16:37.905+00
\.


--
-- TOC entry 8122 (class 0 OID 18319)
-- Dependencies: 363
-- Data for Name: PortalWhitelist; Type: TABLE DATA; Schema: public; Owner: -
--

COPY public."PortalWhitelist" (id, "propertyId", domain, path, description, protocol, "bypassAuth", priority, status, "createdAt", "updatedAt") FROM stdin;
\.


--
-- TOC entry 8126 (class 0 OID 18362)
-- Dependencies: 367
-- Data for Name: PreventiveMaintenance; Type: TABLE DATA; Schema: public; Owner: -
--

COPY public."PreventiveMaintenance" (id, "tenantId", "propertyId", title, description, "assetId", frequency, "frequencyValue", "assignedRoleId", checklist, "lastCompletedAt", "nextDueAt", status, "estimatedDuration", "estimatedCost", priority, "createdAt", "updatedAt", "deletedAt") FROM stdin;
d86d0d9a-612a-4161-b9fe-4d7cf4d8288a	444017d5-e022-4c5f-ac07-ea0d51f4609b	281fde73-7836-4511-b644-91f3663d8fcd	HVAC Filter Replacement	Replace air filters in all HVAC units	128879cf-44bf-4c01-ac7f-ebc13b6873c4	quarterly	\N	0b9b2d1f-8ac4-40f0-905b-9403b353f2d6	["Turn off HVAC unit","Remove old filters","Install new filters","Check airflow","Turn on and verify","Log completion"]	2026-03-06 08:16:37.628+00	2026-06-04 08:16:37.628+00	active	120	\N	high	2026-05-05 08:16:37.629+00	2026-05-05 08:16:37.629+00	\N
187c01de-756e-403f-9807-eec033a30f9e	444017d5-e022-4c5f-ac07-ea0d51f4609b	281fde73-7836-4511-b644-91f3663d8fcd	Fire Extinguisher Inspection	Monthly visual inspection of all fire extinguishers	\N	monthly	\N	\N	["Check pressure gauge","Check safety pin","Check expiration date","Check visible damage","Log serial numbers"]	2026-04-20 08:16:37.628+00	2026-05-20 08:16:37.628+00	active	60	\N	medium	2026-05-05 08:16:37.629+00	2026-05-05 08:16:37.629+00	\N
3b85edde-f8a9-4e77-be56-4f0d537b719f	444017d5-e022-4c5f-ac07-ea0d51f4609b	281fde73-7836-4511-b644-91f3663d8fcd	Elevator Maintenance	Quarterly elevator servicing and safety check	\N	quarterly	\N	\N	["Check door sensors","Test emergency button","Check cable tension","Lubricate rails","Test leveling","Verify weight limit display"]	2026-02-04 08:16:37.628+00	2026-04-30 08:16:37.628+00	active	180	\N	high	2026-05-05 08:16:37.629+00	2026-05-05 08:16:37.629+00	\N
58b0f908-3efd-43ad-bcf9-c4bbdefea9f3	444017d5-e022-4c5f-ac07-ea0d51f4609b	281fde73-7836-4511-b644-91f3663d8fcd	Deep Clean Kitchen Extractor Hood	Monthly professional cleaning of kitchen ventilation	\N	monthly	\N	\N	[]	\N	\N	active	\N	5000	medium	2026-05-05 08:16:37.629+00	2026-05-05 08:16:37.629+00	\N
\.


--
-- TOC entry 8127 (class 0 OID 18373)
-- Dependencies: 368
-- Data for Name: PriceOverride; Type: TABLE DATA; Schema: public; Owner: -
--

COPY public."PriceOverride" (id, "ratePlanId", date, price, reason, "minStay", "closedToArrival", "closedToDeparture", "createdAt", "updatedAt") FROM stdin;
e8a93426-a68a-49ff-877d-375a5bb5dfb1	78bb50d4-0774-4706-bdb0-7b217f01fcf5	2026-05-06 08:16:37.6+00	3200	Weekday discount promotion	2	f	f	2026-05-05 08:16:37.734+00	2026-05-05 08:16:37.734+00
d059b0a8-2f2c-4734-9c9f-417437e8efb2	1a5c7379-c2c0-4b39-9bd5-3e363a554090	2026-05-10 08:16:37.6+00	7500	Weekend peak pricing	1	f	f	2026-05-05 08:16:37.734+00	2026-05-05 08:16:37.734+00
df16a9a2-c4a9-49a6-93d4-3fcfbd04fc5f	b2f7bd51-c4c8-44ff-8c8d-5c408a11b54b	2026-05-12 08:16:37.6+00	10000	Durga Puja special rate - reduced for advance booking	\N	f	f	2026-05-05 08:16:37.734+00	2026-05-05 08:16:37.734+00
163323c0-359c-47e5-85ae-c6ba882c6e44	78bb50d4-0774-4706-bdb0-7b217f01fcf5	2026-05-07 08:16:37.6+00	3800	Long weekend surcharge	\N	f	f	2026-05-05 08:16:37.734+00	2026-05-05 08:16:37.734+00
87bf7da1-0c4e-4379-9c40-8d99b440f776	1a5c7379-c2c0-4b39-9bd5-3e363a554090	2026-05-11 08:16:37.6+00	8000	Festival season premium	2	t	f	2026-05-05 08:16:37.734+00	2026-05-05 08:16:37.734+00
\.


--
-- TOC entry 8128 (class 0 OID 18383)
-- Dependencies: 369
-- Data for Name: PricingRule; Type: TABLE DATA; Schema: public; Owner: -
--

COPY public."PricingRule" (id, "tenantId", "propertyId", name, type, description, value, "valueType", conditions, priority, "isActive", "effectiveFrom", "effectiveTo", "roomTypes", "appliedCount", "lastAppliedAt", "createdAt", "updatedAt") FROM stdin;
adddf2d2-0d1f-44cd-94e9-16806bf31e83	444017d5-e022-4c5f-ac07-ea0d51f4609b	281fde73-7836-4511-b644-91f3663d8fcd	Weekend Surge	dynamic	15% markup on weekends for all room types	15	percentage	{"dayOfWeek":[0,5,6]}	5	t	2026-04-05 08:16:37.6+00	\N	["roomtype-1","roomtype-2","roomtype-3"]	24	2026-05-03 08:16:37.6+00	2026-05-05 08:16:37.666+00	2026-05-05 08:16:37.666+00
425c3707-37b2-4710-82dd-590466750646	444017d5-e022-4c5f-ac07-ea0d51f4609b	281fde73-7836-4511-b644-91f3663d8fcd	Durga Puja Season Premium	seasonal	25% premium during Durga Puja festival season	25	percentage	{"startDate":"2024-10-01","endDate":"2024-10-24"}	10	t	2026-03-06 08:16:37.6+00	2026-08-03 08:16:37.6+00	["roomtype-1","roomtype-2","roomtype-3","roomtype-4"]	8	\N	2026-05-05 08:16:37.666+00	2026-05-05 08:16:37.666+00
23461a7b-0582-477a-9e3c-3bded831717b	444017d5-e022-4c5f-ac07-ea0d51f4609b	281fde73-7836-4511-b644-91f3663d8fcd	High Occupancy Boost	occupancy_based	10% increase when occupancy exceeds 85%	10	percentage	{"minOccupancy":85}	3	t	2026-02-04 08:16:37.6+00	\N	["roomtype-2","roomtype-3","roomtype-4"]	45	2026-05-05 08:16:37.665+00	2026-05-05 08:16:37.666+00	2026-05-05 08:16:37.666+00
f485610e-4eed-4ea9-900b-55f753b21b49	444017d5-e022-4c5f-ac07-ea0d51f4609b	281fde73-7836-4511-b644-91f3663d8fcd	Long Stay Discount	dynamic	10% discount for stays of 7+ nights	-10	percentage	{"minNights":7}	2	t	2026-01-05 08:16:37.6+00	\N	["roomtype-1","roomtype-2"]	12	\N	2026-05-05 08:16:37.666+00	2026-05-05 08:16:37.666+00
\.


--
-- TOC entry 8129 (class 0 OID 18397)
-- Dependencies: 370
-- Data for Name: Promotion; Type: TABLE DATA; Schema: public; Owner: -
--

COPY public."Promotion" (id, "tenantId", "propertyId", name, code, description, "discountType", "discountValue", "maxDiscount", "minBookingValue", "minNights", "applicableRoomTypes", "startsAt", "endsAt", "maxUses", "usedCount", "maxUsesPerUser", status, "createdAt", "updatedAt") FROM stdin;
\.


--
-- TOC entry 8130 (class 0 OID 18408)
-- Dependencies: 371
-- Data for Name: Property; Type: TABLE DATA; Schema: public; Owner: -
--

COPY public."Property" (id, "tenantId", name, slug, description, type, address, city, state, country, "postalCode", latitude, longitude, email, phone, website, logo, "primaryColor", "secondaryColor", "checkInTime", "checkOutTime", timezone, currency, "taxId", "taxType", "defaultTaxRate", "taxComponents", "serviceChargePercent", "includeTaxInPrice", "totalRooms", "totalFloors", "noShowSettings", status, "createdAt", "updatedAt", "deletedAt", "brandId") FROM stdin;
281fde73-7836-4511-b644-91f3663d8fcd	444017d5-e022-4c5f-ac07-ea0d51f4609b	Royal Stay Kolkata	royal-stay-kolkata	A luxury 5-star hotel in the heart of Kolkata with stunning views of Victoria Memorial.	hotel	123 Park Street	Kolkata	West Bengal	India	700016	\N	\N	kolkata@royalstay.in	+91-33-40012345	https://royalstay.in/kolkata	\N	\N	\N	14:00	11:00	Asia/Kolkata	INR	\N	gst	0	[]	0	f	120	10	{"noShowBufferHours":1,"autoProcessNoShows":false,"noShowNotificationEnabled":true}	active	2026-05-05 08:16:37.576+00	2026-05-05 08:16:37.576+00	\N	\N
600daed4-4d6a-4cb2-a07e-46bec7f4c43b	444017d5-e022-4c5f-ac07-ea0d51f4609b	Royal Stay Darjeeling	royal-stay-darjeeling	Boutique hill resort with breathtaking views of the Himalayas and Kanchenjunga.	resort	456 Mall Road	Darjeeling	West Bengal	India	734101	\N	\N	darjeeling@royalstay.in	+91-354-2256789	\N	\N	\N	\N	14:00	11:00	Asia/Kolkata	INR	\N	gst	0	[]	0	f	50	4	{"noShowBufferHours":1,"autoProcessNoShows":false,"noShowNotificationEnabled":true}	active	2026-05-05 08:16:37.576+00	2026-05-05 08:16:37.576+00	\N	\N
\.


--
-- TOC entry 8131 (class 0 OID 18430)
-- Dependencies: 372
-- Data for Name: PurchaseOrder; Type: TABLE DATA; Schema: public; Owner: -
--

COPY public."PurchaseOrder" (id, "tenantId", "vendorId", "orderNumber", "orderDate", "expectedDate", "receivedDate", subtotal, taxes, "totalAmount", status, "approvedBy", "approvedAt", notes, "createdAt", "updatedAt") FROM stdin;
e8a93426-a68a-49ff-877d-375a5bb5dfb1	444017d5-e022-4c5f-ac07-ea0d51f4609b	743f45af-b9a0-49bd-8e79-9082bdcd4026	PO-2024-001	2026-04-25 08:16:37.6+00	2026-04-30 08:16:37.6+00	2026-05-01 08:16:37.6+00	37500	6750	44250	delivered	b763e2df-7bf1-4de8-94f8-97a1f1e7a0ec	2026-04-24 08:16:37.6+00	Monthly linen supply order	2026-05-05 08:16:37.663+00	2026-05-05 08:16:37.663+00
d059b0a8-2f2c-4734-9c9f-417437e8efb2	444017d5-e022-4c5f-ac07-ea0d51f4609b	57077ad0-4ed1-484d-824e-96e48be3f929	PO-2024-002	2026-05-03 08:16:37.6+00	2026-05-10 08:16:37.6+00	\N	25000	4500	29500	sent	b763e2df-7bf1-4de8-94f8-97a1f1e7a0ec	2026-05-02 20:16:37.6+00	Deep cleaning supplies and equipment	2026-05-05 08:16:37.663+00	2026-05-05 08:16:37.663+00
df16a9a2-c4a9-49a6-93d4-3fcfbd04fc5f	444017d5-e022-4c5f-ac07-ea0d51f4609b	42b66844-0c28-4f97-8e19-1522ad7d2623	PO-2024-003	2026-05-05 08:16:37.662+00	2026-05-20 08:16:37.6+00	\N	85000	15300	100300	draft	\N	\N	Network infrastructure upgrade - new routers and access points	2026-05-05 08:16:37.663+00	2026-05-05 08:16:37.663+00
\.


--
-- TOC entry 8132 (class 0 OID 18443)
-- Dependencies: 373
-- Data for Name: PurchaseOrderItem; Type: TABLE DATA; Schema: public; Owner: -
--

COPY public."PurchaseOrderItem" (id, "purchaseOrderId", "stockItemId", quantity, "unitPrice", "totalAmount", "receivedQuantity", "createdAt", "updatedAt") FROM stdin;
82618729-c0d4-4db5-8b50-ee9bdeae140a	e8a93426-a68a-49ff-877d-375a5bb5dfb1	26415c3d-03ae-4b80-9b0f-ea16cb8bc732	100	250	25000	100	2026-05-05 08:16:37.664+00	2026-05-05 08:16:37.664+00
276792f5-4e59-4cb6-827e-87159ca347ca	e8a93426-a68a-49ff-877d-375a5bb5dfb1	266404a4-bb10-4380-9a8f-6ca619846574	50	150	7500	50	2026-05-05 08:16:37.664+00	2026-05-05 08:16:37.664+00
8ed588bb-25af-4ad7-b6a7-720809137cbd	e8a93426-a68a-49ff-877d-375a5bb5dfb1	8e0278eb-e73f-4e3a-a025-d5388f218557	150	35	5250	150	2026-05-05 08:16:37.664+00	2026-05-05 08:16:37.664+00
ff84c91d-4e1b-401d-b892-a4c68322496e	d059b0a8-2f2c-4734-9c9f-417437e8efb2	f597f522-2755-445f-b242-c9ea656dccca	500	15	7500	\N	2026-05-05 08:16:37.664+00	2026-05-05 08:16:37.664+00
ca1eb90d-7d2f-4746-af55-f2bffa581634	d059b0a8-2f2c-4734-9c9f-417437e8efb2	e1b10563-7245-46a7-b430-0981d92589a4	200	25	5000	\N	2026-05-05 08:16:37.664+00	2026-05-05 08:16:37.664+00
\.


--
-- TOC entry 8124 (class 0 OID 18341)
-- Dependencies: 365
-- Data for Name: QuickBlock; Type: TABLE DATA; Schema: public; Owner: -
--

COPY public."QuickBlock" (id, "tenantId", "propertyId", type, value, reason, enabled, "expiresAt", "createdAt", "updatedAt") FROM stdin;
\.


--
-- TOC entry 8138 (class 0 OID 18499)
-- Dependencies: 379
-- Data for Name: RadiusAuthLog; Type: TABLE DATA; Schema: public; Owner: -
--

COPY public."RadiusAuthLog" (id, "propertyId", username, "authResult", "authType", "nasIpAddress", "nasIdentifier", "callingStationId", "calledStationId", "clientIpAddress", "replyMessage", "terminateReason", "timestamp") FROM stdin;
\.


--
-- TOC entry 8139 (class 0 OID 18507)
-- Dependencies: 380
-- Data for Name: RadiusCoaLog; Type: TABLE DATA; Schema: public; Owner: -
--

COPY public."RadiusCoaLog" (id, "propertyId", action, username, "sessionId", "nasIpAddress", "sharedSecret", attributes, result, "responseCode", "errorMessage", "triggeredBy", "triggeredById", "timestamp") FROM stdin;
\.


--
-- TOC entry 8140 (class 0 OID 18515)
-- Dependencies: 381
-- Data for Name: RadiusEventUser; Type: TABLE DATA; Schema: public; Owner: -
--

COPY public."RadiusEventUser" (id, "propertyId", "eventId", "eventName", username, password, "planId", "bandwidthDown", "bandwidthUp", "dataLimitMb", "validFrom", "validUntil", "maxSessions", "guestName", "guestEmail", "guestCompany", status, "usedAt", "firstUsedAt", "createdAt", "updatedAt") FROM stdin;
\.


--
-- TOC entry 8141 (class 0 OID 18527)
-- Dependencies: 382
-- Data for Name: RadiusMacAuth; Type: TABLE DATA; Schema: public; Owner: -
--

COPY public."RadiusMacAuth" (id, "propertyId", "macAddress", username, "guestId", "guestName", description, "autoLogin", "validFrom", "validUntil", "lastSeenAt", "loginCount", status, "bandwidthDown", "bandwidthUp", "sessionTimeout", "dataLimitMB", "groupName", "planId", "createdAt", "updatedAt") FROM stdin;
\.


--
-- TOC entry 8142 (class 0 OID 18539)
-- Dependencies: 383
-- Data for Name: RadiusNAS; Type: TABLE DATA; Schema: public; Owner: -
--

COPY public."RadiusNAS" (id, "tenantId", "propertyId", name, shortname, "ipAddress", type, ports, secret, server, community, description, "coaEnabled", "coaPort", "authPort", "acctPort", status, "lastSeenAt", "lastWentOnlineAt", "lastWentOfflineAt", "totalAuths", "totalAccts", "createdAt", "updatedAt") FROM stdin;
f9b16faf-924e-4a7d-b59f-74fd186ad2dd	444017d5-e022-4c5f-ac07-ea0d51f4609b	281fde73-7836-4511-b644-91f3663d8fcd	MikroTik Router - Main	mikrotik-main	10.0.1.1	mikrotik	1812	nas_secret_mikrotik_1	\N	public_ro	Main MikroTik CCR2004 router handling guest and staff VLANs.	t	3799	1812	1813	active	2026-05-05 08:15:37.838+00	\N	\N	4523	38910	2026-05-05 08:16:37.866+00	2026-05-05 08:16:37.866+00
d9f2c415-dcbe-41a5-a45a-680ce41a568f	444017d5-e022-4c5f-ac07-ea0d51f4609b	281fde73-7836-4511-b644-91f3663d8fcd	Aruba Controller - Conference	aruba-conf	10.0.1.2	aruba	1812	nas_secret_aruba_1	\N	public_ro	Aruba 7008 controller for conference and event spaces.	t	3799	1812	1813	active	2026-05-05 08:13:37.838+00	\N	\N	1247	8564	2026-05-05 08:16:37.866+00	2026-05-05 08:16:37.866+00
84fb601c-23fe-4dad-9078-157dbbc139ae	444017d5-e022-4c5f-ac07-ea0d51f4609b	281fde73-7836-4511-b644-91f3663d8fcd	Cryptsk Gateway (Multimode)	cryptsk-local	127.0.0.1	cryptsk	1812	localkey	\N	\N	Built-in Cryptsk gateway for multimode operation. Uses Cryptsk VSA (Vendor ID 64179). This system entry cannot be deleted.	t	3799	1812	1813	active	2026-05-05 08:34:03.043396+00	2026-05-05 08:18:03.712952+00	\N	12480	95200	2026-05-05 08:16:37.866+00	2026-05-05 08:16:37.866+00
\.


--
-- TOC entry 8143 (class 0 OID 18555)
-- Dependencies: 384
-- Data for Name: RadiusProvisioningLog; Type: TABLE DATA; Schema: public; Owner: -
--

COPY public."RadiusProvisioningLog" (id, "propertyId", action, username, "guestId", "bookingId", "userId", result, details, error, "durationMs", "timestamp") FROM stdin;
\.


--
-- TOC entry 8144 (class 0 OID 18563)
-- Dependencies: 385
-- Data for Name: RadiusServerConfig; Type: TABLE DATA; Schema: public; Owner: -
--

COPY public."RadiusServerConfig" (id, "tenantId", "propertyId", "serverIp", "serverHostname", "authPort", "acctPort", "coaPort", "listenAllInterfaces", "bindAddress", "maxAuthWait", "maxAcctWait", "cleanupSessions", "sessionCleanupInterval", "logAuth", "logAuthBadpass", "logAuthGoodpass", "logDestination", "logLevel", status, "createdAt", "updatedAt", "interimUpdateInterval", "dataCapAction", "dataCapThrottleRate", "macAuthEnabled", "macAuthBypassPortal", "portalWhitelistEnabled", "concurrentSessionAction") FROM stdin;
ceac369a-8dca-4783-8e9b-1857c480e9b2	444017d5-e022-4c5f-ac07-ea0d51f4609b	281fde73-7836-4511-b644-91f3663d8fcd	127.0.0.1	radius.royalstay.local	1812	1813	3799	t	0.0.0.0	30	30	t	3600	t	f	f	files	info	active	2026-05-05 08:16:37.871+00	2026-05-05 08:16:37.871+00	60	disconnect	1M/1M	f	t	f	reject
\.


--
-- TOC entry 8125 (class 0 OID 18350)
-- Dependencies: 366
-- Data for Name: RateLimitRule; Type: TABLE DATA; Schema: public; Owner: -
--

COPY public."RateLimitRule" (id, "tenantId", "propertyId", name, "targetIp", "targetSet", "downloadRate", "uploadRate", protocol, enabled, comment, "createdAt", "updatedAt") FROM stdin;
\.


--
-- TOC entry 8151 (class 0 OID 18634)
-- Dependencies: 392
-- Data for Name: RatePlan; Type: TABLE DATA; Schema: public; Owner: -
--

COPY public."RatePlan" (id, "tenantId", "roomTypeId", name, code, description, "basePrice", currency, "mealPlan", "minStay", "maxStay", "advanceBookingDays", "cancellationPolicy", "cancellationHours", "bookingStartDays", "bookingEndDays", "promoCode", "discountPercent", "discountAmount", "promoStart", "promoEnd", status, "derivedFromId", "derivationType", "derivationValue", "createdAt", "updatedAt", "deletedAt") FROM stdin;
78bb50d4-0774-4706-bdb0-7b217f01fcf5	444017d5-e022-4c5f-ac07-ea0d51f4609b	4d5269a2-63ad-48e7-8683-4b0efca11567	Best Available Rate	BAR	Flexible rate with free cancellation	3500	INR	room_only	1	\N	\N	moderate	\N	\N	\N	\N	\N	\N	\N	\N	active	\N	\N	\N	2026-05-05 08:16:37.604+00	2026-05-05 08:16:37.604+00	\N
495aa159-3b9a-4ce4-ae2f-314d2c1efb18	444017d5-e022-4c5f-ac07-ea0d51f4609b	4d5269a2-63ad-48e7-8683-4b0efca11567	Non-Refundable	NRF	Discounted non-refundable rate	2975	INR	room_only	1	\N	\N	non_refundable	\N	\N	\N	\N	\N	\N	\N	\N	active	\N	\N	\N	2026-05-05 08:16:37.604+00	2026-05-05 08:16:37.604+00	\N
a5713c72-404c-4d78-b706-98bdcfbbb7e8	444017d5-e022-4c5f-ac07-ea0d51f4609b	4d5269a2-63ad-48e7-8683-4b0efca11567	Bed & Breakfast	BB	Room with daily breakfast	4200	INR	breakfast	1	\N	\N	moderate	\N	\N	\N	\N	\N	\N	\N	\N	active	\N	\N	\N	2026-05-05 08:16:37.604+00	2026-05-05 08:16:37.604+00	\N
1a5c7379-c2c0-4b39-9bd5-3e363a554090	444017d5-e022-4c5f-ac07-ea0d51f4609b	1aac4388-0d87-43da-a0bf-984fe39e5bcf	Best Available Rate	BAR	Flexible rate	5500	INR	room_only	1	\N	\N	moderate	\N	\N	\N	\N	\N	\N	\N	\N	active	\N	\N	\N	2026-05-05 08:16:37.604+00	2026-05-05 08:16:37.604+00	\N
2543fd1a-a816-4001-a28d-f50562d816fa	444017d5-e022-4c5f-ac07-ea0d51f4609b	1aac4388-0d87-43da-a0bf-984fe39e5bcf	Non-Refundable	NRF	Discounted rate	4675	INR	room_only	2	\N	\N	non_refundable	\N	\N	\N	\N	\N	\N	\N	\N	active	\N	\N	\N	2026-05-05 08:16:37.604+00	2026-05-05 08:16:37.604+00	\N
b2f7bd51-c4c8-44ff-8c8d-5c408a11b54b	444017d5-e022-4c5f-ac07-ea0d51f4609b	22f53ea5-00fb-4b29-9dc6-a7834cc6b481	Best Available Rate	BAR	Flexible rate with lounge access	12000	INR	room_only	2	\N	\N	flexible	\N	\N	\N	\N	\N	\N	\N	\N	active	\N	\N	\N	2026-05-05 08:16:37.604+00	2026-05-05 08:16:37.604+00	\N
0b8c120c-694e-4ae7-b375-d9871b61d280	444017d5-e022-4c5f-ac07-ea0d51f4609b	bd3a1ffd-24b8-4185-b350-6bdae97bc426	Presidential Package	PRES	All-inclusive luxury experience	35000	INR	full_board	2	\N	\N	flexible	\N	\N	\N	\N	\N	\N	\N	\N	active	\N	\N	\N	2026-05-05 08:16:37.604+00	2026-05-05 08:16:37.604+00	\N
\.


--
-- TOC entry 8234 (class 0 OID 19667)
-- Dependencies: 475
-- Data for Name: Recipe; Type: TABLE DATA; Schema: public; Owner: -
--

COPY public."Recipe" (id, "tenantId", "menuItemId", instructions, "prepTime", "cookTime", yield, "costPerServing", "createdAt", "updatedAt", "deletedAt") FROM stdin;
\.


--
-- TOC entry 8235 (class 0 OID 19679)
-- Dependencies: 476
-- Data for Name: RecipeIngredient; Type: TABLE DATA; Schema: public; Owner: -
--

COPY public."RecipeIngredient" (id, "tenantId", "recipeId", name, quantity, unit, "costPerUnit", "sortOrder", "createdAt", "updatedAt") FROM stdin;
\.


--
-- TOC entry 8152 (class 0 OID 18646)
-- Dependencies: 393
-- Data for Name: Reconciliation; Type: TABLE DATA; Schema: public; Owner: -
--

COPY public."Reconciliation" (id, "tenantId", "bankAccountId", "bankTransactionId", "paymentId", "folioId", "matchType", "matchConfidence", "matchCriteria", status, "reconciledAmount", "adjustmentAmount", "adjustmentReason", "reconciledBy", "reconciledAt", notes, "createdAt", "updatedAt") FROM stdin;
bad93aa4-5cad-4bec-8d7a-cc5946540d46	444017d5-e022-4c5f-ac07-ea0d51f4609b	b5ea5c1c-7715-4eaf-b2a0-2a5bb798601c	4389d8d8-298b-4901-94f4-4c0420a57971	c5c45224-4b94-4684-b5e5-7ae81c90d63d	6562be0c-1585-4355-8c48-96dc8368240e	auto	0.95	{"amount":true,"date":true}	matched	17990	0	\N	user-1	2026-05-05 08:16:37.708+00	\N	2026-05-05 08:16:37.708+00	2026-05-05 08:16:37.708+00
d729aaba-05db-4bc3-ae81-5a99d5ea2293	444017d5-e022-4c5f-ac07-ea0d51f4609b	b5ea5c1c-7715-4eaf-b2a0-2a5bb798601c	9b5402e7-6780-419c-9d72-0085f7ff3bd0	49ab5380-a172-4b5b-a0f2-2bad405a7d33	31b2dc91-a684-4dfa-af6a-fc948051da24	auto	0.92	{"amount":true,"name":true}	matched	55000	0	\N	user-1	2026-05-05 08:16:37.708+00	\N	2026-05-05 08:16:37.708+00	2026-05-05 08:16:37.708+00
d9015c40-bed5-4679-8db4-ab9b21c72274	444017d5-e022-4c5f-ac07-ea0d51f4609b	b5ea5c1c-7715-4eaf-b2a0-2a5bb798601c	256b0ebb-b778-44a8-bf55-b33541cbf9be	\N	\N	manual	0.88	{"amount":true,"vendor":true}	matched	45000	0	Vendor payment matched to purchase order PO-001	user-1	2026-05-05 08:16:37.708+00	\N	2026-05-05 08:16:37.708+00	2026-05-05 08:16:37.708+00
45001470-d9df-41ca-a4a7-5ab6e3ef5ff1	444017d5-e022-4c5f-ac07-ea0d51f4609b	b5ea5c1c-7715-4eaf-b2a0-2a5bb798601c	bb7f1a5f-c487-436e-a726-17334fbc9219	\N	\N	manual	0.85	{}	matched	32000	0	\N	user-1	2026-05-05 08:16:37.708+00	GST quarterly advance payment	2026-05-05 08:16:37.708+00	2026-05-05 08:16:37.708+00
\.


--
-- TOC entry 8153 (class 0 OID 18659)
-- Dependencies: 394
-- Data for Name: RegistrationCard; Type: TABLE DATA; Schema: public; Owner: -
--

COPY public."RegistrationCard" (id, "tenantId", "propertyId", "bookingId", "guestId", "cardNumber", "checkInDate", "checkOutDate", "roomNumber", "roomType", "guestName", "guestNationality", "guestIdType", "guestIdNumber", "guestAddress", "guestPhone", "guestEmail", purpose, "vehiclePlate", companions, "specialRequests", "termsAccepted", "acceptedAt", "printedAt", "printedBy", "createdAt", "updatedAt") FROM stdin;
\.


--
-- TOC entry 8248 (class 0 OID 19821)
-- Dependencies: 489
-- Data for Name: RegistrationPlan; Type: TABLE DATA; Schema: public; Owner: -
--

COPY public."RegistrationPlan" (id, name, "displayName", description, price, currency, "maxProperties", "maxRoomsPerProperty", "maxUsers", "maxStaff", features, "sortOrder", "isActive", highlighted, "trialDays", "createdAt", "updatedAt") FROM stdin;
\.


--
-- TOC entry 8154 (class 0 OID 18669)
-- Dependencies: 395
-- Data for Name: ReportCache; Type: TABLE DATA; Schema: public; Owner: -
--

COPY public."ReportCache" (id, "tenantId", "reportType", "periodStart", "periodEnd", data, "generatedAt", "expiresAt") FROM stdin;
\.


--
-- TOC entry 8155 (class 0 OID 18677)
-- Dependencies: 396
-- Data for Name: ReportHistory; Type: TABLE DATA; Schema: public; Owner: -
--

COPY public."ReportHistory" (id, "tenantId", "scheduledReportId", name, type, format, "generatedAt", "generatedBy", "periodStart", "periodEnd", "fileUrl", "fileSize", status, "errorMessage", "recipientCount", "sentAt", metadata) FROM stdin;
\.


--
-- TOC entry 8156 (class 0 OID 18689)
-- Dependencies: 397
-- Data for Name: Reservation; Type: TABLE DATA; Schema: public; Owner: -
--

COPY public."Reservation" (id, "propertyId", "tableId", "guestId", "guestName", "guestPhone", "guestEmail", "partySize", date, "time", duration, "specialRequests", occasion, status, source, notes, "seatedAt", "completedAt", "cancelledAt", "createdAt", "updatedAt", "deletedAt") FROM stdin;
\.


--
-- TOC entry 8157 (class 0 OID 18700)
-- Dependencies: 398
-- Data for Name: RestaurantTable; Type: TABLE DATA; Schema: public; Owner: -
--

COPY public."RestaurantTable" (id, "propertyId", number, name, capacity, area, floor, "posX", "posY", width, height, status, "createdAt", "updatedAt", shape) FROM stdin;
8d1edcb0-55cf-45a8-92da-443380e3f104	281fde73-7836-4511-b644-91f3663d8fcd	T1	Window Seat	2	indoor	1	\N	\N	\N	\N	available	2026-05-05 08:16:37.615+00	2026-05-05 08:16:37.615+00	round
340cae62-3f58-4acf-a8c5-8e3b111f8feb	281fde73-7836-4511-b644-91f3663d8fcd	T2	Window Seat	2	indoor	1	\N	\N	\N	\N	occupied	2026-05-05 08:16:37.615+00	2026-05-05 08:16:37.615+00	round
0dbc8f71-f159-45b4-8a3b-3f9d9ea7a1f2	281fde73-7836-4511-b644-91f3663d8fcd	T3	\N	4	indoor	1	\N	\N	\N	\N	available	2026-05-05 08:16:37.615+00	2026-05-05 08:16:37.615+00	round
d0a0c565-794d-4fe8-b842-5d16a78c324a	281fde73-7836-4511-b644-91f3663d8fcd	T4	\N	4	indoor	1	\N	\N	\N	\N	reserved	2026-05-05 08:16:37.615+00	2026-05-05 08:16:37.615+00	round
9b7fd402-b70a-4f03-8954-790cf52b1139	281fde73-7836-4511-b644-91f3663d8fcd	T5	\N	6	indoor	1	\N	\N	\N	\N	available	2026-05-05 08:16:37.615+00	2026-05-05 08:16:37.615+00	round
3b50dea6-9b2e-4147-8d9d-bf1f83c4c216	281fde73-7836-4511-b644-91f3663d8fcd	T6	\N	4	patio	1	\N	\N	\N	\N	available	2026-05-05 08:16:37.615+00	2026-05-05 08:16:37.615+00	round
06ef7100-84ef-45fe-89e2-88b940733a4e	281fde73-7836-4511-b644-91f3663d8fcd	T7	\N	4	patio	1	\N	\N	\N	\N	occupied	2026-05-05 08:16:37.615+00	2026-05-05 08:16:37.615+00	round
5c231023-f4f5-4bc6-aa0d-80b8e1688846	281fde73-7836-4511-b644-91f3663d8fcd	T8	VIP Room	8	vip	2	\N	\N	\N	\N	available	2026-05-05 08:16:37.615+00	2026-05-05 08:16:37.615+00	round
43c993af-b363-4998-995b-82e9ecead3da	281fde73-7836-4511-b644-91f3663d8fcd	T9	\N	6	bar	1	\N	\N	\N	\N	cleaning	2026-05-05 08:16:37.615+00	2026-05-05 08:16:37.615+00	round
7b0e3baf-89fe-4119-9759-c69a5d17023a	281fde73-7836-4511-b644-91f3663d8fcd	T10	\N	2	bar	1	\N	\N	\N	\N	available	2026-05-05 08:16:37.615+00	2026-05-05 08:16:37.615+00	round
\.


--
-- TOC entry 8158 (class 0 OID 18712)
-- Dependencies: 399
-- Data for Name: Role; Type: TABLE DATA; Schema: public; Owner: -
--

COPY public."Role" (id, "tenantId", name, "displayName", description, permissions, "isSystem", "createdAt", "updatedAt") FROM stdin;
510daaa7-e3c1-439b-b779-95494e12b7b9	444017d5-e022-4c5f-ac07-ea0d51f4609b	admin	Administrator	Full system access - can do everything	["*"]	t	2026-05-05 08:16:36.979+00	2026-05-05 08:16:36.979+00
5421478b-83fe-42fd-9e6e-871cc97d4830	444017d5-e022-4c5f-ac07-ea0d51f4609b	manager	Manager	Operations and reports access	["dashboard.*","bookings.*","guests.*","rooms.view","rooms.update","housekeeping.view","billing.view","billing.create","reports.*","wifi.*","frontdesk.*","settings.read","notifications.view","inventory.view","experience.view"]	t	2026-05-05 08:16:36.979+00	2026-05-05 08:16:36.979+00
4f796e3a-1a36-41d3-a9a0-5231e5425136	444017d5-e022-4c5f-ac07-ea0d51f4609b	front_desk	Front Desk	Front desk operations - check-in, check-out, bookings	["dashboard.operations","bookings.view","bookings.create","bookings.update","guests.view","guests.create","guests.update","rooms.view","frontdesk.*","billing.view","billing.create","experience.view","communication.chat"]	t	2026-05-05 08:16:36.979+00	2026-05-05 08:16:36.979+00
0b9b2d1f-8ac4-40f0-905b-9403b353f2d6	444017d5-e022-4c5f-ac07-ea0d51f4609b	housekeeping	Housekeeping	Housekeeping operations - rooms, tasks, maintenance	["dashboard.housekeeping","rooms.view","rooms.update_status","tasks.*","housekeeping.*","maintenance.view","maintenance.create","assets.view"]	t	2026-05-05 08:16:36.979+00	2026-05-05 08:16:36.979+00
4881a555-67a2-497d-9624-04b7c92196b8	1afa10da-6737-4bbe-b30c-e2b76eedd4d5	admin	Administrator	Full system access	["*"]	t	2026-05-05 08:16:37.574+00	2026-05-05 08:16:37.574+00
1d4d8af5-debb-47b4-8801-2771286d3aad	1afa10da-6737-4bbe-b30c-e2b76eedd4d5	manager	General Manager	Operations and reports	["dashboard.*","bookings.*","guests.*","rooms.view","rooms.update","housekeeping.view","billing.*","reports.*","frontdesk.*","settings.view","notifications.view","inventory.view"]	t	2026-05-05 08:16:37.574+00	2026-05-05 08:16:37.574+00
13da5014-aec8-4cd7-a8cc-4a985a651454	1afa10da-6737-4bbe-b30c-e2b76eedd4d5	front_desk	Front Desk Agent	Front desk operations	["dashboard.operations","bookings.view","bookings.create","bookings.update","guests.view","guests.create","rooms.view","frontdesk.*","billing.view","communication.chat"]	t	2026-05-05 08:16:37.574+00	2026-05-05 08:16:37.574+00
\.


--
-- TOC entry 8159 (class 0 OID 18722)
-- Dependencies: 400
-- Data for Name: Room; Type: TABLE DATA; Schema: public; Owner: -
--

COPY public."Room" (id, "propertyId", "roomTypeId", number, name, floor, "isAccessible", "isSmoking", "hasBalcony", "hasSeaView", "hasMountainView", status, "smartRoomConfig", "digitalKeyEnabled", "digitalKeySecret", "housekeepingStatus", "lastCleanedAt", "lastInspectedAt", "inspectedBy", "hkPriority", "hkNotes", dnd, "currentTaskId", images, "createdAt", "updatedAt", "deletedAt") FROM stdin;
df952a5d-0ea8-49c6-9445-0de11983d19a	281fde73-7836-4511-b644-91f3663d8fcd	22f53ea5-00fb-4b29-9dc6-a7834cc6b481	801	Executive Suite 801	8	f	f	f	f	f	occupied	\N	t	\N	clean	\N	\N	\N	normal	\N	f	\N	[]	2026-05-05 08:16:37.58+00	2026-05-05 08:16:37.58+00	\N
ed3525fb-db41-4efe-bc14-f8d70265fcc5	281fde73-7836-4511-b644-91f3663d8fcd	1aac4388-0d87-43da-a0bf-984fe39e5bcf	510	Deluxe Room 510	5	f	f	f	f	f	available	\N	t	\N	clean	\N	\N	\N	normal	\N	f	\N	[]	2026-05-05 08:16:37.58+00	2026-05-05 08:16:37.58+00	\N
511c8197-5769-497c-9efc-293067ff0671	281fde73-7836-4511-b644-91f3663d8fcd	bd3a1ffd-24b8-4185-b350-6bdae97bc426	1002	Presidential Suite 1002	10	f	f	f	f	f	available	\N	t	\N	clean	\N	\N	\N	normal	\N	f	\N	[]	2026-05-05 08:16:37.58+00	2026-05-05 08:16:37.58+00	\N
2bd9e3e1-07f2-4535-ab58-5868a167f183	281fde73-7836-4511-b644-91f3663d8fcd	4d5269a2-63ad-48e7-8683-4b0efca11567	101	Standard Room 101	1	f	f	f	f	f	available	\N	t	\N	clean	\N	\N	\N	normal	\N	f	\N	[]	2026-05-05 08:16:37.58+00	2026-05-05 08:16:37.58+00	\N
9b1e3d48-842e-40bb-aa34-9f7ce7e0bb1f	281fde73-7836-4511-b644-91f3663d8fcd	4d5269a2-63ad-48e7-8683-4b0efca11567	104	Standard Room 104	1	f	f	f	f	f	available	\N	t	\N	clean	\N	\N	\N	normal	\N	f	\N	[]	2026-05-05 08:16:37.586+00	2026-05-05 08:16:37.586+00	\N
eac04ef0-3177-4587-9ee4-1dfe89e2e62d	281fde73-7836-4511-b644-91f3663d8fcd	4d5269a2-63ad-48e7-8683-4b0efca11567	105	Standard Room 105	1	f	f	f	f	f	maintenance	\N	t	\N	clean	\N	\N	\N	normal	\N	f	\N	[]	2026-05-05 08:16:37.586+00	2026-05-05 08:16:37.586+00	\N
7d05f400-f61c-4b1a-8f19-09ecc60008d8	281fde73-7836-4511-b644-91f3663d8fcd	4d5269a2-63ad-48e7-8683-4b0efca11567	106	Standard Room 106	1	f	f	f	f	f	available	\N	t	\N	clean	\N	\N	\N	normal	\N	f	\N	[]	2026-05-05 08:16:37.586+00	2026-05-05 08:16:37.586+00	\N
59797aff-1612-47ba-a411-e3ae368b2377	281fde73-7836-4511-b644-91f3663d8fcd	4d5269a2-63ad-48e7-8683-4b0efca11567	107	Standard Room 107	1	f	f	f	f	f	occupied	\N	t	\N	clean	\N	\N	\N	normal	\N	f	\N	[]	2026-05-05 08:16:37.586+00	2026-05-05 08:16:37.586+00	\N
92ff2041-f0d5-4891-93dd-ebaa882c7734	281fde73-7836-4511-b644-91f3663d8fcd	4d5269a2-63ad-48e7-8683-4b0efca11567	108	Standard Room 108	1	f	f	f	f	f	available	\N	t	\N	clean	\N	\N	\N	normal	\N	f	\N	[]	2026-05-05 08:16:37.586+00	2026-05-05 08:16:37.586+00	\N
3f89eede-ff1e-4ad4-b41b-61a26a365184	281fde73-7836-4511-b644-91f3663d8fcd	4d5269a2-63ad-48e7-8683-4b0efca11567	109	Standard Room 109	1	f	f	f	f	f	maintenance	\N	t	\N	clean	\N	\N	\N	normal	\N	f	\N	[]	2026-05-05 08:16:37.586+00	2026-05-05 08:16:37.586+00	\N
f79b5155-28cf-45ed-a888-7462ba123f22	281fde73-7836-4511-b644-91f3663d8fcd	4d5269a2-63ad-48e7-8683-4b0efca11567	110	Standard Room 110	1	f	f	f	f	f	available	\N	t	\N	clean	\N	\N	\N	normal	\N	f	\N	[]	2026-05-05 08:16:37.586+00	2026-05-05 08:16:37.586+00	\N
1933fd16-8eda-46ff-bd54-16e81da3a8e2	281fde73-7836-4511-b644-91f3663d8fcd	4d5269a2-63ad-48e7-8683-4b0efca11567	111	Standard Room 111	1	f	f	f	f	f	occupied	\N	t	\N	clean	\N	\N	\N	normal	\N	f	\N	[]	2026-05-05 08:16:37.586+00	2026-05-05 08:16:37.586+00	\N
67fc32f3-5a76-44ab-9071-1bbef744f173	281fde73-7836-4511-b644-91f3663d8fcd	4d5269a2-63ad-48e7-8683-4b0efca11567	112	Standard Room 112	2	f	f	f	f	f	available	\N	t	\N	clean	\N	\N	\N	normal	\N	f	\N	[]	2026-05-05 08:16:37.586+00	2026-05-05 08:16:37.586+00	\N
ac29a014-925c-4462-83f3-bab72f8fac86	281fde73-7836-4511-b644-91f3663d8fcd	4d5269a2-63ad-48e7-8683-4b0efca11567	113	Standard Room 113	2	f	f	f	f	f	occupied	\N	t	\N	clean	\N	\N	\N	normal	\N	f	\N	[]	2026-05-05 08:16:37.586+00	2026-05-05 08:16:37.586+00	\N
0bab9df0-a001-4572-bfcf-cba3cce19f77	281fde73-7836-4511-b644-91f3663d8fcd	4d5269a2-63ad-48e7-8683-4b0efca11567	114	Standard Room 114	2	f	f	f	f	f	available	\N	t	\N	clean	\N	\N	\N	normal	\N	f	\N	[]	2026-05-05 08:16:37.586+00	2026-05-05 08:16:37.586+00	\N
e9ccff09-153a-41c4-9449-f1347ed7cfa9	281fde73-7836-4511-b644-91f3663d8fcd	4d5269a2-63ad-48e7-8683-4b0efca11567	115	Standard Room 115	2	f	f	f	f	f	maintenance	\N	t	\N	clean	\N	\N	\N	normal	\N	f	\N	[]	2026-05-05 08:16:37.586+00	2026-05-05 08:16:37.586+00	\N
7323fb08-adf0-45f9-aca0-b628a52ebb5b	281fde73-7836-4511-b644-91f3663d8fcd	4d5269a2-63ad-48e7-8683-4b0efca11567	116	Standard Room 116	2	f	f	f	f	f	available	\N	t	\N	clean	\N	\N	\N	normal	\N	f	\N	[]	2026-05-05 08:16:37.586+00	2026-05-05 08:16:37.586+00	\N
f1caea02-1a8d-40d6-b3e5-cd25acc97bea	281fde73-7836-4511-b644-91f3663d8fcd	4d5269a2-63ad-48e7-8683-4b0efca11567	117	Standard Room 117	2	f	f	f	f	f	occupied	\N	t	\N	clean	\N	\N	\N	normal	\N	f	\N	[]	2026-05-05 08:16:37.586+00	2026-05-05 08:16:37.586+00	\N
b10c69cb-857a-4115-a3e1-e947ecf869aa	281fde73-7836-4511-b644-91f3663d8fcd	4d5269a2-63ad-48e7-8683-4b0efca11567	118	Standard Room 118	2	f	f	f	f	f	available	\N	t	\N	clean	\N	\N	\N	normal	\N	f	\N	[]	2026-05-05 08:16:37.586+00	2026-05-05 08:16:37.586+00	\N
28dcd75a-aa5c-4c08-8f4e-b53af993e278	281fde73-7836-4511-b644-91f3663d8fcd	4d5269a2-63ad-48e7-8683-4b0efca11567	119	Standard Room 119	2	f	f	f	f	f	maintenance	\N	t	\N	clean	\N	\N	\N	normal	\N	f	\N	[]	2026-05-05 08:16:37.586+00	2026-05-05 08:16:37.586+00	\N
29a0680d-2ef2-4a14-8db2-4e1193212724	281fde73-7836-4511-b644-91f3663d8fcd	4d5269a2-63ad-48e7-8683-4b0efca11567	120	Standard Room 120	2	f	f	f	f	f	available	\N	t	\N	clean	\N	\N	\N	normal	\N	f	\N	[]	2026-05-05 08:16:37.586+00	2026-05-05 08:16:37.586+00	\N
963e456e-ba9e-4915-adc0-9d15d95edfec	281fde73-7836-4511-b644-91f3663d8fcd	4d5269a2-63ad-48e7-8683-4b0efca11567	121	Standard Room 121	2	f	f	f	f	f	occupied	\N	t	\N	clean	\N	\N	\N	normal	\N	f	\N	[]	2026-05-05 08:16:37.586+00	2026-05-05 08:16:37.586+00	\N
bb2771d5-3556-4a20-837d-b2dfd3992dec	281fde73-7836-4511-b644-91f3663d8fcd	4d5269a2-63ad-48e7-8683-4b0efca11567	122	Standard Room 122	3	f	f	f	f	f	available	\N	t	\N	clean	\N	\N	\N	normal	\N	f	\N	[]	2026-05-05 08:16:37.586+00	2026-05-05 08:16:37.586+00	\N
651c4b08-dcfd-4dae-94e9-12a0dd281f30	281fde73-7836-4511-b644-91f3663d8fcd	4d5269a2-63ad-48e7-8683-4b0efca11567	123	Standard Room 123	3	f	f	f	f	f	occupied	\N	t	\N	clean	\N	\N	\N	normal	\N	f	\N	[]	2026-05-05 08:16:37.586+00	2026-05-05 08:16:37.586+00	\N
10e85751-88e7-44f1-bec7-6902b64f7e50	281fde73-7836-4511-b644-91f3663d8fcd	4d5269a2-63ad-48e7-8683-4b0efca11567	124	Standard Room 124	3	f	f	f	f	f	available	\N	t	\N	clean	\N	\N	\N	normal	\N	f	\N	[]	2026-05-05 08:16:37.586+00	2026-05-05 08:16:37.586+00	\N
1a910a3e-aa5c-459e-98fd-dfc2b7b9fd22	281fde73-7836-4511-b644-91f3663d8fcd	4d5269a2-63ad-48e7-8683-4b0efca11567	125	Standard Room 125	3	f	f	f	f	f	maintenance	\N	t	\N	clean	\N	\N	\N	normal	\N	f	\N	[]	2026-05-05 08:16:37.586+00	2026-05-05 08:16:37.586+00	\N
47b091ee-6c7d-4169-9571-0b83bd714748	281fde73-7836-4511-b644-91f3663d8fcd	4d5269a2-63ad-48e7-8683-4b0efca11567	126	Standard Room 126	3	f	f	f	f	f	available	\N	t	\N	clean	\N	\N	\N	normal	\N	f	\N	[]	2026-05-05 08:16:37.586+00	2026-05-05 08:16:37.586+00	\N
46fea306-8464-4a95-a7cf-9c377352d698	281fde73-7836-4511-b644-91f3663d8fcd	4d5269a2-63ad-48e7-8683-4b0efca11567	127	Standard Room 127	3	f	f	f	f	f	occupied	\N	t	\N	clean	\N	\N	\N	normal	\N	f	\N	[]	2026-05-05 08:16:37.586+00	2026-05-05 08:16:37.586+00	\N
1aa90f94-2f6b-4fe3-bba1-690c906690e1	281fde73-7836-4511-b644-91f3663d8fcd	4d5269a2-63ad-48e7-8683-4b0efca11567	128	Standard Room 128	3	f	f	f	f	f	available	\N	t	\N	clean	\N	\N	\N	normal	\N	f	\N	[]	2026-05-05 08:16:37.586+00	2026-05-05 08:16:37.586+00	\N
e1a42c96-f67d-4421-9996-9530075fcaa5	281fde73-7836-4511-b644-91f3663d8fcd	4d5269a2-63ad-48e7-8683-4b0efca11567	129	Standard Room 129	3	f	f	f	f	f	maintenance	\N	t	\N	clean	\N	\N	\N	normal	\N	f	\N	[]	2026-05-05 08:16:37.586+00	2026-05-05 08:16:37.586+00	\N
46d521d7-0291-4e55-8892-997eeaaf8858	281fde73-7836-4511-b644-91f3663d8fcd	4d5269a2-63ad-48e7-8683-4b0efca11567	130	Standard Room 130	3	f	f	f	f	f	available	\N	t	\N	clean	\N	\N	\N	normal	\N	f	\N	[]	2026-05-05 08:16:37.586+00	2026-05-05 08:16:37.586+00	\N
e154012b-3651-42ac-8783-89b7bfea7dab	281fde73-7836-4511-b644-91f3663d8fcd	4d5269a2-63ad-48e7-8683-4b0efca11567	131	Standard Room 131	3	f	f	f	f	f	occupied	\N	t	\N	clean	\N	\N	\N	normal	\N	f	\N	[]	2026-05-05 08:16:37.586+00	2026-05-05 08:16:37.586+00	\N
142c9846-bcb0-4f0c-a2a3-bdebdaf77d2f	281fde73-7836-4511-b644-91f3663d8fcd	4d5269a2-63ad-48e7-8683-4b0efca11567	132	Standard Room 132	4	f	f	f	f	f	available	\N	t	\N	clean	\N	\N	\N	normal	\N	f	\N	[]	2026-05-05 08:16:37.586+00	2026-05-05 08:16:37.586+00	\N
a20c1b2b-67b2-41d5-ace9-516573fd84d7	281fde73-7836-4511-b644-91f3663d8fcd	4d5269a2-63ad-48e7-8683-4b0efca11567	133	Standard Room 133	4	f	f	f	f	f	occupied	\N	t	\N	clean	\N	\N	\N	normal	\N	f	\N	[]	2026-05-05 08:16:37.586+00	2026-05-05 08:16:37.586+00	\N
44850901-a6cd-4e58-a9d9-e6b9d6e27747	281fde73-7836-4511-b644-91f3663d8fcd	4d5269a2-63ad-48e7-8683-4b0efca11567	134	Standard Room 134	4	f	f	f	f	f	available	\N	t	\N	clean	\N	\N	\N	normal	\N	f	\N	[]	2026-05-05 08:16:37.586+00	2026-05-05 08:16:37.586+00	\N
1cfd7d20-ea56-45fe-a321-0ef3c3b97c07	281fde73-7836-4511-b644-91f3663d8fcd	4d5269a2-63ad-48e7-8683-4b0efca11567	135	Standard Room 135	4	f	f	f	f	f	maintenance	\N	t	\N	clean	\N	\N	\N	normal	\N	f	\N	[]	2026-05-05 08:16:37.586+00	2026-05-05 08:16:37.586+00	\N
6d94de96-2ccd-4c40-9401-f10957c98305	281fde73-7836-4511-b644-91f3663d8fcd	4d5269a2-63ad-48e7-8683-4b0efca11567	136	Standard Room 136	4	f	f	f	f	f	available	\N	t	\N	clean	\N	\N	\N	normal	\N	f	\N	[]	2026-05-05 08:16:37.586+00	2026-05-05 08:16:37.586+00	\N
b80b05b8-f07d-45f9-a80c-59e04bdac9ad	281fde73-7836-4511-b644-91f3663d8fcd	4d5269a2-63ad-48e7-8683-4b0efca11567	137	Standard Room 137	4	f	f	f	f	f	occupied	\N	t	\N	clean	\N	\N	\N	normal	\N	f	\N	[]	2026-05-05 08:16:37.586+00	2026-05-05 08:16:37.586+00	\N
30919658-957b-48ff-b438-cd13d7de2a46	281fde73-7836-4511-b644-91f3663d8fcd	4d5269a2-63ad-48e7-8683-4b0efca11567	138	Standard Room 138	4	f	f	f	f	f	available	\N	t	\N	clean	\N	\N	\N	normal	\N	f	\N	[]	2026-05-05 08:16:37.586+00	2026-05-05 08:16:37.586+00	\N
4fd4a1a0-e1a0-4632-b606-83d9b9bc7a84	281fde73-7836-4511-b644-91f3663d8fcd	4d5269a2-63ad-48e7-8683-4b0efca11567	139	Standard Room 139	4	f	f	f	f	f	maintenance	\N	t	\N	clean	\N	\N	\N	normal	\N	f	\N	[]	2026-05-05 08:16:37.586+00	2026-05-05 08:16:37.586+00	\N
12fd351d-7635-4c9b-bc8b-65d9ce69134b	281fde73-7836-4511-b644-91f3663d8fcd	4d5269a2-63ad-48e7-8683-4b0efca11567	140	Standard Room 140	4	f	f	f	f	f	available	\N	t	\N	clean	\N	\N	\N	normal	\N	f	\N	[]	2026-05-05 08:16:37.586+00	2026-05-05 08:16:37.586+00	\N
4b351843-0050-4efe-b681-318db3b70b32	281fde73-7836-4511-b644-91f3663d8fcd	4d5269a2-63ad-48e7-8683-4b0efca11567	141	Standard Room 141	4	f	f	f	f	f	occupied	\N	t	\N	clean	\N	\N	\N	normal	\N	f	\N	[]	2026-05-05 08:16:37.586+00	2026-05-05 08:16:37.586+00	\N
22af23de-b3b2-41bf-a672-cc3d0f65d884	281fde73-7836-4511-b644-91f3663d8fcd	1aac4388-0d87-43da-a0bf-984fe39e5bcf	502	Deluxe Room 502	5	f	f	t	f	f	available	\N	t	\N	clean	\N	\N	\N	normal	\N	f	\N	[]	2026-05-05 08:16:37.586+00	2026-05-05 08:16:37.586+00	\N
04c84ddf-9530-4ee4-b8c3-14f217551686	281fde73-7836-4511-b644-91f3663d8fcd	1aac4388-0d87-43da-a0bf-984fe39e5bcf	503	Deluxe Room 503	5	f	f	t	f	f	available	\N	t	\N	clean	\N	\N	\N	normal	\N	f	\N	[]	2026-05-05 08:16:37.586+00	2026-05-05 08:16:37.586+00	\N
28ac506f-dcfc-4cb0-a330-40b20cb85734	281fde73-7836-4511-b644-91f3663d8fcd	1aac4388-0d87-43da-a0bf-984fe39e5bcf	504	Deluxe Room 504	5	f	f	t	f	f	available	\N	t	\N	clean	\N	\N	\N	normal	\N	f	\N	[]	2026-05-05 08:16:37.586+00	2026-05-05 08:16:37.586+00	\N
fa963414-5906-466f-8247-c080508d3716	281fde73-7836-4511-b644-91f3663d8fcd	4d5269a2-63ad-48e7-8683-4b0efca11567	305	Standard Room 305	3	f	f	f	f	f	occupied	\N	t	\N	dirty	\N	\N	\N	vip	\N	f	\N	[]	2026-05-05 08:16:37.58+00	2026-05-05 08:16:37.633+00	\N
55acdf17-79f9-4fa7-a65e-60e68bbb1a82	281fde73-7836-4511-b644-91f3663d8fcd	4d5269a2-63ad-48e7-8683-4b0efca11567	103	Standard Room 103	1	f	f	f	f	f	occupied	\N	t	\N	clean	\N	\N	\N	normal	\N	f	\N	[]	2026-05-05 08:16:37.586+00	2026-05-05 08:16:37.634+00	\N
3330f9c6-2345-4db5-bc7f-4a8ca55afb8b	281fde73-7836-4511-b644-91f3663d8fcd	1aac4388-0d87-43da-a0bf-984fe39e5bcf	501	Deluxe Room 501	5	f	f	f	f	f	occupied	\N	t	\N	cleaning	\N	\N	\N	high	\N	f	\N	[]	2026-05-05 08:16:37.58+00	2026-05-05 08:16:37.634+00	\N
bbfa4abf-51f1-489d-8e67-f4870f70c70e	281fde73-7836-4511-b644-91f3663d8fcd	1aac4388-0d87-43da-a0bf-984fe39e5bcf	505	Deluxe Room 505	5	f	f	t	f	f	available	\N	t	\N	clean	\N	\N	\N	normal	\N	f	\N	[]	2026-05-05 08:16:37.586+00	2026-05-05 08:16:37.586+00	\N
658f75b6-be06-40ac-99e4-5c89e64b5cea	281fde73-7836-4511-b644-91f3663d8fcd	1aac4388-0d87-43da-a0bf-984fe39e5bcf	506	Deluxe Room 506	5	f	f	t	f	f	available	\N	t	\N	clean	\N	\N	\N	normal	\N	f	\N	[]	2026-05-05 08:16:37.586+00	2026-05-05 08:16:37.586+00	\N
cb45a695-db5a-4c9a-9097-fe308fb58e39	281fde73-7836-4511-b644-91f3663d8fcd	1aac4388-0d87-43da-a0bf-984fe39e5bcf	507	Deluxe Room 507	5	f	f	t	f	f	available	\N	t	\N	clean	\N	\N	\N	normal	\N	f	\N	[]	2026-05-05 08:16:37.586+00	2026-05-05 08:16:37.586+00	\N
6f497187-6c2d-4bdd-bcef-de6d5b13de80	281fde73-7836-4511-b644-91f3663d8fcd	1aac4388-0d87-43da-a0bf-984fe39e5bcf	508	Deluxe Room 508	5	f	f	t	f	f	available	\N	t	\N	clean	\N	\N	\N	normal	\N	f	\N	[]	2026-05-05 08:16:37.586+00	2026-05-05 08:16:37.586+00	\N
054d22bc-ce42-4eec-84fb-898c0a3a3ced	281fde73-7836-4511-b644-91f3663d8fcd	1aac4388-0d87-43da-a0bf-984fe39e5bcf	509	Deluxe Room 509	5	f	f	t	f	f	available	\N	t	\N	clean	\N	\N	\N	normal	\N	f	\N	[]	2026-05-05 08:16:37.586+00	2026-05-05 08:16:37.586+00	\N
eb11baca-16bd-4cb8-b4b2-8408692954d5	281fde73-7836-4511-b644-91f3663d8fcd	1aac4388-0d87-43da-a0bf-984fe39e5bcf	511	Deluxe Room 511	5	f	f	t	f	f	available	\N	t	\N	clean	\N	\N	\N	normal	\N	f	\N	[]	2026-05-05 08:16:37.586+00	2026-05-05 08:16:37.586+00	\N
9e816997-2f54-4716-9bd5-455d00df4a0c	281fde73-7836-4511-b644-91f3663d8fcd	1aac4388-0d87-43da-a0bf-984fe39e5bcf	512	Deluxe Room 512	5	f	f	t	f	f	available	\N	t	\N	clean	\N	\N	\N	normal	\N	f	\N	[]	2026-05-05 08:16:37.586+00	2026-05-05 08:16:37.586+00	\N
7b01b769-dcfc-48f9-a89c-54d6c33c88c5	281fde73-7836-4511-b644-91f3663d8fcd	1aac4388-0d87-43da-a0bf-984fe39e5bcf	513	Deluxe Room 513	6	f	f	t	f	f	available	\N	t	\N	clean	\N	\N	\N	normal	\N	f	\N	[]	2026-05-05 08:16:37.586+00	2026-05-05 08:16:37.586+00	\N
9e5f56c1-975f-4b63-a397-c89a52584719	281fde73-7836-4511-b644-91f3663d8fcd	1aac4388-0d87-43da-a0bf-984fe39e5bcf	514	Deluxe Room 514	6	f	f	t	f	f	available	\N	t	\N	clean	\N	\N	\N	normal	\N	f	\N	[]	2026-05-05 08:16:37.586+00	2026-05-05 08:16:37.586+00	\N
05a32361-5068-4c69-b006-6629e3cad200	281fde73-7836-4511-b644-91f3663d8fcd	1aac4388-0d87-43da-a0bf-984fe39e5bcf	515	Deluxe Room 515	6	f	f	t	f	f	available	\N	t	\N	clean	\N	\N	\N	normal	\N	f	\N	[]	2026-05-05 08:16:37.586+00	2026-05-05 08:16:37.586+00	\N
a7070013-5fe6-4b1e-b20d-8e9bd086f180	281fde73-7836-4511-b644-91f3663d8fcd	1aac4388-0d87-43da-a0bf-984fe39e5bcf	516	Deluxe Room 516	6	f	f	t	f	f	available	\N	t	\N	clean	\N	\N	\N	normal	\N	f	\N	[]	2026-05-05 08:16:37.586+00	2026-05-05 08:16:37.586+00	\N
9fac9c55-ada5-468c-87e4-efdfaf1dcb17	281fde73-7836-4511-b644-91f3663d8fcd	1aac4388-0d87-43da-a0bf-984fe39e5bcf	517	Deluxe Room 517	6	f	f	t	f	f	available	\N	t	\N	clean	\N	\N	\N	normal	\N	f	\N	[]	2026-05-05 08:16:37.586+00	2026-05-05 08:16:37.586+00	\N
70d5c81e-5c34-44c3-b028-c41866071b57	281fde73-7836-4511-b644-91f3663d8fcd	1aac4388-0d87-43da-a0bf-984fe39e5bcf	518	Deluxe Room 518	6	f	f	t	f	f	available	\N	t	\N	clean	\N	\N	\N	normal	\N	f	\N	[]	2026-05-05 08:16:37.586+00	2026-05-05 08:16:37.586+00	\N
cc36e13d-54f4-49a6-8e93-611ca14e5890	281fde73-7836-4511-b644-91f3663d8fcd	1aac4388-0d87-43da-a0bf-984fe39e5bcf	519	Deluxe Room 519	6	f	f	t	f	f	available	\N	t	\N	clean	\N	\N	\N	normal	\N	f	\N	[]	2026-05-05 08:16:37.586+00	2026-05-05 08:16:37.586+00	\N
1f1d1d8f-9b90-4dfd-aa70-8f856254b945	281fde73-7836-4511-b644-91f3663d8fcd	1aac4388-0d87-43da-a0bf-984fe39e5bcf	520	Deluxe Room 520	6	f	f	t	f	f	available	\N	t	\N	clean	\N	\N	\N	normal	\N	f	\N	[]	2026-05-05 08:16:37.586+00	2026-05-05 08:16:37.586+00	\N
5e741c3f-e135-45c1-8a7d-bcac5684a987	281fde73-7836-4511-b644-91f3663d8fcd	1aac4388-0d87-43da-a0bf-984fe39e5bcf	521	Deluxe Room 521	6	f	f	t	f	f	available	\N	t	\N	clean	\N	\N	\N	normal	\N	f	\N	[]	2026-05-05 08:16:37.586+00	2026-05-05 08:16:37.586+00	\N
1ce941b5-1909-4771-a93a-ecbcfb04cde7	281fde73-7836-4511-b644-91f3663d8fcd	1aac4388-0d87-43da-a0bf-984fe39e5bcf	522	Deluxe Room 522	6	f	f	t	f	f	available	\N	t	\N	clean	\N	\N	\N	normal	\N	f	\N	[]	2026-05-05 08:16:37.586+00	2026-05-05 08:16:37.586+00	\N
5c3d862e-b73e-4919-b9b4-350dda3ff088	281fde73-7836-4511-b644-91f3663d8fcd	1aac4388-0d87-43da-a0bf-984fe39e5bcf	523	Deluxe Room 523	6	f	f	t	f	f	available	\N	t	\N	clean	\N	\N	\N	normal	\N	f	\N	[]	2026-05-05 08:16:37.586+00	2026-05-05 08:16:37.586+00	\N
f9031700-c40e-4724-ac04-08586741fcd1	281fde73-7836-4511-b644-91f3663d8fcd	1aac4388-0d87-43da-a0bf-984fe39e5bcf	524	Deluxe Room 524	6	f	f	t	f	f	available	\N	t	\N	clean	\N	\N	\N	normal	\N	f	\N	[]	2026-05-05 08:16:37.586+00	2026-05-05 08:16:37.586+00	\N
b4c18eee-5d78-4e92-9afa-662eaeafc257	281fde73-7836-4511-b644-91f3663d8fcd	1aac4388-0d87-43da-a0bf-984fe39e5bcf	525	Deluxe Room 525	7	f	f	t	f	f	available	\N	t	\N	clean	\N	\N	\N	normal	\N	f	\N	[]	2026-05-05 08:16:37.586+00	2026-05-05 08:16:37.586+00	\N
5c5e93c8-d09c-45c7-8d77-b06423e5d20e	281fde73-7836-4511-b644-91f3663d8fcd	1aac4388-0d87-43da-a0bf-984fe39e5bcf	526	Deluxe Room 526	7	f	f	t	f	f	available	\N	t	\N	clean	\N	\N	\N	normal	\N	f	\N	[]	2026-05-05 08:16:37.586+00	2026-05-05 08:16:37.586+00	\N
469d5eea-8e43-4dd7-9a8d-f2bb05802bb0	281fde73-7836-4511-b644-91f3663d8fcd	1aac4388-0d87-43da-a0bf-984fe39e5bcf	527	Deluxe Room 527	7	f	f	t	f	f	available	\N	t	\N	clean	\N	\N	\N	normal	\N	f	\N	[]	2026-05-05 08:16:37.586+00	2026-05-05 08:16:37.586+00	\N
e9edd22b-1ac8-4e89-bd2f-c3019fa49b8f	281fde73-7836-4511-b644-91f3663d8fcd	1aac4388-0d87-43da-a0bf-984fe39e5bcf	528	Deluxe Room 528	7	f	f	t	f	f	available	\N	t	\N	clean	\N	\N	\N	normal	\N	f	\N	[]	2026-05-05 08:16:37.586+00	2026-05-05 08:16:37.586+00	\N
acefb186-d3c4-4b88-a5c0-96cdb317e279	281fde73-7836-4511-b644-91f3663d8fcd	1aac4388-0d87-43da-a0bf-984fe39e5bcf	529	Deluxe Room 529	7	f	f	t	f	f	available	\N	t	\N	clean	\N	\N	\N	normal	\N	f	\N	[]	2026-05-05 08:16:37.586+00	2026-05-05 08:16:37.586+00	\N
fd23e8c4-697d-4d84-b23a-09f7bec61025	281fde73-7836-4511-b644-91f3663d8fcd	1aac4388-0d87-43da-a0bf-984fe39e5bcf	530	Deluxe Room 530	7	f	f	t	f	f	available	\N	t	\N	clean	\N	\N	\N	normal	\N	f	\N	[]	2026-05-05 08:16:37.586+00	2026-05-05 08:16:37.586+00	\N
d7046a14-1645-4299-a8be-358382f02820	281fde73-7836-4511-b644-91f3663d8fcd	1aac4388-0d87-43da-a0bf-984fe39e5bcf	531	Deluxe Room 531	7	f	f	t	f	f	available	\N	t	\N	clean	\N	\N	\N	normal	\N	f	\N	[]	2026-05-05 08:16:37.586+00	2026-05-05 08:16:37.586+00	\N
6a8241f0-c269-4b75-a319-770a9ccd7be8	281fde73-7836-4511-b644-91f3663d8fcd	1aac4388-0d87-43da-a0bf-984fe39e5bcf	532	Deluxe Room 532	7	f	f	t	f	f	available	\N	t	\N	clean	\N	\N	\N	normal	\N	f	\N	[]	2026-05-05 08:16:37.586+00	2026-05-05 08:16:37.586+00	\N
27000284-1830-43fb-bcab-817d03871b12	281fde73-7836-4511-b644-91f3663d8fcd	1aac4388-0d87-43da-a0bf-984fe39e5bcf	533	Deluxe Room 533	7	f	f	t	f	f	available	\N	t	\N	clean	\N	\N	\N	normal	\N	f	\N	[]	2026-05-05 08:16:37.586+00	2026-05-05 08:16:37.586+00	\N
94e2c4ec-d808-435c-9726-b4f47de48b19	281fde73-7836-4511-b644-91f3663d8fcd	1aac4388-0d87-43da-a0bf-984fe39e5bcf	534	Deluxe Room 534	7	f	f	t	f	f	available	\N	t	\N	clean	\N	\N	\N	normal	\N	f	\N	[]	2026-05-05 08:16:37.586+00	2026-05-05 08:16:37.586+00	\N
1d54a877-0b6d-4349-a708-988b2577fce4	281fde73-7836-4511-b644-91f3663d8fcd	1aac4388-0d87-43da-a0bf-984fe39e5bcf	535	Deluxe Room 535	7	f	f	t	f	f	available	\N	t	\N	clean	\N	\N	\N	normal	\N	f	\N	[]	2026-05-05 08:16:37.586+00	2026-05-05 08:16:37.586+00	\N
1ba065dd-1ca4-4259-bc93-98abae34872b	281fde73-7836-4511-b644-91f3663d8fcd	1aac4388-0d87-43da-a0bf-984fe39e5bcf	536	Deluxe Room 536	7	f	f	t	f	f	available	\N	t	\N	clean	\N	\N	\N	normal	\N	f	\N	[]	2026-05-05 08:16:37.586+00	2026-05-05 08:16:37.586+00	\N
f305e01f-0d75-4f5d-b4a4-08dd973efeda	281fde73-7836-4511-b644-91f3663d8fcd	22f53ea5-00fb-4b29-9dc6-a7834cc6b481	802	Executive Suite 802	8	f	f	t	f	f	available	\N	t	\N	clean	\N	\N	\N	normal	\N	f	\N	[]	2026-05-05 08:16:37.586+00	2026-05-05 08:16:37.586+00	\N
6aeefa7d-ee39-410e-b2de-33bbad51e399	281fde73-7836-4511-b644-91f3663d8fcd	22f53ea5-00fb-4b29-9dc6-a7834cc6b481	803	Executive Suite 803	8	f	f	t	f	f	available	\N	t	\N	clean	\N	\N	\N	normal	\N	f	\N	[]	2026-05-05 08:16:37.586+00	2026-05-05 08:16:37.586+00	\N
1eddde50-f4e2-4d78-bf54-f7ecc6c11bc4	281fde73-7836-4511-b644-91f3663d8fcd	22f53ea5-00fb-4b29-9dc6-a7834cc6b481	804	Executive Suite 804	8	f	f	t	f	f	available	\N	t	\N	clean	\N	\N	\N	normal	\N	f	\N	[]	2026-05-05 08:16:37.586+00	2026-05-05 08:16:37.586+00	\N
e95c9a98-1486-42cd-8662-49172010b1be	281fde73-7836-4511-b644-91f3663d8fcd	22f53ea5-00fb-4b29-9dc6-a7834cc6b481	805	Executive Suite 805	8	f	f	t	f	f	available	\N	t	\N	clean	\N	\N	\N	normal	\N	f	\N	[]	2026-05-05 08:16:37.586+00	2026-05-05 08:16:37.586+00	\N
b59993e6-680d-4991-b670-7d87e8360a53	281fde73-7836-4511-b644-91f3663d8fcd	22f53ea5-00fb-4b29-9dc6-a7834cc6b481	806	Executive Suite 806	8	f	f	t	f	f	available	\N	t	\N	clean	\N	\N	\N	normal	\N	f	\N	[]	2026-05-05 08:16:37.586+00	2026-05-05 08:16:37.586+00	\N
f45bc4a6-1e27-4114-afc1-87ac340c2c55	281fde73-7836-4511-b644-91f3663d8fcd	22f53ea5-00fb-4b29-9dc6-a7834cc6b481	807	Executive Suite 807	8	f	f	t	f	f	available	\N	t	\N	clean	\N	\N	\N	normal	\N	f	\N	[]	2026-05-05 08:16:37.586+00	2026-05-05 08:16:37.586+00	\N
cd979504-5aed-4455-be13-ca6f0ba6b520	281fde73-7836-4511-b644-91f3663d8fcd	22f53ea5-00fb-4b29-9dc6-a7834cc6b481	808	Executive Suite 808	8	f	f	t	f	f	available	\N	t	\N	clean	\N	\N	\N	normal	\N	f	\N	[]	2026-05-05 08:16:37.586+00	2026-05-05 08:16:37.586+00	\N
29693692-8ca1-4a0e-8e21-e753d5ae8b5b	281fde73-7836-4511-b644-91f3663d8fcd	22f53ea5-00fb-4b29-9dc6-a7834cc6b481	809	Executive Suite 809	9	f	f	t	f	f	available	\N	t	\N	clean	\N	\N	\N	normal	\N	f	\N	[]	2026-05-05 08:16:37.586+00	2026-05-05 08:16:37.586+00	\N
48ff612e-5b1b-4f5a-9b36-b970fbeddd16	281fde73-7836-4511-b644-91f3663d8fcd	22f53ea5-00fb-4b29-9dc6-a7834cc6b481	810	Executive Suite 810	9	f	f	t	f	f	available	\N	t	\N	clean	\N	\N	\N	normal	\N	f	\N	[]	2026-05-05 08:16:37.586+00	2026-05-05 08:16:37.586+00	\N
90a95e0e-c233-4ed5-94cb-c42701593dca	281fde73-7836-4511-b644-91f3663d8fcd	22f53ea5-00fb-4b29-9dc6-a7834cc6b481	811	Executive Suite 811	9	f	f	t	f	f	available	\N	t	\N	clean	\N	\N	\N	normal	\N	f	\N	[]	2026-05-05 08:16:37.586+00	2026-05-05 08:16:37.586+00	\N
34a3e852-d1e6-4302-b500-72196fb9e2ca	281fde73-7836-4511-b644-91f3663d8fcd	22f53ea5-00fb-4b29-9dc6-a7834cc6b481	812	Executive Suite 812	9	f	f	t	f	f	available	\N	t	\N	clean	\N	\N	\N	normal	\N	f	\N	[]	2026-05-05 08:16:37.586+00	2026-05-05 08:16:37.586+00	\N
9cb2c5a4-b720-4ccd-86b6-1e4264a8e096	281fde73-7836-4511-b644-91f3663d8fcd	22f53ea5-00fb-4b29-9dc6-a7834cc6b481	813	Executive Suite 813	9	f	f	t	f	f	available	\N	t	\N	clean	\N	\N	\N	normal	\N	f	\N	[]	2026-05-05 08:16:37.586+00	2026-05-05 08:16:37.586+00	\N
a66af445-7703-45cd-af54-cb8654d99105	281fde73-7836-4511-b644-91f3663d8fcd	22f53ea5-00fb-4b29-9dc6-a7834cc6b481	814	Executive Suite 814	9	f	f	t	f	f	available	\N	t	\N	clean	\N	\N	\N	normal	\N	f	\N	[]	2026-05-05 08:16:37.586+00	2026-05-05 08:16:37.586+00	\N
d22a3ae6-09d1-45d1-ae61-5a202086ae1b	281fde73-7836-4511-b644-91f3663d8fcd	22f53ea5-00fb-4b29-9dc6-a7834cc6b481	815	Executive Suite 815	9	f	f	t	f	f	available	\N	t	\N	clean	\N	\N	\N	normal	\N	f	\N	[]	2026-05-05 08:16:37.586+00	2026-05-05 08:16:37.586+00	\N
1eee9d1a-37c2-4c49-ba59-6d271c036f7b	281fde73-7836-4511-b644-91f3663d8fcd	22f53ea5-00fb-4b29-9dc6-a7834cc6b481	816	Executive Suite 816	9	f	f	t	f	f	available	\N	t	\N	clean	\N	\N	\N	normal	\N	f	\N	[]	2026-05-05 08:16:37.586+00	2026-05-05 08:16:37.586+00	\N
3f4e539d-f262-44f7-8128-4f8371c06f9a	281fde73-7836-4511-b644-91f3663d8fcd	bd3a1ffd-24b8-4185-b350-6bdae97bc426	1001	Presidential Suite 1001	10	f	f	t	f	f	available	\N	t	\N	clean	\N	\N	\N	normal	\N	f	\N	[]	2026-05-05 08:16:37.586+00	2026-05-05 08:16:37.586+00	\N
8032ad67-0062-44aa-8b69-7309ff30fc52	281fde73-7836-4511-b644-91f3663d8fcd	bd3a1ffd-24b8-4185-b350-6bdae97bc426	1003	Presidential Suite 1003	10	f	f	t	f	f	available	\N	t	\N	clean	\N	\N	\N	normal	\N	f	\N	[]	2026-05-05 08:16:37.586+00	2026-05-05 08:16:37.586+00	\N
27075f59-a689-401a-8834-01366da35822	281fde73-7836-4511-b644-91f3663d8fcd	bd3a1ffd-24b8-4185-b350-6bdae97bc426	1004	Presidential Suite 1004	10	f	f	t	f	f	available	\N	t	\N	clean	\N	\N	\N	normal	\N	f	\N	[]	2026-05-05 08:16:37.586+00	2026-05-05 08:16:37.586+00	\N
9c05885e-e04c-4d0e-8792-7d79d3f5c4d7	281fde73-7836-4511-b644-91f3663d8fcd	bd3a1ffd-24b8-4185-b350-6bdae97bc426	1005	Presidential Suite 1005	10	f	f	t	f	f	available	\N	t	\N	clean	\N	\N	\N	normal	\N	f	\N	[]	2026-05-05 08:16:37.586+00	2026-05-05 08:16:37.586+00	\N
099d3527-9c08-4060-8813-fea8ca1553c7	281fde73-7836-4511-b644-91f3663d8fcd	4d5269a2-63ad-48e7-8683-4b0efca11567	102	Standard Room 102	1	f	f	f	f	f	available	\N	t	\N	cleaning	\N	\N	\N	normal	\N	f	\N	[]	2026-05-05 08:16:37.586+00	2026-05-05 08:16:37.632+00	\N
\.


--
-- TOC entry 8160 (class 0 OID 18742)
-- Dependencies: 401
-- Data for Name: RoomMoveLog; Type: TABLE DATA; Schema: public; Owner: -
--

COPY public."RoomMoveLog" (id, "tenantId", "propertyId", "bookingId", "guestId", "fromRoomId", "fromRoomNumber", "toRoomId", "toRoomNumber", reason, "movedBy", "previousRate", "newRate", "rateDifference", notes, "createdAt") FROM stdin;
\.


--
-- TOC entry 8161 (class 0 OID 18750)
-- Dependencies: 402
-- Data for Name: RoomType; Type: TABLE DATA; Schema: public; Owner: -
--

COPY public."RoomType" (id, "propertyId", name, code, description, "maxAdults", "maxChildren", "maxOccupancy", "sizeSqMeters", "sizeSqFeet", amenities, "basePrice", currency, images, "sortOrder", "totalRooms", "overbookingEnabled", "overbookingPercentage", "overbookingLimit", "wifiPlanId", status, "createdAt", "updatedAt", "deletedAt") FROM stdin;
4d5269a2-63ad-48e7-8683-4b0efca11567	281fde73-7836-4511-b644-91f3663d8fcd	Standard Room	STD	Comfortable room with essential amenities	2	1	3	25	\N	[]	3500	INR	[]	1	40	f	0	0	\N	active	2026-05-05 08:16:37.578+00	2026-05-05 08:16:37.578+00	\N
1aac4388-0d87-43da-a0bf-984fe39e5bcf	281fde73-7836-4511-b644-91f3663d8fcd	Deluxe Room	DLX	Spacious room with city views	2	2	4	35	\N	[]	5500	INR	[]	2	35	f	0	0	\N	active	2026-05-05 08:16:37.578+00	2026-05-05 08:16:37.578+00	\N
22f53ea5-00fb-4b29-9dc6-a7834cc6b481	281fde73-7836-4511-b644-91f3663d8fcd	Executive Suite	EXEC	Luxurious suite with separate living area	2	2	4	55	\N	[]	12000	INR	[]	3	25	f	0	0	\N	active	2026-05-05 08:16:37.578+00	2026-05-05 08:16:37.578+00	\N
bd3a1ffd-24b8-4185-b350-6bdae97bc426	281fde73-7836-4511-b644-91f3663d8fcd	Presidential Suite	PRES	Ultimate luxury with panoramic views	4	2	6	120	\N	[]	35000	INR	[]	4	5	f	0	0	\N	active	2026-05-05 08:16:37.578+00	2026-05-05 08:16:37.578+00	\N
629ed75e-0ec4-4289-a2ad-76e7548255af	600daed4-4d6a-4cb2-a07e-46bec7f4c43b	Mountain View Room	MTN	Cozy room with mountain views	2	1	3	28	\N	[]	4500	INR	[]	1	25	f	0	0	\N	active	2026-05-05 08:16:37.578+00	2026-05-05 08:16:37.578+00	\N
ead9ba39-c74e-4cbe-8357-db3d5a106c27	600daed4-4d6a-4cb2-a07e-46bec7f4c43b	Valley View Suite	VAL	Beautiful suite with valley views	2	2	4	45	\N	[]	8500	INR	[]	2	15	f	0	0	\N	active	2026-05-05 08:16:37.578+00	2026-05-05 08:16:37.578+00	\N
\.


--
-- TOC entry 8172 (class 0 OID 18889)
-- Dependencies: 413
-- Data for Name: SSOConnection; Type: TABLE DATA; Schema: public; Owner: -
--

COPY public."SSOConnection" (id, "tenantId", name, type, status, "samlEntityId", "samlSsoUrl", "samlSloUrl", "samlCertificate", "samlPrivateKey", "samlNameIdFormat", "samlSignRequest", "samlWantAssertionSigned", "ldapUrl", "ldapBaseDn", "ldapBindDn", "ldapBindPassword", "ldapSearchFilter", "ldapUseStartTls", "ldapUseSsl", "ldapTimeout", "oidcClientId", "oidcClientSecret", "oidcDiscoveryUrl", "oidcAuthorizationUrl", "oidcTokenUrl", "oidcUserInfoUrl", "oidcJwksUrl", "oidcScopes", "oidcUsePkce", "emailAttribute", "firstNameAttribute", "lastNameAttribute", "nameAttribute", "roleAttribute", "departmentAttribute", "phoneAttribute", "autoProvision", "autoProvisionRole", "syncRoles", "syncOnLogin", "allowedDomains", "lastSyncAt", "lastSyncStatus", "lastSyncError", "testConnectionAt", "testConnectionStatus", "createdAt", "updatedAt") FROM stdin;
2fa762c9-cbf6-45a9-a846-8de62cc2dc75	444017d5-e022-4c5f-ac07-ea0d51f4609b	Corporate SSO - Google Workspace	oidc	active	\N	\N	\N	\N	\N	urn:oasis:names:tc:SAML:1.1:nameid-format:emailAddress	t	t	\N	\N	\N	\N	(mail={email})	f	t	30	5d92e4c4-f97e-404a-8c15-1a9d39aa5e90	\N	https://accounts.google.com/.well-known/openid-configuration	\N	\N	\N	\N	openid profile email	t	email	givenName	sn	name	\N	\N	telephoneNumber	t	role-3	f	t	\N	2026-05-04 08:16:37.6+00	success	\N	2026-04-25 08:16:37.6+00	success	2026-05-05 08:16:37.757+00	2026-05-05 08:16:37.757+00
7c1551c5-d3c8-481d-8a88-8c5efa864b08	444017d5-e022-4c5f-ac07-ea0d51f4609b	Enterprise LDAP	ldap	testing	\N	\N	\N	\N	\N	urn:oasis:names:tc:SAML:1.1:nameid-format:emailAddress	t	t	ldaps://ldap.royalstay.in	dc=royalstay,dc=in	\N	\N	(mail={email})	f	t	30	\N	\N	\N	\N	\N	\N	\N	openid profile email	t	email	givenName	sn	name	\N	\N	telephoneNumber	t	\N	f	t	\N	\N	error	Connection timeout	\N	failed	2026-05-05 08:16:37.757+00	2026-05-05 08:16:37.757+00
\.


--
-- TOC entry 8173 (class 0 OID 18915)
-- Dependencies: 414
-- Data for Name: SSOSession; Type: TABLE DATA; Schema: public; Owner: -
--

COPY public."SSOSession" (id, "connectionId", "userId", "ssoProviderId", attributes, "sessionId", "ipAddress", "userAgent", "initiatedAt", "authenticatedAt", "expiresAt", "terminatedAt", "terminatedReason", "createdAt", "updatedAt") FROM stdin;
\.


--
-- TOC entry 8162 (class 0 OID 18770)
-- Dependencies: 403
-- Data for Name: ScheduleAccess; Type: TABLE DATA; Schema: public; Owner: -
--

COPY public."ScheduleAccess" (id, "tenantId", "propertyId", name, "daysOfWeek", "startTime", "endTime", "downloadMbps", "uploadMbps", "applyTo", "applyToPlanId", "bandwidthPolicyId", action, description, enabled, "createdAt", "updatedAt") FROM stdin;
\.


--
-- TOC entry 8239 (class 0 OID 19720)
-- Dependencies: 480
-- Data for Name: ScheduledCharge; Type: TABLE DATA; Schema: public; Owner: -
--

COPY public."ScheduledCharge" (id, "tenantId", "propertyId", "folioId", "bookingId", "chargeType", description, category, amount, currency, frequency, "startDate", "endDate", "nextExecutionAt", "lastExecutedAt", "isActive", "maxAmount", "executedCount", "createdAt", "updatedAt") FROM stdin;
\.


--
-- TOC entry 8163 (class 0 OID 18786)
-- Dependencies: 404
-- Data for Name: ScheduledNotification; Type: TABLE DATA; Schema: public; Owner: -
--

COPY public."ScheduledNotification" (id, "tenantId", "templateId", "recipientType", "recipientId", "recipientEmail", "recipientPhone", channels, subject, body, data, "scheduledFor", status, "processedAt", "sentAt", "errorMessage", "retryCount", "maxRetries", "nextRetryAt", "createdAt", "updatedAt") FROM stdin;
607d81c1-abff-47a5-aba3-1bd0566b4c96	444017d5-e022-4c5f-ac07-ea0d51f4609b	\N	guest	c5e15b10-5464-4323-87b6-41d1eb95c39a	sneha.g@email.com	\N	["email", "whatsapp"]	Your Stay is Coming Up!	Dear Sneha, your stay at Royal Stay Kolkata is confirmed for tomorrow.	{}	2026-05-05 16:16:37.6+00	pending	\N	\N	\N	0	3	\N	2026-05-05 08:16:37.732+00	2026-05-05 08:16:37.732+00
5e029b52-4aab-4b82-aaf7-971a1c4d3314	444017d5-e022-4c5f-ac07-ea0d51f4609b	\N	guest	df87b649-707f-402a-9198-75a06d22ed63	vikram.s@email.com	\N	["email"]	Exclusive Suite Upgrade Offer	Dear Vikram, upgrade to our Executive Suite for just INR 3000 more!	{}	2026-05-05 18:16:37.6+00	pending	\N	\N	\N	0	3	\N	2026-05-05 08:16:37.732+00	2026-05-05 08:16:37.732+00
6d142ecf-21ff-4f89-8c7d-767d6baa2ea1	444017d5-e022-4c5f-ac07-ea0d51f4609b	\N	guest	18349da2-1713-42c0-bad9-67856cc58d26	rina.c@email.com	\N	["email", "push"]	Thank You for Your Stay	Dear Rina, thank you for staying with us. We hope you enjoyed your time at Royal Stay Kolkata.	{}	2026-05-07 08:16:37.6+00	pending	\N	\N	\N	0	3	\N	2026-05-05 08:16:37.732+00	2026-05-05 08:16:37.732+00
1ba720c6-4eef-49ce-b903-bd2ad6e8bdd0	444017d5-e022-4c5f-ac07-ea0d51f4609b	\N	guest	cb127462-1b96-4e37-8f78-65bbd0493ee1	amit.m@email.com	\N	["email", "whatsapp"]	Checkout Reminder	Dear Amit, your checkout is tomorrow at 11:00 AM. Express checkout available.	{}	2026-05-06 04:16:37.6+00	pending	\N	\N	\N	0	3	\N	2026-05-05 08:16:37.732+00	2026-05-05 08:16:37.732+00
212b8f27-52da-453c-b324-afdf3e2885e6	444017d5-e022-4c5f-ac07-ea0d51f4609b	\N	guest	0dae0b8b-173a-4819-8a5e-7ff3be5c81d5	rahul.b@email.com	\N	["email", "whatsapp", "push"]	Loyalty Points Update	Dear Rahul, you have earned 500 loyalty points from your recent stay!	{}	2026-05-06 08:16:37.6+00	pending	\N	\N	\N	0	3	\N	2026-05-05 08:16:37.732+00	2026-05-05 08:16:37.732+00
\.


--
-- TOC entry 8164 (class 0 OID 18799)
-- Dependencies: 405
-- Data for Name: ScheduledReport; Type: TABLE DATA; Schema: public; Owner: -
--

COPY public."ScheduledReport" (id, "tenantId", name, type, frequency, "dayOfWeek", "dayOfMonth", "time", recipients, format, "deliveryMethod", filters, "lastRunAt", "nextRunAt", "isActive", "createdAt", "updatedAt") FROM stdin;
\.


--
-- TOC entry 8165 (class 0 OID 18811)
-- Dependencies: 406
-- Data for Name: SecurityEvent; Type: TABLE DATA; Schema: public; Owner: -
--

COPY public."SecurityEvent" (id, "tenantId", "cameraId", type, severity, description, thumbnail, "recordingId", metadata, "timestamp", acknowledged, "acknowledgedAt", "acknowledgedBy", notes, "createdAt", "updatedAt") FROM stdin;
5793f13b-0e47-40c1-a954-f919003f9887	444017d5-e022-4c5f-ac07-ea0d51f4609b	1f925a16-8c72-48e4-ad28-65509c33e9e5	motion_detected	low	Motion detected at parking gate after midnight	\N	\N	{"duration":"15s","confidence":0.92}	2026-05-04 08:16:37.6+00	f	\N	\N	\N	2026-05-05 08:16:37.748+00	2026-05-05 08:16:37.748+00
8834fcdb-c401-490d-b6cb-b9592789000a	444017d5-e022-4c5f-ac07-ea0d51f4609b	1f925a16-8c72-48e4-ad28-65509c33e9e5	vehicle_entry	info	Vehicle entered parking - WB 12 AB 3456	\N	\N	{"plateNumber":"WB 12 AB 3456"}	2026-05-04 08:16:37.6+00	t	2026-05-04 08:21:37.6+00	user-1	\N	2026-05-05 08:16:37.748+00	2026-05-05 08:16:37.748+00
c573a2e1-88d0-4c45-88ea-1681554f0b9d	444017d5-e022-4c5f-ac07-ea0d51f4609b	87acea97-4ea9-4d94-80f2-d927cbb20aa5	unauthorized_access	high	Person detected in restricted area near fire exit	\N	\N	{"duration":"2m","confidence":0.87}	2026-05-02 08:16:37.6+00	f	\N	\N	\N	2026-05-05 08:16:37.748+00	2026-05-05 08:16:37.748+00
c18e7da2-a32f-4a59-a86a-55c4a4e01739	444017d5-e022-4c5f-ac07-ea0d51f4609b	78ed9fb5-40ca-42cc-b9d5-b3dc7168da79	camera_offline	medium	Camera went offline - possible connectivity issue	\N	\N	{}	2026-05-05 02:16:37.6+00	t	2026-05-05 03:16:37.6+00	user-1	Network cable checked, issue resolved	2026-05-05 08:16:37.748+00	2026-05-05 08:16:37.748+00
329842ad-d483-4a1a-96db-2552bf1ab480	444017d5-e022-4c5f-ac07-ea0d51f4609b	d673b2f1-b539-431a-a6cf-3e2c1e015179	motion_detected	low	Guest movement in corridor at 3 AM	\N	\N	{}	2026-05-04 20:16:37.6+00	f	\N	\N	\N	2026-05-05 08:16:37.748+00	2026-05-05 08:16:37.748+00
\.


--
-- TOC entry 8166 (class 0 OID 18823)
-- Dependencies: 407
-- Data for Name: SecurityIncident; Type: TABLE DATA; Schema: public; Owner: -
--

COPY public."SecurityIncident" (id, "tenantId", "propertyId", type, severity, title, description, location, "reportedBy", "assignedTo", "cameraId", status, resolution, "resolvedAt", "resolvedBy", "incidentDate", "createdAt", "updatedAt") FROM stdin;
b115b52f-7901-4643-a8d4-eca7a066ad22	444017d5-e022-4c5f-ac07-ea0d51f4609b	281fde73-7836-4511-b644-91f3663d8fcd	lost_key	low	Lost Room Key — Room 501	Guest reported losing their room keycard. A new keycard was issued and the old keycard was deactivated in the system. No unauthorized access detected.	Floor 5 — Room 501 corridor	user-2	b763e2df-7bf1-4de8-94f8-97a1f1e7a0ec	\N	resolved	New keycard issued. Old keycard deactivated. Security footage reviewed — no suspicious activity.	2026-05-05 06:16:37.984+00	user-1	2026-05-05 04:16:37.984+00	2026-05-05 08:16:37.985+00	2026-05-05 08:16:37.985+00
\.


--
-- TOC entry 8167 (class 0 OID 18834)
-- Dependencies: 408
-- Data for Name: SecuritySettings; Type: TABLE DATA; Schema: public; Owner: -
--

COPY public."SecuritySettings" (id, "tenantId", "maxConcurrentSessions", "sessionTimeoutMinutes", "passwordExpiryDays", "minPasswordLength", "requireUppercase", "requireLowercase", "requireNumbers", "requireSpecialChars", "enable2FA", "createdAt", "updatedAt") FROM stdin;
0f2408e5-db5d-4160-a80b-311344cb1752	444017d5-e022-4c5f-ac07-ea0d51f4609b	3	30	90	8	t	t	t	f	f	2026-05-05 08:16:37.691+00	2026-05-05 08:16:37.691+00
\.


--
-- TOC entry 8168 (class 0 OID 18849)
-- Dependencies: 409
-- Data for Name: SegmentMembership; Type: TABLE DATA; Schema: public; Owner: -
--

COPY public."SegmentMembership" (id, "segmentId", "guestId", "addedAt") FROM stdin;
\.


--
-- TOC entry 8169 (class 0 OID 18855)
-- Dependencies: 410
-- Data for Name: ServiceRequest; Type: TABLE DATA; Schema: public; Owner: -
--

COPY public."ServiceRequest" (id, "tenantId", "propertyId", "guestId", "bookingId", "roomId", type, category, subject, description, priority, "assignedTo", "assignedAt", status, "requestedAt", "startedAt", "completedAt", rating, feedback, source, "createdAt", "updatedAt") FROM stdin;
b4990c3d-b27a-43e8-800c-5d2a3773e8a0	444017d5-e022-4c5f-ac07-ea0d51f4609b	281fde73-7836-4511-b644-91f3663d8fcd	cb127462-1b96-4e37-8f78-65bbd0493ee1	b544cc77-46a6-4e53-921e-50db663eb482	3330f9c6-2345-4db5-bc7f-4a8ca55afb8b	housekeeping	amenities	Extra towels requested	We need 2 extra bath towels and 1 extra hand towel for room-501.	low	195d4b15-e4ba-4554-affa-01c53a43f883	2026-05-05 07:16:37.947+00	completed	2026-05-05 06:16:37.947+00	2026-05-05 06:46:37.947+00	2026-05-05 07:16:37.947+00	5	Very quick response, towels arrived within 15 minutes!	app	2026-05-05 08:16:37.948+00	2026-05-05 08:16:37.948+00
bc46280a-d7ec-4bb2-9e29-72040f9a52bf	444017d5-e022-4c5f-ac07-ea0d51f4609b	281fde73-7836-4511-b644-91f3663d8fcd	0dae0b8b-173a-4819-8a5e-7ff3be5c81d5	9b7a9397-91d2-4f9c-baf4-71123765747b	df952a5d-0ea8-49c6-9445-0de11983d19a	maintenance	room	Room maintenance - bathroom faucet dripping	The bathroom faucet in room-801 has a slow drip. It is keeping us awake at night. Please have maintenance look at it.	high	cc3b3483-ad7a-452a-b623-5465962c9678	2026-05-05 07:46:37.947+00	in_progress	2026-05-05 06:16:37.947+00	2026-05-05 07:16:37.947+00	\N	\N	\N	app	2026-05-05 08:16:37.948+00	2026-05-05 08:16:37.948+00
e67ebce6-bde6-4611-a943-4d4680338608	444017d5-e022-4c5f-ac07-ea0d51f4609b	281fde73-7836-4511-b644-91f3663d8fcd	df87b649-707f-402a-9198-75a06d22ed63	231b3af0-9522-447b-8135-8ec031dc66c1	511c8197-5769-497c-9efc-293067ff0671	frontdesk	checkout	Late checkout request	Would like to request a late checkout until 2:00 PM instead of 11:00 AM for our departure tomorrow.	medium	cc3b3483-ad7a-452a-b623-5465962c9678	2026-05-05 08:01:37.947+00	open	2026-05-05 07:46:37.947+00	\N	\N	\N	\N	app	2026-05-05 08:16:37.948+00	2026-05-05 08:16:37.948+00
\.


--
-- TOC entry 8170 (class 0 OID 18867)
-- Dependencies: 411
-- Data for Name: Session; Type: TABLE DATA; Schema: public; Owner: -
--

COPY public."Session" (id, "userId", token, "refreshToken", "userAgent", "ipAddress", "expiresAt", "lastActive", "createdAt") FROM stdin;
d51ac6e4-483f-4159-a265-8fc7e738fbb6	b763e2df-7bf1-4de8-94f8-97a1f1e7a0ec	f32b415bbf3269b32d2fb660ec77ced005bf2af13173c2f74e1fe2cc622947d4	8bf3d001fd561c3be22bcff50a061f548bdfcb55ffb2f050f8d6c86694804ce5	Mozilla/5.0 (Windows NT 10.0; Win64; x64) AppleWebKit/537.36 (KHTML, like Gecko) Chrome/147.0.0.0 Safari/537.36	21.0.0.1	2026-05-06 08:18:15.818+00	\N	2026-05-05 08:18:15.819+00
\.


--
-- TOC entry 8171 (class 0 OID 18875)
-- Dependencies: 412
-- Data for Name: ShiftTemplate; Type: TABLE DATA; Schema: public; Owner: -
--

COPY public."ShiftTemplate" (id, "tenantId", name, code, "startTime", "endTime", "breakMinutes", "shiftType", "activeDays", department, "minStaff", "maxStaff", color, "isActive", "createdAt", "updatedAt") FROM stdin;
a8da5248-cd3d-497d-afcc-86c9400b1672	444017d5-e022-4c5f-ac07-ea0d51f4609b	Morning Shift	MORNING	06:00	14:00	30	regular	[1,2,3,4,5,6,7]	Front Desk	2	4	#f59e0b	t	2026-05-05 08:16:37.713+00	2026-05-05 08:16:37.713+00
7fca1f39-f5c5-419e-9da3-c011783b79c2	444017d5-e022-4c5f-ac07-ea0d51f4609b	Afternoon Shift	AFTERNOON	14:00	22:00	30	regular	[1,2,3,4,5,6,7]	Front Desk	2	3	#0d9488	t	2026-05-05 08:16:37.713+00	2026-05-05 08:16:37.713+00
77602760-5281-4a60-a1be-1c6b50e8639f	444017d5-e022-4c5f-ac07-ea0d51f4609b	Night Shift	NIGHT	22:00	06:00	45	regular	[1,2,3,4,5,6,7]	Front Desk	1	2	#6366f1	t	2026-05-05 08:16:37.713+00	2026-05-05 08:16:37.713+00
250c4f00-74fb-409e-a04c-d0f08dd98cbf	444017d5-e022-4c5f-ac07-ea0d51f4609b	Housekeeping Morning	HK-MORNING	07:00	15:00	30	regular	[1,2,3,4,5,6]	Housekeeping	4	8	#10b981	t	2026-05-05 08:16:37.713+00	2026-05-05 08:16:37.713+00
7515c9d9-ac73-40dd-88cb-381aa517948f	444017d5-e022-4c5f-ac07-ea0d51f4609b	Housekeeping Afternoon	HK-AFTERNOON	15:00	23:00	30	regular	[1,2,3,4,5,6]	Housekeeping	2	4	#059669	t	2026-05-05 08:16:37.713+00	2026-05-05 08:16:37.713+00
\.


--
-- TOC entry 8174 (class 0 OID 18925)
-- Dependencies: 415
-- Data for Name: StaffAttendance; Type: TABLE DATA; Schema: public; Owner: -
--

COPY public."StaffAttendance" (id, "tenantId", "userId", date, status, "checkIn", "checkOut", "lateMinutes", "earlyLeaveMinutes", notes, "createdAt", "updatedAt") FROM stdin;
a52e8ce8-4f75-4f6f-8871-0ee129b6a200	444017d5-e022-4c5f-ac07-ea0d51f4609b	cc3b3483-ad7a-452a-b623-5465962c9678	2026-05-05 00:00:00+00	present	2026-05-05 06:00:00+00	\N	0	0	On time for morning shift	2026-05-05 08:16:37.962+00	2026-05-05 08:16:37.962+00
\.


--
-- TOC entry 8175 (class 0 OID 18936)
-- Dependencies: 416
-- Data for Name: StaffChannel; Type: TABLE DATA; Schema: public; Owner: -
--

COPY public."StaffChannel" (id, "tenantId", name, description, type, department, "createdBy", "isArchived", "lastMessageAt", "lastMessage", "createdAt", "updatedAt") FROM stdin;
a88c1dd3-4761-44ff-9eff-0ee5b581d774	444017d5-e022-4c5f-ac07-ea0d51f4609b	Front Desk	Front desk operations and coordination	department	Front Desk	b763e2df-7bf1-4de8-94f8-97a1f1e7a0ec	f	2026-05-05 08:01:37.682+00	VIP guest Rahul Banerjee just arrived.	2026-05-05 08:16:37.683+00	2026-05-05 08:16:37.683+00
c737bd42-a9d4-4441-8f2b-405eec33b963	444017d5-e022-4c5f-ac07-ea0d51f4609b	Maintenance Updates	Maintenance and work order updates	team	Maintenance	b763e2df-7bf1-4de8-94f8-97a1f1e7a0ec	f	2026-05-05 06:16:37.682+00	AC repair in room 801 is in progress.	2026-05-05 08:16:37.683+00	2026-05-05 08:16:37.683+00
cdd9cdee-a6fc-4167-afde-3991f5824880	444017d5-e022-4c5f-ac07-ea0d51f4609b	General Announcements	Hotel-wide announcements and updates	team	\N	b763e2df-7bf1-4de8-94f8-97a1f1e7a0ec	f	2026-05-04 08:16:37.682+00	Staff meeting tomorrow at 9 AM in the conference room.	2026-05-05 08:16:37.683+00	2026-05-05 08:16:37.683+00
\.


--
-- TOC entry 8176 (class 0 OID 18946)
-- Dependencies: 417
-- Data for Name: StaffChannelMember; Type: TABLE DATA; Schema: public; Owner: -
--

COPY public."StaffChannelMember" (id, "channelId", "userId", role, "lastReadAt", muted, "joinedAt") FROM stdin;
631ca893-f895-4796-aaae-80dbfda6212c	a88c1dd3-4761-44ff-9eff-0ee5b581d774	b763e2df-7bf1-4de8-94f8-97a1f1e7a0ec	admin	\N	f	2026-03-06 08:16:37.6+00
7302decb-0e06-4e71-96f6-013ba77d7648	a88c1dd3-4761-44ff-9eff-0ee5b581d774	cc3b3483-ad7a-452a-b623-5465962c9678	member	\N	f	2026-03-06 08:16:37.6+00
aa12f1d2-98c9-4731-b91f-8223b945ffce	c737bd42-a9d4-4441-8f2b-405eec33b963	b763e2df-7bf1-4de8-94f8-97a1f1e7a0ec	admin	\N	f	2026-03-21 08:16:37.6+00
78029d71-e050-4a6f-a4d4-ca9641111b59	c737bd42-a9d4-4441-8f2b-405eec33b963	195d4b15-e4ba-4554-affa-01c53a43f883	member	\N	f	2026-03-21 08:16:37.6+00
868c9296-0451-45a9-8b51-e0453f46e9c0	cdd9cdee-a6fc-4167-afde-3991f5824880	b763e2df-7bf1-4de8-94f8-97a1f1e7a0ec	admin	\N	f	2026-02-04 08:16:37.6+00
e7a9b31b-9760-4a9b-9899-c1f6fcb52f8a	cdd9cdee-a6fc-4167-afde-3991f5824880	cc3b3483-ad7a-452a-b623-5465962c9678	member	\N	f	2026-02-04 08:16:37.6+00
0de81d02-b453-4317-9996-816bf942102e	cdd9cdee-a6fc-4167-afde-3991f5824880	195d4b15-e4ba-4554-affa-01c53a43f883	member	\N	f	2026-02-04 08:16:37.6+00
\.


--
-- TOC entry 8177 (class 0 OID 18956)
-- Dependencies: 418
-- Data for Name: StaffChatMessage; Type: TABLE DATA; Schema: public; Owner: -
--

COPY public."StaffChatMessage" (id, "channelId", "senderId", content, "messageType", attachments, "replyToId", "isEdited", "editedAt", "isDeleted", "deletedAt", "sentAt", "readBy", "createdAt", "updatedAt") FROM stdin;
\.


--
-- TOC entry 8178 (class 0 OID 18970)
-- Dependencies: 419
-- Data for Name: StaffLeave; Type: TABLE DATA; Schema: public; Owner: -
--

COPY public."StaffLeave" (id, "tenantId", "userId", "leaveType", "startDate", "endDate", "totalDays", reason, status, "approvedBy", "approvedAt", "rejectionReason", "attachmentUrl", notes, "createdAt", "updatedAt") FROM stdin;
8046e6a1-b2fa-44bc-ba8c-101e6c332b59	444017d5-e022-4c5f-ac07-ea0d51f4609b	cc3b3483-ad7a-452a-b623-5465962c9678	casual	2026-05-19 08:16:37.6+00	2026-05-21 08:16:37.6+00	3	Family function in Delhi	approved	b763e2df-7bf1-4de8-94f8-97a1f1e7a0ec	2026-04-30 08:16:37.6+00	\N	\N	\N	2026-05-05 08:16:37.716+00	2026-05-05 08:16:37.716+00
80ea7bed-0161-4856-9a20-41e0be2b1acb	444017d5-e022-4c5f-ac07-ea0d51f4609b	195d4b15-e4ba-4554-affa-01c53a43f883	sick	2026-04-25 08:16:37.6+00	2026-04-26 08:16:37.6+00	2	Food poisoning	approved	b763e2df-7bf1-4de8-94f8-97a1f1e7a0ec	2026-04-24 08:16:37.6+00	\N	\N	\N	2026-05-05 08:16:37.716+00	2026-05-05 08:16:37.716+00
c0095a5f-2b96-472f-bebc-c3867220088c	444017d5-e022-4c5f-ac07-ea0d51f4609b	b763e2df-7bf1-4de8-94f8-97a1f1e7a0ec	earned	2026-06-04 08:16:37.6+00	2026-06-08 08:16:37.6+00	5	Planned vacation to Goa	pending	\N	\N	\N	\N	\N	2026-05-05 08:16:37.716+00	2026-05-05 08:16:37.716+00
\.


--
-- TOC entry 8179 (class 0 OID 18979)
-- Dependencies: 420
-- Data for Name: StaffPerformance; Type: TABLE DATA; Schema: public; Owner: -
--

COPY public."StaffPerformance" (id, "tenantId", "userId", "reviewPeriod", "reviewYear", "reviewDate", "overallRating", "punctualityRating", "qualityRating", "teamworkRating", "communicationRating", "initiativeRating", "tasksCompleted", "avgResponseTime", "attendanceRate", "customerRating", "goalsSet", "goalsAchieved", "goalsComments", strengths, "areasOfImprovement", achievements, "reviewedBy", status, "acknowledgedAt", "employeeComments", "nextReviewDate", "createdAt", "updatedAt") FROM stdin;
8d80ab54-5b6b-4219-a95e-b41c87689667	444017d5-e022-4c5f-ac07-ea0d51f4609b	cc3b3483-ad7a-452a-b623-5465962c9678	Q3	2024	2026-05-05 08:16:37.718+00	4.2	4.5	4	4.3	4.1	3.8	245	12.5	96.5	4.4	5	4	\N	Excellent guest handling and quick check-in processing	Could improve upselling skills	\N	user-1	published	2026-05-02 08:16:37.6+00	\N	\N	2026-05-05 08:16:37.718+00	2026-05-05 08:16:37.718+00
4210b619-e705-4c41-8da4-e6445faf091c	444017d5-e022-4c5f-ac07-ea0d51f4609b	195d4b15-e4ba-4554-affa-01c53a43f883	Q3	2024	2026-05-05 08:16:37.718+00	3.8	4	3.9	4.2	3.5	3.3	520	8.2	94	\N	4	3	\N	Consistent room quality and fast turnaround	Communication with front desk team	\N	user-1	published	\N	\N	\N	2026-05-05 08:16:37.718+00	2026-05-05 08:16:37.718+00
\.


--
-- TOC entry 8180 (class 0 OID 18992)
-- Dependencies: 421
-- Data for Name: StaffSchedule; Type: TABLE DATA; Schema: public; Owner: -
--

COPY public."StaffSchedule" (id, "tenantId", "propertyId", "userId", "shiftTemplateId", date, "startTime", "endTime", department, status, "assignedBy", notes, "createdAt", "updatedAt") FROM stdin;
dacfa1cc-5cea-4f65-9714-aad23398746b	444017d5-e022-4c5f-ac07-ea0d51f4609b	281fde73-7836-4511-b644-91f3663d8fcd	b763e2df-7bf1-4de8-94f8-97a1f1e7a0ec	a8da5248-cd3d-497d-afcc-86c9400b1672	2026-05-05 08:16:37.713+00	09:00	18:00	Management	active	\N	GM on duty	2026-05-05 08:16:37.714+00	2026-05-05 08:16:37.714+00
e6fc5488-bcba-43d1-908b-2b2d1fe64a3b	444017d5-e022-4c5f-ac07-ea0d51f4609b	281fde73-7836-4511-b644-91f3663d8fcd	cc3b3483-ad7a-452a-b623-5465962c9678	a8da5248-cd3d-497d-afcc-86c9400b1672	2026-05-05 08:16:37.713+00	06:00	14:00	Front Desk	active	\N	\N	2026-05-05 08:16:37.714+00	2026-05-05 08:16:37.714+00
97aca76c-0538-4e5a-9e85-8543e7686c0f	444017d5-e022-4c5f-ac07-ea0d51f4609b	281fde73-7836-4511-b644-91f3663d8fcd	195d4b15-e4ba-4554-affa-01c53a43f883	250c4f00-74fb-409e-a04c-d0f08dd98cbf	2026-05-05 08:16:37.713+00	07:00	15:00	Housekeeping	active	\N	\N	2026-05-05 08:16:37.714+00	2026-05-05 08:16:37.714+00
72b1f5ca-6b6b-40e6-ad3d-171b726f7b3b	444017d5-e022-4c5f-ac07-ea0d51f4609b	281fde73-7836-4511-b644-91f3663d8fcd	cc3b3483-ad7a-452a-b623-5465962c9678	7fca1f39-f5c5-419e-9da3-c011783b79c2	2026-05-06 08:16:37.713+00	14:00	22:00	Front Desk	scheduled	\N	\N	2026-05-05 08:16:37.714+00	2026-05-05 08:16:37.714+00
b138a988-10fc-4e15-87ae-abd5923966c6	444017d5-e022-4c5f-ac07-ea0d51f4609b	281fde73-7836-4511-b644-91f3663d8fcd	195d4b15-e4ba-4554-affa-01c53a43f883	250c4f00-74fb-409e-a04c-d0f08dd98cbf	2026-05-06 08:16:37.713+00	07:00	15:00	Housekeeping	scheduled	\N	\N	2026-05-05 08:16:37.714+00	2026-05-05 08:16:37.714+00
\.


--
-- TOC entry 8181 (class 0 OID 19001)
-- Dependencies: 422
-- Data for Name: StaffShift; Type: TABLE DATA; Schema: public; Owner: -
--

COPY public."StaffShift" (id, "tenantId", "userId", date, "startTime", "endTime", "shiftType", status, "clockIn", "clockOut", notes, "createdAt", "updatedAt") FROM stdin;
98311f7c-2362-4212-b157-abe9cda55736	444017d5-e022-4c5f-ac07-ea0d51f4609b	cc3b3483-ad7a-452a-b623-5465962c9678	2026-05-05 00:00:00+00	06:00	14:00	regular	in_progress	2026-05-05 06:00:00+00	\N	\N	2026-05-05 08:16:37.96+00	2026-05-05 08:16:37.96+00
2b3c781c-0c48-419f-b7f6-fa388cbd8744	444017d5-e022-4c5f-ac07-ea0d51f4609b	195d4b15-e4ba-4554-affa-01c53a43f883	2026-05-05 00:00:00+00	14:00	22:00	regular	scheduled	\N	\N	\N	2026-05-05 08:16:37.96+00	2026-05-05 08:16:37.96+00
\.


--
-- TOC entry 8182 (class 0 OID 19011)
-- Dependencies: 423
-- Data for Name: StaffSkill; Type: TABLE DATA; Schema: public; Owner: -
--

COPY public."StaffSkill" (id, "tenantId", "userId", "skillName", "skillLevel", category, certified, "certifiedAt", "certifiedBy", notes, "createdAt", "updatedAt") FROM stdin;
9e641629-ee18-4ce8-b50b-37e3d70fd418	444017d5-e022-4c5f-ac07-ea0d51f4609b	195d4b15-e4ba-4554-affa-01c53a43f883	Room Cleaning	5	cleaning	t	2026-05-05 08:16:37.624+00	\N	\N	2026-05-05 08:16:37.625+00	2026-05-05 08:16:37.625+00
905f87cf-ec56-437b-9651-0e4446795fa7	444017d5-e022-4c5f-ac07-ea0d51f4609b	195d4b15-e4ba-4554-affa-01c53a43f883	Deep Cleaning	4	cleaning	t	2026-05-05 08:16:37.624+00	\N	\N	2026-05-05 08:16:37.625+00	2026-05-05 08:16:37.625+00
3f000314-fec3-4561-872c-3e0b9f72c714	444017d5-e022-4c5f-ac07-ea0d51f4609b	195d4b15-e4ba-4554-affa-01c53a43f883	Quality Inspection	3	inspection	f	\N	\N	\N	2026-05-05 08:16:37.625+00	2026-05-05 08:16:37.625+00
9de7d7f9-f257-447a-8743-184f9a8791e4	444017d5-e022-4c5f-ac07-ea0d51f4609b	195d4b15-e4ba-4554-affa-01c53a43f883	Laundry	4	cleaning	f	\N	\N	\N	2026-05-05 08:16:37.625+00	2026-05-05 08:16:37.625+00
300c4d51-a752-425b-aa5a-0eb47912952d	444017d5-e022-4c5f-ac07-ea0d51f4609b	195d4b15-e4ba-4554-affa-01c53a43f883	Public Area	3	cleaning	f	\N	\N	\N	2026-05-05 08:16:37.625+00	2026-05-05 08:16:37.625+00
c75b70da-1411-4dce-891c-1f4230fa8b5a	444017d5-e022-4c5f-ac07-ea0d51f4609b	195d4b15-e4ba-4554-affa-01c53a43f883	Chemical Handling	3	maintenance	t	2026-05-05 08:16:37.624+00	\N	\N	2026-05-05 08:16:37.625+00	2026-05-05 08:16:37.625+00
\.


--
-- TOC entry 8183 (class 0 OID 19022)
-- Dependencies: 424
-- Data for Name: StaffWorkload; Type: TABLE DATA; Schema: public; Owner: -
--

COPY public."StaffWorkload" (id, "tenantId", "userId", "propertyId", date, "totalTasks", "completedTasks", "totalMinutes", "workedMinutes", "capacityMinutes", efficiency, "createdAt", "updatedAt") FROM stdin;
51c14185-2499-48ac-9cb0-a08b5c2cd92f	444017d5-e022-4c5f-ac07-ea0d51f4609b	195d4b15-e4ba-4554-affa-01c53a43f883	281fde73-7836-4511-b644-91f3663d8fcd	2026-05-05 00:00:00+00	6	2	245	60	480	0.85	2026-05-05 08:16:37.631+00	2026-05-05 08:16:37.631+00
\.


--
-- TOC entry 8184 (class 0 OID 19034)
-- Dependencies: 425
-- Data for Name: StaticRoute; Type: TABLE DATA; Schema: public; Owner: -
--

COPY public."StaticRoute" (id, "tenantId", "propertyId", name, destination, gateway, metric, "interfaceName", protocol, "isDefault", enabled, description, "createdAt", "updatedAt") FROM stdin;
\.


--
-- TOC entry 8185 (class 0 OID 19046)
-- Dependencies: 426
-- Data for Name: StockConsumption; Type: TABLE DATA; Schema: public; Owner: -
--

COPY public."StockConsumption" (id, "stockItemId", quantity, type, reference, cost, notes, "recordedBy", "createdAt") FROM stdin;
\.


--
-- TOC entry 8186 (class 0 OID 19054)
-- Dependencies: 427
-- Data for Name: StockItem; Type: TABLE DATA; Schema: public; Owner: -
--

COPY public."StockItem" (id, "tenantId", "propertyId", name, sku, category, description, unit, "unitCost", quantity, "minQuantity", "maxQuantity", "reorderPoint", location, status, "lowStockAlert", "expiryDate", "createdAt", "updatedAt", "deletedAt") FROM stdin;
26415c3d-03ae-4b80-9b0f-ea16cb8bc732	444017d5-e022-4c5f-ac07-ea0d51f4609b	\N	Bath Towels	TOWEL-BATH	Linens	\N	piece	250	200	50	500	100	Main Storage	active	t	\N	2026-05-05 08:16:37.608+00	2026-05-05 08:16:37.608+00	\N
266404a4-bb10-4380-9a8f-6ca619846574	444017d5-e022-4c5f-ac07-ea0d51f4609b	\N	Hand Towels	TOWEL-HAND	Linens	\N	piece	150	300	75	600	150	Main Storage	active	t	\N	2026-05-05 08:16:37.608+00	2026-05-05 08:16:37.608+00	\N
8e0278eb-e73f-4e3a-a025-d5388f218557	444017d5-e022-4c5f-ac07-ea0d51f4609b	\N	Shampoo Bottles	AMEN-SHAM	Amenities	\N	piece	35	500	100	1000	200	Amenities Storage	active	t	\N	2026-05-05 08:16:37.608+00	2026-05-05 08:16:37.608+00	\N
63153f30-f124-45bb-8f5c-799a3186ed2f	444017d5-e022-4c5f-ac07-ea0d51f4609b	\N	Conditioner Bottles	AMEN-COND	Amenities	\N	piece	35	500	100	1000	200	Amenities Storage	active	t	\N	2026-05-05 08:16:37.608+00	2026-05-05 08:16:37.608+00	\N
f597f522-2755-445f-b242-c9ea656dccca	444017d5-e022-4c5f-ac07-ea0d51f4609b	\N	Toilet Paper	PAPER-TP	Consumables	\N	roll	15	1000	200	2000	400	Main Storage	active	t	\N	2026-05-05 08:16:37.608+00	2026-05-05 08:16:37.608+00	\N
e1b10563-7245-46a7-b430-0981d92589a4	444017d5-e022-4c5f-ac07-ea0d51f4609b	\N	Hand Soap	AMEN-SOAP	Amenities	\N	bottle	25	150	50	300	100	Amenities Storage	active	t	\N	2026-05-05 08:16:37.608+00	2026-05-05 08:16:37.608+00	\N
\.


--
-- TOC entry 8187 (class 0 OID 19068)
-- Dependencies: 428
-- Data for Name: Subscription; Type: TABLE DATA; Schema: public; Owner: -
--

COPY public."Subscription" (id, "tenantId", "planId", "planName", "billingCycle", amount, currency, status, "currentPeriodStart", "currentPeriodEnd", "cancelledAt", "paymentMethodId", "createdAt", "updatedAt") FROM stdin;
\.


--
-- TOC entry 8188 (class 0 OID 19078)
-- Dependencies: 429
-- Data for Name: SubscriptionInvoice; Type: TABLE DATA; Schema: public; Owner: -
--

COPY public."SubscriptionInvoice" (id, "subscriptionId", "invoiceNumber", amount, currency, status, "issuedAt", "dueAt", "paidAt", "pdfUrl", "paymentId", "createdAt", "updatedAt") FROM stdin;
\.


--
-- TOC entry 8189 (class 0 OID 19088)
-- Dependencies: 430
-- Data for Name: SubscriptionPlan; Type: TABLE DATA; Schema: public; Owner: -
--

COPY public."SubscriptionPlan" (id, name, "displayName", description, "monthlyPrice", "yearlyPrice", currency, "maxProperties", "maxUsers", "maxRooms", "storageLimitMb", features, "sortOrder", "isPopular", "isActive", "createdAt", "updatedAt") FROM stdin;
\.


--
-- TOC entry 8242 (class 0 OID 19756)
-- Dependencies: 483
-- Data for Name: SurveillanceConfig; Type: TABLE DATA; Schema: public; Owner: -
--

COPY public."SurveillanceConfig" (id, "tenantId", "propertyId", "configType", settings, "updatedAt") FROM stdin;
\.


--
-- TOC entry 8190 (class 0 OID 19101)
-- Dependencies: 431
-- Data for Name: SyslogServer; Type: TABLE DATA; Schema: public; Owner: -
--

COPY public."SyslogServer" (id, "tenantId", "propertyId", name, protocol, host, port, format, facility, severity, categories, enabled, "tlsCertPath", "tlsVerify", "createdAt", "updatedAt") FROM stdin;
0df7e404-703c-4a2c-99ea-d07eb143b9d8	444017d5-e022-4c5f-ac07-ea0d51f4609b	281fde73-7836-4511-b644-91f3663d8fcd	Local Syslog Server	udp	127.0.0.1	514	ietf	local1	info	["auth","firewall","dhcp","dns","portal"]	t	\N	t	2026-05-05 08:16:37.919+00	2026-05-05 08:16:37.919+00
\.


--
-- TOC entry 8191 (class 0 OID 19117)
-- Dependencies: 432
-- Data for Name: SystemNetworkHealth; Type: TABLE DATA; Schema: public; Owner: -
--

COPY public."SystemNetworkHealth" (id, "tenantId", "propertyId", hostname, "kernelVersion", uptime, "cpuUsage", "ramTotal", "ramUsed", "diskTotal", "diskUsed", "cpuTemperature", services, "lastUpdated", "createdAt", "updatedAt") FROM stdin;
153aa3a0-012d-4322-ada0-8fa99e72b86f	444017d5-e022-4c5f-ac07-ea0d51f4609b	281fde73-7836-4511-b644-91f3663d8fcd	gateway.royalstay.local	6.1.0-17-amd64	864000	23.5	8192	3276	128000	42000	48.2	{"freeradius":{"running":true,"pid":1234,"uptime":864000},"kea":{"running":true,"pid":5678,"uptime":864000},"dnsmasq":{"running":true,"pid":9012,"uptime":864000},"nftables":{"running":true,"rules":24},"nginx":{"running":true,"pid":3456,"uptime":864000}}	2026-05-05 08:15:37.838+00	2026-05-05 08:16:37.923+00	2026-05-05 08:16:37.923+00
\.


--
-- TOC entry 8236 (class 0 OID 19691)
-- Dependencies: 477
-- Data for Name: TableMerge; Type: TABLE DATA; Schema: public; Owner: -
--

COPY public."TableMerge" (id, "tenantId", "propertyId", "tableIds", "partySize", "mergedAt", "splitAt", status, "createdAt", "updatedAt") FROM stdin;
\.


--
-- TOC entry 8192 (class 0 OID 19133)
-- Dependencies: 433
-- Data for Name: Task; Type: TABLE DATA; Schema: public; Owner: -
--

COPY public."Task" (id, "tenantId", "propertyId", "roomId", "assignedTo", type, category, title, description, priority, status, "scheduledAt", "startedAt", "completedAt", "estimatedDuration", "actualDuration", "roomStatusBefore", "roomStatusAfter", notes, "completionNotes", attachments, "isRecurring", "recurrenceRule", deadline, "createdBy", "qualityScore", subtasks, "serviceRequestId", "createdAt", "updatedAt") FROM stdin;
b192a84b-c8df-405f-b762-d73dc6daa718	444017d5-e022-4c5f-ac07-ea0d51f4609b	281fde73-7836-4511-b644-91f3663d8fcd	2bd9e3e1-07f2-4535-ab58-5868a167f183	195d4b15-e4ba-4554-affa-01c53a43f883	cleaning	checkout	Checkout Clean - Room 101	Full checkout cleaning including bathroom deep clean, linen change, restock amenities	high	pending	2026-05-05 08:16:37.621+00	\N	\N	45	\N	occupied	available	\N	\N	[]	f	\N	\N	cc3b3483-ad7a-452a-b623-5465962c9678	\N	[]	\N	2026-05-05 08:16:37.622+00	2026-05-05 08:16:37.622+00
aaa770f3-a15b-4140-9caa-2d7057b3d858	444017d5-e022-4c5f-ac07-ea0d51f4609b	281fde73-7836-4511-b644-91f3663d8fcd	099d3527-9c08-4060-8813-fea8ca1553c7	195d4b15-e4ba-4554-affa-01c53a43f883	cleaning	stayover	Stayover Service - Room 102	Daily stayover service: fresh towels, empty bins, restock, make bed	medium	in_progress	2026-05-05 08:16:37.621+00	2026-05-05 08:01:37.621+00	\N	20	\N	\N	\N	\N	\N	[]	f	\N	\N	cc3b3483-ad7a-452a-b623-5465962c9678	\N	[]	\N	2026-05-05 08:16:37.622+00	2026-05-05 08:16:37.622+00
3db30e20-16ae-444b-980e-97437aa39fc7	444017d5-e022-4c5f-ac07-ea0d51f4609b	281fde73-7836-4511-b644-91f3663d8fcd	fa963414-5906-466f-8247-c080508d3716	195d4b15-e4ba-4554-affa-01c53a43f883	cleaning	checkout	Checkout Clean - Room 305	VIP checkout - extra attention to detail, welcome amenities restocked	urgent	pending	2026-05-05 08:16:37.621+00	\N	\N	60	\N	occupied	available	\N	\N	[]	f	\N	\N	b763e2df-7bf1-4de8-94f8-97a1f1e7a0ec	\N	[]	\N	2026-05-05 08:16:37.622+00	2026-05-05 08:16:37.622+00
207c58d7-12ef-43d5-b569-e57af7c6757c	444017d5-e022-4c5f-ac07-ea0d51f4609b	281fde73-7836-4511-b644-91f3663d8fcd	\N	\N	inspection	quality_check	Floor 3 Room Inspection	Inspect all rooms on floor 3 after morning cleaning	medium	pending	2026-05-05 10:16:37.621+00	\N	\N	30	\N	\N	\N	\N	\N	[]	f	\N	\N	b763e2df-7bf1-4de8-94f8-97a1f1e7a0ec	\N	[]	\N	2026-05-05 08:16:37.622+00	2026-05-05 08:16:37.622+00
22e9c8e0-ae84-406f-8dcc-80e2ead55dc9	444017d5-e022-4c5f-ac07-ea0d51f4609b	281fde73-7836-4511-b644-91f3663d8fcd	55acdf17-79f9-4fa7-a65e-60e68bbb1a82	\N	maintenance	repair	Fix leaking faucet - Room 103	Bathroom faucet dripping, needs washer replacement	high	pending	2026-05-05 08:46:37.621+00	\N	\N	30	\N	\N	\N	\N	\N	[]	f	\N	\N	195d4b15-e4ba-4554-affa-01c53a43f883	\N	[]	\N	2026-05-05 08:16:37.622+00	2026-05-05 08:16:37.622+00
c88343f4-373f-4909-ac70-68ed7fcea0e9	444017d5-e022-4c5f-ac07-ea0d51f4609b	281fde73-7836-4511-b644-91f3663d8fcd	9b1e3d48-842e-40bb-aa34-9f7ce7e0bb1f	195d4b15-e4ba-4554-affa-01c53a43f883	deep_clean	deep_clean	Deep Clean - Room 104	Monthly deep clean: carpet shampoo, window cleaning, behind furniture	low	completed	2026-05-04 08:16:37.621+00	\N	2026-05-04 12:16:37.621+00	120	105	\N	\N	\N	Carpet shampooed, windows cleaned, all furniture moved and vacuumed behind	[]	f	\N	\N	cc3b3483-ad7a-452a-b623-5465962c9678	5	[]	\N	2026-05-05 08:16:37.622+00	2026-05-05 08:16:37.622+00
342f7b83-ef24-4817-a126-5a9626425f92	444017d5-e022-4c5f-ac07-ea0d51f4609b	281fde73-7836-4511-b644-91f3663d8fcd	\N	195d4b15-e4ba-4554-affa-01c53a43f883	public_area	lobby	Lobby and Reception Area Cleaning	Vacuum, dust all surfaces, clean entrance glass, restock brochures	medium	completed	2026-05-05 05:16:37.621+00	\N	2026-05-05 06:16:37.621+00	45	40	\N	\N	\N	\N	[]	f	\N	\N	cc3b3483-ad7a-452a-b623-5465962c9678	\N	[]	\N	2026-05-05 08:16:37.622+00	2026-05-05 08:16:37.622+00
32a0b647-fac4-4908-bea4-fc8f81a595ce	444017d5-e022-4c5f-ac07-ea0d51f4609b	281fde73-7836-4511-b644-91f3663d8fcd	3330f9c6-2345-4db5-bc7f-4a8ca55afb8b	195d4b15-e4ba-4554-affa-01c53a43f883	cleaning	stayover	Stayover Service - Room 501 (VIP)	VIP guest - use premium amenities, extra towel set	high	in_progress	2026-05-05 08:16:37.621+00	2026-05-05 08:11:37.621+00	\N	25	\N	\N	\N	\N	\N	[]	f	\N	\N	b763e2df-7bf1-4de8-94f8-97a1f1e7a0ec	\N	[]	\N	2026-05-05 08:16:37.622+00	2026-05-05 08:16:37.622+00
\.


--
-- TOC entry 8193 (class 0 OID 19146)
-- Dependencies: 434
-- Data for Name: TaskAssignmentSuggestion; Type: TABLE DATA; Schema: public; Owner: -
--

COPY public."TaskAssignmentSuggestion" (id, "tenantId", "taskId", "suggestedUserId", score, reason, factors, status, "rejectedBy", "createdAt", "expiresAt", "acceptedAt", "rejectedAt") FROM stdin;
\.


--
-- TOC entry 8194 (class 0 OID 19157)
-- Dependencies: 435
-- Data for Name: TaxReport; Type: TABLE DATA; Schema: public; Owner: -
--

COPY public."TaxReport" (id, "tenantId", "propertyId", "reportNumber", "reportType", jurisdiction, "periodStart", "periodEnd", "filingDueDate", "grossRevenue", "taxableRevenue", "taxCollected", "taxPaid", "taxDue", "taxRefundable", adjustments, "adjustmentReason", "cgstAmount", "sgstAmount", "igstAmount", "cessAmount", "stateTaxAmount", "localTaxAmount", "vatOutput", "vatInput", "transactionCount", "exemptTransactions", "exportTransactions", status, "filedAt", "filedBy", "filingReference", "paymentReference", "paidAt", "attachmentUrl", notes, "internalNotes", "createdAt", "updatedAt") FROM stdin;
d8ea13e8-1650-45e2-88be-49065d8699f6	444017d5-e022-4c5f-ac07-ea0d51f4609b	281fde73-7836-4511-b644-91f3663d8fcd	GST-2024-Q3-001	gst	india	2024-07-01 00:00:00+00	2024-09-30 00:00:00+00	2024-10-20 00:00:00+00	4500000	3825000	687750	520000	167750	0	0	\N	343875	343875	0	0	0	0	0	0	485	12	0	draft	\N	\N	\N	\N	\N	\N	Quarter 3 GST filing	\N	2026-05-05 08:16:37.71+00	2026-05-05 08:16:37.71+00
52baba0b-ae4a-4429-ba3e-370880237ad3	444017d5-e022-4c5f-ac07-ea0d51f4609b	281fde73-7836-4511-b644-91f3663d8fcd	GST-2024-Q2-001	gst	india	2024-04-01 00:00:00+00	2024-07-01 00:00:00+00	2024-07-20 00:00:00+00	3800000	3230000	581400	581400	0	0	0	\N	290700	290700	0	0	0	0	0	0	412	8	0	filed	2024-07-18 00:00:00+00	user-1	ACK-20240618-12345	CHALLAN-20240625-67890	2024-07-25 00:00:00+00	\N	\N	\N	2026-05-05 08:16:37.71+00	2026-05-05 08:16:37.71+00
4f778d43-7d16-4884-83ed-20ee2ddb0866	444017d5-e022-4c5f-ac07-ea0d51f4609b	281fde73-7836-4511-b644-91f3663d8fcd	TDS-2024-Q3-001	tds	india	2024-07-01 00:00:00+00	2024-09-30 00:00:00+00	2024-10-31 00:00:00+00	520000	520000	52000	32000	20000	0	0	\N	0	0	0	0	0	0	0	0	28	0	0	draft	\N	\N	\N	\N	\N	\N	\N	\N	2026-05-05 08:16:37.71+00	2026-05-05 08:16:37.71+00
\.


--
-- TOC entry 8195 (class 0 OID 19185)
-- Dependencies: 436
-- Data for Name: Tenant; Type: TABLE DATA; Schema: public; Owner: -
--

COPY public."Tenant" (id, name, slug, logo, email, phone, address, city, country, timezone, currency, language, plan, status, "trialEndsAt", "subscriptionStartsAt", "subscriptionEndsAt", "maxProperties", "maxUsers", "maxRooms", "storageLimitMb", features, settings, "createdAt", "updatedAt", "deletedAt") FROM stdin;
444017d5-e022-4c5f-ac07-ea0d51f4609b	Royal Stay Hotels	royal-stay	\N	admin@royalstay.in	+91-33-40012345	234 Park Street	Kolkata	India	Asia/Kolkata	INR	en	enterprise	active	\N	\N	\N	1	5	50	500	{}	{}	2026-05-05 08:16:36.969+00	2026-05-05 08:16:36.969+00	\N
1afa10da-6737-4bbe-b30c-e2b76eedd4d5	Ocean View Resorts	ocean-view	\N	admin@oceanview.com	+1-305-5550100	1200 Ocean Drive	Miami	United States	America/New_York	USD	en	professional	active	\N	\N	\N	1	5	50	500	{}	{}	2026-05-05 08:16:36.977+00	2026-05-05 08:16:36.977+00	\N
\.


--
-- TOC entry 8203 (class 0 OID 19277)
-- Dependencies: 444
-- Data for Name: UsageLog; Type: TABLE DATA; Schema: public; Owner: -
--

COPY public."UsageLog" (id, "tenantId", type, endpoint, method, "statusCode", "dataSize", duration, "ipAddress", "userAgent", "userId", metadata, "createdAt") FROM stdin;
\.


--
-- TOC entry 8204 (class 0 OID 19287)
-- Dependencies: 445
-- Data for Name: UsageSummary; Type: TABLE DATA; Schema: public; Owner: -
--

COPY public."UsageSummary" (id, "tenantId", "apiCalls", "apiCallsMonth", "messagesSent", "messagesMonth", "emailsSent", "emailsMonth", "smsSent", "smsMonth", "storageUsedMb", "storageFiles", "webhooksSent", "webhooksMonth", "lastApiCallAt", "lastMessageAt", "lastStorageUploadAt", "lastResetAt", "updatedAt") FROM stdin;
\.


--
-- TOC entry 8205 (class 0 OID 19305)
-- Dependencies: 446
-- Data for Name: User; Type: TABLE DATA; Schema: public; Owner: -
--

COPY public."User" (id, "tenantId", email, "passwordHash", "isVerified", "verifiedAt", "firstName", "lastName", avatar, phone, "jobTitle", department, "roleId", "lastLoginAt", "lastLoginIp", "passwordChangedAt", "failedAttempts", "lockedUntil", "twoFactorEnabled", "twoFactorSecret", "backupCodes", preferences, "isPlatformAdmin", status, "invitedAt", "invitedBy", "createdAt", "updatedAt", "deletedAt") FROM stdin;
cc3b3483-ad7a-452a-b623-5465962c9678	444017d5-e022-4c5f-ac07-ea0d51f4609b	frontdesk@royalstay.in	$2b$12$FPLLLq1AtARNM8zsdyTSNOjKLhpH/szM2AY5wheOLrPel.W60SdB.	t	2026-05-05 08:16:37.561+00	Priya	Das	\N	\N	Front Desk Manager	Front Desk	4f796e3a-1a36-41d3-a9a0-5231e5425136	\N	\N	\N	0	\N	f	\N	\N	{}	f	active	\N	\N	2026-05-05 08:16:37.571+00	2026-05-05 08:16:37.571+00	\N
195d4b15-e4ba-4554-affa-01c53a43f883	444017d5-e022-4c5f-ac07-ea0d51f4609b	housekeeping@royalstay.in	$2b$12$FPLLLq1AtARNM8zsdyTSNOjKLhpH/szM2AY5wheOLrPel.W60SdB.	t	2026-05-05 08:16:37.561+00	Anita	Roy	\N	\N	Housekeeping Supervisor	Housekeeping	0b9b2d1f-8ac4-40f0-905b-9403b353f2d6	\N	\N	\N	0	\N	f	\N	\N	{}	f	active	\N	\N	2026-05-05 08:16:37.571+00	2026-05-05 08:16:37.571+00	\N
7816bbd0-fa83-4c3a-887b-3fc4d9e22a9d	444017d5-e022-4c5f-ac07-ea0d51f4609b	platform@staysuite.com	$2b$12$zzK71X0WgSkJN40oFYR8fOA0lzf7tbPfxYDg5BK.ZsXKIKRPMoM7O	t	2026-05-05 08:16:37.561+00	Platform	Admin	\N	\N	Platform Administrator	Platform	510daaa7-e3c1-439b-b779-95494e12b7b9	\N	\N	\N	0	\N	f	\N	\N	{}	t	active	\N	\N	2026-05-05 08:16:37.571+00	2026-05-05 08:16:37.571+00	\N
9ecafba4-1bfb-406c-ace0-eaf309cd21dd	1afa10da-6737-4bbe-b30c-e2b76eedd4d5	admin@oceanview.com	$2b$12$zzK71X0WgSkJN40oFYR8fOA0lzf7tbPfxYDg5BK.ZsXKIKRPMoM7O	t	2026-05-05 08:16:37.574+00	Carlos	Rodriguez	\N	\N	General Manager	Management	4881a555-67a2-497d-9624-04b7c92196b8	\N	\N	\N	0	\N	f	\N	\N	{}	f	active	\N	\N	2026-05-05 08:16:37.575+00	2026-05-05 08:16:37.575+00	\N
d42427df-84d8-4ea4-b531-950695576811	1afa10da-6737-4bbe-b30c-e2b76eedd4d5	frontdesk@oceanview.com	$2b$12$FPLLLq1AtARNM8zsdyTSNOjKLhpH/szM2AY5wheOLrPel.W60SdB.	t	2026-05-05 08:16:37.574+00	Maria	Gonzalez	\N	\N	Front Desk Agent	Front Desk	13da5014-aec8-4cd7-a8cc-4a985a651454	\N	\N	\N	0	\N	f	\N	\N	{}	f	active	\N	\N	2026-05-05 08:16:37.575+00	2026-05-05 08:16:37.575+00	\N
a357fe96-d2f5-46cc-8f91-6f53423fab04	1afa10da-6737-4bbe-b30c-e2b76eedd4d5	manager@oceanview.com	$2b$12$FPLLLq1AtARNM8zsdyTSNOjKLhpH/szM2AY5wheOLrPel.W60SdB.	t	2026-05-05 08:16:37.574+00	James	Wilson	\N	\N	Operations Manager	Operations	1d4d8af5-debb-47b4-8801-2771286d3aad	\N	\N	\N	0	\N	f	\N	\N	{}	f	active	\N	\N	2026-05-05 08:16:37.575+00	2026-05-05 08:16:37.575+00	\N
b763e2df-7bf1-4de8-94f8-97a1f1e7a0ec	444017d5-e022-4c5f-ac07-ea0d51f4609b	admin@royalstay.in	$2b$12$zzK71X0WgSkJN40oFYR8fOA0lzf7tbPfxYDg5BK.ZsXKIKRPMoM7O	t	2026-05-05 08:16:37.561+00	Rajesh	Sharma	\N	\N	General Manager	Management	510daaa7-e3c1-439b-b779-95494e12b7b9	2026-05-05 08:18:15.814+00	\N	\N	0	\N	f	\N	\N	{}	f	active	\N	\N	2026-05-05 08:16:37.571+00	2026-05-05 08:18:15.815+00	\N
\.


--
-- TOC entry 8206 (class 0 OID 19319)
-- Dependencies: 447
-- Data for Name: UserFcmToken; Type: TABLE DATA; Schema: public; Owner: -
--

COPY public."UserFcmToken" (id, "tenantId", "userId", token, "deviceId", "deviceType", "deviceName", "userAgent", "isActive", "lastUsedAt", "createdAt", "updatedAt") FROM stdin;
\.


--
-- TOC entry 8207 (class 0 OID 19329)
-- Dependencies: 448
-- Data for Name: UserTutorial; Type: TABLE DATA; Schema: public; Owner: -
--

COPY public."UserTutorial" (id, "tenantId", "userId", "tutorialKey", completed, "completedAt", "currentStep", "totalSteps", "createdAt", "updatedAt") FROM stdin;
\.


--
-- TOC entry 8208 (class 0 OID 19340)
-- Dependencies: 449
-- Data for Name: Vehicle; Type: TABLE DATA; Schema: public; Owner: -
--

COPY public."Vehicle" (id, "tenantId", "guestId", "bookingId", "licensePlate", make, model, color, year, "slotId", "entryTime", "exitTime", "parkingFee", "isPaid", status, "createdAt", "updatedAt") FROM stdin;
9b7c5a92-fac7-4fdc-9779-dc15459ffdda	444017d5-e022-4c5f-ac07-ea0d51f4609b	cb127462-1b96-4e37-8f78-65bbd0493ee1	b544cc77-46a6-4e53-921e-50db663eb482	WB-01-AB-1234	Hyundai	Creta	White	2023	85d6cde7-38cc-453a-ae01-91d95fba1b21	2026-05-03 08:16:37.6+00	\N	0	f	parked	2026-05-05 08:16:37.678+00	2026-05-05 08:16:37.678+00
28b03fad-1848-491e-98d0-c46286c86b73	444017d5-e022-4c5f-ac07-ea0d51f4609b	0dae0b8b-173a-4819-8a5e-7ff3be5c81d5	9b7a9397-91d2-4f9c-baf4-71123765747b	WB-02-CD-5678	Mercedes-Benz	E-Class	Black	2024	0de676c7-b3b9-4d75-b78c-3e71ed50aab2	2026-05-04 08:16:37.6+00	\N	0	f	parked	2026-05-05 08:16:37.678+00	2026-05-05 08:16:37.678+00
ecccf84c-09aa-434c-afea-5e06b5d45cb5	444017d5-e022-4c5f-ac07-ea0d51f4609b	df87b649-707f-402a-9198-75a06d22ed63	231b3af0-9522-447b-8135-8ec031dc66c1	WB-05-EF-9012	BMW	X5	Blue	2023	\N	2026-05-05 08:16:37.677+00	\N	0	f	parked	2026-05-05 08:16:37.678+00	2026-05-05 08:16:37.678+00
3452644e-b662-4169-890d-aa43548ccf1b	444017d5-e022-4c5f-ac07-ea0d51f4609b	18349da2-1713-42c0-bad9-67856cc58d26	7e7c1dde-1748-45aa-aad9-fde8feacb222	WB-06-GH-3456	Toyota	Innova Crysta	Silver	2022	70781398-9360-4a63-837c-829287bedf0b	2026-05-02 08:16:37.6+00	2026-05-05 08:16:37.677+00	300	t	exited	2026-05-05 08:16:37.678+00	2026-05-05 08:16:37.678+00
8f5dc542-e746-407d-90cc-3292745b8af7	444017d5-e022-4c5f-ac07-ea0d51f4609b	c5e15b10-5464-4323-87b6-41d1eb95c39a	\N	WB-03-IJ-7890	Honda	City	Red	2023	78c929f0-7f03-4b6f-a558-4ca332810876	2026-05-05 08:16:37.677+00	\N	0	f	parked	2026-05-05 08:16:37.678+00	2026-05-05 08:16:37.678+00
\.


--
-- TOC entry 8209 (class 0 OID 19351)
-- Dependencies: 450
-- Data for Name: Vendor; Type: TABLE DATA; Schema: public; Owner: -
--

COPY public."Vendor" (id, "tenantId", name, "contactPerson", email, phone, address, type, "paymentTerms", status, notes, "portalEmail", "portalPassword", "portalToken", "portalTokenExpires", "lastPortalLogin", "createdAt", "updatedAt", "deletedAt") FROM stdin;
743f45af-b9a0-49bd-8e79-9082bdcd4026	444017d5-e022-4c5f-ac07-ea0d51f4609b	Premium Linen Supply	Rajesh Kumar	rajesh@premiumlinen.in	+91-33-24567890	\N	supplier	Net 30	active	\N	\N	\N	\N	\N	\N	2026-05-05 08:16:37.606+00	2026-05-05 08:16:37.606+00	\N
57077ad0-4ed1-484d-824e-96e48be3f929	444017d5-e022-4c5f-ac07-ea0d51f4609b	CleanPro Services	Suman Roy	suman@cleanpro.in	+91-33-24678901	\N	contractor	Net 15	active	\N	\N	\N	\N	\N	\N	2026-05-05 08:16:37.606+00	2026-05-05 08:16:37.606+00	\N
42b66844-0c28-4f97-8e19-1522ad7d2623	444017d5-e022-4c5f-ac07-ea0d51f4609b	Tech Solutions India	Amit Sharma	amit@techsolutions.in	+91-33-24789012	\N	service	Net 45	active	\N	\N	\N	\N	\N	\N	2026-05-05 08:16:37.606+00	2026-05-05 08:16:37.606+00	\N
\.


--
-- TOC entry 8210 (class 0 OID 19360)
-- Dependencies: 451
-- Data for Name: VendorPayment; Type: TABLE DATA; Schema: public; Owner: -
--

COPY public."VendorPayment" (id, "tenantId", "vendorId", "workOrderId", "paymentNumber", amount, currency, status, "paymentMethod", "paymentDate", "dueDate", "bankName", "bankAccount", "checkNumber", "transactionRef", notes, "paidAt", "cancelledAt", "cancelReason", "createdAt", "updatedAt") FROM stdin;
\.


--
-- TOC entry 8211 (class 0 OID 19371)
-- Dependencies: 452
-- Data for Name: VlanConfig; Type: TABLE DATA; Schema: public; Owner: -
--

COPY public."VlanConfig" (id, "tenantId", "propertyId", "parentInterfaceId", "vlanId", "subInterface", description, mtu, enabled, "createdAt", "updatedAt") FROM stdin;
aecc5780-c291-40bb-9ed7-09405d164437	444017d5-e022-4c5f-ac07-ea0d51f4609b	281fde73-7836-4511-b644-91f3663d8fcd	2983fc24-d37b-447e-b86c-0a57bc781a10	10	eth1.10	Guest WiFi VLAN - Internet only, no LAN access	1500	t	2026-05-05 08:16:37.876+00	2026-05-05 08:16:37.876+00
f344ec78-7c01-46c8-bc7c-f0107b5cd15c	444017d5-e022-4c5f-ac07-ea0d51f4609b	281fde73-7836-4511-b644-91f3663d8fcd	2983fc24-d37b-447e-b86c-0a57bc781a10	20	eth1.20	Staff VLAN - Full LAN and internet access	1500	t	2026-05-05 08:16:37.876+00	2026-05-05 08:16:37.876+00
098b6345-45ed-45cf-84c0-f726ea4a6cbe	444017d5-e022-4c5f-ac07-ea0d51f4609b	281fde73-7836-4511-b644-91f3663d8fcd	2983fc24-d37b-447e-b86c-0a57bc781a10	30	eth1.30	POS/Payment VLAN - Isolated for PCI compliance	1500	t	2026-05-05 08:16:37.876+00	2026-05-05 08:16:37.876+00
1c18fb39-4fce-4b1d-a7d4-d976a280ca00	444017d5-e022-4c5f-ac07-ea0d51f4609b	281fde73-7836-4511-b644-91f3663d8fcd	2983fc24-d37b-447e-b86c-0a57bc781a10	40	eth1.40	IoT Devices VLAN - Smart locks, thermostats, sensors	1500	t	2026-05-05 08:16:37.876+00	2026-05-05 08:16:37.876+00
3a6e593b-f27b-48c5-b6dc-7948591549df	444017d5-e022-4c5f-ac07-ea0d51f4609b	281fde73-7836-4511-b644-91f3663d8fcd	2983fc24-d37b-447e-b86c-0a57bc781a10	50	eth1.50	Management VLAN - Network devices and admin access	1500	t	2026-05-05 08:16:37.876+00	2026-05-05 08:16:37.876+00
\.


--
-- TOC entry 8212 (class 0 OID 19381)
-- Dependencies: 453
-- Data for Name: WaitlistEntry; Type: TABLE DATA; Schema: public; Owner: -
--

COPY public."WaitlistEntry" (id, "tenantId", "propertyId", "guestId", "roomTypeId", "checkIn", "checkOut", adults, children, priority, status, notes, "bookingId", "convertedAt", "createdAt", "updatedAt") FROM stdin;
51c14185-2499-48ac-9cb0-a08b5c2cd92f	444017d5-e022-4c5f-ac07-ea0d51f4609b	281fde73-7836-4511-b644-91f3663d8fcd	79877c7c-f915-4922-94a0-5d83df9e1d09	22f53ea5-00fb-4b29-9dc6-a7834cc6b481	2026-05-10 08:16:37.6+00	2026-05-13 08:16:37.6+00	2	1	3	waiting	Wants Executive Suite for anniversary weekend	\N	\N	2026-05-05 08:16:37.668+00	2026-05-05 08:16:37.668+00
f2701d7a-7193-4542-a5aa-33856ae81ce9	444017d5-e022-4c5f-ac07-ea0d51f4609b	281fde73-7836-4511-b644-91f3663d8fcd	18349da2-1713-42c0-bad9-67856cc58d26	1aac4388-0d87-43da-a0bf-984fe39e5bcf	2026-05-19 08:16:37.6+00	2026-05-22 08:16:37.6+00	2	0	1	waiting	Recurring guest, flexible on dates	\N	\N	2026-05-05 08:16:37.668+00	2026-05-05 08:16:37.668+00
757e9273-a8f4-4587-83df-da90df13231b	444017d5-e022-4c5f-ac07-ea0d51f4609b	281fde73-7836-4511-b644-91f3663d8fcd	df87b649-707f-402a-9198-75a06d22ed63	bd3a1ffd-24b8-4185-b350-6bdae97bc426	2026-05-15 08:16:37.6+00	2026-05-17 08:16:37.6+00	2	0	5	cancelled	Booked elsewhere	\N	\N	2026-05-05 08:16:37.668+00	2026-05-05 08:16:37.668+00
\.


--
-- TOC entry 8213 (class 0 OID 19393)
-- Dependencies: 454
-- Data for Name: WanFailover; Type: TABLE DATA; Schema: public; Owner: -
--

COPY public."WanFailover" (id, "tenantId", "propertyId", "primaryWanId", "backupWanId", "healthCheckUrl", "healthCheckInterval", "failoverThreshold", "autoSwitchback", "switchbackDelay", enabled, "createdAt", "updatedAt") FROM stdin;
2f348978-5b6b-4f7e-900f-35bcd6b502e3	444017d5-e022-4c5f-ac07-ea0d51f4609b	281fde73-7836-4511-b644-91f3663d8fcd	b13cfcc5-4e94-4245-8a5f-082eac4a7b01	45817e65-6245-490f-835a-0b88269549fd	https://1.1.1.1	30	3	t	300	t	2026-05-05 08:16:37.885+00	2026-05-05 08:16:37.885+00
\.


--
-- TOC entry 8214 (class 0 OID 19407)
-- Dependencies: 455
-- Data for Name: WebCategory; Type: TABLE DATA; Schema: public; Owner: -
--

COPY public."WebCategory" (id, "tenantId", "propertyId", name, description, "categoryType", "isUploadRestricted", "isDefault", "implementationOn", "sortOrder", enabled, "createdAt", "updatedAt") FROM stdin;
\.


--
-- TOC entry 8215 (class 0 OID 19421)
-- Dependencies: 456
-- Data for Name: WebCategorySchedule; Type: TABLE DATA; Schema: public; Owner: -
--

COPY public."WebCategorySchedule" (id, "tenantId", "propertyId", "webCategoryId", "scheduleAccessId", "isAllow", "orderIndex", "startTime", "endTime", "daysOfWeek", enabled, "createdAt", "updatedAt") FROM stdin;
\.


--
-- TOC entry 8216 (class 0 OID 19435)
-- Dependencies: 457
-- Data for Name: WebhookDeliveryLog; Type: TABLE DATA; Schema: public; Owner: -
--

COPY public."WebhookDeliveryLog" (id, "endpointId", "eventType", payload, "statusCode", response, status, "attemptCount", "nextRetryAt", "createdAt") FROM stdin;
\.


--
-- TOC entry 8217 (class 0 OID 19445)
-- Dependencies: 458
-- Data for Name: WebhookEndpoint; Type: TABLE DATA; Schema: public; Owner: -
--

COPY public."WebhookEndpoint" (id, "tenantId", name, url, events, secret, "isActive", "totalCalls", "failedCalls", "lastCalledAt", "createdAt", "updatedAt") FROM stdin;
2e486532-6028-4ac5-be35-cecc00b15ed0	444017d5-e022-4c5f-ac07-ea0d51f4609b	Booking Webhook	https://api.staysuite.com/webhooks/bookings	["booking.created","booking.confirmed","booking.cancelled","booking.checked_in","booking.checked_out"]	whsec_booking_abc123def456ghi789	t	0	0	\N	2026-05-05 08:16:37.954+00	2026-05-05 08:16:37.954+00
d1624bed-1b0e-43d4-833b-192091cdf98c	444017d5-e022-4c5f-ac07-ea0d51f4609b	Payment Webhook	https://api.staysuite.com/webhooks/payments	["payment.completed","payment.failed","payment.refunded"]	whsec_payment_xyz789abc456def123	t	0	0	\N	2026-05-05 08:16:37.954+00	2026-05-05 08:16:37.954+00
\.


--
-- TOC entry 8218 (class 0 OID 19457)
-- Dependencies: 459
-- Data for Name: WiFiAAAConfig; Type: TABLE DATA; Schema: public; Owner: -
--

COPY public."WiFiAAAConfig" (id, "tenantId", "propertyId", "defaultPlanId", "defaultDownloadSpeed", "defaultUploadSpeed", "defaultSessionLimit", "defaultDataLimit", "autoProvisionOnCheckin", "autoDeprovisionOnCheckout", "autoDeprovisionDelay", "authMethod", "allowMacAuth", "accountingSyncInterval", "lastSyncAt", "lastSyncId", "maxConcurrentSessions", "sessionTimeoutPolicy", "portalEnabled", "portalTitle", "portalLogo", "portalTerms", "portalRedirectUrl", "portalBrandColor", "voucherPortalUrl", "usernameFormat", "usernamePrefix", "usernameCase", "usernameMinLength", "usernameMaxLength", "passwordFormat", "passwordFixedValue", "passwordLength", "passwordIncludeUppercase", "passwordIncludeNumbers", "passwordIncludeSymbols", "credentialSeparator", "credentialPrintOnVoucher", "credentialShowInPortal", "duplicateUsernameAction", status, "createdAt", "updatedAt") FROM stdin;
16115ed2-68aa-4fd5-bfc7-ae34bac1a68d	444017d5-e022-4c5f-ac07-ea0d51f4609b	281fde73-7836-4511-b644-91f3663d8fcd	c80731b1-952f-45c0-b6e5-9cb77deb2590	5	2	1	\N	t	t	30	pap	t	5	2026-05-05 08:11:37.838+00	b288c190-7c23-4d66-890e-3f8608497154	3	hard	t	Royal Stay WiFi	/assets/wifi-logo.png	By using our WiFi service, you agree to our terms of service and acceptable use policy.	https://www.royalstay.in/welcome	#8B5E3C	\N	room_random	\N	lowercase	4	32	random_alphanumeric	\N	8	t	t	f	_	t	t	append_random	active	2026-05-05 08:16:37.864+00	2026-05-05 08:16:37.864+00
\.


--
-- TOC entry 8219 (class 0 OID 19491)
-- Dependencies: 460
-- Data for Name: WiFiAccountingSync; Type: TABLE DATA; Schema: public; Owner: -
--

COPY public."WiFiAccountingSync" (id, "lastRadAcctId", "lastSyncedAt", "recordsProcessed", errors, "lastError", "createdAt", "updatedAt") FROM stdin;
\.


--
-- TOC entry 8220 (class 0 OID 19502)
-- Dependencies: 461
-- Data for Name: WiFiGateway; Type: TABLE DATA; Schema: public; Owner: -
--

COPY public."WiFiGateway" (id, "tenantId", "propertyId", name, description, "ipAddress", "macAddress", vendor, model, version, "radiusSecret", "radiusAuthPort", "radiusAcctPort", "coaEnabled", "coaPort", "coaSecret", "captivePortalEnabled", "captivePortalUrl", "splashPageId", "defaultVlan", "guestVlan", "staffVlan", "managementUrl", "apiUsername", "apiPassword", "apiPort", status, "lastSeenAt", "firmwareVersion", "totalClients", "totalSessions", "createdAt", "updatedAt") FROM stdin;
7a0b76af-b049-4dd1-a69f-a5e92610f86b	444017d5-e022-4c5f-ac07-ea0d51f4609b	281fde73-7836-4511-b644-91f3663d8fcd	Main Controller (Cisco Meraki)	Primary WiFi controller managing all guest and staff access points across 10 floors.	10.0.0.1	00:1A:2B:3C:4D:5E	cisco	Meraki MR46	28.1.1	rs_secret_main_2024	1812	1813	t	3799	coa_secret_main	t	https://wifi.royalstay.in/portal	\N	10	10	20	https://meraki.royalstay.in	pms_api_user	encrypted_api_pass_1	443	active	2026-05-05 08:14:37.838+00	28.1.1	47	156	2026-05-05 08:16:37.862+00	2026-05-05 08:16:37.862+00
c10eac5e-c332-49a4-acff-8a23d4bc13ba	444017d5-e022-4c5f-ac07-ea0d51f4609b	281fde73-7836-4511-b644-91f3663d8fcd	Backup Controller (Ubiquiti)	Secondary controller for conference rooms and outdoor areas. Currently offline for maintenance.	10.0.0.2	00:1A:2B:3C:4D:5F	ubiquiti	UniFi U6-Pro	7.0.23	rs_secret_backup_2024	1812	1813	t	3799	\N	t	https://wifi.royalstay.in/portal-backup	\N	10	10	20	https://unifi.royalstay.in	\N	\N	\N	disconnected	2026-05-03 08:16:37.838+00	7.0.23	0	42	2026-05-05 08:16:37.862+00	2026-05-05 08:16:37.862+00
\.


--
-- TOC entry 8223 (class 0 OID 19537)
-- Dependencies: 464
-- Data for Name: WiFiPlan; Type: TABLE DATA; Schema: public; Owner: -
--

COPY public."WiFiPlan" (id, "tenantId", name, description, "downloadSpeed", "uploadSpeed", "dataLimit", "sessionLimit", "sessionTimeoutSec", "idleTimeoutSec", "maxDevices", "fupPolicyId", "ipPoolId", price, currency, priority, "validityDays", "validityMinutes", status, "createdAt", "updatedAt") FROM stdin;
c80731b1-952f-45c0-b6e5-9cb77deb2590	444017d5-e022-4c5f-ac07-ea0d51f4609b	Free WiFi	Complimentary basic WiFi for all guests. Suitable for browsing and email.	5	2	\N	1	\N	\N	1	\N	\N	0	INR	1	1	1440	active	2026-05-05 08:16:37.839+00	2026-05-05 08:16:37.839+00
adb7bd87-17eb-4b0e-bcf4-a6922445ac15	444017d5-e022-4c5f-ac07-ea0d51f4609b	Basic Plan	Entry-level paid plan with 2GB data. Good for light streaming.	10	5	2048	2	\N	\N	1	\N	\N	99	INR	2	1	1440	active	2026-05-05 08:16:37.839+00	2026-05-05 08:16:37.839+00
40486b74-cf4c-4f9e-82c8-d7621f36116c	444017d5-e022-4c5f-ac07-ea0d51f4609b	Standard Plan	Mid-tier plan with 5GB data. Great for video calls and streaming.	25	10	5120	3	\N	\N	1	\N	\N	199	INR	3	3	1440	active	2026-05-05 08:16:37.839+00	2026-05-05 08:16:37.839+00
418b8a64-88c1-4529-a68f-e153bb92f224	444017d5-e022-4c5f-ac07-ea0d51f4609b	Premium Plan	High-speed plan with 15GB data. Ideal for business travelers.	50	25	15360	5	\N	\N	1	\N	\N	399	INR	4	5	1440	active	2026-05-05 08:16:37.839+00	2026-05-05 08:16:37.839+00
ee35e1ab-ebdd-4e9e-ac2b-8f786d501976	444017d5-e022-4c5f-ac07-ea0d51f4609b	VIP Suite Plan	Unlimited high-speed WiFi for VIP and suite guests. Premium experience.	100	50	\N	10	\N	\N	1	\N	\N	599	INR	5	7	1440	active	2026-05-05 08:16:37.839+00	2026-05-05 08:16:37.839+00
92fcd891-9963-4bd5-891b-28d202512db8	444017d5-e022-4c5f-ac07-ea0d51f4609b	Conference Plan	Optimized for conference rooms and events. 10GB shared data per session.	30	15	10240	25	\N	\N	1	\N	\N	299	INR	3	1	1440	active	2026-05-05 08:16:37.839+00	2026-05-05 08:16:37.839+00
\.


--
-- TOC entry 8224 (class 0 OID 19552)
-- Dependencies: 465
-- Data for Name: WiFiSession; Type: TABLE DATA; Schema: public; Owner: -
--

COPY public."WiFiSession" (id, "tenantId", "planId", "guestId", "bookingId", username, "acctUniqueId", "macAddress", "ipAddress", "deviceName", "deviceType", "startTime", "endTime", "dataUsed", duration, "authMethod", status, "createdAt", "updatedAt") FROM stdin;
92c52d60-8e07-4377-9d8c-ef37fe244f5f	444017d5-e022-4c5f-ac07-ea0d51f4609b	418b8a64-88c1-4529-a68f-e153bb92f224	cb127462-1b96-4e37-8f78-65bbd0493ee1	b544cc77-46a6-4e53-921e-50db663eb482	\N	\N	AA:BB:CC:11:22:33	192.168.10.105	Amit-iPhone	smartphone	2026-05-05 05:16:37.838+00	\N	262144000	10800	room_number	active	2026-05-05 08:16:37.858+00	2026-05-05 08:16:37.858+00
810d4c97-bf14-4460-8536-6a3d44b6d07b	444017d5-e022-4c5f-ac07-ea0d51f4609b	ee35e1ab-ebdd-4e9e-ac2b-8f786d501976	0dae0b8b-173a-4819-8a5e-7ff3be5c81d5	9b7a9397-91d2-4f9c-baf4-71123765747b	\N	\N	AA:BB:CC:44:55:66	192.168.10.110	Rahul-MacBook	laptop	2026-05-05 03:16:37.838+00	\N	1073741824	18000	room_number	active	2026-05-05 08:16:37.858+00	2026-05-05 08:16:37.858+00
9c84d66f-82f9-40a5-aea8-6a70e6d3aaba	444017d5-e022-4c5f-ac07-ea0d51f4609b	92fcd891-9963-4bd5-891b-28d202512db8	\N	\N	\N	\N	DD:EE:FF:11:22:33	192.168.10.200	ConfRoom-Display	other	2026-05-05 07:16:37.838+00	\N	52428800	3600	voucher	active	2026-05-05 08:16:37.858+00	2026-05-05 08:16:37.858+00
934329b1-234d-47c3-af81-511953eb0258	444017d5-e022-4c5f-ac07-ea0d51f4609b	40486b74-cf4c-4f9e-82c8-d7621f36116c	c5e15b10-5464-4323-87b6-41d1eb95c39a	a539a935-cba9-4ae3-a986-1a15727495b7	\N	\N	AA:BB:CC:77:88:99	192.168.10.115	Sneha-Galaxy-S23	smartphone	2026-05-05 00:16:37.838+00	2026-05-05 06:16:37.838+00	314572800	21600	voucher	ended	2026-05-05 08:16:37.858+00	2026-05-05 08:16:37.858+00
eb09f4b6-0c4f-4b4c-82d2-3a59d3b7e4c7	444017d5-e022-4c5f-ac07-ea0d51f4609b	418b8a64-88c1-4529-a68f-e153bb92f224	df87b649-707f-402a-9198-75a06d22ed63	231b3af0-9522-447b-8135-8ec031dc66c1	\N	\N	AA:BB:CC:AA:BB:CC	192.168.10.120	Vikram-ThinkPad	laptop	2026-05-04 08:16:37.838+00	2026-05-04 16:16:37.838+00	524288000	28800	room_number	ended	2026-05-05 08:16:37.858+00	2026-05-05 08:16:37.858+00
e79cc163-6347-4c93-948e-bf0ee8b9db06	444017d5-e022-4c5f-ac07-ea0d51f4609b	c80731b1-952f-45c0-b6e5-9cb77deb2590	18349da2-1713-42c0-bad9-67856cc58d26	7e7c1dde-1748-45aa-aad9-fde8feacb222	\N	\N	AA:BB:CC:DD:EE:FF	192.168.10.125	Rina-iPad	tablet	2026-05-03 08:16:37.838+00	2026-05-03 12:16:37.838+00	104857600	14400	sms_otp	ended	2026-05-05 08:16:37.858+00	2026-05-05 08:16:37.858+00
edbf3746-0590-4564-a77d-2f9b5828ec6d	444017d5-e022-4c5f-ac07-ea0d51f4609b	40486b74-cf4c-4f9e-82c8-d7621f36116c	cb127462-1b96-4e37-8f78-65bbd0493ee1	b544cc77-46a6-4e53-921e-50db663eb482	\N	\N	AA:BB:CC:11:22:34	192.168.10.106	Amit-Surface-Pro	laptop	2026-05-04 08:16:37.838+00	2026-05-04 14:16:37.838+00	786432000	21600	room_number	ended	2026-05-05 08:16:37.858+00	2026-05-05 08:16:37.858+00
61d40862-9422-4f10-9a77-43b698ba73cb	444017d5-e022-4c5f-ac07-ea0d51f4609b	adb7bd87-17eb-4b0e-bcf4-a6922445ac15	79877c7c-f915-4922-94a0-5d83df9e1d09	\N	\N	\N	11:22:33:44:55:66	192.168.10.130	Unknown-Device	smartphone	2026-05-02 08:16:37.838+00	2026-05-02 10:16:37.838+00	52428800	7200	voucher	ended	2026-05-05 08:16:37.858+00	2026-05-05 08:16:37.858+00
91c10ef8-1922-47f3-8e74-8548675b4523	444017d5-e022-4c5f-ac07-ea0d51f4609b	c80731b1-952f-45c0-b6e5-9cb77deb2590	\N	\N	\N	\N	22:33:44:55:66:77	192.168.10.140	Suspicious-Client	other	2026-05-05 02:16:37.838+00	2026-05-05 03:16:37.838+00	1048576	3600	mac_auth	terminated	2026-05-05 08:16:37.858+00	2026-05-05 08:16:37.858+00
4dd87d33-bbfc-48ab-af38-2a44e4b12c4c	444017d5-e022-4c5f-ac07-ea0d51f4609b	adb7bd87-17eb-4b0e-bcf4-a6922445ac15	\N	\N	\N	\N	33:44:55:66:77:88	192.168.10.141	Rogue-AP-Client	other	2026-05-04 08:16:37.838+00	2026-05-04 08:46:37.838+00	524288	1800	voucher	terminated	2026-05-05 08:16:37.858+00	2026-05-05 08:16:37.858+00
\.


--
-- TOC entry 8225 (class 0 OID 19565)
-- Dependencies: 466
-- Data for Name: WiFiUser; Type: TABLE DATA; Schema: public; Owner: -
--

COPY public."WiFiUser" (id, "tenantId", "propertyId", username, password, "guestId", "bookingId", "userType", "planId", "ipPoolId", "validFrom", "validUntil", "maxSessions", "sessionCount", "totalBytesIn", "totalBytesOut", status, "radiusSynced", "radiusSyncedAt", "lastAccountingAt", "createdAt", "updatedAt") FROM stdin;
0d6a3f75-6dc6-46d1-890d-327d22831587	444017d5-e022-4c5f-ac07-ea0d51f4609b	281fde73-7836-4511-b644-91f3663d8fcd	guest.amit.mukherjee	hashed_password_1	cb127462-1b96-4e37-8f78-65bbd0493ee1	b544cc77-46a6-4e53-921e-50db663eb482	guest	418b8a64-88c1-4529-a68f-e153bb92f224	\N	2026-05-03 08:16:37.838+00	2026-05-06 08:16:37.838+00	5	2	524288000	104857600	active	t	2026-05-05 06:16:37.838+00	2026-05-05 08:01:37.838+00	2026-05-05 08:16:37.843+00	2026-05-05 08:16:37.843+00
adefcb58-a532-4dd5-9e7e-f6a3a9a5b124	444017d5-e022-4c5f-ac07-ea0d51f4609b	281fde73-7836-4511-b644-91f3663d8fcd	guest.rahul.banerjee	hashed_password_2	0dae0b8b-173a-4819-8a5e-7ff3be5c81d5	9b7a9397-91d2-4f9c-baf4-71123765747b	guest	ee35e1ab-ebdd-4e9e-ac2b-8f786d501976	\N	2026-05-04 08:16:37.838+00	2026-05-08 08:16:37.838+00	10	3	2000000000	500000000	active	t	2026-05-05 07:16:37.838+00	2026-05-05 08:11:37.838+00	2026-05-05 08:16:37.843+00	2026-05-05 08:16:37.843+00
98168e31-b443-42c4-8995-a4aed14f83d8	444017d5-e022-4c5f-ac07-ea0d51f4609b	281fde73-7836-4511-b644-91f3663d8fcd	guest.sneha.gupta	hashed_password_3	c5e15b10-5464-4323-87b6-41d1eb95c39a	a539a935-cba9-4ae3-a986-1a15727495b7	guest	40486b74-cf4c-4f9e-82c8-d7621f36116c	\N	2026-05-05 08:16:37.838+00	2026-05-09 08:16:37.838+00	3	1	157286400	52428800	active	t	2026-05-05 04:16:37.838+00	2026-05-05 07:46:37.838+00	2026-05-05 08:16:37.843+00	2026-05-05 08:16:37.843+00
085b8d2d-b890-445a-989d-a44ab8bd3370	444017d5-e022-4c5f-ac07-ea0d51f4609b	281fde73-7836-4511-b644-91f3663d8fcd	guest.vikram.singh	hashed_password_4	df87b649-707f-402a-9198-75a06d22ed63	231b3af0-9522-447b-8135-8ec031dc66c1	guest	ee35e1ab-ebdd-4e9e-ac2b-8f786d501976	\N	2026-05-05 08:16:37.838+00	2026-05-07 08:16:37.838+00	10	1	78643200	26214400	active	t	2026-05-05 05:16:37.838+00	2026-05-05 07:56:37.838+00	2026-05-05 08:16:37.843+00	2026-05-05 08:16:37.843+00
afb49f34-328d-4a6e-bf58-6cc12e008d58	444017d5-e022-4c5f-ac07-ea0d51f4609b	281fde73-7836-4511-b644-91f3663d8fcd	staff.priya.das	hashed_password_5	\N	\N	staff	418b8a64-88c1-4529-a68f-e153bb92f224	\N	2026-04-05 08:16:37.838+00	2026-06-04 08:16:37.838+00	3	1	314572800	104857600	active	t	2026-05-05 02:16:37.838+00	2026-05-05 07:31:37.838+00	2026-05-05 08:16:37.843+00	2026-05-05 08:16:37.843+00
62f8d715-7a6e-4d06-be6c-ee2036bbeb11	444017d5-e022-4c5f-ac07-ea0d51f4609b	281fde73-7836-4511-b644-91f3663d8fcd	staff.anita.roy	hashed_password_6	\N	\N	staff	40486b74-cf4c-4f9e-82c8-d7621f36116c	\N	2026-04-05 08:16:37.838+00	2026-06-04 08:16:37.838+00	2	0	0	0	active	f	\N	\N	2026-05-05 08:16:37.843+00	2026-05-05 08:16:37.843+00
44d47644-925a-47f7-90d8-7b5cdfb5fd83	444017d5-e022-4c5f-ac07-ea0d51f4609b	281fde73-7836-4511-b644-91f3663d8fcd	guest.rina.chatterjee	hashed_password_7	18349da2-1713-42c0-bad9-67856cc58d26	7e7c1dde-1748-45aa-aad9-fde8feacb222	guest	adb7bd87-17eb-4b0e-bcf4-a6922445ac15	\N	2026-05-02 08:16:37.838+00	2026-05-05 08:16:37.838+00	2	0	1048576	524288	expired	t	2026-05-03 08:16:37.838+00	2026-05-04 08:16:37.838+00	2026-05-05 08:16:37.843+00	2026-05-05 08:16:37.843+00
42ab323b-d973-47d2-b678-fc729bc19355	444017d5-e022-4c5f-ac07-ea0d51f4609b	281fde73-7836-4511-b644-91f3663d8fcd	conference.room1	hashed_password_8	\N	\N	event	92fcd891-9963-4bd5-891b-28d202512db8	\N	2026-05-05 08:16:37.838+00	2026-05-06 08:16:37.838+00	25	8	1000000000	500000000	active	t	2026-05-05 07:16:37.838+00	2026-05-05 08:06:37.838+00	2026-05-05 08:16:37.843+00	2026-05-05 08:16:37.843+00
\.


--
-- TOC entry 8226 (class 0 OID 19580)
-- Dependencies: 467
-- Data for Name: WiFiUserStatusHistory; Type: TABLE DATA; Schema: public; Owner: -
--

COPY public."WiFiUserStatusHistory" (id, "tenantId", "propertyId", username, "userId", "oldStatus", "newStatus", "changedBy", "changeReason", "ipAddress", "createdAt") FROM stdin;
\.


--
-- TOC entry 8227 (class 0 OID 19588)
-- Dependencies: 468
-- Data for Name: WiFiVoucher; Type: TABLE DATA; Schema: public; Owner: -
--

COPY public."WiFiVoucher" (id, "tenantId", "planId", code, "guestId", "bookingId", "isUsed", "usedAt", "validFrom", "validUntil", status, notes, "issuedTo", "issuedAt", "createdAt", "updatedAt") FROM stdin;
27421a47-c4c9-4d40-be74-3c664747ac7b	444017d5-e022-4c5f-ac07-ea0d51f4609b	418b8a64-88c1-4529-a68f-e153bb92f224	RS-PREM-A1B2C3	cb127462-1b96-4e37-8f78-65bbd0493ee1	b544cc77-46a6-4e53-921e-50db663eb482	t	2026-05-05 05:16:37.838+00	2026-05-03 08:16:37.838+00	2026-05-06 08:16:37.838+00	active	\N	\N	\N	2026-05-05 08:16:37.86+00	2026-05-05 08:16:37.86+00
f1c20917-a65e-4040-9a5d-9bf5d31c6be7	444017d5-e022-4c5f-ac07-ea0d51f4609b	ee35e1ab-ebdd-4e9e-ac2b-8f786d501976	RS-VIP-D4E5F6	0dae0b8b-173a-4819-8a5e-7ff3be5c81d5	9b7a9397-91d2-4f9c-baf4-71123765747b	t	2026-05-05 03:16:37.838+00	2026-05-04 08:16:37.838+00	2026-05-08 08:16:37.838+00	active	\N	\N	\N	2026-05-05 08:16:37.86+00	2026-05-05 08:16:37.86+00
d3cbd658-ed53-44e3-b01b-ee3786c950c0	444017d5-e022-4c5f-ac07-ea0d51f4609b	40486b74-cf4c-4f9e-82c8-d7621f36116c	RS-STD-G7H8I9	c5e15b10-5464-4323-87b6-41d1eb95c39a	a539a935-cba9-4ae3-a986-1a15727495b7	t	2026-05-05 00:16:37.838+00	2026-05-05 08:16:37.838+00	2026-05-09 08:16:37.838+00	active	\N	\N	\N	2026-05-05 08:16:37.86+00	2026-05-05 08:16:37.86+00
d41aea32-751c-4b02-a516-53c8c4b90959	444017d5-e022-4c5f-ac07-ea0d51f4609b	92fcd891-9963-4bd5-891b-28d202512db8	RS-CONF-J1K2L3	\N	\N	f	\N	2026-05-05 08:16:37.838+00	2026-05-06 08:16:37.838+00	active	\N	\N	\N	2026-05-05 08:16:37.86+00	2026-05-05 08:16:37.86+00
ddbfa50b-f879-4310-882e-9b708d845362	444017d5-e022-4c5f-ac07-ea0d51f4609b	418b8a64-88c1-4529-a68f-e153bb92f224	RS-PREM-M4N5O6	df87b649-707f-402a-9198-75a06d22ed63	231b3af0-9522-447b-8135-8ec031dc66c1	t	2026-05-04 08:16:37.838+00	2026-05-04 08:16:37.838+00	2026-05-07 08:16:37.838+00	used	\N	\N	\N	2026-05-05 08:16:37.86+00	2026-05-05 08:16:37.86+00
c7a36148-5a9f-4ffa-abc0-32e9632825d9	444017d5-e022-4c5f-ac07-ea0d51f4609b	adb7bd87-17eb-4b0e-bcf4-a6922445ac15	RS-BASIC-P7Q8R9	79877c7c-f915-4922-94a0-5d83df9e1d09	\N	t	2026-05-02 08:16:37.838+00	2026-05-02 08:16:37.838+00	2026-05-03 08:16:37.838+00	used	\N	\N	\N	2026-05-05 08:16:37.86+00	2026-05-05 08:16:37.86+00
bdfcb3fb-3b21-4d70-940e-118024d81ef0	444017d5-e022-4c5f-ac07-ea0d51f4609b	c80731b1-952f-45c0-b6e5-9cb77deb2590	RS-FREE-S1T2U3	18349da2-1713-42c0-bad9-67856cc58d26	7e7c1dde-1748-45aa-aad9-fde8feacb222	t	2026-05-03 08:16:37.838+00	2026-05-02 08:16:37.838+00	2026-05-05 08:16:37.838+00	used	\N	\N	\N	2026-05-05 08:16:37.86+00	2026-05-05 08:16:37.86+00
adf1102a-58b8-4e20-87a9-a1cc94a8cab7	444017d5-e022-4c5f-ac07-ea0d51f4609b	40486b74-cf4c-4f9e-82c8-d7621f36116c	RS-STD-V4W5X6	\N	\N	f	\N	2026-04-25 08:16:37.838+00	2026-04-28 08:16:37.838+00	expired	\N	\N	\N	2026-05-05 08:16:37.86+00	2026-05-05 08:16:37.86+00
e452129a-863a-47be-9bb1-ccc6bc6372ec	444017d5-e022-4c5f-ac07-ea0d51f4609b	adb7bd87-17eb-4b0e-bcf4-a6922445ac15	RS-BASIC-Y7Z8A9	\N	\N	f	\N	2026-04-30 08:16:37.838+00	2026-05-01 08:16:37.838+00	expired	\N	\N	\N	2026-05-05 08:16:37.86+00	2026-05-05 08:16:37.86+00
d49ada6b-1aa9-4206-a715-61a0fbb27c18	444017d5-e022-4c5f-ac07-ea0d51f4609b	92fcd891-9963-4bd5-891b-28d202512db8	RS-CONF-B1C2D3	\N	\N	f	\N	2026-05-04 08:16:37.838+00	2026-05-06 08:16:37.838+00	revoked	\N	\N	\N	2026-05-05 08:16:37.86+00	2026-05-05 08:16:37.86+00
\.


--
-- TOC entry 8228 (class 0 OID 19598)
-- Dependencies: 469
-- Data for Name: WorkOrder; Type: TABLE DATA; Schema: public; Owner: -
--

COPY public."WorkOrder" (id, "tenantId", "propertyId", "vendorId", "roomId", "assetId", "workOrderNumber", title, description, type, priority, status, "requestedBy", "assignedAt", "scheduledDate", "startedAt", "completedAt", "estimatedCost", "actualCost", "estimatedHours", "actualHours", notes, "completionNotes", attachments, "vendorNotes", rating, feedback, "createdAt", "updatedAt", "deletedAt") FROM stdin;
82e87643-c453-4255-8b91-bd7bccfbb4b2	444017d5-e022-4c5f-ac07-ea0d51f4609b	281fde73-7836-4511-b644-91f3663d8fcd	\N	3330f9c6-2345-4db5-bc7f-4a8ca55afb8b	\N	WO-2024-001	Leaking bathroom faucet	Guest reported slow drip from bathroom faucet in room 501. Needs immediate attention.	plumbing	high	in_progress	cc3b3483-ad7a-452a-b623-5465962c9678	2026-05-04 08:16:37.6+00	2026-05-05 08:16:37.659+00	2026-05-04 20:16:37.6+00	\N	1500	\N	2	\N	Vendor CleanPro assigned	\N	[]	\N	\N	\N	2026-05-05 08:16:37.66+00	2026-05-05 08:16:37.66+00	\N
8c908957-f493-4251-8e3c-5f5d3b118347	444017d5-e022-4c5f-ac07-ea0d51f4609b	281fde73-7836-4511-b644-91f3663d8fcd	57077ad0-4ed1-484d-824e-96e48be3f929	df952a5d-0ea8-49c6-9445-0de11983d19a	\N	WO-2024-002	AC not cooling properly	Executive Suite 801 AC is blowing warm air. Guest is a VIP platinum member.	hvac	urgent	in_progress	b763e2df-7bf1-4de8-94f8-97a1f1e7a0ec	2026-05-05 02:16:37.6+00	2026-05-05 08:16:37.66+00	2026-05-05 04:16:37.6+00	\N	5000	\N	4	\N	Temp fix applied, replacement part ordered	\N	[]	\N	\N	\N	2026-05-05 08:16:37.66+00	2026-05-05 08:16:37.66+00	\N
1aff279e-9c1e-414f-9c10-184682a3352a	444017d5-e022-4c5f-ac07-ea0d51f4609b	281fde73-7836-4511-b644-91f3663d8fcd	\N	fa963414-5906-466f-8247-c080508d3716	\N	WO-2024-003	Replace broken window latch	Window latch in room 305 is broken and won't lock. Security concern.	carpentry	medium	pending	195d4b15-e4ba-4554-affa-01c53a43f883	\N	2026-05-06 08:16:37.6+00	\N	\N	800	\N	1	\N	\N	\N	[]	\N	\N	\N	2026-05-05 08:16:37.66+00	2026-05-05 08:16:37.66+00	\N
25ff08e1-a7b7-409d-b9d4-10da1cfc8514	444017d5-e022-4c5f-ac07-ea0d51f4609b	281fde73-7836-4511-b644-91f3663d8fcd	42b66844-0c28-4f97-8e19-1522ad7d2623	2bd9e3e1-07f2-4535-ab58-5868a167f183	\N	WO-2024-004	Electrical outlet sparking	Guest reported occasional sparking from the bedside outlet in room 101.	electrical	high	completed	cc3b3483-ad7a-452a-b623-5465962c9678	2026-05-02 08:16:37.6+00	\N	2026-05-02 20:16:37.6+00	2026-05-03 08:16:37.6+00	2000	1800	2	1.5	\N	Outlet replaced with new one. Tested and working.	[]	\N	\N	\N	2026-05-05 08:16:37.66+00	2026-05-05 08:16:37.66+00	\N
e6aa6a35-5110-40d9-80e4-cdf4161a1b41	444017d5-e022-4c5f-ac07-ea0d51f4609b	281fde73-7836-4511-b644-91f3663d8fcd	\N	\N	\N	WO-2024-005	Repaint lobby walls	Lobby walls have scuff marks and need repainting before the wedding event next week.	painting	low	pending	b763e2df-7bf1-4de8-94f8-97a1f1e7a0ec	\N	2026-05-10 08:16:37.6+00	\N	\N	15000	\N	8	\N	Use premium washable paint	\N	[]	\N	\N	\N	2026-05-05 08:16:37.66+00	2026-05-05 08:16:37.66+00	\N
\.


--
-- TOC entry 8250 (class 0 OID 19848)
-- Dependencies: 491
-- Data for Name: _CaptivePortalToVlanConfig; Type: TABLE DATA; Schema: public; Owner: -
--

COPY public."_CaptivePortalToVlanConfig" ("A", "B") FROM stdin;
\.


--
-- TOC entry 8251 (class 0 OID 19853)
-- Dependencies: 492
-- Data for Name: _ModifierItems; Type: TABLE DATA; Schema: public; Owner: -
--

COPY public."_ModifierItems" ("A", "B") FROM stdin;
\.


--
-- TOC entry 8023 (class 0 OID 17127)
-- Dependencies: 264
-- Data for Name: data_usage_by_period; Type: TABLE DATA; Schema: public; Owner: -
--

COPY public.data_usage_by_period (username, period_start, period_end, acctinputoctets, acctoutputoctets) FROM stdin;
\.


--
-- TOC entry 8046 (class 0 OID 17376)
-- Dependencies: 287
-- Data for Name: fup_switch_log; Type: TABLE DATA; Schema: public; Owner: -
--

COPY public.fup_switch_log (id, username, fup_policy_name, usage_mb, limit_mb, throttle_down_kbps, throttle_up_kbps, triggered_at, property_id, plan_name, cycle_type, action, original_down_kbps, original_up_kbps, nas_ip, created_at) FROM stdin;
\.


--
-- TOC entry 8150 (class 0 OID 18625)
-- Dependencies: 391
-- Data for Name: nas; Type: TABLE DATA; Schema: public; Owner: -
--

COPY public.nas (id, nasname, shortname, type, ports, secret, server, community, description) FROM stdin;
1	127.0.0.1	cryptsk-local	cryptsk	1812	localkey	\N	\N	Cryptsk Multimode Gateway — built-in system NAS
2	10.0.1.1	mikrotik-main	mikrotik	1812	nas_secret_mikrotik_1	\N	public_ro	MikroTik Router - Main
3	10.0.1.2	aruba-conf	aruba	1812	nas_secret_aruba_1	\N	public_ro	Aruba Controller - Conference
\.


--
-- TOC entry 8103 (class 0 OID 18088)
-- Dependencies: 344
-- Data for Name: nasreload; Type: TABLE DATA; Schema: public; Owner: -
--

COPY public.nasreload (nasipaddress, reloadtime) FROM stdin;
\.


--
-- TOC entry 8134 (class 0 OID 18450)
-- Dependencies: 375
-- Data for Name: radacct; Type: TABLE DATA; Schema: public; Owner: -
--

COPY public.radacct (radacctid, acctsessionid, acctuniqueid, username, realm, nasipaddress, nasportid, nasporttype, acctstarttime, acctupdatetime, acctstoptime, acctinterval, acctsessiontime, acctauthentic, connectinfo_start, connectinfo_stop, acctinputoctets, acctoutputoctets, acctinputgigawords, acctoutputgigawords, calledstationid, callingstationid, acctterminatecause, servicetype, framedprotocol, framedipaddress, framedipv6address, framedipv6prefix, framedinterfaceid, delegatedipv6prefix, acctinputpackets, acctoutputpackets, acctstatus, "loginType", "createdAt", "updatedAt", class) FROM stdin;
\.


--
-- TOC entry 8135 (class 0 OID 18468)
-- Dependencies: 376
-- Data for Name: radcheck; Type: TABLE DATA; Schema: public; Owner: -
--

COPY public.radcheck (id, "wifiUserId", username, attribute, op, value, priority, "isActive", "createdAt", "updatedAt") FROM stdin;
02723b1d-7ad2-46de-ae9e-81f950e04ceb	0d6a3f75-6dc6-46d1-890d-327d22831587	guest.amit.mukherjee	Cleartext-Password	:=	Amit@2024	0	t	2026-05-05 08:16:37.846+00	2026-05-05 08:16:37.846+00
26b2f797-a718-440b-9a29-6479a1abc8ec	adefcb58-a532-4dd5-9e7e-f6a3a9a5b124	guest.rahul.banerjee	Cleartext-Password	:=	Rahul@2024	0	t	2026-05-05 08:16:37.846+00	2026-05-05 08:16:37.846+00
6f3406b5-a093-4a3f-9c0e-f1d294a5dfa4	98168e31-b443-42c4-8995-a4aed14f83d8	guest.sneha.gupta	Cleartext-Password	:=	Sneha@2024	0	t	2026-05-05 08:16:37.846+00	2026-05-05 08:16:37.846+00
9fac6123-5fc9-4ee4-a7d9-7a4e2c7a0750	085b8d2d-b890-445a-989d-a44ab8bd3370	guest.vikram.singh	Cleartext-Password	:=	Vikram@2024	0	t	2026-05-05 08:16:37.846+00	2026-05-05 08:16:37.846+00
55cf2d71-8c17-4f20-bc4a-998f6b1806d3	afb49f34-328d-4a6e-bf58-6cc12e008d58	staff.priya.das	Cleartext-Password	:=	Staff@Priya	0	t	2026-05-05 08:16:37.846+00	2026-05-05 08:16:37.846+00
25d235cc-3b33-4066-8b76-423a04b81947	62f8d715-7a6e-4d06-be6c-ee2036bbeb11	staff.anita.roy	Cleartext-Password	:=	Staff@Anita	0	t	2026-05-05 08:16:37.846+00	2026-05-05 08:16:37.846+00
a0b5be3e-25b4-4b72-b86c-6f121b63f2bb	42ab323b-d973-47d2-b678-fc729bc19355	conference.room1	Cleartext-Password	:=	Conf@2024	0	t	2026-05-05 08:16:37.846+00	2026-05-05 08:16:37.846+00
\.


--
-- TOC entry 8136 (class 0 OID 18479)
-- Dependencies: 377
-- Data for Name: radgroupcheck; Type: TABLE DATA; Schema: public; Owner: -
--

COPY public.radgroupcheck (id, groupname, attribute, op, value, priority, "createdAt") FROM stdin;
c7cdc0aa-a823-4bfc-a7f4-8c789c0a1865	free_plan	Cryptsk-Rate-Limit	:=	5M/2M	0	2026-05-05 08:16:37.853+00
1cdad3ad-20e1-4bff-9e0e-b7dea15bcb83	free_plan	Cryptsk-Bandwidth-Max-Down	:=	5000000	1	2026-05-05 08:16:37.853+00
39d04191-9431-4626-8111-2a6dd0bf75c4	free_plan	Cryptsk-Bandwidth-Max-Up	:=	2000000	2	2026-05-05 08:16:37.853+00
cbd6b214-4f87-464a-b084-6b15cfe76e62	free_plan	Session-Timeout	:=	86400	3	2026-05-05 08:16:37.853+00
a485502f-3f4e-4b6e-abca-8d091e7cbdfd	basic_plan	Cryptsk-Rate-Limit	:=	10M/5M	0	2026-05-05 08:16:37.853+00
13eece79-5295-43b9-acae-10226b8b2ef2	basic_plan	Cryptsk-Bandwidth-Max-Down	:=	10000000	1	2026-05-05 08:16:37.853+00
d812600d-9f18-490b-a2a6-8e553e0c30ff	basic_plan	Cryptsk-Bandwidth-Max-Up	:=	5000000	2	2026-05-05 08:16:37.853+00
1b819d75-1053-4a45-ae54-bccd514c3656	basic_plan	Cryptsk-Total-Limit	:=	2147483648	3	2026-05-05 08:16:37.853+00
d6f13e03-111c-4677-b034-87ef30927cc0	basic_plan	Session-Timeout	:=	86400	4	2026-05-05 08:16:37.853+00
d1f30f50-bef4-4a28-b1a1-760d0fe36800	standard_plan	Cryptsk-Rate-Limit	:=	25M/10M	0	2026-05-05 08:16:37.853+00
626e4852-3eea-40b9-8fe0-b25144f2792a	standard_plan	Cryptsk-Bandwidth-Max-Down	:=	25000000	1	2026-05-05 08:16:37.853+00
57ace93d-1f9c-4ddf-829c-0ccf065aa1e9	standard_plan	Cryptsk-Bandwidth-Max-Up	:=	10000000	2	2026-05-05 08:16:37.853+00
f3806f23-63df-4dac-99b7-89527c9467d6	standard_plan	Cryptsk-Total-Limit	:=	5368709120	3	2026-05-05 08:16:37.853+00
9b396aa5-99b1-44a5-b414-e167f5b49029	standard_plan	Session-Timeout	:=	259200	4	2026-05-05 08:16:37.853+00
3cb24feb-243b-4a47-b6a6-33d0c9eb4056	premium_plan	Cryptsk-Rate-Limit	:=	50M/25M	0	2026-05-05 08:16:37.853+00
3679229b-ef12-41ce-b8fa-f273b6831ac2	premium_plan	Cryptsk-Bandwidth-Max-Down	:=	50000000	1	2026-05-05 08:16:37.853+00
fede318c-dcb4-4a9d-806b-193422ce5088	premium_plan	Cryptsk-Bandwidth-Max-Up	:=	25000000	2	2026-05-05 08:16:37.853+00
0582e299-6d2d-43ea-a6e2-3cea06a80d96	premium_plan	Cryptsk-Total-Limit	:=	16106127360	3	2026-05-05 08:16:37.853+00
8969f5c8-d189-429f-bb28-fecdbaff2458	premium_plan	Session-Timeout	:=	432000	4	2026-05-05 08:16:37.853+00
06801499-db80-4246-91c5-fab7d9bee4ae	vip_suite_plan	Cryptsk-Rate-Limit	:=	100M/50M	0	2026-05-05 08:16:37.853+00
1df74df6-dd14-4225-a7af-48543fd82a90	vip_suite_plan	Cryptsk-Bandwidth-Max-Down	:=	100000000	1	2026-05-05 08:16:37.853+00
921fe066-7be6-49d4-8234-007c8d29804f	vip_suite_plan	Cryptsk-Bandwidth-Max-Up	:=	50000000	2	2026-05-05 08:16:37.853+00
02e91142-6bfa-4422-bc6c-9c3e9dc55c93	vip_suite_plan	Session-Timeout	:=	604800	3	2026-05-05 08:16:37.853+00
af220347-719e-4d09-9752-2bfd61c6d90d	conference_plan	Cryptsk-Rate-Limit	:=	30M/15M	0	2026-05-05 08:16:37.853+00
bebfbe81-5b46-46a9-8021-15c5222dde01	conference_plan	Cryptsk-Bandwidth-Max-Down	:=	30000000	1	2026-05-05 08:16:37.853+00
106cbd86-2676-4e66-a9bf-361ad367962f	conference_plan	Cryptsk-Bandwidth-Max-Up	:=	15000000	2	2026-05-05 08:16:37.853+00
5419c57c-9c23-40fc-8160-de85ac04f96d	conference_plan	Cryptsk-Total-Limit	:=	10737418240	3	2026-05-05 08:16:37.853+00
556705a6-a187-45f8-ae5c-e68c12ea5912	conference_plan	Simultaneous-Use	:=	25	4	2026-05-05 08:16:37.853+00
\.


--
-- TOC entry 8137 (class 0 OID 18489)
-- Dependencies: 378
-- Data for Name: radgroupreply; Type: TABLE DATA; Schema: public; Owner: -
--

COPY public.radgroupreply (id, groupname, attribute, op, value, priority, "createdAt") FROM stdin;
8f414c9a-2a95-4868-8a23-9bb9155fbfaa	free_plan	WISPr-Bandwidth-Max-Down	:=	5000000	0	2026-05-05 08:16:37.854+00
315748ae-29bd-46f1-b66a-cac17f0ed51b	free_plan	WISPr-Bandwidth-Max-Up	:=	2000000	1	2026-05-05 08:16:37.854+00
68290687-c039-42c2-8bc0-52865f5b96be	basic_plan	WISPr-Bandwidth-Max-Down	:=	10000000	0	2026-05-05 08:16:37.854+00
174826f8-af5a-45aa-a9e8-6310cf8940e1	basic_plan	WISPr-Bandwidth-Max-Up	:=	5000000	1	2026-05-05 08:16:37.854+00
d0b96b27-e5c0-4983-b5c6-2a0fcde07887	standard_plan	WISPr-Bandwidth-Max-Down	:=	25000000	0	2026-05-05 08:16:37.854+00
4a6b9bd6-b240-429b-82b5-eba90d4a7c86	standard_plan	WISPr-Bandwidth-Max-Up	:=	10000000	1	2026-05-05 08:16:37.854+00
6259693b-02a9-41a4-af0b-daf7af6ff7fe	premium_plan	WISPr-Bandwidth-Max-Down	:=	50000000	0	2026-05-05 08:16:37.854+00
99c31c5d-e6a4-4fbb-90fa-ecd2ef282c28	premium_plan	WISPr-Bandwidth-Max-Up	:=	25000000	1	2026-05-05 08:16:37.854+00
77ffda84-d58a-4ef0-85ab-0081d9ed6213	vip_suite_plan	WISPr-Bandwidth-Max-Down	:=	100000000	0	2026-05-05 08:16:37.854+00
f2687b4e-4990-4d83-840f-4d9a50768cfc	vip_suite_plan	WISPr-Bandwidth-Max-Up	:=	50000000	1	2026-05-05 08:16:37.854+00
e1b77db7-350f-4ac9-a241-47bb47a31d49	conference_plan	WISPr-Bandwidth-Max-Down	:=	30000000	0	2026-05-05 08:16:37.854+00
af5ec756-5bfc-498a-9c0e-aed4e15055ea	conference_plan	WISPr-Bandwidth-Max-Up	:=	15000000	1	2026-05-05 08:16:37.854+00
\.


--
-- TOC entry 8146 (class 0 OID 18595)
-- Dependencies: 387
-- Data for Name: radpostauth; Type: TABLE DATA; Schema: public; Owner: -
--

COPY public.radpostauth (id, username, pass, reply, calledstationid, callingstationid, authdate, "propertyId", "nasIpAddress", clientipaddress, class) FROM stdin;
1	guest.amit.mukherjee	Amit@2024	Access-Accept	AA:BB:CC:11:22:33	AA:BB:CC:11:22:33	2026-05-05 05:16:37.838+00	281fde73-7836-4511-b644-91f3663d8fcd	10.0.1.1	\N	\N
2	guest.rahul.banerjee	Rahul@2024	Access-Accept	AA:BB:CC:44:55:66	AA:BB:CC:44:55:66	2026-05-05 03:16:37.838+00	281fde73-7836-4511-b644-91f3663d8fcd	10.0.1.1	\N	\N
3	guest.sneha.gupta	Sneha@2024	Access-Accept	AA:BB:CC:77:88:99	AA:BB:CC:77:88:99	2026-05-05 00:16:37.838+00	281fde73-7836-4511-b644-91f3663d8fcd	10.0.1.2	\N	\N
4	guest.vikram.singh	Vikram@2024	Access-Accept	AA:BB:CC:AA:BB:CC	AA:BB:CC:AA:BB:CC	2026-05-05 07:16:37.838+00	281fde73-7836-4511-b644-91f3663d8fcd	10.0.1.1	\N	\N
5	staff.priya.das	Staff@Priya	Access-Accept	AA:BB:CC:55:66:77	AA:BB:CC:55:66:77	2026-05-05 02:16:37.838+00	281fde73-7836-4511-b644-91f3663d8fcd	10.0.1.1	\N	\N
6	staff.anita.roy	Staff@Anita	Access-Accept	AA:BB:CC:66:77:88	AA:BB:CC:66:77:88	2026-05-04 08:16:37.838+00	281fde73-7836-4511-b644-91f3663d8fcd	10.0.1.2	\N	\N
7	conference.room1	Conf@2024	Access-Accept	DD:EE:FF:11:22:33	DD:EE:FF:11:22:33	2026-05-05 07:16:37.838+00	281fde73-7836-4511-b644-91f3663d8fcd	10.0.1.2	\N	\N
8	guest.amit.mukherjee	Amit@2024	Access-Accept	AA:BB:CC:11:22:34	AA:BB:CC:11:22:34	2026-05-04 08:16:37.838+00	281fde73-7836-4511-b644-91f3663d8fcd	10.0.1.1	\N	\N
9	guest.rina.chatterjee	Rina@2024	Access-Accept	AA:BB:CC:DD:EE:FF	AA:BB:CC:DD:EE:FF	2026-05-03 08:16:37.838+00	281fde73-7836-4511-b644-91f3663d8fcd	10.0.1.1	\N	\N
10	guest.sneha.gupta	Sneha@2024	Access-Accept	AA:BB:CC:77:88:99	AA:BB:CC:77:88:99	2026-05-05 06:16:37.838+00	281fde73-7836-4511-b644-91f3663d8fcd	10.0.1.2	\N	\N
11	guest.rahul.banerjee	Rahul@2024	Access-Accept	AA:BB:CC:44:55:66	AA:BB:CC:44:55:66	2026-05-04 08:16:37.838+00	281fde73-7836-4511-b644-91f3663d8fcd	10.0.1.1	\N	\N
12	guest.vikram.singh	Vikram@2024	Access-Accept	AA:BB:CC:AA:BB:CC	AA:BB:CC:AA:BB:CC	2026-05-05 04:16:37.838+00	281fde73-7836-4511-b644-91f3663d8fcd	10.0.1.1	\N	\N
13	unknown_user_1	wrong	Access-Reject	22:33:44:55:66:77	22:33:44:55:66:77	2026-05-05 02:16:37.838+00	281fde73-7836-4511-b644-91f3663d8fcd	10.0.1.1	\N	\N
14	expired_guest	Expired@2024	Access-Reject	33:44:55:66:77:88	33:44:55:66:77:88	2026-05-05 03:16:37.838+00	281fde73-7836-4511-b644-91f3663d8fcd	10.0.1.1	\N	\N
15	guest.rina.chatterjee	WrongPassword	Access-Reject	AA:BB:CC:DD:EE:FF	AA:BB:CC:DD:EE:FF	2026-05-05 07:46:37.838+00	281fde73-7836-4511-b644-91f3663d8fcd	10.0.1.1	\N	\N
16	suspicious_mac_auth		Access-Reject	22:33:44:55:66:77	22:33:44:55:66:77	2026-05-05 02:16:37.838+00	281fde73-7836-4511-b644-91f3663d8fcd	10.0.1.1	\N	\N
17	rogue_client	hacked	Access-Reject	33:44:55:66:77:88	33:44:55:66:77:88	2026-05-04 08:16:37.838+00	281fde73-7836-4511-b644-91f3663d8fcd	10.0.1.2	\N	\N
18	brute_force_1	guess1	Access-Reject	44:55:66:77:88:99	44:55:66:77:88:99	2026-05-05 07:31:37.838+00	281fde73-7836-4511-b644-91f3663d8fcd	10.0.1.1	\N	\N
19	brute_force_2	guess2	Access-Reject	44:55:66:77:88:99	44:55:66:77:88:99	2026-05-05 07:32:37.838+00	281fde73-7836-4511-b644-91f3663d8fcd	10.0.1.1	\N	\N
20	brute_force_3	guess3	Access-Reject	44:55:66:77:88:99	44:55:66:77:88:99	2026-05-05 07:33:37.838+00	281fde73-7836-4511-b644-91f3663d8fcd	10.0.1.1	\N	\N
21	unknown_user_2	test123	Access-Reject	55:66:77:88:99:AA	55:66:77:88:99:AA	2026-05-05 05:16:37.838+00	281fde73-7836-4511-b644-91f3663d8fcd	10.0.1.2	\N	\N
22	denied_user	NoAccess	Access-Reject	66:77:88:99:AA:BB	66:77:88:99:AA:BB	2026-05-05 06:16:37.838+00	281fde73-7836-4511-b644-91f3663d8fcd	10.0.1.1	\N	\N
23	staff.fired	OldPassword	Access-Reject	77:88:99:AA:BB:CC	77:88:99:AA:BB:CC	2026-05-04 08:16:37.838+00	281fde73-7836-4511-b644-91f3663d8fcd	10.0.1.2	\N	\N
\.


--
-- TOC entry 8147 (class 0 OID 18604)
-- Dependencies: 388
-- Data for Name: radreply; Type: TABLE DATA; Schema: public; Owner: -
--

COPY public.radreply (id, "wifiUserId", username, attribute, op, value, priority, "isActive", "createdAt", "updatedAt") FROM stdin;
3ed3da6d-2602-4e60-be66-f3673160502c	0d6a3f75-6dc6-46d1-890d-327d22831587	guest.amit.mukherjee	WISPr-Bandwidth-Max-Down	:=	50000000	0	t	2026-05-05 08:16:37.848+00	2026-05-05 08:16:37.848+00
88623c57-b327-43e4-b8e9-b5fe49d4411f	0d6a3f75-6dc6-46d1-890d-327d22831587	guest.amit.mukherjee	WISPr-Bandwidth-Max-Up	:=	25000000	0	t	2026-05-05 08:16:37.848+00	2026-05-05 08:16:37.848+00
6c31bbc2-7dc9-49c5-aeae-e2efc2d04ae3	0d6a3f75-6dc6-46d1-890d-327d22831587	guest.amit.mukherjee	Cryptsk-Rate-Limit	:=	50M/25M	0	t	2026-05-05 08:16:37.848+00	2026-05-05 08:16:37.848+00
9f30d1fb-95f0-42b0-b1bb-193f3c89dce9	0d6a3f75-6dc6-46d1-890d-327d22831587	guest.amit.mukherjee	Cryptsk-Bandwidth-Max-Down	:=	50000000	0	t	2026-05-05 08:16:37.848+00	2026-05-05 08:16:37.848+00
4705a18b-912d-48ec-889f-814a15802017	0d6a3f75-6dc6-46d1-890d-327d22831587	guest.amit.mukherjee	Cryptsk-Bandwidth-Max-Up	:=	25000000	0	t	2026-05-05 08:16:37.848+00	2026-05-05 08:16:37.848+00
af4ca31e-d482-4bb0-8a6b-813457920109	0d6a3f75-6dc6-46d1-890d-327d22831587	guest.amit.mukherjee	Cryptsk-Total-Limit	:=	16106127360	0	t	2026-05-05 08:16:37.848+00	2026-05-05 08:16:37.848+00
51bd1d00-76d6-4ea3-a9e6-f05b622d8881	adefcb58-a532-4dd5-9e7e-f6a3a9a5b124	guest.rahul.banerjee	WISPr-Bandwidth-Max-Down	:=	100000000	0	t	2026-05-05 08:16:37.848+00	2026-05-05 08:16:37.848+00
69154af2-ffe3-451d-8662-528d3f47923b	adefcb58-a532-4dd5-9e7e-f6a3a9a5b124	guest.rahul.banerjee	WISPr-Bandwidth-Max-Up	:=	50000000	0	t	2026-05-05 08:16:37.848+00	2026-05-05 08:16:37.848+00
ed013249-3cf5-4c90-a791-73214c9265f8	adefcb58-a532-4dd5-9e7e-f6a3a9a5b124	guest.rahul.banerjee	Cryptsk-Rate-Limit	:=	100M/50M	0	t	2026-05-05 08:16:37.848+00	2026-05-05 08:16:37.848+00
3995a203-59d7-4dc2-ac4e-4a00722f5188	adefcb58-a532-4dd5-9e7e-f6a3a9a5b124	guest.rahul.banerjee	Cryptsk-Bandwidth-Max-Down	:=	100000000	0	t	2026-05-05 08:16:37.848+00	2026-05-05 08:16:37.848+00
509f40b9-1434-4fca-90e3-44e1d16aa149	adefcb58-a532-4dd5-9e7e-f6a3a9a5b124	guest.rahul.banerjee	Cryptsk-Bandwidth-Max-Up	:=	50000000	0	t	2026-05-05 08:16:37.848+00	2026-05-05 08:16:37.848+00
fab50019-80f1-4dfc-a25b-ecf0ced40856	98168e31-b443-42c4-8995-a4aed14f83d8	guest.sneha.gupta	WISPr-Bandwidth-Max-Down	:=	25000000	0	t	2026-05-05 08:16:37.848+00	2026-05-05 08:16:37.848+00
5e2f3934-0fac-4509-83d0-30d9c5c14e3d	98168e31-b443-42c4-8995-a4aed14f83d8	guest.sneha.gupta	WISPr-Bandwidth-Max-Up	:=	10000000	0	t	2026-05-05 08:16:37.848+00	2026-05-05 08:16:37.848+00
02941076-b39d-42ad-a05b-861dbba96fa4	98168e31-b443-42c4-8995-a4aed14f83d8	guest.sneha.gupta	Cryptsk-Rate-Limit	:=	25M/10M	0	t	2026-05-05 08:16:37.848+00	2026-05-05 08:16:37.848+00
2fb37bd9-d02b-43aa-8fe4-861b903057f6	98168e31-b443-42c4-8995-a4aed14f83d8	guest.sneha.gupta	Cryptsk-Bandwidth-Max-Down	:=	25000000	0	t	2026-05-05 08:16:37.848+00	2026-05-05 08:16:37.848+00
b9c12b6a-d993-42c3-81a3-9964533be3b7	98168e31-b443-42c4-8995-a4aed14f83d8	guest.sneha.gupta	Cryptsk-Bandwidth-Max-Up	:=	10000000	0	t	2026-05-05 08:16:37.848+00	2026-05-05 08:16:37.848+00
3bf07286-ee7f-42ad-adcc-bfb8b7159fba	98168e31-b443-42c4-8995-a4aed14f83d8	guest.sneha.gupta	Cryptsk-Total-Limit	:=	5368709120	0	t	2026-05-05 08:16:37.848+00	2026-05-05 08:16:37.848+00
2c265d6c-56a5-4828-8dd0-a78b9f47c37e	085b8d2d-b890-445a-989d-a44ab8bd3370	guest.vikram.singh	WISPr-Bandwidth-Max-Down	:=	100000000	0	t	2026-05-05 08:16:37.848+00	2026-05-05 08:16:37.848+00
8fba4fa3-3d5f-44a6-aa11-9dfddbd93adb	085b8d2d-b890-445a-989d-a44ab8bd3370	guest.vikram.singh	WISPr-Bandwidth-Max-Up	:=	50000000	0	t	2026-05-05 08:16:37.848+00	2026-05-05 08:16:37.848+00
07ad31d5-4be6-4f24-b0df-b71fa27d4b23	085b8d2d-b890-445a-989d-a44ab8bd3370	guest.vikram.singh	Cryptsk-Rate-Limit	:=	100M/50M	0	t	2026-05-05 08:16:37.848+00	2026-05-05 08:16:37.848+00
b2e529f5-39e7-4696-87e6-b5fbf818f113	085b8d2d-b890-445a-989d-a44ab8bd3370	guest.vikram.singh	Cryptsk-Bandwidth-Max-Down	:=	100000000	0	t	2026-05-05 08:16:37.848+00	2026-05-05 08:16:37.848+00
d0561a6f-1e8b-4412-b7a4-64baa267d86c	085b8d2d-b890-445a-989d-a44ab8bd3370	guest.vikram.singh	Cryptsk-Bandwidth-Max-Up	:=	50000000	0	t	2026-05-05 08:16:37.848+00	2026-05-05 08:16:37.848+00
405b1207-1faf-481b-a504-62eb01f376a2	afb49f34-328d-4a6e-bf58-6cc12e008d58	staff.priya.das	WISPr-Bandwidth-Max-Down	:=	50000000	0	t	2026-05-05 08:16:37.848+00	2026-05-05 08:16:37.848+00
507f2015-72a3-4170-b9a3-f3981df54337	afb49f34-328d-4a6e-bf58-6cc12e008d58	staff.priya.das	WISPr-Bandwidth-Max-Up	:=	25000000	0	t	2026-05-05 08:16:37.848+00	2026-05-05 08:16:37.848+00
c186e54c-0394-4a2c-ad3f-f192b371a464	afb49f34-328d-4a6e-bf58-6cc12e008d58	staff.priya.das	Cryptsk-Rate-Limit	:=	50M/25M	0	t	2026-05-05 08:16:37.848+00	2026-05-05 08:16:37.848+00
b57a2778-830d-40a5-94d0-f5ebf6a9a4ed	afb49f34-328d-4a6e-bf58-6cc12e008d58	staff.priya.das	Cryptsk-Bandwidth-Max-Down	:=	50000000	0	t	2026-05-05 08:16:37.848+00	2026-05-05 08:16:37.848+00
0f5102c4-286a-48c1-8bc2-3292e7655740	afb49f34-328d-4a6e-bf58-6cc12e008d58	staff.priya.das	Cryptsk-Bandwidth-Max-Up	:=	25000000	0	t	2026-05-05 08:16:37.848+00	2026-05-05 08:16:37.848+00
eff610b4-273c-4e68-93bd-ae0541c15d09	62f8d715-7a6e-4d06-be6c-ee2036bbeb11	staff.anita.roy	WISPr-Bandwidth-Max-Down	:=	25000000	0	t	2026-05-05 08:16:37.848+00	2026-05-05 08:16:37.848+00
f18012d7-fe96-401c-902b-7d465db40272	62f8d715-7a6e-4d06-be6c-ee2036bbeb11	staff.anita.roy	WISPr-Bandwidth-Max-Up	:=	10000000	0	t	2026-05-05 08:16:37.848+00	2026-05-05 08:16:37.848+00
e47a39ea-08c6-409d-8215-0b593db67e8a	62f8d715-7a6e-4d06-be6c-ee2036bbeb11	staff.anita.roy	Cryptsk-Rate-Limit	:=	25M/10M	0	t	2026-05-05 08:16:37.848+00	2026-05-05 08:16:37.848+00
e23c7b0d-c8d1-4d93-acb3-fb4d4d6ce6c5	62f8d715-7a6e-4d06-be6c-ee2036bbeb11	staff.anita.roy	Cryptsk-Bandwidth-Max-Down	:=	25000000	0	t	2026-05-05 08:16:37.848+00	2026-05-05 08:16:37.848+00
992cca72-36b3-461f-88a6-8753d0d638b2	62f8d715-7a6e-4d06-be6c-ee2036bbeb11	staff.anita.roy	Cryptsk-Bandwidth-Max-Up	:=	10000000	0	t	2026-05-05 08:16:37.848+00	2026-05-05 08:16:37.848+00
9752e421-b124-426e-93bc-b5d398dd67db	42ab323b-d973-47d2-b678-fc729bc19355	conference.room1	WISPr-Bandwidth-Max-Down	:=	30000000	0	t	2026-05-05 08:16:37.848+00	2026-05-05 08:16:37.848+00
f81e9f79-dbf3-4a16-83dc-2cf12d47da5a	42ab323b-d973-47d2-b678-fc729bc19355	conference.room1	WISPr-Bandwidth-Max-Up	:=	15000000	0	t	2026-05-05 08:16:37.848+00	2026-05-05 08:16:37.848+00
c87f3335-6707-4972-a116-8ca7a1d2ef97	42ab323b-d973-47d2-b678-fc729bc19355	conference.room1	Cryptsk-Rate-Limit	:=	30M/15M	0	t	2026-05-05 08:16:37.848+00	2026-05-05 08:16:37.848+00
91304474-2bb5-4132-8101-fa6685cf1514	42ab323b-d973-47d2-b678-fc729bc19355	conference.room1	Cryptsk-Bandwidth-Max-Down	:=	30000000	0	t	2026-05-05 08:16:37.848+00	2026-05-05 08:16:37.848+00
b2d18daa-7ab4-4cea-b012-def69d19a15a	42ab323b-d973-47d2-b678-fc729bc19355	conference.room1	Cryptsk-Bandwidth-Max-Up	:=	15000000	0	t	2026-05-05 08:16:37.848+00	2026-05-05 08:16:37.848+00
795263bf-119c-4070-8136-c1697de8c3dd	42ab323b-d973-47d2-b678-fc729bc19355	conference.room1	Cryptsk-Total-Limit	:=	10737418240	0	t	2026-05-05 08:16:37.848+00	2026-05-05 08:16:37.848+00
\.


--
-- TOC entry 8148 (class 0 OID 18615)
-- Dependencies: 389
-- Data for Name: radusergroup; Type: TABLE DATA; Schema: public; Owner: -
--

COPY public.radusergroup (id, username, groupname, priority, "createdAt") FROM stdin;
20fa9b11-62e7-43f1-a2c1-1f557e615952	guest.amit.mukherjee	premium_plan	0	2026-05-05 08:16:37.851+00
f35e62bd-c2e4-444b-aac2-934f73a5f04c	guest.rahul.banerjee	vip_suite_plan	0	2026-05-05 08:16:37.851+00
f98e2810-af4e-4ade-9513-266f6fab573f	guest.sneha.gupta	standard_plan	0	2026-05-05 08:16:37.851+00
74518ba3-4eb0-431b-9c81-c00837a5cae3	guest.vikram.singh	vip_suite_plan	0	2026-05-05 08:16:37.851+00
02eb3f46-740b-44f0-ab73-b74889995813	staff.priya.das	premium_plan	0	2026-05-05 08:16:37.851+00
5ac414a8-2513-42dc-ab1d-850de5f26550	staff.anita.roy	standard_plan	0	2026-05-05 08:16:37.851+00
b302b2be-0499-40e4-9766-df0fb0127746	conference.room1	conference_plan	0	2026-05-05 08:16:37.851+00
\.


--
-- TOC entry 8262 (class 0 OID 0)
-- Dependencies: 286
-- Name: fup_switch_log_id_seq; Type: SEQUENCE SET; Schema: public; Owner: -
--

SELECT pg_catalog.setval('public.fup_switch_log_id_seq', 1, false);


--
-- TOC entry 8263 (class 0 OID 0)
-- Dependencies: 390
-- Name: nas_id_seq; Type: SEQUENCE SET; Schema: public; Owner: -
--

SELECT pg_catalog.setval('public.nas_id_seq', 3, true);


--
-- TOC entry 8264 (class 0 OID 0)
-- Dependencies: 374
-- Name: radacct_radacctid_seq; Type: SEQUENCE SET; Schema: public; Owner: -
--

SELECT pg_catalog.setval('public.radacct_radacctid_seq', 1, false);


--
-- TOC entry 8265 (class 0 OID 0)
-- Dependencies: 386
-- Name: radpostauth_id_seq; Type: SEQUENCE SET; Schema: public; Owner: -
--

SELECT pg_catalog.setval('public.radpostauth_id_seq', 23, true);


--
-- TOC entry 5933 (class 2606 OID 16624)
-- Name: AISuggestion AISuggestion_pkey; Type: CONSTRAINT; Schema: public; Owner: -
--

ALTER TABLE ONLY public."AISuggestion"
    ADD CONSTRAINT "AISuggestion_pkey" PRIMARY KEY (id);


--
-- TOC entry 5922 (class 2606 OID 16591)
-- Name: AdCampaign AdCampaign_pkey; Type: CONSTRAINT; Schema: public; Owner: -
--

ALTER TABLE ONLY public."AdCampaign"
    ADD CONSTRAINT "AdCampaign_pkey" PRIMARY KEY (id);


--
-- TOC entry 5931 (class 2606 OID 16611)
-- Name: AdPerformance AdPerformance_pkey; Type: CONSTRAINT; Schema: public; Owner: -
--

ALTER TABLE ONLY public."AdPerformance"
    ADD CONSTRAINT "AdPerformance_pkey" PRIMARY KEY (id);


--
-- TOC entry 5962 (class 2606 OID 16669)
-- Name: AiConversationMessage AiConversationMessage_pkey; Type: CONSTRAINT; Schema: public; Owner: -
--

ALTER TABLE ONLY public."AiConversationMessage"
    ADD CONSTRAINT "AiConversationMessage_pkey" PRIMARY KEY (id);


--
-- TOC entry 5956 (class 2606 OID 16661)
-- Name: AiConversation AiConversation_pkey; Type: CONSTRAINT; Schema: public; Owner: -
--

ALTER TABLE ONLY public."AiConversation"
    ADD CONSTRAINT "AiConversation_pkey" PRIMARY KEY (id);


--
-- TOC entry 5939 (class 2606 OID 16636)
-- Name: Amenity Amenity_pkey; Type: CONSTRAINT; Schema: public; Owner: -
--

ALTER TABLE ONLY public."Amenity"
    ADD CONSTRAINT "Amenity_pkey" PRIMARY KEY (id);


--
-- TOC entry 5944 (class 2606 OID 16645)
-- Name: Asset Asset_pkey; Type: CONSTRAINT; Schema: public; Owner: -
--

ALTER TABLE ONLY public."Asset"
    ADD CONSTRAINT "Asset_pkey" PRIMARY KEY (id);


--
-- TOC entry 5951 (class 2606 OID 16653)
-- Name: AuditLog AuditLog_pkey; Type: CONSTRAINT; Schema: public; Owner: -
--

ALTER TABLE ONLY public."AuditLog"
    ADD CONSTRAINT "AuditLog_pkey" PRIMARY KEY (id);


--
-- TOC entry 5965 (class 2606 OID 16677)
-- Name: AutomationExecutionLog AutomationExecutionLog_pkey; Type: CONSTRAINT; Schema: public; Owner: -
--

ALTER TABLE ONLY public."AutomationExecutionLog"
    ADD CONSTRAINT "AutomationExecutionLog_pkey" PRIMARY KEY (id);


--
-- TOC entry 5968 (class 2606 OID 16687)
-- Name: AutomationRule AutomationRule_pkey; Type: CONSTRAINT; Schema: public; Owner: -
--

ALTER TABLE ONLY public."AutomationRule"
    ADD CONSTRAINT "AutomationRule_pkey" PRIMARY KEY (id);


--
-- TOC entry 5980 (class 2606 OID 16716)
-- Name: BandwidthPolicyDetail BandwidthPolicyDetail_pkey; Type: CONSTRAINT; Schema: public; Owner: -
--

ALTER TABLE ONLY public."BandwidthPolicyDetail"
    ADD CONSTRAINT "BandwidthPolicyDetail_pkey" PRIMARY KEY (id);


--
-- TOC entry 5973 (class 2606 OID 16699)
-- Name: BandwidthPolicy BandwidthPolicy_pkey; Type: CONSTRAINT; Schema: public; Owner: -
--

ALTER TABLE ONLY public."BandwidthPolicy"
    ADD CONSTRAINT "BandwidthPolicy_pkey" PRIMARY KEY (id);


--
-- TOC entry 5985 (class 2606 OID 16727)
-- Name: BandwidthPool BandwidthPool_pkey; Type: CONSTRAINT; Schema: public; Owner: -
--

ALTER TABLE ONLY public."BandwidthPool"
    ADD CONSTRAINT "BandwidthPool_pkey" PRIMARY KEY (id);


--
-- TOC entry 5991 (class 2606 OID 16743)
-- Name: BandwidthTopup BandwidthTopup_pkey; Type: CONSTRAINT; Schema: public; Owner: -
--

ALTER TABLE ONLY public."BandwidthTopup"
    ADD CONSTRAINT "BandwidthTopup_pkey" PRIMARY KEY (id);


--
-- TOC entry 5996 (class 2606 OID 16755)
-- Name: BandwidthUsageDaily BandwidthUsageDaily_pkey; Type: CONSTRAINT; Schema: public; Owner: -
--

ALTER TABLE ONLY public."BandwidthUsageDaily"
    ADD CONSTRAINT "BandwidthUsageDaily_pkey" PRIMARY KEY (id);


--
-- TOC entry 6003 (class 2606 OID 16766)
-- Name: BandwidthUsageSession BandwidthUsageSession_pkey; Type: CONSTRAINT; Schema: public; Owner: -
--

ALTER TABLE ONLY public."BandwidthUsageSession"
    ADD CONSTRAINT "BandwidthUsageSession_pkey" PRIMARY KEY (id);


--
-- TOC entry 6010 (class 2606 OID 16780)
-- Name: BankAccount BankAccount_pkey; Type: CONSTRAINT; Schema: public; Owner: -
--

ALTER TABLE ONLY public."BankAccount"
    ADD CONSTRAINT "BankAccount_pkey" PRIMARY KEY (id);


--
-- TOC entry 6017 (class 2606 OID 16791)
-- Name: BankTransaction BankTransaction_pkey; Type: CONSTRAINT; Schema: public; Owner: -
--

ALTER TABLE ONLY public."BankTransaction"
    ADD CONSTRAINT "BankTransaction_pkey" PRIMARY KEY (id);


--
-- TOC entry 6022 (class 2606 OID 16803)
-- Name: BondConfig BondConfig_pkey; Type: CONSTRAINT; Schema: public; Owner: -
--

ALTER TABLE ONLY public."BondConfig"
    ADD CONSTRAINT "BondConfig_pkey" PRIMARY KEY (id);


--
-- TOC entry 6029 (class 2606 OID 16810)
-- Name: BondMember BondMember_pkey; Type: CONSTRAINT; Schema: public; Owner: -
--

ALTER TABLE ONLY public."BondMember"
    ADD CONSTRAINT "BondMember_pkey" PRIMARY KEY (id);


--
-- TOC entry 6047 (class 2606 OID 16844)
-- Name: BookingAuditLog BookingAuditLog_pkey; Type: CONSTRAINT; Schema: public; Owner: -
--

ALTER TABLE ONLY public."BookingAuditLog"
    ADD CONSTRAINT "BookingAuditLog_pkey" PRIMARY KEY (id);


--
-- TOC entry 6036 (class 2606 OID 16836)
-- Name: Booking Booking_pkey; Type: CONSTRAINT; Schema: public; Owner: -
--

ALTER TABLE ONLY public."Booking"
    ADD CONSTRAINT "Booking_pkey" PRIMARY KEY (id);


--
-- TOC entry 6050 (class 2606 OID 16854)
-- Name: Brand Brand_pkey; Type: CONSTRAINT; Schema: public; Owner: -
--

ALTER TABLE ONLY public."Brand"
    ADD CONSTRAINT "Brand_pkey" PRIMARY KEY (id);


--
-- TOC entry 6053 (class 2606 OID 16868)
-- Name: BridgeConfig BridgeConfig_pkey; Type: CONSTRAINT; Schema: public; Owner: -
--

ALTER TABLE ONLY public."BridgeConfig"
    ADD CONSTRAINT "BridgeConfig_pkey" PRIMARY KEY (id);


--
-- TOC entry 6062 (class 2606 OID 16889)
-- Name: CameraEvent CameraEvent_pkey; Type: CONSTRAINT; Schema: public; Owner: -
--

ALTER TABLE ONLY public."CameraEvent"
    ADD CONSTRAINT "CameraEvent_pkey" PRIMARY KEY (id);


--
-- TOC entry 6066 (class 2606 OID 16897)
-- Name: CameraGroup CameraGroup_pkey; Type: CONSTRAINT; Schema: public; Owner: -
--

ALTER TABLE ONLY public."CameraGroup"
    ADD CONSTRAINT "CameraGroup_pkey" PRIMARY KEY (id);


--
-- TOC entry 6058 (class 2606 OID 16879)
-- Name: Camera Camera_pkey; Type: CONSTRAINT; Schema: public; Owner: -
--

ALTER TABLE ONLY public."Camera"
    ADD CONSTRAINT "Camera_pkey" PRIMARY KEY (id);


--
-- TOC entry 7359 (class 2606 OID 19809)
-- Name: CampaignAbTest CampaignAbTest_pkey; Type: CONSTRAINT; Schema: public; Owner: -
--

ALTER TABLE ONLY public."CampaignAbTest"
    ADD CONSTRAINT "CampaignAbTest_pkey" PRIMARY KEY (id);


--
-- TOC entry 6074 (class 2606 OID 16919)
-- Name: CampaignSegment CampaignSegment_pkey; Type: CONSTRAINT; Schema: public; Owner: -
--

ALTER TABLE ONLY public."CampaignSegment"
    ADD CONSTRAINT "CampaignSegment_pkey" PRIMARY KEY (id);


--
-- TOC entry 6069 (class 2606 OID 16913)
-- Name: Campaign Campaign_pkey; Type: CONSTRAINT; Schema: public; Owner: -
--

ALTER TABLE ONLY public."Campaign"
    ADD CONSTRAINT "Campaign_pkey" PRIMARY KEY (id);


--
-- TOC entry 7319 (class 2606 OID 19743)
-- Name: CancellationPenalty CancellationPenalty_pkey; Type: CONSTRAINT; Schema: public; Owner: -
--

ALTER TABLE ONLY public."CancellationPenalty"
    ADD CONSTRAINT "CancellationPenalty_pkey" PRIMARY KEY (id);


--
-- TOC entry 6077 (class 2606 OID 16934)
-- Name: CancellationPolicy CancellationPolicy_pkey; Type: CONSTRAINT; Schema: public; Owner: -
--

ALTER TABLE ONLY public."CancellationPolicy"
    ADD CONSTRAINT "CancellationPolicy_pkey" PRIMARY KEY (id);


--
-- TOC entry 6083 (class 2606 OID 16960)
-- Name: CaptivePortal CaptivePortal_pkey; Type: CONSTRAINT; Schema: public; Owner: -
--

ALTER TABLE ONLY public."CaptivePortal"
    ADD CONSTRAINT "CaptivePortal_pkey" PRIMARY KEY (id);


--
-- TOC entry 6089 (class 2606 OID 16971)
-- Name: ChannelConnection ChannelConnection_pkey; Type: CONSTRAINT; Schema: public; Owner: -
--

ALTER TABLE ONLY public."ChannelConnection"
    ADD CONSTRAINT "ChannelConnection_pkey" PRIMARY KEY (id);


--
-- TOC entry 6095 (class 2606 OID 16981)
-- Name: ChannelDeadLetterQueue ChannelDeadLetterQueue_pkey; Type: CONSTRAINT; Schema: public; Owner: -
--

ALTER TABLE ONLY public."ChannelDeadLetterQueue"
    ADD CONSTRAINT "ChannelDeadLetterQueue_pkey" PRIMARY KEY (id);


--
-- TOC entry 6099 (class 2606 OID 16993)
-- Name: ChannelMapping ChannelMapping_pkey; Type: CONSTRAINT; Schema: public; Owner: -
--

ALTER TABLE ONLY public."ChannelMapping"
    ADD CONSTRAINT "ChannelMapping_pkey" PRIMARY KEY (id);


--
-- TOC entry 6103 (class 2606 OID 17006)
-- Name: ChannelRestriction ChannelRestriction_pkey; Type: CONSTRAINT; Schema: public; Owner: -
--

ALTER TABLE ONLY public."ChannelRestriction"
    ADD CONSTRAINT "ChannelRestriction_pkey" PRIMARY KEY (id);


--
-- TOC entry 6109 (class 2606 OID 17018)
-- Name: ChannelRetryQueue ChannelRetryQueue_pkey; Type: CONSTRAINT; Schema: public; Owner: -
--

ALTER TABLE ONLY public."ChannelRetryQueue"
    ADD CONSTRAINT "ChannelRetryQueue_pkey" PRIMARY KEY (id);


--
-- TOC entry 6115 (class 2606 OID 17027)
-- Name: ChannelSyncLog ChannelSyncLog_pkey; Type: CONSTRAINT; Schema: public; Owner: -
--

ALTER TABLE ONLY public."ChannelSyncLog"
    ADD CONSTRAINT "ChannelSyncLog_pkey" PRIMARY KEY (id);


--
-- TOC entry 7108 (class 2606 OID 19268)
-- Name: ChatAttachment ChatAttachment_pkey; Type: CONSTRAINT; Schema: public; Owner: -
--

ALTER TABLE ONLY public."ChatAttachment"
    ADD CONSTRAINT "ChatAttachment_pkey" PRIMARY KEY (id);


--
-- TOC entry 6119 (class 2606 OID 17039)
-- Name: ChatConversation ChatConversation_pkey; Type: CONSTRAINT; Schema: public; Owner: -
--

ALTER TABLE ONLY public."ChatConversation"
    ADD CONSTRAINT "ChatConversation_pkey" PRIMARY KEY (id);


--
-- TOC entry 6125 (class 2606 OID 17051)
-- Name: ChatMessage ChatMessage_pkey; Type: CONSTRAINT; Schema: public; Owner: -
--

ALTER TABLE ONLY public."ChatMessage"
    ADD CONSTRAINT "ChatMessage_pkey" PRIMARY KEY (id);


--
-- TOC entry 7112 (class 2606 OID 19276)
-- Name: ChatTransfer ChatTransfer_pkey; Type: CONSTRAINT; Schema: public; Owner: -
--

ALTER TABLE ONLY public."ChatTransfer"
    ADD CONSTRAINT "ChatTransfer_pkey" PRIMARY KEY (id);


--
-- TOC entry 6129 (class 2606 OID 17067)
-- Name: CoaSessionDetail CoaSessionDetail_pkey; Type: CONSTRAINT; Schema: public; Owner: -
--

ALTER TABLE ONLY public."CoaSessionDetail"
    ADD CONSTRAINT "CoaSessionDetail_pkey" PRIMARY KEY (id);


--
-- TOC entry 6136 (class 2606 OID 17079)
-- Name: CommunicationChannel CommunicationChannel_pkey; Type: CONSTRAINT; Schema: public; Owner: -
--

ALTER TABLE ONLY public."CommunicationChannel"
    ADD CONSTRAINT "CommunicationChannel_pkey" PRIMARY KEY (id);


--
-- TOC entry 6142 (class 2606 OID 17090)
-- Name: CompetitorPrice CompetitorPrice_pkey; Type: CONSTRAINT; Schema: public; Owner: -
--

ALTER TABLE ONLY public."CompetitorPrice"
    ADD CONSTRAINT "CompetitorPrice_pkey" PRIMARY KEY (id);


--
-- TOC entry 7363 (class 2606 OID 19820)
-- Name: CompetitorSyncLog CompetitorSyncLog_pkey; Type: CONSTRAINT; Schema: public; Owner: -
--

ALTER TABLE ONLY public."CompetitorSyncLog"
    ADD CONSTRAINT "CompetitorSyncLog_pkey" PRIMARY KEY (id);


--
-- TOC entry 6151 (class 2606 OID 17102)
-- Name: ConsentRecord ConsentRecord_pkey; Type: CONSTRAINT; Schema: public; Owner: -
--

ALTER TABLE ONLY public."ConsentRecord"
    ADD CONSTRAINT "ConsentRecord_pkey" PRIMARY KEY (id);


--
-- TOC entry 6157 (class 2606 OID 17112)
-- Name: ContentFilter ContentFilter_pkey; Type: CONSTRAINT; Schema: public; Owner: -
--

ALTER TABLE ONLY public."ContentFilter"
    ADD CONSTRAINT "ContentFilter_pkey" PRIMARY KEY (id);


--
-- TOC entry 6165 (class 2606 OID 17126)
-- Name: CreditNote CreditNote_pkey; Type: CONSTRAINT; Schema: public; Owner: -
--

ALTER TABLE ONLY public."CreditNote"
    ADD CONSTRAINT "CreditNote_pkey" PRIMARY KEY (id);


--
-- TOC entry 6174 (class 2606 OID 17150)
-- Name: DemandForecast DemandForecast_pkey; Type: CONSTRAINT; Schema: public; Owner: -
--

ALTER TABLE ONLY public."DemandForecast"
    ADD CONSTRAINT "DemandForecast_pkey" PRIMARY KEY (id);


--
-- TOC entry 5911 (class 2606 OID 16555)
-- Name: DeviceProfile DeviceProfile_fingerprintHash_propertyId_key; Type: CONSTRAINT; Schema: public; Owner: -
--

ALTER TABLE ONLY public."DeviceProfile"
    ADD CONSTRAINT "DeviceProfile_fingerprintHash_propertyId_key" UNIQUE ("fingerprintHash", "propertyId");


--
-- TOC entry 5916 (class 2606 OID 16553)
-- Name: DeviceProfile DeviceProfile_pkey; Type: CONSTRAINT; Schema: public; Owner: -
--

ALTER TABLE ONLY public."DeviceProfile"
    ADD CONSTRAINT "DeviceProfile_pkey" PRIMARY KEY (id);


--
-- TOC entry 5918 (class 2606 OID 16557)
-- Name: DeviceProfile DeviceProfile_storageToken_propertyId_key; Type: CONSTRAINT; Schema: public; Owner: -
--

ALTER TABLE ONLY public."DeviceProfile"
    ADD CONSTRAINT "DeviceProfile_storageToken_propertyId_key" UNIQUE ("storageToken", "propertyId");


--
-- TOC entry 6179 (class 2606 OID 17159)
-- Name: DhcpBlacklist DhcpBlacklist_pkey; Type: CONSTRAINT; Schema: public; Owner: -
--

ALTER TABLE ONLY public."DhcpBlacklist"
    ADD CONSTRAINT "DhcpBlacklist_pkey" PRIMARY KEY (id);


--
-- TOC entry 6184 (class 2606 OID 17169)
-- Name: DhcpHostnameFilter DhcpHostnameFilter_pkey; Type: CONSTRAINT; Schema: public; Owner: -
--

ALTER TABLE ONLY public."DhcpHostnameFilter"
    ADD CONSTRAINT "DhcpHostnameFilter_pkey" PRIMARY KEY (id);


--
-- TOC entry 6198 (class 2606 OID 17189)
-- Name: DhcpLeaseScript DhcpLeaseScript_pkey; Type: CONSTRAINT; Schema: public; Owner: -
--

ALTER TABLE ONLY public."DhcpLeaseScript"
    ADD CONSTRAINT "DhcpLeaseScript_pkey" PRIMARY KEY (id);


--
-- TOC entry 6191 (class 2606 OID 17179)
-- Name: DhcpLease DhcpLease_pkey; Type: CONSTRAINT; Schema: public; Owner: -
--

ALTER TABLE ONLY public."DhcpLease"
    ADD CONSTRAINT "DhcpLease_pkey" PRIMARY KEY (id);


--
-- TOC entry 6204 (class 2606 OID 17199)
-- Name: DhcpOption DhcpOption_pkey; Type: CONSTRAINT; Schema: public; Owner: -
--

ALTER TABLE ONLY public."DhcpOption"
    ADD CONSTRAINT "DhcpOption_pkey" PRIMARY KEY (id);


--
-- TOC entry 6210 (class 2606 OID 17208)
-- Name: DhcpReservation DhcpReservation_pkey; Type: CONSTRAINT; Schema: public; Owner: -
--

ALTER TABLE ONLY public."DhcpReservation"
    ADD CONSTRAINT "DhcpReservation_pkey" PRIMARY KEY (id);


--
-- TOC entry 6217 (class 2606 OID 17223)
-- Name: DhcpSubnet DhcpSubnet_pkey; Type: CONSTRAINT; Schema: public; Owner: -
--

ALTER TABLE ONLY public."DhcpSubnet"
    ADD CONSTRAINT "DhcpSubnet_pkey" PRIMARY KEY (id);


--
-- TOC entry 6223 (class 2606 OID 17232)
-- Name: DhcpTagRule DhcpTagRule_pkey; Type: CONSTRAINT; Schema: public; Owner: -
--

ALTER TABLE ONLY public."DhcpTagRule"
    ADD CONSTRAINT "DhcpTagRule_pkey" PRIMARY KEY (id);


--
-- TOC entry 6231 (class 2606 OID 17240)
-- Name: DigitalKeyAccessLog DigitalKeyAccessLog_pkey; Type: CONSTRAINT; Schema: public; Owner: -
--

ALTER TABLE ONLY public."DigitalKeyAccessLog"
    ADD CONSTRAINT "DigitalKeyAccessLog_pkey" PRIMARY KEY (id);


--
-- TOC entry 6237 (class 2606 OID 17253)
-- Name: Discount Discount_pkey; Type: CONSTRAINT; Schema: public; Owner: -
--

ALTER TABLE ONLY public."Discount"
    ADD CONSTRAINT "Discount_pkey" PRIMARY KEY (id);


--
-- TOC entry 6241 (class 2606 OID 17264)
-- Name: DnsRecord DnsRecord_pkey; Type: CONSTRAINT; Schema: public; Owner: -
--

ALTER TABLE ONLY public."DnsRecord"
    ADD CONSTRAINT "DnsRecord_pkey" PRIMARY KEY (id);


--
-- TOC entry 6247 (class 2606 OID 17275)
-- Name: DnsRedirectRule DnsRedirectRule_pkey; Type: CONSTRAINT; Schema: public; Owner: -
--

ALTER TABLE ONLY public."DnsRedirectRule"
    ADD CONSTRAINT "DnsRedirectRule_pkey" PRIMARY KEY (id);


--
-- TOC entry 6252 (class 2606 OID 17284)
-- Name: DnsZone DnsZone_pkey; Type: CONSTRAINT; Schema: public; Owner: -
--

ALTER TABLE ONLY public."DnsZone"
    ADD CONSTRAINT "DnsZone_pkey" PRIMARY KEY (id);


--
-- TOC entry 6258 (class 2606 OID 17297)
-- Name: EnergyMetric EnergyMetric_pkey; Type: CONSTRAINT; Schema: public; Owner: -
--

ALTER TABLE ONLY public."EnergyMetric"
    ADD CONSTRAINT "EnergyMetric_pkey" PRIMARY KEY (id);


--
-- TOC entry 6269 (class 2606 OID 17326)
-- Name: EventResource EventResource_pkey; Type: CONSTRAINT; Schema: public; Owner: -
--

ALTER TABLE ONLY public."EventResource"
    ADD CONSTRAINT "EventResource_pkey" PRIMARY KEY (id);


--
-- TOC entry 6272 (class 2606 OID 17337)
-- Name: EventSpace EventSpace_pkey; Type: CONSTRAINT; Schema: public; Owner: -
--

ALTER TABLE ONLY public."EventSpace"
    ADD CONSTRAINT "EventSpace_pkey" PRIMARY KEY (id);


--
-- TOC entry 6262 (class 2606 OID 17314)
-- Name: Event Event_pkey; Type: CONSTRAINT; Schema: public; Owner: -
--

ALTER TABLE ONLY public."Event"
    ADD CONSTRAINT "Event_pkey" PRIMARY KEY (id);


--
-- TOC entry 6277 (class 2606 OID 17348)
-- Name: ExchangeRate ExchangeRate_pkey; Type: CONSTRAINT; Schema: public; Owner: -
--

ALTER TABLE ONLY public."ExchangeRate"
    ADD CONSTRAINT "ExchangeRate_pkey" PRIMARY KEY (id);


--
-- TOC entry 7089 (class 2606 OID 19229)
-- Name: ExperienceBooking ExperienceBooking_pkey; Type: CONSTRAINT; Schema: public; Owner: -
--

ALTER TABLE ONLY public."ExperienceBooking"
    ADD CONSTRAINT "ExperienceBooking_pkey" PRIMARY KEY (id);


--
-- TOC entry 7103 (class 2606 OID 19260)
-- Name: ExperienceFeedback ExperienceFeedback_pkey; Type: CONSTRAINT; Schema: public; Owner: -
--

ALTER TABLE ONLY public."ExperienceFeedback"
    ADD CONSTRAINT "ExperienceFeedback_pkey" PRIMARY KEY (id);


--
-- TOC entry 7094 (class 2606 OID 19241)
-- Name: ExperiencePricing ExperiencePricing_pkey; Type: CONSTRAINT; Schema: public; Owner: -
--

ALTER TABLE ONLY public."ExperiencePricing"
    ADD CONSTRAINT "ExperiencePricing_pkey" PRIMARY KEY (id);


--
-- TOC entry 7098 (class 2606 OID 19251)
-- Name: ExperienceVendor ExperienceVendor_pkey; Type: CONSTRAINT; Schema: public; Owner: -
--

ALTER TABLE ONLY public."ExperienceVendor"
    ADD CONSTRAINT "ExperienceVendor_pkey" PRIMARY KEY (id);


--
-- TOC entry 7083 (class 2606 OID 19218)
-- Name: Experience Experience_pkey; Type: CONSTRAINT; Schema: public; Owner: -
--

ALTER TABLE ONLY public."Experience"
    ADD CONSTRAINT "Experience_pkey" PRIMARY KEY (id);


--
-- TOC entry 6282 (class 2606 OID 17358)
-- Name: ExternalReview ExternalReview_pkey; Type: CONSTRAINT; Schema: public; Owner: -
--

ALTER TABLE ONLY public."ExternalReview"
    ADD CONSTRAINT "ExternalReview_pkey" PRIMARY KEY (id);


--
-- TOC entry 6290 (class 2606 OID 17374)
-- Name: FairAccessPolicy FairAccessPolicy_pkey; Type: CONSTRAINT; Schema: public; Owner: -
--

ALTER TABLE ONLY public."FairAccessPolicy"
    ADD CONSTRAINT "FairAccessPolicy_pkey" PRIMARY KEY (id);


--
-- TOC entry 6299 (class 2606 OID 17404)
-- Name: FeatureAnnouncement FeatureAnnouncement_pkey; Type: CONSTRAINT; Schema: public; Owner: -
--

ALTER TABLE ONLY public."FeatureAnnouncement"
    ADD CONSTRAINT "FeatureAnnouncement_pkey" PRIMARY KEY (id);


--
-- TOC entry 6303 (class 2606 OID 17416)
-- Name: FirewallRule FirewallRule_pkey; Type: CONSTRAINT; Schema: public; Owner: -
--

ALTER TABLE ONLY public."FirewallRule"
    ADD CONSTRAINT "FirewallRule_pkey" PRIMARY KEY (id);


--
-- TOC entry 6309 (class 2606 OID 17429)
-- Name: FirewallSchedule FirewallSchedule_pkey; Type: CONSTRAINT; Schema: public; Owner: -
--

ALTER TABLE ONLY public."FirewallSchedule"
    ADD CONSTRAINT "FirewallSchedule_pkey" PRIMARY KEY (id);


--
-- TOC entry 6313 (class 2606 OID 17442)
-- Name: FirewallZone FirewallZone_pkey; Type: CONSTRAINT; Schema: public; Owner: -
--

ALTER TABLE ONLY public."FirewallZone"
    ADD CONSTRAINT "FirewallZone_pkey" PRIMARY KEY (id);


--
-- TOC entry 6323 (class 2606 OID 17463)
-- Name: FloorPlanRoom FloorPlanRoom_pkey; Type: CONSTRAINT; Schema: public; Owner: -
--

ALTER TABLE ONLY public."FloorPlanRoom"
    ADD CONSTRAINT "FloorPlanRoom_pkey" PRIMARY KEY (id);


--
-- TOC entry 6318 (class 2606 OID 17454)
-- Name: FloorPlan FloorPlan_pkey; Type: CONSTRAINT; Schema: public; Owner: -
--

ALTER TABLE ONLY public."FloorPlan"
    ADD CONSTRAINT "FloorPlan_pkey" PRIMARY KEY (id);


--
-- TOC entry 6470 (class 2606 OID 17809)
-- Name: FolioLineItemAudit FolioLineItemAudit_pkey; Type: CONSTRAINT; Schema: public; Owner: -
--

ALTER TABLE ONLY public."FolioLineItemAudit"
    ADD CONSTRAINT "FolioLineItemAudit_pkey" PRIMARY KEY (id);


--
-- TOC entry 6334 (class 2606 OID 17495)
-- Name: FolioLineItem FolioLineItem_pkey; Type: CONSTRAINT; Schema: public; Owner: -
--

ALTER TABLE ONLY public."FolioLineItem"
    ADD CONSTRAINT "FolioLineItem_pkey" PRIMARY KEY (id);


--
-- TOC entry 6338 (class 2606 OID 17505)
-- Name: FolioTransfer FolioTransfer_pkey; Type: CONSTRAINT; Schema: public; Owner: -
--

ALTER TABLE ONLY public."FolioTransfer"
    ADD CONSTRAINT "FolioTransfer_pkey" PRIMARY KEY (id);


--
-- TOC entry 6329 (class 2606 OID 17480)
-- Name: Folio Folio_pkey; Type: CONSTRAINT; Schema: public; Owner: -
--

ALTER TABLE ONLY public."Folio"
    ADD CONSTRAINT "Folio_pkey" PRIMARY KEY (id);


--
-- TOC entry 6346 (class 2606 OID 17517)
-- Name: GDPRRequest GDPRRequest_pkey; Type: CONSTRAINT; Schema: public; Owner: -
--

ALTER TABLE ONLY public."GDPRRequest"
    ADD CONSTRAINT "GDPRRequest_pkey" PRIMARY KEY (id);


--
-- TOC entry 6585 (class 2606 OID 18065)
-- Name: GatewayExplicitRoute GatewayExplicitRoute_pkey; Type: CONSTRAINT; Schema: public; Owner: -
--

ALTER TABLE ONLY public."GatewayExplicitRoute"
    ADD CONSTRAINT "GatewayExplicitRoute_pkey" PRIMARY KEY (id);


--
-- TOC entry 6591 (class 2606 OID 18074)
-- Name: GatewayFwmark GatewayFwmark_pkey; Type: CONSTRAINT; Schema: public; Owner: -
--

ALTER TABLE ONLY public."GatewayFwmark"
    ADD CONSTRAINT "GatewayFwmark_pkey" PRIMARY KEY (id);


--
-- TOC entry 6580 (class 2606 OID 18057)
-- Name: GatewayHealthRule GatewayHealthRule_pkey; Type: CONSTRAINT; Schema: public; Owner: -
--

ALTER TABLE ONLY public."GatewayHealthRule"
    ADD CONSTRAINT "GatewayHealthRule_pkey" PRIMARY KEY (id);


--
-- TOC entry 6574 (class 2606 OID 18045)
-- Name: Gateway Gateway_pkey; Type: CONSTRAINT; Schema: public; Owner: -
--

ALTER TABLE ONLY public."Gateway"
    ADD CONSTRAINT "Gateway_pkey" PRIMARY KEY (id);


--
-- TOC entry 6351 (class 2606 OID 17540)
-- Name: GoogleHotelAdsConnection GoogleHotelAdsConnection_pkey; Type: CONSTRAINT; Schema: public; Owner: -
--

ALTER TABLE ONLY public."GoogleHotelAdsConnection"
    ADD CONSTRAINT "GoogleHotelAdsConnection_pkey" PRIMARY KEY (id);


--
-- TOC entry 6356 (class 2606 OID 17554)
-- Name: GroupBooking GroupBooking_pkey; Type: CONSTRAINT; Schema: public; Owner: -
--

ALTER TABLE ONLY public."GroupBooking"
    ADD CONSTRAINT "GroupBooking_pkey" PRIMARY KEY (id);


--
-- TOC entry 6369 (class 2606 OID 17603)
-- Name: GuestBehavior GuestBehavior_pkey; Type: CONSTRAINT; Schema: public; Owner: -
--

ALTER TABLE ONLY public."GuestBehavior"
    ADD CONSTRAINT "GuestBehavior_pkey" PRIMARY KEY (id);


--
-- TOC entry 6373 (class 2606 OID 17612)
-- Name: GuestDocument GuestDocument_pkey; Type: CONSTRAINT; Schema: public; Owner: -
--

ALTER TABLE ONLY public."GuestDocument"
    ADD CONSTRAINT "GuestDocument_pkey" PRIMARY KEY (id);


--
-- TOC entry 6376 (class 2606 OID 17622)
-- Name: GuestFeedback GuestFeedback_pkey; Type: CONSTRAINT; Schema: public; Owner: -
--

ALTER TABLE ONLY public."GuestFeedback"
    ADD CONSTRAINT "GuestFeedback_pkey" PRIMARY KEY (id);


--
-- TOC entry 6381 (class 2606 OID 17633)
-- Name: GuestJourney GuestJourney_pkey; Type: CONSTRAINT; Schema: public; Owner: -
--

ALTER TABLE ONLY public."GuestJourney"
    ADD CONSTRAINT "GuestJourney_pkey" PRIMARY KEY (id);


--
-- TOC entry 6387 (class 2606 OID 17644)
-- Name: GuestRecommendation GuestRecommendation_pkey; Type: CONSTRAINT; Schema: public; Owner: -
--

ALTER TABLE ONLY public."GuestRecommendation"
    ADD CONSTRAINT "GuestRecommendation_pkey" PRIMARY KEY (id);


--
-- TOC entry 6392 (class 2606 OID 17653)
-- Name: GuestReview GuestReview_pkey; Type: CONSTRAINT; Schema: public; Owner: -
--

ALTER TABLE ONLY public."GuestReview"
    ADD CONSTRAINT "GuestReview_pkey" PRIMARY KEY (id);


--
-- TOC entry 6395 (class 2606 OID 17662)
-- Name: GuestSegment GuestSegment_pkey; Type: CONSTRAINT; Schema: public; Owner: -
--

ALTER TABLE ONLY public."GuestSegment"
    ADD CONSTRAINT "GuestSegment_pkey" PRIMARY KEY (id);


--
-- TOC entry 6399 (class 2606 OID 17672)
-- Name: GuestStay GuestStay_pkey; Type: CONSTRAINT; Schema: public; Owner: -
--

ALTER TABLE ONLY public."GuestStay"
    ADD CONSTRAINT "GuestStay_pkey" PRIMARY KEY (id);


--
-- TOC entry 6362 (class 2606 OID 17574)
-- Name: Guest Guest_pkey; Type: CONSTRAINT; Schema: public; Owner: -
--

ALTER TABLE ONLY public."Guest"
    ADD CONSTRAINT "Guest_pkey" PRIMARY KEY (id);


--
-- TOC entry 6402 (class 2606 OID 17685)
-- Name: HelpArticle HelpArticle_pkey; Type: CONSTRAINT; Schema: public; Owner: -
--

ALTER TABLE ONLY public."HelpArticle"
    ADD CONSTRAINT "HelpArticle_pkey" PRIMARY KEY (id);


--
-- TOC entry 6407 (class 2606 OID 17694)
-- Name: HelpCategory HelpCategory_pkey; Type: CONSTRAINT; Schema: public; Owner: -
--

ALTER TABLE ONLY public."HelpCategory"
    ADD CONSTRAINT "HelpCategory_pkey" PRIMARY KEY (id);


--
-- TOC entry 6412 (class 2606 OID 17703)
-- Name: IdempotencyKey IdempotencyKey_pkey; Type: CONSTRAINT; Schema: public; Owner: -
--

ALTER TABLE ONLY public."IdempotencyKey"
    ADD CONSTRAINT "IdempotencyKey_pkey" PRIMARY KEY (id);


--
-- TOC entry 6417 (class 2606 OID 17714)
-- Name: InspectionResult InspectionResult_pkey; Type: CONSTRAINT; Schema: public; Owner: -
--

ALTER TABLE ONLY public."InspectionResult"
    ADD CONSTRAINT "InspectionResult_pkey" PRIMARY KEY (id);


--
-- TOC entry 6425 (class 2606 OID 17726)
-- Name: InspectionTemplate InspectionTemplate_pkey; Type: CONSTRAINT; Schema: public; Owner: -
--

ALTER TABLE ONLY public."InspectionTemplate"
    ADD CONSTRAINT "InspectionTemplate_pkey" PRIMARY KEY (id);


--
-- TOC entry 6430 (class 2606 OID 17735)
-- Name: Integration Integration_pkey; Type: CONSTRAINT; Schema: public; Owner: -
--

ALTER TABLE ONLY public."Integration"
    ADD CONSTRAINT "Integration_pkey" PRIMARY KEY (id);


--
-- TOC entry 6435 (class 2606 OID 17744)
-- Name: InterfaceAlias InterfaceAlias_pkey; Type: CONSTRAINT; Schema: public; Owner: -
--

ALTER TABLE ONLY public."InterfaceAlias"
    ADD CONSTRAINT "InterfaceAlias_pkey" PRIMARY KEY (id);


--
-- TOC entry 6440 (class 2606 OID 17754)
-- Name: InterfaceConfig InterfaceConfig_pkey; Type: CONSTRAINT; Schema: public; Owner: -
--

ALTER TABLE ONLY public."InterfaceConfig"
    ADD CONSTRAINT "InterfaceConfig_pkey" PRIMARY KEY (id);


--
-- TOC entry 6445 (class 2606 OID 17766)
-- Name: InterfaceRole InterfaceRole_pkey; Type: CONSTRAINT; Schema: public; Owner: -
--

ALTER TABLE ONLY public."InterfaceRole"
    ADD CONSTRAINT "InterfaceRole_pkey" PRIMARY KEY (id);


--
-- TOC entry 7276 (class 2606 OID 19658)
-- Name: InventoryItem InventoryItem_pkey; Type: CONSTRAINT; Schema: public; Owner: -
--

ALTER TABLE ONLY public."InventoryItem"
    ADD CONSTRAINT "InventoryItem_pkey" PRIMARY KEY (id);


--
-- TOC entry 6452 (class 2606 OID 17775)
-- Name: InventoryLock InventoryLock_pkey; Type: CONSTRAINT; Schema: public; Owner: -
--

ALTER TABLE ONLY public."InventoryLock"
    ADD CONSTRAINT "InventoryLock_pkey" PRIMARY KEY (id);


--
-- TOC entry 7281 (class 2606 OID 19666)
-- Name: InventoryMovement InventoryMovement_pkey; Type: CONSTRAINT; Schema: public; Owner: -
--

ALTER TABLE ONLY public."InventoryMovement"
    ADD CONSTRAINT "InventoryMovement_pkey" PRIMARY KEY (id);


--
-- TOC entry 7353 (class 2606 OID 19795)
-- Name: InventoryTransferItem InventoryTransferItem_pkey; Type: CONSTRAINT; Schema: public; Owner: -
--

ALTER TABLE ONLY public."InventoryTransferItem"
    ADD CONSTRAINT "InventoryTransferItem_pkey" PRIMARY KEY (id);


--
-- TOC entry 7348 (class 2606 OID 19785)
-- Name: InventoryTransfer InventoryTransfer_pkey; Type: CONSTRAINT; Schema: public; Owner: -
--

ALTER TABLE ONLY public."InventoryTransfer"
    ADD CONSTRAINT "InventoryTransfer_pkey" PRIMARY KEY (id);


--
-- TOC entry 6464 (class 2606 OID 17800)
-- Name: InvoiceTemplate InvoiceTemplate_pkey; Type: CONSTRAINT; Schema: public; Owner: -
--

ALTER TABLE ONLY public."InvoiceTemplate"
    ADD CONSTRAINT "InvoiceTemplate_pkey" PRIMARY KEY (id);


--
-- TOC entry 6461 (class 2606 OID 17790)
-- Name: Invoice Invoice_pkey; Type: CONSTRAINT; Schema: public; Owner: -
--

ALTER TABLE ONLY public."Invoice"
    ADD CONSTRAINT "Invoice_pkey" PRIMARY KEY (id);


--
-- TOC entry 6474 (class 2606 OID 17820)
-- Name: IoTCommand IoTCommand_pkey; Type: CONSTRAINT; Schema: public; Owner: -
--

ALTER TABLE ONLY public."IoTCommand"
    ADD CONSTRAINT "IoTCommand_pkey" PRIMARY KEY (id);


--
-- TOC entry 6477 (class 2606 OID 17832)
-- Name: IoTDevice IoTDevice_pkey; Type: CONSTRAINT; Schema: public; Owner: -
--

ALTER TABLE ONLY public."IoTDevice"
    ADD CONSTRAINT "IoTDevice_pkey" PRIMARY KEY (id);


--
-- TOC entry 6483 (class 2606 OID 17840)
-- Name: IoTReading IoTReading_pkey; Type: CONSTRAINT; Schema: public; Owner: -
--

ALTER TABLE ONLY public."IoTReading"
    ADD CONSTRAINT "IoTReading_pkey" PRIMARY KEY (id);


--
-- TOC entry 7218 (class 2606 OID 19536)
-- Name: IpPoolRange IpPoolRange_pkey; Type: CONSTRAINT; Schema: public; Owner: -
--

ALTER TABLE ONLY public."IpPoolRange"
    ADD CONSTRAINT "IpPoolRange_pkey" PRIMARY KEY (id);


--
-- TOC entry 7213 (class 2606 OID 19528)
-- Name: IpPool IpPool_pkey; Type: CONSTRAINT; Schema: public; Owner: -
--

ALTER TABLE ONLY public."IpPool"
    ADD CONSTRAINT "IpPool_pkey" PRIMARY KEY (id);


--
-- TOC entry 7328 (class 2606 OID 19755)
-- Name: KeyCard KeyCard_pkey; Type: CONSTRAINT; Schema: public; Owner: -
--

ALTER TABLE ONLY public."KeyCard"
    ADD CONSTRAINT "KeyCard_pkey" PRIMARY KEY (id);


--
-- TOC entry 6486 (class 2606 OID 17860)
-- Name: KioskSettings KioskSettings_pkey; Type: CONSTRAINT; Schema: public; Owner: -
--

ALTER TABLE ONLY public."KioskSettings"
    ADD CONSTRAINT "KioskSettings_pkey" PRIMARY KEY (id);


--
-- TOC entry 7377 (class 2606 OID 19847)
-- Name: LicenseKey LicenseKey_pkey; Type: CONSTRAINT; Schema: public; Owner: -
--

ALTER TABLE ONLY public."LicenseKey"
    ADD CONSTRAINT "LicenseKey_pkey" PRIMARY KEY (id);


--
-- TOC entry 6495 (class 2606 OID 17882)
-- Name: LiveSession LiveSession_pkey; Type: CONSTRAINT; Schema: public; Owner: -
--

ALTER TABLE ONLY public."LiveSession"
    ADD CONSTRAINT "LiveSession_pkey" PRIMARY KEY (id);


--
-- TOC entry 6505 (class 2606 OID 17890)
-- Name: LoyaltyPointTransaction LoyaltyPointTransaction_pkey; Type: CONSTRAINT; Schema: public; Owner: -
--

ALTER TABLE ONLY public."LoyaltyPointTransaction"
    ADD CONSTRAINT "LoyaltyPointTransaction_pkey" PRIMARY KEY (id);


--
-- TOC entry 6510 (class 2606 OID 17900)
-- Name: LoyaltyRedemption LoyaltyRedemption_pkey; Type: CONSTRAINT; Schema: public; Owner: -
--

ALTER TABLE ONLY public."LoyaltyRedemption"
    ADD CONSTRAINT "LoyaltyRedemption_pkey" PRIMARY KEY (id);


--
-- TOC entry 6519 (class 2606 OID 17914)
-- Name: LoyaltyReward LoyaltyReward_pkey; Type: CONSTRAINT; Schema: public; Owner: -
--

ALTER TABLE ONLY public."LoyaltyReward"
    ADD CONSTRAINT "LoyaltyReward_pkey" PRIMARY KEY (id);


--
-- TOC entry 6523 (class 2606 OID 17928)
-- Name: LoyaltyTier LoyaltyTier_pkey; Type: CONSTRAINT; Schema: public; Owner: -
--

ALTER TABLE ONLY public."LoyaltyTier"
    ADD CONSTRAINT "LoyaltyTier_pkey" PRIMARY KEY (id);


--
-- TOC entry 6528 (class 2606 OID 17936)
-- Name: LoyaltyTransaction LoyaltyTransaction_pkey; Type: CONSTRAINT; Schema: public; Owner: -
--

ALTER TABLE ONLY public."LoyaltyTransaction"
    ADD CONSTRAINT "LoyaltyTransaction_pkey" PRIMARY KEY (id);


--
-- TOC entry 6533 (class 2606 OID 17947)
-- Name: MacFilter MacFilter_pkey; Type: CONSTRAINT; Schema: public; Owner: -
--

ALTER TABLE ONLY public."MacFilter"
    ADD CONSTRAINT "MacFilter_pkey" PRIMARY KEY (id);


--
-- TOC entry 6539 (class 2606 OID 17957)
-- Name: MaintenanceBlock MaintenanceBlock_pkey; Type: CONSTRAINT; Schema: public; Owner: -
--

ALTER TABLE ONLY public."MaintenanceBlock"
    ADD CONSTRAINT "MaintenanceBlock_pkey" PRIMARY KEY (id);


--
-- TOC entry 6547 (class 2606 OID 17968)
-- Name: ManualTransaction ManualTransaction_pkey; Type: CONSTRAINT; Schema: public; Owner: -
--

ALTER TABLE ONLY public."ManualTransaction"
    ADD CONSTRAINT "ManualTransaction_pkey" PRIMARY KEY (id);


--
-- TOC entry 6552 (class 2606 OID 17985)
-- Name: MenuItem MenuItem_pkey; Type: CONSTRAINT; Schema: public; Owner: -
--

ALTER TABLE ONLY public."MenuItem"
    ADD CONSTRAINT "MenuItem_pkey" PRIMARY KEY (id);


--
-- TOC entry 7269 (class 2606 OID 19633)
-- Name: MenuModifierOption MenuModifierOption_pkey; Type: CONSTRAINT; Schema: public; Owner: -
--

ALTER TABLE ONLY public."MenuModifierOption"
    ADD CONSTRAINT "MenuModifierOption_pkey" PRIMARY KEY (id);


--
-- TOC entry 7265 (class 2606 OID 19621)
-- Name: MenuModifier MenuModifier_pkey; Type: CONSTRAINT; Schema: public; Owner: -
--

ALTER TABLE ONLY public."MenuModifier"
    ADD CONSTRAINT "MenuModifier_pkey" PRIMARY KEY (id);


--
-- TOC entry 7273 (class 2606 OID 19644)
-- Name: MenuVariant MenuVariant_pkey; Type: CONSTRAINT; Schema: public; Owner: -
--

ALTER TABLE ONLY public."MenuVariant"
    ADD CONSTRAINT "MenuVariant_pkey" PRIMARY KEY (id);


--
-- TOC entry 6557 (class 2606 OID 17997)
-- Name: MessageTemplate MessageTemplate_pkey; Type: CONSTRAINT; Schema: public; Owner: -
--

ALTER TABLE ONLY public."MessageTemplate"
    ADD CONSTRAINT "MessageTemplate_pkey" PRIMARY KEY (id);


--
-- TOC entry 6561 (class 2606 OID 18014)
-- Name: MetasearchConnection MetasearchConnection_pkey; Type: CONSTRAINT; Schema: public; Owner: -
--

ALTER TABLE ONLY public."MetasearchConnection"
    ADD CONSTRAINT "MetasearchConnection_pkey" PRIMARY KEY (id);


--
-- TOC entry 6567 (class 2606 OID 18031)
-- Name: MultiWanConfig MultiWanConfig_pkey; Type: CONSTRAINT; Schema: public; Owner: -
--

ALTER TABLE ONLY public."MultiWanConfig"
    ADD CONSTRAINT "MultiWanConfig_pkey" PRIMARY KEY (id);


--
-- TOC entry 6597 (class 2606 OID 18087)
-- Name: NasHealthLog NasHealthLog_pkey; Type: CONSTRAINT; Schema: public; Owner: -
--

ALTER TABLE ONLY public."NasHealthLog"
    ADD CONSTRAINT "NasHealthLog_pkey" PRIMARY KEY (id);


--
-- TOC entry 6604 (class 2606 OID 18104)
-- Name: NatLog NatLog_pkey; Type: CONSTRAINT; Schema: public; Owner: -
--

ALTER TABLE ONLY public."NatLog"
    ADD CONSTRAINT "NatLog_pkey" PRIMARY KEY (id);


--
-- TOC entry 6612 (class 2606 OID 18114)
-- Name: NetworkConfigBackup NetworkConfigBackup_pkey; Type: CONSTRAINT; Schema: public; Owner: -
--

ALTER TABLE ONLY public."NetworkConfigBackup"
    ADD CONSTRAINT "NetworkConfigBackup_pkey" PRIMARY KEY (id);


--
-- TOC entry 6616 (class 2606 OID 18127)
-- Name: NetworkInterface NetworkInterface_pkey; Type: CONSTRAINT; Schema: public; Owner: -
--

ALTER TABLE ONLY public."NetworkInterface"
    ADD CONSTRAINT "NetworkInterface_pkey" PRIMARY KEY (id);


--
-- TOC entry 6630 (class 2606 OID 18147)
-- Name: NotificationLog NotificationLog_pkey; Type: CONSTRAINT; Schema: public; Owner: -
--

ALTER TABLE ONLY public."NotificationLog"
    ADD CONSTRAINT "NotificationLog_pkey" PRIMARY KEY (id);


--
-- TOC entry 6635 (class 2606 OID 18162)
-- Name: NotificationPreference NotificationPreference_pkey; Type: CONSTRAINT; Schema: public; Owner: -
--

ALTER TABLE ONLY public."NotificationPreference"
    ADD CONSTRAINT "NotificationPreference_pkey" PRIMARY KEY (id);


--
-- TOC entry 6640 (class 2606 OID 18172)
-- Name: NotificationTemplate NotificationTemplate_pkey; Type: CONSTRAINT; Schema: public; Owner: -
--

ALTER TABLE ONLY public."NotificationTemplate"
    ADD CONSTRAINT "NotificationTemplate_pkey" PRIMARY KEY (id);


--
-- TOC entry 6624 (class 2606 OID 18137)
-- Name: Notification Notification_pkey; Type: CONSTRAINT; Schema: public; Owner: -
--

ALTER TABLE ONLY public."Notification"
    ADD CONSTRAINT "Notification_pkey" PRIMARY KEY (id);


--
-- TOC entry 6651 (class 2606 OID 18200)
-- Name: OrderCategory OrderCategory_pkey; Type: CONSTRAINT; Schema: public; Owner: -
--

ALTER TABLE ONLY public."OrderCategory"
    ADD CONSTRAINT "OrderCategory_pkey" PRIMARY KEY (id);


--
-- TOC entry 7299 (class 2606 OID 19709)
-- Name: OrderDiscount OrderDiscount_pkey; Type: CONSTRAINT; Schema: public; Owner: -
--

ALTER TABLE ONLY public."OrderDiscount"
    ADD CONSTRAINT "OrderDiscount_pkey" PRIMARY KEY (id);


--
-- TOC entry 6655 (class 2606 OID 18210)
-- Name: OrderItem OrderItem_pkey; Type: CONSTRAINT; Schema: public; Owner: -
--

ALTER TABLE ONLY public."OrderItem"
    ADD CONSTRAINT "OrderItem_pkey" PRIMARY KEY (id);


--
-- TOC entry 6645 (class 2606 OID 18190)
-- Name: Order Order_pkey; Type: CONSTRAINT; Schema: public; Owner: -
--

ALTER TABLE ONLY public."Order"
    ADD CONSTRAINT "Order_pkey" PRIMARY KEY (id);


--
-- TOC entry 7342 (class 2606 OID 19776)
-- Name: ParkingPass ParkingPass_pkey; Type: CONSTRAINT; Schema: public; Owner: -
--

ALTER TABLE ONLY public."ParkingPass"
    ADD CONSTRAINT "ParkingPass_pkey" PRIMARY KEY (id);


--
-- TOC entry 6657 (class 2606 OID 18223)
-- Name: ParkingSlot ParkingSlot_pkey; Type: CONSTRAINT; Schema: public; Owner: -
--

ALTER TABLE ONLY public."ParkingSlot"
    ADD CONSTRAINT "ParkingSlot_pkey" PRIMARY KEY (id);


--
-- TOC entry 6670 (class 2606 OID 18252)
-- Name: PaymentGateway PaymentGateway_pkey; Type: CONSTRAINT; Schema: public; Owner: -
--

ALTER TABLE ONLY public."PaymentGateway"
    ADD CONSTRAINT "PaymentGateway_pkey" PRIMARY KEY (id);


--
-- TOC entry 6677 (class 2606 OID 18265)
-- Name: PaymentSchedule PaymentSchedule_pkey; Type: CONSTRAINT; Schema: public; Owner: -
--

ALTER TABLE ONLY public."PaymentSchedule"
    ADD CONSTRAINT "PaymentSchedule_pkey" PRIMARY KEY (id);


--
-- TOC entry 7304 (class 2606 OID 19719)
-- Name: PaymentToken PaymentToken_pkey; Type: CONSTRAINT; Schema: public; Owner: -
--

ALTER TABLE ONLY public."PaymentToken"
    ADD CONSTRAINT "PaymentToken_pkey" PRIMARY KEY (id);


--
-- TOC entry 6665 (class 2606 OID 18235)
-- Name: Payment Payment_pkey; Type: CONSTRAINT; Schema: public; Owner: -
--

ALTER TABLE ONLY public."Payment"
    ADD CONSTRAINT "Payment_pkey" PRIMARY KEY (id);


--
-- TOC entry 6711 (class 2606 OID 18340)
-- Name: PortForwardRule PortForwardRule_pkey; Type: CONSTRAINT; Schema: public; Owner: -
--

ALTER TABLE ONLY public."PortForwardRule"
    ADD CONSTRAINT "PortForwardRule_pkey" PRIMARY KEY (id);


--
-- TOC entry 6682 (class 2606 OID 18277)
-- Name: PortalAuthentication PortalAuthentication_pkey; Type: CONSTRAINT; Schema: public; Owner: -
--

ALTER TABLE ONLY public."PortalAuthentication"
    ADD CONSTRAINT "PortalAuthentication_pkey" PRIMARY KEY (id);


--
-- TOC entry 6689 (class 2606 OID 18287)
-- Name: PortalMapping PortalMapping_pkey; Type: CONSTRAINT; Schema: public; Owner: -
--

ALTER TABLE ONLY public."PortalMapping"
    ADD CONSTRAINT "PortalMapping_pkey" PRIMARY KEY (id);


--
-- TOC entry 6695 (class 2606 OID 18308)
-- Name: PortalPage PortalPage_pkey; Type: CONSTRAINT; Schema: public; Owner: -
--

ALTER TABLE ONLY public."PortalPage"
    ADD CONSTRAINT "PortalPage_pkey" PRIMARY KEY (id);


--
-- TOC entry 6701 (class 2606 OID 18318)
-- Name: PortalTemplate PortalTemplate_pkey; Type: CONSTRAINT; Schema: public; Owner: -
--

ALTER TABLE ONLY public."PortalTemplate"
    ADD CONSTRAINT "PortalTemplate_pkey" PRIMARY KEY (id);


--
-- TOC entry 6705 (class 2606 OID 18330)
-- Name: PortalWhitelist PortalWhitelist_pkey; Type: CONSTRAINT; Schema: public; Owner: -
--

ALTER TABLE ONLY public."PortalWhitelist"
    ADD CONSTRAINT "PortalWhitelist_pkey" PRIMARY KEY (id);


--
-- TOC entry 6729 (class 2606 OID 18372)
-- Name: PreventiveMaintenance PreventiveMaintenance_pkey; Type: CONSTRAINT; Schema: public; Owner: -
--

ALTER TABLE ONLY public."PreventiveMaintenance"
    ADD CONSTRAINT "PreventiveMaintenance_pkey" PRIMARY KEY (id);


--
-- TOC entry 6734 (class 2606 OID 18382)
-- Name: PriceOverride PriceOverride_pkey; Type: CONSTRAINT; Schema: public; Owner: -
--

ALTER TABLE ONLY public."PriceOverride"
    ADD CONSTRAINT "PriceOverride_pkey" PRIMARY KEY (id);


--
-- TOC entry 6738 (class 2606 OID 18396)
-- Name: PricingRule PricingRule_pkey; Type: CONSTRAINT; Schema: public; Owner: -
--

ALTER TABLE ONLY public."PricingRule"
    ADD CONSTRAINT "PricingRule_pkey" PRIMARY KEY (id);


--
-- TOC entry 6745 (class 2606 OID 18407)
-- Name: Promotion Promotion_pkey; Type: CONSTRAINT; Schema: public; Owner: -
--

ALTER TABLE ONLY public."Promotion"
    ADD CONSTRAINT "Promotion_pkey" PRIMARY KEY (id);


--
-- TOC entry 6749 (class 2606 OID 18429)
-- Name: Property Property_pkey; Type: CONSTRAINT; Schema: public; Owner: -
--

ALTER TABLE ONLY public."Property"
    ADD CONSTRAINT "Property_pkey" PRIMARY KEY (id);


--
-- TOC entry 6757 (class 2606 OID 18448)
-- Name: PurchaseOrderItem PurchaseOrderItem_pkey; Type: CONSTRAINT; Schema: public; Owner: -
--

ALTER TABLE ONLY public."PurchaseOrderItem"
    ADD CONSTRAINT "PurchaseOrderItem_pkey" PRIMARY KEY (id);


--
-- TOC entry 6754 (class 2606 OID 18442)
-- Name: PurchaseOrder PurchaseOrder_pkey; Type: CONSTRAINT; Schema: public; Owner: -
--

ALTER TABLE ONLY public."PurchaseOrder"
    ADD CONSTRAINT "PurchaseOrder_pkey" PRIMARY KEY (id);


--
-- TOC entry 6716 (class 2606 OID 18349)
-- Name: QuickBlock QuickBlock_pkey; Type: CONSTRAINT; Schema: public; Owner: -
--

ALTER TABLE ONLY public."QuickBlock"
    ADD CONSTRAINT "QuickBlock_pkey" PRIMARY KEY (id);


--
-- TOC entry 6778 (class 2606 OID 18506)
-- Name: RadiusAuthLog RadiusAuthLog_pkey; Type: CONSTRAINT; Schema: public; Owner: -
--

ALTER TABLE ONLY public."RadiusAuthLog"
    ADD CONSTRAINT "RadiusAuthLog_pkey" PRIMARY KEY (id);


--
-- TOC entry 6784 (class 2606 OID 18514)
-- Name: RadiusCoaLog RadiusCoaLog_pkey; Type: CONSTRAINT; Schema: public; Owner: -
--

ALTER TABLE ONLY public."RadiusCoaLog"
    ADD CONSTRAINT "RadiusCoaLog_pkey" PRIMARY KEY (id);


--
-- TOC entry 6791 (class 2606 OID 18526)
-- Name: RadiusEventUser RadiusEventUser_pkey; Type: CONSTRAINT; Schema: public; Owner: -
--

ALTER TABLE ONLY public."RadiusEventUser"
    ADD CONSTRAINT "RadiusEventUser_pkey" PRIMARY KEY (id);


--
-- TOC entry 6799 (class 2606 OID 18538)
-- Name: RadiusMacAuth RadiusMacAuth_pkey; Type: CONSTRAINT; Schema: public; Owner: -
--

ALTER TABLE ONLY public."RadiusMacAuth"
    ADD CONSTRAINT "RadiusMacAuth_pkey" PRIMARY KEY (id);


--
-- TOC entry 6805 (class 2606 OID 18554)
-- Name: RadiusNAS RadiusNAS_pkey; Type: CONSTRAINT; Schema: public; Owner: -
--

ALTER TABLE ONLY public."RadiusNAS"
    ADD CONSTRAINT "RadiusNAS_pkey" PRIMARY KEY (id);


--
-- TOC entry 6814 (class 2606 OID 18562)
-- Name: RadiusProvisioningLog RadiusProvisioningLog_pkey; Type: CONSTRAINT; Schema: public; Owner: -
--

ALTER TABLE ONLY public."RadiusProvisioningLog"
    ADD CONSTRAINT "RadiusProvisioningLog_pkey" PRIMARY KEY (id);


--
-- TOC entry 6820 (class 2606 OID 18593)
-- Name: RadiusServerConfig RadiusServerConfig_pkey; Type: CONSTRAINT; Schema: public; Owner: -
--

ALTER TABLE ONLY public."RadiusServerConfig"
    ADD CONSTRAINT "RadiusServerConfig_pkey" PRIMARY KEY (id);


--
-- TOC entry 6723 (class 2606 OID 18361)
-- Name: RateLimitRule RateLimitRule_pkey; Type: CONSTRAINT; Schema: public; Owner: -
--

ALTER TABLE ONLY public."RateLimitRule"
    ADD CONSTRAINT "RateLimitRule_pkey" PRIMARY KEY (id);


--
-- TOC entry 6839 (class 2606 OID 18645)
-- Name: RatePlan RatePlan_pkey; Type: CONSTRAINT; Schema: public; Owner: -
--

ALTER TABLE ONLY public."RatePlan"
    ADD CONSTRAINT "RatePlan_pkey" PRIMARY KEY (id);


--
-- TOC entry 7289 (class 2606 OID 19690)
-- Name: RecipeIngredient RecipeIngredient_pkey; Type: CONSTRAINT; Schema: public; Owner: -
--

ALTER TABLE ONLY public."RecipeIngredient"
    ADD CONSTRAINT "RecipeIngredient_pkey" PRIMARY KEY (id);


--
-- TOC entry 7286 (class 2606 OID 19678)
-- Name: Recipe Recipe_pkey; Type: CONSTRAINT; Schema: public; Owner: -
--

ALTER TABLE ONLY public."Recipe"
    ADD CONSTRAINT "Recipe_pkey" PRIMARY KEY (id);


--
-- TOC entry 6847 (class 2606 OID 18658)
-- Name: Reconciliation Reconciliation_pkey; Type: CONSTRAINT; Schema: public; Owner: -
--

ALTER TABLE ONLY public."Reconciliation"
    ADD CONSTRAINT "Reconciliation_pkey" PRIMARY KEY (id);


--
-- TOC entry 6856 (class 2606 OID 18668)
-- Name: RegistrationCard RegistrationCard_pkey; Type: CONSTRAINT; Schema: public; Owner: -
--

ALTER TABLE ONLY public."RegistrationCard"
    ADD CONSTRAINT "RegistrationCard_pkey" PRIMARY KEY (id);


--
-- TOC entry 7370 (class 2606 OID 19838)
-- Name: RegistrationPlan RegistrationPlan_pkey; Type: CONSTRAINT; Schema: public; Owner: -
--

ALTER TABLE ONLY public."RegistrationPlan"
    ADD CONSTRAINT "RegistrationPlan_pkey" PRIMARY KEY (id);


--
-- TOC entry 6861 (class 2606 OID 18676)
-- Name: ReportCache ReportCache_pkey; Type: CONSTRAINT; Schema: public; Owner: -
--

ALTER TABLE ONLY public."ReportCache"
    ADD CONSTRAINT "ReportCache_pkey" PRIMARY KEY (id);


--
-- TOC entry 6866 (class 2606 OID 18688)
-- Name: ReportHistory ReportHistory_pkey; Type: CONSTRAINT; Schema: public; Owner: -
--

ALTER TABLE ONLY public."ReportHistory"
    ADD CONSTRAINT "ReportHistory_pkey" PRIMARY KEY (id);


--
-- TOC entry 6871 (class 2606 OID 18699)
-- Name: Reservation Reservation_pkey; Type: CONSTRAINT; Schema: public; Owner: -
--

ALTER TABLE ONLY public."Reservation"
    ADD CONSTRAINT "Reservation_pkey" PRIMARY KEY (id);


--
-- TOC entry 6876 (class 2606 OID 18711)
-- Name: RestaurantTable RestaurantTable_pkey; Type: CONSTRAINT; Schema: public; Owner: -
--

ALTER TABLE ONLY public."RestaurantTable"
    ADD CONSTRAINT "RestaurantTable_pkey" PRIMARY KEY (id);


--
-- TOC entry 6880 (class 2606 OID 18721)
-- Name: Role Role_pkey; Type: CONSTRAINT; Schema: public; Owner: -
--

ALTER TABLE ONLY public."Role"
    ADD CONSTRAINT "Role_pkey" PRIMARY KEY (id);


--
-- TOC entry 6897 (class 2606 OID 18749)
-- Name: RoomMoveLog RoomMoveLog_pkey; Type: CONSTRAINT; Schema: public; Owner: -
--

ALTER TABLE ONLY public."RoomMoveLog"
    ADD CONSTRAINT "RoomMoveLog_pkey" PRIMARY KEY (id);


--
-- TOC entry 6901 (class 2606 OID 18769)
-- Name: RoomType RoomType_pkey; Type: CONSTRAINT; Schema: public; Owner: -
--

ALTER TABLE ONLY public."RoomType"
    ADD CONSTRAINT "RoomType_pkey" PRIMARY KEY (id);


--
-- TOC entry 6887 (class 2606 OID 18741)
-- Name: Room Room_pkey; Type: CONSTRAINT; Schema: public; Owner: -
--

ALTER TABLE ONLY public."Room"
    ADD CONSTRAINT "Room_pkey" PRIMARY KEY (id);


--
-- TOC entry 6954 (class 2606 OID 18914)
-- Name: SSOConnection SSOConnection_pkey; Type: CONSTRAINT; Schema: public; Owner: -
--

ALTER TABLE ONLY public."SSOConnection"
    ADD CONSTRAINT "SSOConnection_pkey" PRIMARY KEY (id);


--
-- TOC entry 6961 (class 2606 OID 18924)
-- Name: SSOSession SSOSession_pkey; Type: CONSTRAINT; Schema: public; Owner: -
--

ALTER TABLE ONLY public."SSOSession"
    ADD CONSTRAINT "SSOSession_pkey" PRIMARY KEY (id);


--
-- TOC entry 6906 (class 2606 OID 18785)
-- Name: ScheduleAccess ScheduleAccess_pkey; Type: CONSTRAINT; Schema: public; Owner: -
--

ALTER TABLE ONLY public."ScheduleAccess"
    ADD CONSTRAINT "ScheduleAccess_pkey" PRIMARY KEY (id);


--
-- TOC entry 7313 (class 2606 OID 19731)
-- Name: ScheduledCharge ScheduledCharge_pkey; Type: CONSTRAINT; Schema: public; Owner: -
--

ALTER TABLE ONLY public."ScheduledCharge"
    ADD CONSTRAINT "ScheduledCharge_pkey" PRIMARY KEY (id);


--
-- TOC entry 6911 (class 2606 OID 18798)
-- Name: ScheduledNotification ScheduledNotification_pkey; Type: CONSTRAINT; Schema: public; Owner: -
--

ALTER TABLE ONLY public."ScheduledNotification"
    ADD CONSTRAINT "ScheduledNotification_pkey" PRIMARY KEY (id);


--
-- TOC entry 6917 (class 2606 OID 18810)
-- Name: ScheduledReport ScheduledReport_pkey; Type: CONSTRAINT; Schema: public; Owner: -
--

ALTER TABLE ONLY public."ScheduledReport"
    ADD CONSTRAINT "ScheduledReport_pkey" PRIMARY KEY (id);


--
-- TOC entry 6922 (class 2606 OID 18822)
-- Name: SecurityEvent SecurityEvent_pkey; Type: CONSTRAINT; Schema: public; Owner: -
--

ALTER TABLE ONLY public."SecurityEvent"
    ADD CONSTRAINT "SecurityEvent_pkey" PRIMARY KEY (id);


--
-- TOC entry 6928 (class 2606 OID 18833)
-- Name: SecurityIncident SecurityIncident_pkey; Type: CONSTRAINT; Schema: public; Owner: -
--

ALTER TABLE ONLY public."SecurityIncident"
    ADD CONSTRAINT "SecurityIncident_pkey" PRIMARY KEY (id);


--
-- TOC entry 6933 (class 2606 OID 18848)
-- Name: SecuritySettings SecuritySettings_pkey; Type: CONSTRAINT; Schema: public; Owner: -
--

ALTER TABLE ONLY public."SecuritySettings"
    ADD CONSTRAINT "SecuritySettings_pkey" PRIMARY KEY (id);


--
-- TOC entry 6937 (class 2606 OID 18854)
-- Name: SegmentMembership SegmentMembership_pkey; Type: CONSTRAINT; Schema: public; Owner: -
--

ALTER TABLE ONLY public."SegmentMembership"
    ADD CONSTRAINT "SegmentMembership_pkey" PRIMARY KEY (id);


--
-- TOC entry 6940 (class 2606 OID 18866)
-- Name: ServiceRequest ServiceRequest_pkey; Type: CONSTRAINT; Schema: public; Owner: -
--

ALTER TABLE ONLY public."ServiceRequest"
    ADD CONSTRAINT "ServiceRequest_pkey" PRIMARY KEY (id);


--
-- TOC entry 6945 (class 2606 OID 18874)
-- Name: Session Session_pkey; Type: CONSTRAINT; Schema: public; Owner: -
--

ALTER TABLE ONLY public."Session"
    ADD CONSTRAINT "Session_pkey" PRIMARY KEY (id);


--
-- TOC entry 6951 (class 2606 OID 18888)
-- Name: ShiftTemplate ShiftTemplate_pkey; Type: CONSTRAINT; Schema: public; Owner: -
--

ALTER TABLE ONLY public."ShiftTemplate"
    ADD CONSTRAINT "ShiftTemplate_pkey" PRIMARY KEY (id);


--
-- TOC entry 6967 (class 2606 OID 18935)
-- Name: StaffAttendance StaffAttendance_pkey; Type: CONSTRAINT; Schema: public; Owner: -
--

ALTER TABLE ONLY public."StaffAttendance"
    ADD CONSTRAINT "StaffAttendance_pkey" PRIMARY KEY (id);


--
-- TOC entry 6978 (class 2606 OID 18955)
-- Name: StaffChannelMember StaffChannelMember_pkey; Type: CONSTRAINT; Schema: public; Owner: -
--

ALTER TABLE ONLY public."StaffChannelMember"
    ADD CONSTRAINT "StaffChannelMember_pkey" PRIMARY KEY (id);


--
-- TOC entry 6972 (class 2606 OID 18945)
-- Name: StaffChannel StaffChannel_pkey; Type: CONSTRAINT; Schema: public; Owner: -
--

ALTER TABLE ONLY public."StaffChannel"
    ADD CONSTRAINT "StaffChannel_pkey" PRIMARY KEY (id);


--
-- TOC entry 6982 (class 2606 OID 18969)
-- Name: StaffChatMessage StaffChatMessage_pkey; Type: CONSTRAINT; Schema: public; Owner: -
--

ALTER TABLE ONLY public."StaffChatMessage"
    ADD CONSTRAINT "StaffChatMessage_pkey" PRIMARY KEY (id);


--
-- TOC entry 6986 (class 2606 OID 18978)
-- Name: StaffLeave StaffLeave_pkey; Type: CONSTRAINT; Schema: public; Owner: -
--

ALTER TABLE ONLY public."StaffLeave"
    ADD CONSTRAINT "StaffLeave_pkey" PRIMARY KEY (id);


--
-- TOC entry 6992 (class 2606 OID 18991)
-- Name: StaffPerformance StaffPerformance_pkey; Type: CONSTRAINT; Schema: public; Owner: -
--

ALTER TABLE ONLY public."StaffPerformance"
    ADD CONSTRAINT "StaffPerformance_pkey" PRIMARY KEY (id);


--
-- TOC entry 6999 (class 2606 OID 19000)
-- Name: StaffSchedule StaffSchedule_pkey; Type: CONSTRAINT; Schema: public; Owner: -
--

ALTER TABLE ONLY public."StaffSchedule"
    ADD CONSTRAINT "StaffSchedule_pkey" PRIMARY KEY (id);


--
-- TOC entry 7005 (class 2606 OID 19010)
-- Name: StaffShift StaffShift_pkey; Type: CONSTRAINT; Schema: public; Owner: -
--

ALTER TABLE ONLY public."StaffShift"
    ADD CONSTRAINT "StaffShift_pkey" PRIMARY KEY (id);


--
-- TOC entry 7010 (class 2606 OID 19021)
-- Name: StaffSkill StaffSkill_pkey; Type: CONSTRAINT; Schema: public; Owner: -
--

ALTER TABLE ONLY public."StaffSkill"
    ADD CONSTRAINT "StaffSkill_pkey" PRIMARY KEY (id);


--
-- TOC entry 7016 (class 2606 OID 19033)
-- Name: StaffWorkload StaffWorkload_pkey; Type: CONSTRAINT; Schema: public; Owner: -
--

ALTER TABLE ONLY public."StaffWorkload"
    ADD CONSTRAINT "StaffWorkload_pkey" PRIMARY KEY (id);


--
-- TOC entry 7023 (class 2606 OID 19045)
-- Name: StaticRoute StaticRoute_pkey; Type: CONSTRAINT; Schema: public; Owner: -
--

ALTER TABLE ONLY public."StaticRoute"
    ADD CONSTRAINT "StaticRoute_pkey" PRIMARY KEY (id);


--
-- TOC entry 7027 (class 2606 OID 19053)
-- Name: StockConsumption StockConsumption_pkey; Type: CONSTRAINT; Schema: public; Owner: -
--

ALTER TABLE ONLY public."StockConsumption"
    ADD CONSTRAINT "StockConsumption_pkey" PRIMARY KEY (id);


--
-- TOC entry 7031 (class 2606 OID 19067)
-- Name: StockItem StockItem_pkey; Type: CONSTRAINT; Schema: public; Owner: -
--

ALTER TABLE ONLY public."StockItem"
    ADD CONSTRAINT "StockItem_pkey" PRIMARY KEY (id);


--
-- TOC entry 7038 (class 2606 OID 19087)
-- Name: SubscriptionInvoice SubscriptionInvoice_pkey; Type: CONSTRAINT; Schema: public; Owner: -
--

ALTER TABLE ONLY public."SubscriptionInvoice"
    ADD CONSTRAINT "SubscriptionInvoice_pkey" PRIMARY KEY (id);


--
-- TOC entry 7041 (class 2606 OID 19100)
-- Name: SubscriptionPlan SubscriptionPlan_pkey; Type: CONSTRAINT; Schema: public; Owner: -
--

ALTER TABLE ONLY public."SubscriptionPlan"
    ADD CONSTRAINT "SubscriptionPlan_pkey" PRIMARY KEY (id);


--
-- TOC entry 7034 (class 2606 OID 19077)
-- Name: Subscription Subscription_pkey; Type: CONSTRAINT; Schema: public; Owner: -
--

ALTER TABLE ONLY public."Subscription"
    ADD CONSTRAINT "Subscription_pkey" PRIMARY KEY (id);


--
-- TOC entry 7336 (class 2606 OID 19762)
-- Name: SurveillanceConfig SurveillanceConfig_pkey; Type: CONSTRAINT; Schema: public; Owner: -
--

ALTER TABLE ONLY public."SurveillanceConfig"
    ADD CONSTRAINT "SurveillanceConfig_pkey" PRIMARY KEY (id);


--
-- TOC entry 7044 (class 2606 OID 19116)
-- Name: SyslogServer SyslogServer_pkey; Type: CONSTRAINT; Schema: public; Owner: -
--

ALTER TABLE ONLY public."SyslogServer"
    ADD CONSTRAINT "SyslogServer_pkey" PRIMARY KEY (id);


--
-- TOC entry 7048 (class 2606 OID 19132)
-- Name: SystemNetworkHealth SystemNetworkHealth_pkey; Type: CONSTRAINT; Schema: public; Owner: -
--

ALTER TABLE ONLY public."SystemNetworkHealth"
    ADD CONSTRAINT "SystemNetworkHealth_pkey" PRIMARY KEY (id);


--
-- TOC entry 7293 (class 2606 OID 19700)
-- Name: TableMerge TableMerge_pkey; Type: CONSTRAINT; Schema: public; Owner: -
--

ALTER TABLE ONLY public."TableMerge"
    ADD CONSTRAINT "TableMerge_pkey" PRIMARY KEY (id);


--
-- TOC entry 7063 (class 2606 OID 19156)
-- Name: TaskAssignmentSuggestion TaskAssignmentSuggestion_pkey; Type: CONSTRAINT; Schema: public; Owner: -
--

ALTER TABLE ONLY public."TaskAssignmentSuggestion"
    ADD CONSTRAINT "TaskAssignmentSuggestion_pkey" PRIMARY KEY (id);


--
-- TOC entry 7053 (class 2606 OID 19145)
-- Name: Task Task_pkey; Type: CONSTRAINT; Schema: public; Owner: -
--

ALTER TABLE ONLY public."Task"
    ADD CONSTRAINT "Task_pkey" PRIMARY KEY (id);


--
-- TOC entry 7072 (class 2606 OID 19184)
-- Name: TaxReport TaxReport_pkey; Type: CONSTRAINT; Schema: public; Owner: -
--

ALTER TABLE ONLY public."TaxReport"
    ADD CONSTRAINT "TaxReport_pkey" PRIMARY KEY (id);


--
-- TOC entry 7079 (class 2606 OID 19203)
-- Name: Tenant Tenant_pkey; Type: CONSTRAINT; Schema: public; Owner: -
--

ALTER TABLE ONLY public."Tenant"
    ADD CONSTRAINT "Tenant_pkey" PRIMARY KEY (id);


--
-- TOC entry 7116 (class 2606 OID 19286)
-- Name: UsageLog UsageLog_pkey; Type: CONSTRAINT; Schema: public; Owner: -
--

ALTER TABLE ONLY public."UsageLog"
    ADD CONSTRAINT "UsageLog_pkey" PRIMARY KEY (id);


--
-- TOC entry 7122 (class 2606 OID 19304)
-- Name: UsageSummary UsageSummary_pkey; Type: CONSTRAINT; Schema: public; Owner: -
--

ALTER TABLE ONLY public."UsageSummary"
    ADD CONSTRAINT "UsageSummary_pkey" PRIMARY KEY (id);


--
-- TOC entry 7132 (class 2606 OID 19328)
-- Name: UserFcmToken UserFcmToken_pkey; Type: CONSTRAINT; Schema: public; Owner: -
--

ALTER TABLE ONLY public."UserFcmToken"
    ADD CONSTRAINT "UserFcmToken_pkey" PRIMARY KEY (id);


--
-- TOC entry 7138 (class 2606 OID 19339)
-- Name: UserTutorial UserTutorial_pkey; Type: CONSTRAINT; Schema: public; Owner: -
--

ALTER TABLE ONLY public."UserTutorial"
    ADD CONSTRAINT "UserTutorial_pkey" PRIMARY KEY (id);


--
-- TOC entry 7127 (class 2606 OID 19318)
-- Name: User User_pkey; Type: CONSTRAINT; Schema: public; Owner: -
--

ALTER TABLE ONLY public."User"
    ADD CONSTRAINT "User_pkey" PRIMARY KEY (id);


--
-- TOC entry 7144 (class 2606 OID 19350)
-- Name: Vehicle Vehicle_pkey; Type: CONSTRAINT; Schema: public; Owner: -
--

ALTER TABLE ONLY public."Vehicle"
    ADD CONSTRAINT "Vehicle_pkey" PRIMARY KEY (id);


--
-- TOC entry 7156 (class 2606 OID 19370)
-- Name: VendorPayment VendorPayment_pkey; Type: CONSTRAINT; Schema: public; Owner: -
--

ALTER TABLE ONLY public."VendorPayment"
    ADD CONSTRAINT "VendorPayment_pkey" PRIMARY KEY (id);


--
-- TOC entry 7147 (class 2606 OID 19359)
-- Name: Vendor Vendor_pkey; Type: CONSTRAINT; Schema: public; Owner: -
--

ALTER TABLE ONLY public."Vendor"
    ADD CONSTRAINT "Vendor_pkey" PRIMARY KEY (id);


--
-- TOC entry 7162 (class 2606 OID 19380)
-- Name: VlanConfig VlanConfig_pkey; Type: CONSTRAINT; Schema: public; Owner: -
--

ALTER TABLE ONLY public."VlanConfig"
    ADD CONSTRAINT "VlanConfig_pkey" PRIMARY KEY (id);


--
-- TOC entry 7169 (class 2606 OID 19392)
-- Name: WaitlistEntry WaitlistEntry_pkey; Type: CONSTRAINT; Schema: public; Owner: -
--

ALTER TABLE ONLY public."WaitlistEntry"
    ADD CONSTRAINT "WaitlistEntry_pkey" PRIMARY KEY (id);


--
-- TOC entry 7174 (class 2606 OID 19406)
-- Name: WanFailover WanFailover_pkey; Type: CONSTRAINT; Schema: public; Owner: -
--

ALTER TABLE ONLY public."WanFailover"
    ADD CONSTRAINT "WanFailover_pkey" PRIMARY KEY (id);


--
-- TOC entry 7185 (class 2606 OID 19434)
-- Name: WebCategorySchedule WebCategorySchedule_pkey; Type: CONSTRAINT; Schema: public; Owner: -
--

ALTER TABLE ONLY public."WebCategorySchedule"
    ADD CONSTRAINT "WebCategorySchedule_pkey" PRIMARY KEY (id);


--
-- TOC entry 7180 (class 2606 OID 19420)
-- Name: WebCategory WebCategory_pkey; Type: CONSTRAINT; Schema: public; Owner: -
--

ALTER TABLE ONLY public."WebCategory"
    ADD CONSTRAINT "WebCategory_pkey" PRIMARY KEY (id);


--
-- TOC entry 7192 (class 2606 OID 19444)
-- Name: WebhookDeliveryLog WebhookDeliveryLog_pkey; Type: CONSTRAINT; Schema: public; Owner: -
--

ALTER TABLE ONLY public."WebhookDeliveryLog"
    ADD CONSTRAINT "WebhookDeliveryLog_pkey" PRIMARY KEY (id);


--
-- TOC entry 7195 (class 2606 OID 19456)
-- Name: WebhookEndpoint WebhookEndpoint_pkey; Type: CONSTRAINT; Schema: public; Owner: -
--

ALTER TABLE ONLY public."WebhookEndpoint"
    ADD CONSTRAINT "WebhookEndpoint_pkey" PRIMARY KEY (id);


--
-- TOC entry 7198 (class 2606 OID 19490)
-- Name: WiFiAAAConfig WiFiAAAConfig_pkey; Type: CONSTRAINT; Schema: public; Owner: -
--

ALTER TABLE ONLY public."WiFiAAAConfig"
    ADD CONSTRAINT "WiFiAAAConfig_pkey" PRIMARY KEY (id);


--
-- TOC entry 7202 (class 2606 OID 19501)
-- Name: WiFiAccountingSync WiFiAccountingSync_pkey; Type: CONSTRAINT; Schema: public; Owner: -
--

ALTER TABLE ONLY public."WiFiAccountingSync"
    ADD CONSTRAINT "WiFiAccountingSync_pkey" PRIMARY KEY (id);


--
-- TOC entry 7204 (class 2606 OID 19517)
-- Name: WiFiGateway WiFiGateway_pkey; Type: CONSTRAINT; Schema: public; Owner: -
--

ALTER TABLE ONLY public."WiFiGateway"
    ADD CONSTRAINT "WiFiGateway_pkey" PRIMARY KEY (id);


--
-- TOC entry 7222 (class 2606 OID 19551)
-- Name: WiFiPlan WiFiPlan_pkey; Type: CONSTRAINT; Schema: public; Owner: -
--

ALTER TABLE ONLY public."WiFiPlan"
    ADD CONSTRAINT "WiFiPlan_pkey" PRIMARY KEY (id);


--
-- TOC entry 7228 (class 2606 OID 19564)
-- Name: WiFiSession WiFiSession_pkey; Type: CONSTRAINT; Schema: public; Owner: -
--

ALTER TABLE ONLY public."WiFiSession"
    ADD CONSTRAINT "WiFiSession_pkey" PRIMARY KEY (id);


--
-- TOC entry 7243 (class 2606 OID 19587)
-- Name: WiFiUserStatusHistory WiFiUserStatusHistory_pkey; Type: CONSTRAINT; Schema: public; Owner: -
--

ALTER TABLE ONLY public."WiFiUserStatusHistory"
    ADD CONSTRAINT "WiFiUserStatusHistory_pkey" PRIMARY KEY (id);


--
-- TOC entry 7235 (class 2606 OID 19579)
-- Name: WiFiUser WiFiUser_pkey; Type: CONSTRAINT; Schema: public; Owner: -
--

ALTER TABLE ONLY public."WiFiUser"
    ADD CONSTRAINT "WiFiUser_pkey" PRIMARY KEY (id);


--
-- TOC entry 7251 (class 2606 OID 19597)
-- Name: WiFiVoucher WiFiVoucher_pkey; Type: CONSTRAINT; Schema: public; Owner: -
--

ALTER TABLE ONLY public."WiFiVoucher"
    ADD CONSTRAINT "WiFiVoucher_pkey" PRIMARY KEY (id);


--
-- TOC entry 7254 (class 2606 OID 19609)
-- Name: WorkOrder WorkOrder_pkey; Type: CONSTRAINT; Schema: public; Owner: -
--

ALTER TABLE ONLY public."WorkOrder"
    ADD CONSTRAINT "WorkOrder_pkey" PRIMARY KEY (id);


--
-- TOC entry 7382 (class 2606 OID 19852)
-- Name: _CaptivePortalToVlanConfig _CaptivePortalToVlanConfig_AB_pkey; Type: CONSTRAINT; Schema: public; Owner: -
--

ALTER TABLE ONLY public."_CaptivePortalToVlanConfig"
    ADD CONSTRAINT "_CaptivePortalToVlanConfig_AB_pkey" PRIMARY KEY ("A", "B");


--
-- TOC entry 7385 (class 2606 OID 19857)
-- Name: _ModifierItems _ModifierItems_AB_pkey; Type: CONSTRAINT; Schema: public; Owner: -
--

ALTER TABLE ONLY public."_ModifierItems"
    ADD CONSTRAINT "_ModifierItems_AB_pkey" PRIMARY KEY ("A", "B");


--
-- TOC entry 6170 (class 2606 OID 17135)
-- Name: data_usage_by_period data_usage_by_period_pkey; Type: CONSTRAINT; Schema: public; Owner: -
--

ALTER TABLE ONLY public.data_usage_by_period
    ADD CONSTRAINT data_usage_by_period_pkey PRIMARY KEY (username, period_start);


--
-- TOC entry 6294 (class 2606 OID 17392)
-- Name: fup_switch_log fup_switch_log_pkey; Type: CONSTRAINT; Schema: public; Owner: -
--

ALTER TABLE ONLY public.fup_switch_log
    ADD CONSTRAINT fup_switch_log_pkey PRIMARY KEY (id);


--
-- TOC entry 6836 (class 2606 OID 18633)
-- Name: nas nas_pkey; Type: CONSTRAINT; Schema: public; Owner: -
--

ALTER TABLE ONLY public.nas
    ADD CONSTRAINT nas_pkey PRIMARY KEY (id);


--
-- TOC entry 6601 (class 2606 OID 18094)
-- Name: nasreload nasreload_pkey; Type: CONSTRAINT; Schema: public; Owner: -
--

ALTER TABLE ONLY public.nasreload
    ADD CONSTRAINT nasreload_pkey PRIMARY KEY (nasipaddress);


--
-- TOC entry 6763 (class 2606 OID 18467)
-- Name: radacct radacct_pkey; Type: CONSTRAINT; Schema: public; Owner: -
--

ALTER TABLE ONLY public.radacct
    ADD CONSTRAINT radacct_pkey PRIMARY KEY (radacctid);


--
-- TOC entry 6767 (class 2606 OID 18478)
-- Name: radcheck radcheck_pkey; Type: CONSTRAINT; Schema: public; Owner: -
--

ALTER TABLE ONLY public.radcheck
    ADD CONSTRAINT radcheck_pkey PRIMARY KEY (id);


--
-- TOC entry 6771 (class 2606 OID 18488)
-- Name: radgroupcheck radgroupcheck_pkey; Type: CONSTRAINT; Schema: public; Owner: -
--

ALTER TABLE ONLY public.radgroupcheck
    ADD CONSTRAINT radgroupcheck_pkey PRIMARY KEY (id);


--
-- TOC entry 6774 (class 2606 OID 18498)
-- Name: radgroupreply radgroupreply_pkey; Type: CONSTRAINT; Schema: public; Owner: -
--

ALTER TABLE ONLY public.radgroupreply
    ADD CONSTRAINT radgroupreply_pkey PRIMARY KEY (id);


--
-- TOC entry 6824 (class 2606 OID 18603)
-- Name: radpostauth radpostauth_pkey; Type: CONSTRAINT; Schema: public; Owner: -
--

ALTER TABLE ONLY public.radpostauth
    ADD CONSTRAINT radpostauth_pkey PRIMARY KEY (id);


--
-- TOC entry 6827 (class 2606 OID 18614)
-- Name: radreply radreply_pkey; Type: CONSTRAINT; Schema: public; Owner: -
--

ALTER TABLE ONLY public.radreply
    ADD CONSTRAINT radreply_pkey PRIMARY KEY (id);


--
-- TOC entry 6831 (class 2606 OID 18623)
-- Name: radusergroup radusergroup_pkey; Type: CONSTRAINT; Schema: public; Owner: -
--

ALTER TABLE ONLY public.radusergroup
    ADD CONSTRAINT radusergroup_pkey PRIMARY KEY (id);


--
-- TOC entry 5934 (class 1259 OID 19867)
-- Name: AISuggestion_status_idx; Type: INDEX; Schema: public; Owner: -
--

CREATE INDEX "AISuggestion_status_idx" ON public."AISuggestion" USING btree (status);


--
-- TOC entry 5935 (class 1259 OID 19865)
-- Name: AISuggestion_tenantId_idx; Type: INDEX; Schema: public; Owner: -
--

CREATE INDEX "AISuggestion_tenantId_idx" ON public."AISuggestion" USING btree ("tenantId");


--
-- TOC entry 5936 (class 1259 OID 19866)
-- Name: AISuggestion_type_idx; Type: INDEX; Schema: public; Owner: -
--

CREATE INDEX "AISuggestion_type_idx" ON public."AISuggestion" USING btree (type);


--
-- TOC entry 5923 (class 1259 OID 19860)
-- Name: AdCampaign_platform_idx; Type: INDEX; Schema: public; Owner: -
--

CREATE INDEX "AdCampaign_platform_idx" ON public."AdCampaign" USING btree (platform);


--
-- TOC entry 5924 (class 1259 OID 19859)
-- Name: AdCampaign_status_idx; Type: INDEX; Schema: public; Owner: -
--

CREATE INDEX "AdCampaign_status_idx" ON public."AdCampaign" USING btree (status);


--
-- TOC entry 5925 (class 1259 OID 19858)
-- Name: AdCampaign_tenantId_idx; Type: INDEX; Schema: public; Owner: -
--

CREATE INDEX "AdCampaign_tenantId_idx" ON public."AdCampaign" USING btree ("tenantId");


--
-- TOC entry 5926 (class 1259 OID 19861)
-- Name: AdCampaign_type_idx; Type: INDEX; Schema: public; Owner: -
--

CREATE INDEX "AdCampaign_type_idx" ON public."AdCampaign" USING btree (type);


--
-- TOC entry 5927 (class 1259 OID 19864)
-- Name: AdPerformance_campaignId_date_key; Type: INDEX; Schema: public; Owner: -
--

CREATE UNIQUE INDEX "AdPerformance_campaignId_date_key" ON public."AdPerformance" USING btree ("campaignId", date);


--
-- TOC entry 5928 (class 1259 OID 19862)
-- Name: AdPerformance_campaignId_idx; Type: INDEX; Schema: public; Owner: -
--

CREATE INDEX "AdPerformance_campaignId_idx" ON public."AdPerformance" USING btree ("campaignId");


--
-- TOC entry 5929 (class 1259 OID 19863)
-- Name: AdPerformance_date_idx; Type: INDEX; Schema: public; Owner: -
--

CREATE INDEX "AdPerformance_date_idx" ON public."AdPerformance" USING btree (date);


--
-- TOC entry 5959 (class 1259 OID 19882)
-- Name: AiConversationMessage_conversationId_idx; Type: INDEX; Schema: public; Owner: -
--

CREATE INDEX "AiConversationMessage_conversationId_idx" ON public."AiConversationMessage" USING btree ("conversationId");


--
-- TOC entry 5960 (class 1259 OID 19883)
-- Name: AiConversationMessage_createdAt_idx; Type: INDEX; Schema: public; Owner: -
--

CREATE INDEX "AiConversationMessage_createdAt_idx" ON public."AiConversationMessage" USING btree ("createdAt");


--
-- TOC entry 5954 (class 1259 OID 19881)
-- Name: AiConversation_createdAt_idx; Type: INDEX; Schema: public; Owner: -
--

CREATE INDEX "AiConversation_createdAt_idx" ON public."AiConversation" USING btree ("createdAt");


--
-- TOC entry 5957 (class 1259 OID 19879)
-- Name: AiConversation_tenantId_idx; Type: INDEX; Schema: public; Owner: -
--

CREATE INDEX "AiConversation_tenantId_idx" ON public."AiConversation" USING btree ("tenantId");


--
-- TOC entry 5958 (class 1259 OID 19880)
-- Name: AiConversation_userId_idx; Type: INDEX; Schema: public; Owner: -
--

CREATE INDEX "AiConversation_userId_idx" ON public."AiConversation" USING btree ("userId");


--
-- TOC entry 5937 (class 1259 OID 19869)
-- Name: Amenity_category_idx; Type: INDEX; Schema: public; Owner: -
--

CREATE INDEX "Amenity_category_idx" ON public."Amenity" USING btree (category);


--
-- TOC entry 5940 (class 1259 OID 19868)
-- Name: Amenity_tenantId_idx; Type: INDEX; Schema: public; Owner: -
--

CREATE INDEX "Amenity_tenantId_idx" ON public."Amenity" USING btree ("tenantId");


--
-- TOC entry 5941 (class 1259 OID 19870)
-- Name: Amenity_tenantId_name_key; Type: INDEX; Schema: public; Owner: -
--

CREATE UNIQUE INDEX "Amenity_tenantId_name_key" ON public."Amenity" USING btree ("tenantId", name);


--
-- TOC entry 5942 (class 1259 OID 19874)
-- Name: Asset_category_idx; Type: INDEX; Schema: public; Owner: -
--

CREATE INDEX "Asset_category_idx" ON public."Asset" USING btree (category);


--
-- TOC entry 5945 (class 1259 OID 19872)
-- Name: Asset_propertyId_idx; Type: INDEX; Schema: public; Owner: -
--

CREATE INDEX "Asset_propertyId_idx" ON public."Asset" USING btree ("propertyId");


--
-- TOC entry 5946 (class 1259 OID 19873)
-- Name: Asset_roomId_idx; Type: INDEX; Schema: public; Owner: -
--

CREATE INDEX "Asset_roomId_idx" ON public."Asset" USING btree ("roomId");


--
-- TOC entry 5947 (class 1259 OID 19875)
-- Name: Asset_status_idx; Type: INDEX; Schema: public; Owner: -
--

CREATE INDEX "Asset_status_idx" ON public."Asset" USING btree (status);


--
-- TOC entry 5948 (class 1259 OID 19871)
-- Name: Asset_tenantId_idx; Type: INDEX; Schema: public; Owner: -
--

CREATE INDEX "Asset_tenantId_idx" ON public."Asset" USING btree ("tenantId");


--
-- TOC entry 5949 (class 1259 OID 19878)
-- Name: AuditLog_entityType_entityId_idx; Type: INDEX; Schema: public; Owner: -
--

CREATE INDEX "AuditLog_entityType_entityId_idx" ON public."AuditLog" USING btree ("entityType", "entityId");


--
-- TOC entry 5952 (class 1259 OID 19876)
-- Name: AuditLog_tenantId_idx; Type: INDEX; Schema: public; Owner: -
--

CREATE INDEX "AuditLog_tenantId_idx" ON public."AuditLog" USING btree ("tenantId");


--
-- TOC entry 5953 (class 1259 OID 19877)
-- Name: AuditLog_userId_idx; Type: INDEX; Schema: public; Owner: -
--

CREATE INDEX "AuditLog_userId_idx" ON public."AuditLog" USING btree ("userId");


--
-- TOC entry 5963 (class 1259 OID 19885)
-- Name: AutomationExecutionLog_executedAt_idx; Type: INDEX; Schema: public; Owner: -
--

CREATE INDEX "AutomationExecutionLog_executedAt_idx" ON public."AutomationExecutionLog" USING btree ("executedAt");


--
-- TOC entry 5966 (class 1259 OID 19884)
-- Name: AutomationExecutionLog_ruleId_idx; Type: INDEX; Schema: public; Owner: -
--

CREATE INDEX "AutomationExecutionLog_ruleId_idx" ON public."AutomationExecutionLog" USING btree ("ruleId");


--
-- TOC entry 5969 (class 1259 OID 19886)
-- Name: AutomationRule_tenantId_idx; Type: INDEX; Schema: public; Owner: -
--

CREATE INDEX "AutomationRule_tenantId_idx" ON public."AutomationRule" USING btree ("tenantId");


--
-- TOC entry 5970 (class 1259 OID 19887)
-- Name: AutomationRule_triggerEvent_idx; Type: INDEX; Schema: public; Owner: -
--

CREATE INDEX "AutomationRule_triggerEvent_idx" ON public."AutomationRule" USING btree ("triggerEvent");


--
-- TOC entry 5977 (class 1259 OID 19893)
-- Name: BandwidthPolicyDetail_bandwidthPolicyId_idx; Type: INDEX; Schema: public; Owner: -
--

CREATE INDEX "BandwidthPolicyDetail_bandwidthPolicyId_idx" ON public."BandwidthPolicyDetail" USING btree ("bandwidthPolicyId");


--
-- TOC entry 5978 (class 1259 OID 19895)
-- Name: BandwidthPolicyDetail_isEnabled_idx; Type: INDEX; Schema: public; Owner: -
--

CREATE INDEX "BandwidthPolicyDetail_isEnabled_idx" ON public."BandwidthPolicyDetail" USING btree ("isEnabled");


--
-- TOC entry 5981 (class 1259 OID 19894)
-- Name: BandwidthPolicyDetail_scheduleAccessId_idx; Type: INDEX; Schema: public; Owner: -
--

CREATE INDEX "BandwidthPolicyDetail_scheduleAccessId_idx" ON public."BandwidthPolicyDetail" USING btree ("scheduleAccessId");


--
-- TOC entry 5982 (class 1259 OID 19892)
-- Name: BandwidthPolicyDetail_tenantId_idx; Type: INDEX; Schema: public; Owner: -
--

CREATE INDEX "BandwidthPolicyDetail_tenantId_idx" ON public."BandwidthPolicyDetail" USING btree ("tenantId");


--
-- TOC entry 5971 (class 1259 OID 19891)
-- Name: BandwidthPolicy_enabled_idx; Type: INDEX; Schema: public; Owner: -
--

CREATE INDEX "BandwidthPolicy_enabled_idx" ON public."BandwidthPolicy" USING btree (enabled);


--
-- TOC entry 5974 (class 1259 OID 19890)
-- Name: BandwidthPolicy_planId_idx; Type: INDEX; Schema: public; Owner: -
--

CREATE INDEX "BandwidthPolicy_planId_idx" ON public."BandwidthPolicy" USING btree ("planId");


--
-- TOC entry 5975 (class 1259 OID 19889)
-- Name: BandwidthPolicy_propertyId_idx; Type: INDEX; Schema: public; Owner: -
--

CREATE INDEX "BandwidthPolicy_propertyId_idx" ON public."BandwidthPolicy" USING btree ("propertyId");


--
-- TOC entry 5976 (class 1259 OID 19888)
-- Name: BandwidthPolicy_tenantId_idx; Type: INDEX; Schema: public; Owner: -
--

CREATE INDEX "BandwidthPolicy_tenantId_idx" ON public."BandwidthPolicy" USING btree ("tenantId");


--
-- TOC entry 5983 (class 1259 OID 19899)
-- Name: BandwidthPool_enabled_idx; Type: INDEX; Schema: public; Owner: -
--

CREATE INDEX "BandwidthPool_enabled_idx" ON public."BandwidthPool" USING btree (enabled);


--
-- TOC entry 5986 (class 1259 OID 19897)
-- Name: BandwidthPool_propertyId_idx; Type: INDEX; Schema: public; Owner: -
--

CREATE INDEX "BandwidthPool_propertyId_idx" ON public."BandwidthPool" USING btree ("propertyId");


--
-- TOC entry 5987 (class 1259 OID 19896)
-- Name: BandwidthPool_tenantId_idx; Type: INDEX; Schema: public; Owner: -
--

CREATE INDEX "BandwidthPool_tenantId_idx" ON public."BandwidthPool" USING btree ("tenantId");


--
-- TOC entry 5988 (class 1259 OID 19898)
-- Name: BandwidthPool_vlanId_idx; Type: INDEX; Schema: public; Owner: -
--

CREATE INDEX "BandwidthPool_vlanId_idx" ON public."BandwidthPool" USING btree ("vlanId");


--
-- TOC entry 5989 (class 1259 OID 19902)
-- Name: BandwidthTopup_enabled_idx; Type: INDEX; Schema: public; Owner: -
--

CREATE INDEX "BandwidthTopup_enabled_idx" ON public."BandwidthTopup" USING btree (enabled);


--
-- TOC entry 5992 (class 1259 OID 19900)
-- Name: BandwidthTopup_propertyId_idx; Type: INDEX; Schema: public; Owner: -
--

CREATE INDEX "BandwidthTopup_propertyId_idx" ON public."BandwidthTopup" USING btree ("propertyId");


--
-- TOC entry 5993 (class 1259 OID 19901)
-- Name: BandwidthTopup_tenantId_idx; Type: INDEX; Schema: public; Owner: -
--

CREATE INDEX "BandwidthTopup_tenantId_idx" ON public."BandwidthTopup" USING btree ("tenantId");


--
-- TOC entry 5994 (class 1259 OID 19905)
-- Name: BandwidthUsageDaily_date_idx; Type: INDEX; Schema: public; Owner: -
--

CREATE INDEX "BandwidthUsageDaily_date_idx" ON public."BandwidthUsageDaily" USING btree (date);


--
-- TOC entry 5997 (class 1259 OID 19906)
-- Name: BandwidthUsageDaily_propertyId_date_key; Type: INDEX; Schema: public; Owner: -
--

CREATE UNIQUE INDEX "BandwidthUsageDaily_propertyId_date_key" ON public."BandwidthUsageDaily" USING btree ("propertyId", date);


--
-- TOC entry 5998 (class 1259 OID 19904)
-- Name: BandwidthUsageDaily_propertyId_idx; Type: INDEX; Schema: public; Owner: -
--

CREATE INDEX "BandwidthUsageDaily_propertyId_idx" ON public."BandwidthUsageDaily" USING btree ("propertyId");


--
-- TOC entry 5999 (class 1259 OID 19903)
-- Name: BandwidthUsageDaily_tenantId_idx; Type: INDEX; Schema: public; Owner: -
--

CREATE INDEX "BandwidthUsageDaily_tenantId_idx" ON public."BandwidthUsageDaily" USING btree ("tenantId");


--
-- TOC entry 6000 (class 1259 OID 19912)
-- Name: BandwidthUsageSession_endedAt_idx; Type: INDEX; Schema: public; Owner: -
--

CREATE INDEX "BandwidthUsageSession_endedAt_idx" ON public."BandwidthUsageSession" USING btree ("endedAt");


--
-- TOC entry 6001 (class 1259 OID 19910)
-- Name: BandwidthUsageSession_ipAddress_idx; Type: INDEX; Schema: public; Owner: -
--

CREATE INDEX "BandwidthUsageSession_ipAddress_idx" ON public."BandwidthUsageSession" USING btree ("ipAddress");


--
-- TOC entry 6004 (class 1259 OID 19908)
-- Name: BandwidthUsageSession_propertyId_idx; Type: INDEX; Schema: public; Owner: -
--

CREATE INDEX "BandwidthUsageSession_propertyId_idx" ON public."BandwidthUsageSession" USING btree ("propertyId");


--
-- TOC entry 6005 (class 1259 OID 19909)
-- Name: BandwidthUsageSession_sessionId_idx; Type: INDEX; Schema: public; Owner: -
--

CREATE INDEX "BandwidthUsageSession_sessionId_idx" ON public."BandwidthUsageSession" USING btree ("sessionId");


--
-- TOC entry 6006 (class 1259 OID 19911)
-- Name: BandwidthUsageSession_startedAt_idx; Type: INDEX; Schema: public; Owner: -
--

CREATE INDEX "BandwidthUsageSession_startedAt_idx" ON public."BandwidthUsageSession" USING btree ("startedAt");


--
-- TOC entry 6007 (class 1259 OID 19907)
-- Name: BandwidthUsageSession_tenantId_idx; Type: INDEX; Schema: public; Owner: -
--

CREATE INDEX "BandwidthUsageSession_tenantId_idx" ON public."BandwidthUsageSession" USING btree ("tenantId");


--
-- TOC entry 6008 (class 1259 OID 19914)
-- Name: BankAccount_bankName_idx; Type: INDEX; Schema: public; Owner: -
--

CREATE INDEX "BankAccount_bankName_idx" ON public."BankAccount" USING btree ("bankName");


--
-- TOC entry 6011 (class 1259 OID 19915)
-- Name: BankAccount_status_idx; Type: INDEX; Schema: public; Owner: -
--

CREATE INDEX "BankAccount_status_idx" ON public."BankAccount" USING btree (status);


--
-- TOC entry 6012 (class 1259 OID 19913)
-- Name: BankAccount_tenantId_idx; Type: INDEX; Schema: public; Owner: -
--

CREATE INDEX "BankAccount_tenantId_idx" ON public."BankAccount" USING btree ("tenantId");


--
-- TOC entry 6013 (class 1259 OID 19917)
-- Name: BankTransaction_bankAccountId_idx; Type: INDEX; Schema: public; Owner: -
--

CREATE INDEX "BankTransaction_bankAccountId_idx" ON public."BankTransaction" USING btree ("bankAccountId");


--
-- TOC entry 6014 (class 1259 OID 19921)
-- Name: BankTransaction_importBatchId_idx; Type: INDEX; Schema: public; Owner: -
--

CREATE INDEX "BankTransaction_importBatchId_idx" ON public."BankTransaction" USING btree ("importBatchId");


--
-- TOC entry 6015 (class 1259 OID 19919)
-- Name: BankTransaction_isReconciled_idx; Type: INDEX; Schema: public; Owner: -
--

CREATE INDEX "BankTransaction_isReconciled_idx" ON public."BankTransaction" USING btree ("isReconciled");


--
-- TOC entry 6018 (class 1259 OID 19916)
-- Name: BankTransaction_tenantId_idx; Type: INDEX; Schema: public; Owner: -
--

CREATE INDEX "BankTransaction_tenantId_idx" ON public."BankTransaction" USING btree ("tenantId");


--
-- TOC entry 6019 (class 1259 OID 19918)
-- Name: BankTransaction_transactionDate_idx; Type: INDEX; Schema: public; Owner: -
--

CREATE INDEX "BankTransaction_transactionDate_idx" ON public."BankTransaction" USING btree ("transactionDate");


--
-- TOC entry 6020 (class 1259 OID 19920)
-- Name: BankTransaction_transactionType_idx; Type: INDEX; Schema: public; Owner: -
--

CREATE INDEX "BankTransaction_transactionType_idx" ON public."BankTransaction" USING btree ("transactionType");


--
-- TOC entry 6023 (class 1259 OID 19923)
-- Name: BondConfig_propertyId_idx; Type: INDEX; Schema: public; Owner: -
--

CREATE INDEX "BondConfig_propertyId_idx" ON public."BondConfig" USING btree ("propertyId");


--
-- TOC entry 6024 (class 1259 OID 19924)
-- Name: BondConfig_propertyId_name_key; Type: INDEX; Schema: public; Owner: -
--

CREATE UNIQUE INDEX "BondConfig_propertyId_name_key" ON public."BondConfig" USING btree ("propertyId", name);


--
-- TOC entry 6025 (class 1259 OID 19922)
-- Name: BondConfig_tenantId_idx; Type: INDEX; Schema: public; Owner: -
--

CREATE INDEX "BondConfig_tenantId_idx" ON public."BondConfig" USING btree ("tenantId");


--
-- TOC entry 6026 (class 1259 OID 19925)
-- Name: BondMember_bondConfigId_idx; Type: INDEX; Schema: public; Owner: -
--

CREATE INDEX "BondMember_bondConfigId_idx" ON public."BondMember" USING btree ("bondConfigId");


--
-- TOC entry 6027 (class 1259 OID 19926)
-- Name: BondMember_bondConfigId_interfaceId_key; Type: INDEX; Schema: public; Owner: -
--

CREATE UNIQUE INDEX "BondMember_bondConfigId_interfaceId_key" ON public."BondMember" USING btree ("bondConfigId", "interfaceId");


--
-- TOC entry 6045 (class 1259 OID 19940)
-- Name: BookingAuditLog_bookingId_idx; Type: INDEX; Schema: public; Owner: -
--

CREATE INDEX "BookingAuditLog_bookingId_idx" ON public."BookingAuditLog" USING btree ("bookingId");


--
-- TOC entry 6030 (class 1259 OID 19934)
-- Name: Booking_checkIn_idx; Type: INDEX; Schema: public; Owner: -
--

CREATE INDEX "Booking_checkIn_idx" ON public."Booking" USING btree ("checkIn");


--
-- TOC entry 6031 (class 1259 OID 19935)
-- Name: Booking_checkOut_idx; Type: INDEX; Schema: public; Owner: -
--

CREATE INDEX "Booking_checkOut_idx" ON public."Booking" USING btree ("checkOut");


--
-- TOC entry 6032 (class 1259 OID 19927)
-- Name: Booking_confirmationCode_key; Type: INDEX; Schema: public; Owner: -
--

CREATE UNIQUE INDEX "Booking_confirmationCode_key" ON public."Booking" USING btree ("confirmationCode");


--
-- TOC entry 6033 (class 1259 OID 19936)
-- Name: Booking_groupId_idx; Type: INDEX; Schema: public; Owner: -
--

CREATE INDEX "Booking_groupId_idx" ON public."Booking" USING btree ("groupId");


--
-- TOC entry 6034 (class 1259 OID 19929)
-- Name: Booking_idempotencyKey_key; Type: INDEX; Schema: public; Owner: -
--

CREATE UNIQUE INDEX "Booking_idempotencyKey_key" ON public."Booking" USING btree ("idempotencyKey");


--
-- TOC entry 6037 (class 1259 OID 19928)
-- Name: Booking_portalToken_key; Type: INDEX; Schema: public; Owner: -
--

CREATE UNIQUE INDEX "Booking_portalToken_key" ON public."Booking" USING btree ("portalToken");


--
-- TOC entry 6038 (class 1259 OID 19932)
-- Name: Booking_primaryGuestId_idx; Type: INDEX; Schema: public; Owner: -
--

CREATE INDEX "Booking_primaryGuestId_idx" ON public."Booking" USING btree ("primaryGuestId");


--
-- TOC entry 6039 (class 1259 OID 19931)
-- Name: Booking_propertyId_idx; Type: INDEX; Schema: public; Owner: -
--

CREATE INDEX "Booking_propertyId_idx" ON public."Booking" USING btree ("propertyId");


--
-- TOC entry 6040 (class 1259 OID 19933)
-- Name: Booking_status_idx; Type: INDEX; Schema: public; Owner: -
--

CREATE INDEX "Booking_status_idx" ON public."Booking" USING btree (status);


--
-- TOC entry 6041 (class 1259 OID 19938)
-- Name: Booking_tenantId_checkIn_idx; Type: INDEX; Schema: public; Owner: -
--

CREATE INDEX "Booking_tenantId_checkIn_idx" ON public."Booking" USING btree ("tenantId", "checkIn");


--
-- TOC entry 6042 (class 1259 OID 19939)
-- Name: Booking_tenantId_checkOut_idx; Type: INDEX; Schema: public; Owner: -
--

CREATE INDEX "Booking_tenantId_checkOut_idx" ON public."Booking" USING btree ("tenantId", "checkOut");


--
-- TOC entry 6043 (class 1259 OID 19930)
-- Name: Booking_tenantId_idx; Type: INDEX; Schema: public; Owner: -
--

CREATE INDEX "Booking_tenantId_idx" ON public."Booking" USING btree ("tenantId");


--
-- TOC entry 6044 (class 1259 OID 19937)
-- Name: Booking_tenantId_propertyId_status_idx; Type: INDEX; Schema: public; Owner: -
--

CREATE INDEX "Booking_tenantId_propertyId_status_idx" ON public."Booking" USING btree ("tenantId", "propertyId", status);


--
-- TOC entry 6048 (class 1259 OID 19941)
-- Name: Brand_code_key; Type: INDEX; Schema: public; Owner: -
--

CREATE UNIQUE INDEX "Brand_code_key" ON public."Brand" USING btree (code);


--
-- TOC entry 6051 (class 1259 OID 19942)
-- Name: Brand_tenantId_idx; Type: INDEX; Schema: public; Owner: -
--

CREATE INDEX "Brand_tenantId_idx" ON public."Brand" USING btree ("tenantId");


--
-- TOC entry 6054 (class 1259 OID 19944)
-- Name: BridgeConfig_propertyId_idx; Type: INDEX; Schema: public; Owner: -
--

CREATE INDEX "BridgeConfig_propertyId_idx" ON public."BridgeConfig" USING btree ("propertyId");


--
-- TOC entry 6055 (class 1259 OID 19945)
-- Name: BridgeConfig_propertyId_name_key; Type: INDEX; Schema: public; Owner: -
--

CREATE UNIQUE INDEX "BridgeConfig_propertyId_name_key" ON public."BridgeConfig" USING btree ("propertyId", name);


--
-- TOC entry 6056 (class 1259 OID 19943)
-- Name: BridgeConfig_tenantId_idx; Type: INDEX; Schema: public; Owner: -
--

CREATE INDEX "BridgeConfig_tenantId_idx" ON public."BridgeConfig" USING btree ("tenantId");


--
-- TOC entry 6060 (class 1259 OID 19948)
-- Name: CameraEvent_cameraId_idx; Type: INDEX; Schema: public; Owner: -
--

CREATE INDEX "CameraEvent_cameraId_idx" ON public."CameraEvent" USING btree ("cameraId");


--
-- TOC entry 6063 (class 1259 OID 19947)
-- Name: CameraEvent_tenantId_idx; Type: INDEX; Schema: public; Owner: -
--

CREATE INDEX "CameraEvent_tenantId_idx" ON public."CameraEvent" USING btree ("tenantId");


--
-- TOC entry 6064 (class 1259 OID 19949)
-- Name: CameraEvent_timestamp_idx; Type: INDEX; Schema: public; Owner: -
--

CREATE INDEX "CameraEvent_timestamp_idx" ON public."CameraEvent" USING btree ("timestamp");


--
-- TOC entry 6067 (class 1259 OID 19950)
-- Name: CameraGroup_propertyId_idx; Type: INDEX; Schema: public; Owner: -
--

CREATE INDEX "CameraGroup_propertyId_idx" ON public."CameraGroup" USING btree ("propertyId");


--
-- TOC entry 6059 (class 1259 OID 19946)
-- Name: Camera_propertyId_idx; Type: INDEX; Schema: public; Owner: -
--

CREATE INDEX "Camera_propertyId_idx" ON public."Camera" USING btree ("propertyId");


--
-- TOC entry 7356 (class 1259 OID 20765)
-- Name: CampaignAbTest_campaignId_idx; Type: INDEX; Schema: public; Owner: -
--

CREATE INDEX "CampaignAbTest_campaignId_idx" ON public."CampaignAbTest" USING btree ("campaignId");


--
-- TOC entry 7357 (class 1259 OID 20766)
-- Name: CampaignAbTest_campaignId_variantLabel_key; Type: INDEX; Schema: public; Owner: -
--

CREATE UNIQUE INDEX "CampaignAbTest_campaignId_variantLabel_key" ON public."CampaignAbTest" USING btree ("campaignId", "variantLabel");


--
-- TOC entry 7360 (class 1259 OID 20764)
-- Name: CampaignAbTest_tenantId_idx; Type: INDEX; Schema: public; Owner: -
--

CREATE INDEX "CampaignAbTest_tenantId_idx" ON public."CampaignAbTest" USING btree ("tenantId");


--
-- TOC entry 6072 (class 1259 OID 19953)
-- Name: CampaignSegment_campaignId_segmentId_key; Type: INDEX; Schema: public; Owner: -
--

CREATE UNIQUE INDEX "CampaignSegment_campaignId_segmentId_key" ON public."CampaignSegment" USING btree ("campaignId", "segmentId");


--
-- TOC entry 6070 (class 1259 OID 19952)
-- Name: Campaign_status_idx; Type: INDEX; Schema: public; Owner: -
--

CREATE INDEX "Campaign_status_idx" ON public."Campaign" USING btree (status);


--
-- TOC entry 6071 (class 1259 OID 19951)
-- Name: Campaign_tenantId_idx; Type: INDEX; Schema: public; Owner: -
--

CREATE INDEX "Campaign_tenantId_idx" ON public."Campaign" USING btree ("tenantId");


--
-- TOC entry 7316 (class 1259 OID 20737)
-- Name: CancellationPenalty_bookingId_idx; Type: INDEX; Schema: public; Owner: -
--

CREATE INDEX "CancellationPenalty_bookingId_idx" ON public."CancellationPenalty" USING btree ("bookingId");


--
-- TOC entry 7317 (class 1259 OID 20738)
-- Name: CancellationPenalty_folioId_idx; Type: INDEX; Schema: public; Owner: -
--

CREATE INDEX "CancellationPenalty_folioId_idx" ON public."CancellationPenalty" USING btree ("folioId");


--
-- TOC entry 7320 (class 1259 OID 20739)
-- Name: CancellationPenalty_policyId_idx; Type: INDEX; Schema: public; Owner: -
--

CREATE INDEX "CancellationPenalty_policyId_idx" ON public."CancellationPenalty" USING btree ("policyId");


--
-- TOC entry 7321 (class 1259 OID 20740)
-- Name: CancellationPenalty_status_idx; Type: INDEX; Schema: public; Owner: -
--

CREATE INDEX "CancellationPenalty_status_idx" ON public."CancellationPenalty" USING btree (status);


--
-- TOC entry 7322 (class 1259 OID 20736)
-- Name: CancellationPenalty_tenantId_idx; Type: INDEX; Schema: public; Owner: -
--

CREATE INDEX "CancellationPenalty_tenantId_idx" ON public."CancellationPenalty" USING btree ("tenantId");


--
-- TOC entry 6075 (class 1259 OID 19957)
-- Name: CancellationPolicy_isActive_idx; Type: INDEX; Schema: public; Owner: -
--

CREATE INDEX "CancellationPolicy_isActive_idx" ON public."CancellationPolicy" USING btree ("isActive");


--
-- TOC entry 6078 (class 1259 OID 19955)
-- Name: CancellationPolicy_propertyId_idx; Type: INDEX; Schema: public; Owner: -
--

CREATE INDEX "CancellationPolicy_propertyId_idx" ON public."CancellationPolicy" USING btree ("propertyId");


--
-- TOC entry 6079 (class 1259 OID 19956)
-- Name: CancellationPolicy_ratePlanId_idx; Type: INDEX; Schema: public; Owner: -
--

CREATE INDEX "CancellationPolicy_ratePlanId_idx" ON public."CancellationPolicy" USING btree ("ratePlanId");


--
-- TOC entry 6080 (class 1259 OID 19954)
-- Name: CancellationPolicy_tenantId_idx; Type: INDEX; Schema: public; Owner: -
--

CREATE INDEX "CancellationPolicy_tenantId_idx" ON public."CancellationPolicy" USING btree ("tenantId");


--
-- TOC entry 6081 (class 1259 OID 19961)
-- Name: CaptivePortal_enabled_idx; Type: INDEX; Schema: public; Owner: -
--

CREATE INDEX "CaptivePortal_enabled_idx" ON public."CaptivePortal" USING btree (enabled);


--
-- TOC entry 6084 (class 1259 OID 19960)
-- Name: CaptivePortal_propertyId_idx; Type: INDEX; Schema: public; Owner: -
--

CREATE INDEX "CaptivePortal_propertyId_idx" ON public."CaptivePortal" USING btree ("propertyId");


--
-- TOC entry 6085 (class 1259 OID 19958)
-- Name: CaptivePortal_slug_key; Type: INDEX; Schema: public; Owner: -
--

CREATE UNIQUE INDEX "CaptivePortal_slug_key" ON public."CaptivePortal" USING btree (slug);


--
-- TOC entry 6086 (class 1259 OID 19959)
-- Name: CaptivePortal_tenantId_idx; Type: INDEX; Schema: public; Owner: -
--

CREATE INDEX "CaptivePortal_tenantId_idx" ON public."CaptivePortal" USING btree ("tenantId");


--
-- TOC entry 6087 (class 1259 OID 19963)
-- Name: ChannelConnection_channel_idx; Type: INDEX; Schema: public; Owner: -
--

CREATE INDEX "ChannelConnection_channel_idx" ON public."ChannelConnection" USING btree (channel);


--
-- TOC entry 6090 (class 1259 OID 19964)
-- Name: ChannelConnection_status_idx; Type: INDEX; Schema: public; Owner: -
--

CREATE INDEX "ChannelConnection_status_idx" ON public."ChannelConnection" USING btree (status);


--
-- TOC entry 6091 (class 1259 OID 19962)
-- Name: ChannelConnection_tenantId_idx; Type: INDEX; Schema: public; Owner: -
--

CREATE INDEX "ChannelConnection_tenantId_idx" ON public."ChannelConnection" USING btree ("tenantId");


--
-- TOC entry 6092 (class 1259 OID 19966)
-- Name: ChannelDeadLetterQueue_channelCode_idx; Type: INDEX; Schema: public; Owner: -
--

CREATE INDEX "ChannelDeadLetterQueue_channelCode_idx" ON public."ChannelDeadLetterQueue" USING btree ("channelCode");


--
-- TOC entry 6093 (class 1259 OID 19967)
-- Name: ChannelDeadLetterQueue_createdAt_idx; Type: INDEX; Schema: public; Owner: -
--

CREATE INDEX "ChannelDeadLetterQueue_createdAt_idx" ON public."ChannelDeadLetterQueue" USING btree ("createdAt");


--
-- TOC entry 6096 (class 1259 OID 19965)
-- Name: ChannelDeadLetterQueue_tenantId_idx; Type: INDEX; Schema: public; Owner: -
--

CREATE INDEX "ChannelDeadLetterQueue_tenantId_idx" ON public."ChannelDeadLetterQueue" USING btree ("tenantId");


--
-- TOC entry 6097 (class 1259 OID 19968)
-- Name: ChannelMapping_connectionId_roomTypeId_ratePlanId_key; Type: INDEX; Schema: public; Owner: -
--

CREATE UNIQUE INDEX "ChannelMapping_connectionId_roomTypeId_ratePlanId_key" ON public."ChannelMapping" USING btree ("connectionId", "roomTypeId", "ratePlanId");


--
-- TOC entry 6100 (class 1259 OID 19969)
-- Name: ChannelRestriction_connectionId_idx; Type: INDEX; Schema: public; Owner: -
--

CREATE INDEX "ChannelRestriction_connectionId_idx" ON public."ChannelRestriction" USING btree ("connectionId");


--
-- TOC entry 6101 (class 1259 OID 19972)
-- Name: ChannelRestriction_connectionId_roomTypeId_startDate_key; Type: INDEX; Schema: public; Owner: -
--

CREATE UNIQUE INDEX "ChannelRestriction_connectionId_roomTypeId_startDate_key" ON public."ChannelRestriction" USING btree ("connectionId", "roomTypeId", "startDate");


--
-- TOC entry 6104 (class 1259 OID 19970)
-- Name: ChannelRestriction_roomTypeId_idx; Type: INDEX; Schema: public; Owner: -
--

CREATE INDEX "ChannelRestriction_roomTypeId_idx" ON public."ChannelRestriction" USING btree ("roomTypeId");


--
-- TOC entry 6105 (class 1259 OID 19971)
-- Name: ChannelRestriction_startDate_endDate_idx; Type: INDEX; Schema: public; Owner: -
--

CREATE INDEX "ChannelRestriction_startDate_endDate_idx" ON public."ChannelRestriction" USING btree ("startDate", "endDate");


--
-- TOC entry 6106 (class 1259 OID 19976)
-- Name: ChannelRetryQueue_channelCode_idx; Type: INDEX; Schema: public; Owner: -
--

CREATE INDEX "ChannelRetryQueue_channelCode_idx" ON public."ChannelRetryQueue" USING btree ("channelCode");


--
-- TOC entry 6107 (class 1259 OID 19975)
-- Name: ChannelRetryQueue_nextRetryAt_idx; Type: INDEX; Schema: public; Owner: -
--

CREATE INDEX "ChannelRetryQueue_nextRetryAt_idx" ON public."ChannelRetryQueue" USING btree ("nextRetryAt");


--
-- TOC entry 6110 (class 1259 OID 19974)
-- Name: ChannelRetryQueue_status_idx; Type: INDEX; Schema: public; Owner: -
--

CREATE INDEX "ChannelRetryQueue_status_idx" ON public."ChannelRetryQueue" USING btree (status);


--
-- TOC entry 6111 (class 1259 OID 19973)
-- Name: ChannelRetryQueue_tenantId_idx; Type: INDEX; Schema: public; Owner: -
--

CREATE INDEX "ChannelRetryQueue_tenantId_idx" ON public."ChannelRetryQueue" USING btree ("tenantId");


--
-- TOC entry 6112 (class 1259 OID 19977)
-- Name: ChannelSyncLog_connectionId_idx; Type: INDEX; Schema: public; Owner: -
--

CREATE INDEX "ChannelSyncLog_connectionId_idx" ON public."ChannelSyncLog" USING btree ("connectionId");


--
-- TOC entry 6113 (class 1259 OID 19978)
-- Name: ChannelSyncLog_createdAt_idx; Type: INDEX; Schema: public; Owner: -
--

CREATE INDEX "ChannelSyncLog_createdAt_idx" ON public."ChannelSyncLog" USING btree ("createdAt");


--
-- TOC entry 7106 (class 1259 OID 20605)
-- Name: ChatAttachment_conversationId_idx; Type: INDEX; Schema: public; Owner: -
--

CREATE INDEX "ChatAttachment_conversationId_idx" ON public."ChatAttachment" USING btree ("conversationId");


--
-- TOC entry 7109 (class 1259 OID 20604)
-- Name: ChatAttachment_tenantId_idx; Type: INDEX; Schema: public; Owner: -
--

CREATE INDEX "ChatAttachment_tenantId_idx" ON public."ChatAttachment" USING btree ("tenantId");


--
-- TOC entry 6116 (class 1259 OID 19983)
-- Name: ChatConversation_channel_idx; Type: INDEX; Schema: public; Owner: -
--

CREATE INDEX "ChatConversation_channel_idx" ON public."ChatConversation" USING btree (channel);


--
-- TOC entry 6117 (class 1259 OID 19981)
-- Name: ChatConversation_guestId_idx; Type: INDEX; Schema: public; Owner: -
--

CREATE INDEX "ChatConversation_guestId_idx" ON public."ChatConversation" USING btree ("guestId");


--
-- TOC entry 6120 (class 1259 OID 19980)
-- Name: ChatConversation_propertyId_idx; Type: INDEX; Schema: public; Owner: -
--

CREATE INDEX "ChatConversation_propertyId_idx" ON public."ChatConversation" USING btree ("propertyId");


--
-- TOC entry 6121 (class 1259 OID 19982)
-- Name: ChatConversation_status_idx; Type: INDEX; Schema: public; Owner: -
--

CREATE INDEX "ChatConversation_status_idx" ON public."ChatConversation" USING btree (status);


--
-- TOC entry 6122 (class 1259 OID 19979)
-- Name: ChatConversation_tenantId_idx; Type: INDEX; Schema: public; Owner: -
--

CREATE INDEX "ChatConversation_tenantId_idx" ON public."ChatConversation" USING btree ("tenantId");


--
-- TOC entry 6123 (class 1259 OID 19984)
-- Name: ChatMessage_conversationId_idx; Type: INDEX; Schema: public; Owner: -
--

CREATE INDEX "ChatMessage_conversationId_idx" ON public."ChatMessage" USING btree ("conversationId");


--
-- TOC entry 7110 (class 1259 OID 20607)
-- Name: ChatTransfer_conversationId_idx; Type: INDEX; Schema: public; Owner: -
--

CREATE INDEX "ChatTransfer_conversationId_idx" ON public."ChatTransfer" USING btree ("conversationId");


--
-- TOC entry 7113 (class 1259 OID 20606)
-- Name: ChatTransfer_tenantId_idx; Type: INDEX; Schema: public; Owner: -
--

CREATE INDEX "ChatTransfer_tenantId_idx" ON public."ChatTransfer" USING btree ("tenantId");


--
-- TOC entry 6126 (class 1259 OID 19990)
-- Name: CoaSessionDetail_coaType_idx; Type: INDEX; Schema: public; Owner: -
--

CREATE INDEX "CoaSessionDetail_coaType_idx" ON public."CoaSessionDetail" USING btree ("coaType");


--
-- TOC entry 6127 (class 1259 OID 19991)
-- Name: CoaSessionDetail_createdAt_idx; Type: INDEX; Schema: public; Owner: -
--

CREATE INDEX "CoaSessionDetail_createdAt_idx" ON public."CoaSessionDetail" USING btree ("createdAt");


--
-- TOC entry 6130 (class 1259 OID 19985)
-- Name: CoaSessionDetail_propertyId_idx; Type: INDEX; Schema: public; Owner: -
--

CREATE INDEX "CoaSessionDetail_propertyId_idx" ON public."CoaSessionDetail" USING btree ("propertyId");


--
-- TOC entry 6131 (class 1259 OID 19987)
-- Name: CoaSessionDetail_sessionId_idx; Type: INDEX; Schema: public; Owner: -
--

CREATE INDEX "CoaSessionDetail_sessionId_idx" ON public."CoaSessionDetail" USING btree ("sessionId");


--
-- TOC entry 6132 (class 1259 OID 19986)
-- Name: CoaSessionDetail_tenantId_idx; Type: INDEX; Schema: public; Owner: -
--

CREATE INDEX "CoaSessionDetail_tenantId_idx" ON public."CoaSessionDetail" USING btree ("tenantId");


--
-- TOC entry 6133 (class 1259 OID 19989)
-- Name: CoaSessionDetail_userId_idx; Type: INDEX; Schema: public; Owner: -
--

CREATE INDEX "CoaSessionDetail_userId_idx" ON public."CoaSessionDetail" USING btree ("userId");


--
-- TOC entry 6134 (class 1259 OID 19988)
-- Name: CoaSessionDetail_username_idx; Type: INDEX; Schema: public; Owner: -
--

CREATE INDEX "CoaSessionDetail_username_idx" ON public."CoaSessionDetail" USING btree (username);


--
-- TOC entry 6137 (class 1259 OID 19993)
-- Name: CommunicationChannel_status_idx; Type: INDEX; Schema: public; Owner: -
--

CREATE INDEX "CommunicationChannel_status_idx" ON public."CommunicationChannel" USING btree (status);


--
-- TOC entry 6138 (class 1259 OID 19992)
-- Name: CommunicationChannel_tenantId_idx; Type: INDEX; Schema: public; Owner: -
--

CREATE INDEX "CommunicationChannel_tenantId_idx" ON public."CommunicationChannel" USING btree ("tenantId");


--
-- TOC entry 6139 (class 1259 OID 19994)
-- Name: CommunicationChannel_tenantId_type_key; Type: INDEX; Schema: public; Owner: -
--

CREATE UNIQUE INDEX "CommunicationChannel_tenantId_type_key" ON public."CommunicationChannel" USING btree ("tenantId", type);


--
-- TOC entry 6140 (class 1259 OID 19997)
-- Name: CompetitorPrice_date_idx; Type: INDEX; Schema: public; Owner: -
--

CREATE INDEX "CompetitorPrice_date_idx" ON public."CompetitorPrice" USING btree (date);


--
-- TOC entry 6143 (class 1259 OID 19998)
-- Name: CompetitorPrice_propertyId_competitorName_date_key; Type: INDEX; Schema: public; Owner: -
--

CREATE UNIQUE INDEX "CompetitorPrice_propertyId_competitorName_date_key" ON public."CompetitorPrice" USING btree ("propertyId", "competitorName", date);


--
-- TOC entry 6144 (class 1259 OID 19996)
-- Name: CompetitorPrice_propertyId_idx; Type: INDEX; Schema: public; Owner: -
--

CREATE INDEX "CompetitorPrice_propertyId_idx" ON public."CompetitorPrice" USING btree ("propertyId");


--
-- TOC entry 6145 (class 1259 OID 19995)
-- Name: CompetitorPrice_tenantId_idx; Type: INDEX; Schema: public; Owner: -
--

CREATE INDEX "CompetitorPrice_tenantId_idx" ON public."CompetitorPrice" USING btree ("tenantId");


--
-- TOC entry 7361 (class 1259 OID 20769)
-- Name: CompetitorSyncLog_competitorName_idx; Type: INDEX; Schema: public; Owner: -
--

CREATE INDEX "CompetitorSyncLog_competitorName_idx" ON public."CompetitorSyncLog" USING btree ("competitorName");


--
-- TOC entry 7364 (class 1259 OID 20768)
-- Name: CompetitorSyncLog_propertyId_idx; Type: INDEX; Schema: public; Owner: -
--

CREATE INDEX "CompetitorSyncLog_propertyId_idx" ON public."CompetitorSyncLog" USING btree ("propertyId");


--
-- TOC entry 7365 (class 1259 OID 20770)
-- Name: CompetitorSyncLog_startedAt_idx; Type: INDEX; Schema: public; Owner: -
--

CREATE INDEX "CompetitorSyncLog_startedAt_idx" ON public."CompetitorSyncLog" USING btree ("startedAt");


--
-- TOC entry 7366 (class 1259 OID 20767)
-- Name: CompetitorSyncLog_tenantId_idx; Type: INDEX; Schema: public; Owner: -
--

CREATE INDEX "CompetitorSyncLog_tenantId_idx" ON public."CompetitorSyncLog" USING btree ("tenantId");


--
-- TOC entry 6146 (class 1259 OID 20002)
-- Name: ConsentRecord_consentType_idx; Type: INDEX; Schema: public; Owner: -
--

CREATE INDEX "ConsentRecord_consentType_idx" ON public."ConsentRecord" USING btree ("consentType");


--
-- TOC entry 6147 (class 1259 OID 20004)
-- Name: ConsentRecord_createdAt_idx; Type: INDEX; Schema: public; Owner: -
--

CREATE INDEX "ConsentRecord_createdAt_idx" ON public."ConsentRecord" USING btree ("createdAt");


--
-- TOC entry 6148 (class 1259 OID 20003)
-- Name: ConsentRecord_granted_idx; Type: INDEX; Schema: public; Owner: -
--

CREATE INDEX "ConsentRecord_granted_idx" ON public."ConsentRecord" USING btree (granted);


--
-- TOC entry 6149 (class 1259 OID 20000)
-- Name: ConsentRecord_guestId_idx; Type: INDEX; Schema: public; Owner: -
--

CREATE INDEX "ConsentRecord_guestId_idx" ON public."ConsentRecord" USING btree ("guestId");


--
-- TOC entry 6152 (class 1259 OID 19999)
-- Name: ConsentRecord_tenantId_idx; Type: INDEX; Schema: public; Owner: -
--

CREATE INDEX "ConsentRecord_tenantId_idx" ON public."ConsentRecord" USING btree ("tenantId");


--
-- TOC entry 6153 (class 1259 OID 20001)
-- Name: ConsentRecord_userId_idx; Type: INDEX; Schema: public; Owner: -
--

CREATE INDEX "ConsentRecord_userId_idx" ON public."ConsentRecord" USING btree ("userId");


--
-- TOC entry 6154 (class 1259 OID 20007)
-- Name: ContentFilter_category_idx; Type: INDEX; Schema: public; Owner: -
--

CREATE INDEX "ContentFilter_category_idx" ON public."ContentFilter" USING btree (category);


--
-- TOC entry 6155 (class 1259 OID 20008)
-- Name: ContentFilter_enabled_idx; Type: INDEX; Schema: public; Owner: -
--

CREATE INDEX "ContentFilter_enabled_idx" ON public."ContentFilter" USING btree (enabled);


--
-- TOC entry 6158 (class 1259 OID 20006)
-- Name: ContentFilter_propertyId_idx; Type: INDEX; Schema: public; Owner: -
--

CREATE INDEX "ContentFilter_propertyId_idx" ON public."ContentFilter" USING btree ("propertyId");


--
-- TOC entry 6159 (class 1259 OID 20005)
-- Name: ContentFilter_tenantId_idx; Type: INDEX; Schema: public; Owner: -
--

CREATE INDEX "ContentFilter_tenantId_idx" ON public."ContentFilter" USING btree ("tenantId");


--
-- TOC entry 6160 (class 1259 OID 20015)
-- Name: CreditNote_bookingId_idx; Type: INDEX; Schema: public; Owner: -
--

CREATE INDEX "CreditNote_bookingId_idx" ON public."CreditNote" USING btree ("bookingId");


--
-- TOC entry 6161 (class 1259 OID 20009)
-- Name: CreditNote_creditNoteNumber_key; Type: INDEX; Schema: public; Owner: -
--

CREATE UNIQUE INDEX "CreditNote_creditNoteNumber_key" ON public."CreditNote" USING btree ("creditNoteNumber");


--
-- TOC entry 6162 (class 1259 OID 20012)
-- Name: CreditNote_folioId_idx; Type: INDEX; Schema: public; Owner: -
--

CREATE INDEX "CreditNote_folioId_idx" ON public."CreditNote" USING btree ("folioId");


--
-- TOC entry 6163 (class 1259 OID 20013)
-- Name: CreditNote_guestId_idx; Type: INDEX; Schema: public; Owner: -
--

CREATE INDEX "CreditNote_guestId_idx" ON public."CreditNote" USING btree ("guestId");


--
-- TOC entry 6166 (class 1259 OID 20011)
-- Name: CreditNote_propertyId_idx; Type: INDEX; Schema: public; Owner: -
--

CREATE INDEX "CreditNote_propertyId_idx" ON public."CreditNote" USING btree ("propertyId");


--
-- TOC entry 6167 (class 1259 OID 20014)
-- Name: CreditNote_status_idx; Type: INDEX; Schema: public; Owner: -
--

CREATE INDEX "CreditNote_status_idx" ON public."CreditNote" USING btree (status);


--
-- TOC entry 6168 (class 1259 OID 20010)
-- Name: CreditNote_tenantId_idx; Type: INDEX; Schema: public; Owner: -
--

CREATE INDEX "CreditNote_tenantId_idx" ON public."CreditNote" USING btree ("tenantId");


--
-- TOC entry 6171 (class 1259 OID 20019)
-- Name: DemandForecast_date_idx; Type: INDEX; Schema: public; Owner: -
--

CREATE INDEX "DemandForecast_date_idx" ON public."DemandForecast" USING btree (date);


--
-- TOC entry 6172 (class 1259 OID 20016)
-- Name: DemandForecast_date_key; Type: INDEX; Schema: public; Owner: -
--

CREATE UNIQUE INDEX "DemandForecast_date_key" ON public."DemandForecast" USING btree (date);


--
-- TOC entry 6175 (class 1259 OID 20018)
-- Name: DemandForecast_propertyId_idx; Type: INDEX; Schema: public; Owner: -
--

CREATE INDEX "DemandForecast_propertyId_idx" ON public."DemandForecast" USING btree ("propertyId");


--
-- TOC entry 6176 (class 1259 OID 20017)
-- Name: DemandForecast_tenantId_idx; Type: INDEX; Schema: public; Owner: -
--

CREATE INDEX "DemandForecast_tenantId_idx" ON public."DemandForecast" USING btree ("tenantId");


--
-- TOC entry 5912 (class 1259 OID 16559)
-- Name: DeviceProfile_guestId_idx; Type: INDEX; Schema: public; Owner: -
--

CREATE INDEX "DeviceProfile_guestId_idx" ON public."DeviceProfile" USING btree ("guestId");


--
-- TOC entry 5913 (class 1259 OID 16561)
-- Name: DeviceProfile_isActive_idx; Type: INDEX; Schema: public; Owner: -
--

CREATE INDEX "DeviceProfile_isActive_idx" ON public."DeviceProfile" USING btree ("isActive");


--
-- TOC entry 5914 (class 1259 OID 20783)
-- Name: DeviceProfile_macAddress_idx; Type: INDEX; Schema: public; Owner: -
--

CREATE INDEX "DeviceProfile_macAddress_idx" ON public."DeviceProfile" USING btree ("macAddress");


--
-- TOC entry 5919 (class 1259 OID 16560)
-- Name: DeviceProfile_tenantId_propertyId_lastSeenAt_idx; Type: INDEX; Schema: public; Owner: -
--

CREATE INDEX "DeviceProfile_tenantId_propertyId_lastSeenAt_idx" ON public."DeviceProfile" USING btree ("tenantId", "propertyId", "lastSeenAt");


--
-- TOC entry 5920 (class 1259 OID 16558)
-- Name: DeviceProfile_wifiUserId_idx; Type: INDEX; Schema: public; Owner: -
--

CREATE INDEX "DeviceProfile_wifiUserId_idx" ON public."DeviceProfile" USING btree ("wifiUserId");


--
-- TOC entry 6177 (class 1259 OID 20023)
-- Name: DhcpBlacklist_macAddress_idx; Type: INDEX; Schema: public; Owner: -
--

CREATE INDEX "DhcpBlacklist_macAddress_idx" ON public."DhcpBlacklist" USING btree ("macAddress");


--
-- TOC entry 6180 (class 1259 OID 20021)
-- Name: DhcpBlacklist_propertyId_idx; Type: INDEX; Schema: public; Owner: -
--

CREATE INDEX "DhcpBlacklist_propertyId_idx" ON public."DhcpBlacklist" USING btree ("propertyId");


--
-- TOC entry 6181 (class 1259 OID 20022)
-- Name: DhcpBlacklist_subnetId_idx; Type: INDEX; Schema: public; Owner: -
--

CREATE INDEX "DhcpBlacklist_subnetId_idx" ON public."DhcpBlacklist" USING btree ("subnetId");


--
-- TOC entry 6182 (class 1259 OID 20020)
-- Name: DhcpBlacklist_tenantId_idx; Type: INDEX; Schema: public; Owner: -
--

CREATE INDEX "DhcpBlacklist_tenantId_idx" ON public."DhcpBlacklist" USING btree ("tenantId");


--
-- TOC entry 6185 (class 1259 OID 20025)
-- Name: DhcpHostnameFilter_propertyId_idx; Type: INDEX; Schema: public; Owner: -
--

CREATE INDEX "DhcpHostnameFilter_propertyId_idx" ON public."DhcpHostnameFilter" USING btree ("propertyId");


--
-- TOC entry 6186 (class 1259 OID 20026)
-- Name: DhcpHostnameFilter_subnetId_idx; Type: INDEX; Schema: public; Owner: -
--

CREATE INDEX "DhcpHostnameFilter_subnetId_idx" ON public."DhcpHostnameFilter" USING btree ("subnetId");


--
-- TOC entry 6187 (class 1259 OID 20024)
-- Name: DhcpHostnameFilter_tenantId_idx; Type: INDEX; Schema: public; Owner: -
--

CREATE INDEX "DhcpHostnameFilter_tenantId_idx" ON public."DhcpHostnameFilter" USING btree ("tenantId");


--
-- TOC entry 6196 (class 1259 OID 20035)
-- Name: DhcpLeaseScript_enabled_idx; Type: INDEX; Schema: public; Owner: -
--

CREATE INDEX "DhcpLeaseScript_enabled_idx" ON public."DhcpLeaseScript" USING btree (enabled);


--
-- TOC entry 6199 (class 1259 OID 20034)
-- Name: DhcpLeaseScript_propertyId_idx; Type: INDEX; Schema: public; Owner: -
--

CREATE INDEX "DhcpLeaseScript_propertyId_idx" ON public."DhcpLeaseScript" USING btree ("propertyId");


--
-- TOC entry 6200 (class 1259 OID 20033)
-- Name: DhcpLeaseScript_tenantId_idx; Type: INDEX; Schema: public; Owner: -
--

CREATE INDEX "DhcpLeaseScript_tenantId_idx" ON public."DhcpLeaseScript" USING btree ("tenantId");


--
-- TOC entry 6201 (class 1259 OID 20036)
-- Name: DhcpLeaseScript_tenantId_scriptPath_key; Type: INDEX; Schema: public; Owner: -
--

CREATE UNIQUE INDEX "DhcpLeaseScript_tenantId_scriptPath_key" ON public."DhcpLeaseScript" USING btree ("tenantId", "scriptPath");


--
-- TOC entry 6188 (class 1259 OID 20031)
-- Name: DhcpLease_leaseEnd_idx; Type: INDEX; Schema: public; Owner: -
--

CREATE INDEX "DhcpLease_leaseEnd_idx" ON public."DhcpLease" USING btree ("leaseEnd");


--
-- TOC entry 6189 (class 1259 OID 20029)
-- Name: DhcpLease_macAddress_idx; Type: INDEX; Schema: public; Owner: -
--

CREATE INDEX "DhcpLease_macAddress_idx" ON public."DhcpLease" USING btree ("macAddress");


--
-- TOC entry 6192 (class 1259 OID 20028)
-- Name: DhcpLease_propertyId_idx; Type: INDEX; Schema: public; Owner: -
--

CREATE INDEX "DhcpLease_propertyId_idx" ON public."DhcpLease" USING btree ("propertyId");


--
-- TOC entry 6193 (class 1259 OID 20030)
-- Name: DhcpLease_state_idx; Type: INDEX; Schema: public; Owner: -
--

CREATE INDEX "DhcpLease_state_idx" ON public."DhcpLease" USING btree (state);


--
-- TOC entry 6194 (class 1259 OID 20032)
-- Name: DhcpLease_subnetId_ipAddress_key; Type: INDEX; Schema: public; Owner: -
--

CREATE UNIQUE INDEX "DhcpLease_subnetId_ipAddress_key" ON public."DhcpLease" USING btree ("subnetId", "ipAddress");


--
-- TOC entry 6195 (class 1259 OID 20027)
-- Name: DhcpLease_tenantId_idx; Type: INDEX; Schema: public; Owner: -
--

CREATE INDEX "DhcpLease_tenantId_idx" ON public."DhcpLease" USING btree ("tenantId");


--
-- TOC entry 6202 (class 1259 OID 20040)
-- Name: DhcpOption_code_idx; Type: INDEX; Schema: public; Owner: -
--

CREATE INDEX "DhcpOption_code_idx" ON public."DhcpOption" USING btree (code);


--
-- TOC entry 6205 (class 1259 OID 20038)
-- Name: DhcpOption_propertyId_idx; Type: INDEX; Schema: public; Owner: -
--

CREATE INDEX "DhcpOption_propertyId_idx" ON public."DhcpOption" USING btree ("propertyId");


--
-- TOC entry 6206 (class 1259 OID 20039)
-- Name: DhcpOption_subnetId_idx; Type: INDEX; Schema: public; Owner: -
--

CREATE INDEX "DhcpOption_subnetId_idx" ON public."DhcpOption" USING btree ("subnetId");


--
-- TOC entry 6207 (class 1259 OID 20037)
-- Name: DhcpOption_tenantId_idx; Type: INDEX; Schema: public; Owner: -
--

CREATE INDEX "DhcpOption_tenantId_idx" ON public."DhcpOption" USING btree ("tenantId");


--
-- TOC entry 6208 (class 1259 OID 20043)
-- Name: DhcpReservation_macAddress_idx; Type: INDEX; Schema: public; Owner: -
--

CREATE INDEX "DhcpReservation_macAddress_idx" ON public."DhcpReservation" USING btree ("macAddress");


--
-- TOC entry 6211 (class 1259 OID 20042)
-- Name: DhcpReservation_propertyId_idx; Type: INDEX; Schema: public; Owner: -
--

CREATE INDEX "DhcpReservation_propertyId_idx" ON public."DhcpReservation" USING btree ("propertyId");


--
-- TOC entry 6212 (class 1259 OID 20045)
-- Name: DhcpReservation_subnetId_ipAddress_key; Type: INDEX; Schema: public; Owner: -
--

CREATE UNIQUE INDEX "DhcpReservation_subnetId_ipAddress_key" ON public."DhcpReservation" USING btree ("subnetId", "ipAddress");


--
-- TOC entry 6213 (class 1259 OID 20044)
-- Name: DhcpReservation_subnetId_macAddress_key; Type: INDEX; Schema: public; Owner: -
--

CREATE UNIQUE INDEX "DhcpReservation_subnetId_macAddress_key" ON public."DhcpReservation" USING btree ("subnetId", "macAddress");


--
-- TOC entry 6214 (class 1259 OID 20041)
-- Name: DhcpReservation_tenantId_idx; Type: INDEX; Schema: public; Owner: -
--

CREATE INDEX "DhcpReservation_tenantId_idx" ON public."DhcpReservation" USING btree ("tenantId");


--
-- TOC entry 6215 (class 1259 OID 20049)
-- Name: DhcpSubnet_enabled_idx; Type: INDEX; Schema: public; Owner: -
--

CREATE INDEX "DhcpSubnet_enabled_idx" ON public."DhcpSubnet" USING btree (enabled);


--
-- TOC entry 6218 (class 1259 OID 20047)
-- Name: DhcpSubnet_propertyId_idx; Type: INDEX; Schema: public; Owner: -
--

CREATE INDEX "DhcpSubnet_propertyId_idx" ON public."DhcpSubnet" USING btree ("propertyId");


--
-- TOC entry 6219 (class 1259 OID 20048)
-- Name: DhcpSubnet_subnet_idx; Type: INDEX; Schema: public; Owner: -
--

CREATE INDEX "DhcpSubnet_subnet_idx" ON public."DhcpSubnet" USING btree (subnet);


--
-- TOC entry 6220 (class 1259 OID 20046)
-- Name: DhcpSubnet_tenantId_idx; Type: INDEX; Schema: public; Owner: -
--

CREATE INDEX "DhcpSubnet_tenantId_idx" ON public."DhcpSubnet" USING btree ("tenantId");


--
-- TOC entry 6221 (class 1259 OID 20053)
-- Name: DhcpTagRule_matchType_idx; Type: INDEX; Schema: public; Owner: -
--

CREATE INDEX "DhcpTagRule_matchType_idx" ON public."DhcpTagRule" USING btree ("matchType");


--
-- TOC entry 6224 (class 1259 OID 20051)
-- Name: DhcpTagRule_propertyId_idx; Type: INDEX; Schema: public; Owner: -
--

CREATE INDEX "DhcpTagRule_propertyId_idx" ON public."DhcpTagRule" USING btree ("propertyId");


--
-- TOC entry 6225 (class 1259 OID 20054)
-- Name: DhcpTagRule_setTag_idx; Type: INDEX; Schema: public; Owner: -
--

CREATE INDEX "DhcpTagRule_setTag_idx" ON public."DhcpTagRule" USING btree ("setTag");


--
-- TOC entry 6226 (class 1259 OID 20052)
-- Name: DhcpTagRule_subnetId_idx; Type: INDEX; Schema: public; Owner: -
--

CREATE INDEX "DhcpTagRule_subnetId_idx" ON public."DhcpTagRule" USING btree ("subnetId");


--
-- TOC entry 6227 (class 1259 OID 20050)
-- Name: DhcpTagRule_tenantId_idx; Type: INDEX; Schema: public; Owner: -
--

CREATE INDEX "DhcpTagRule_tenantId_idx" ON public."DhcpTagRule" USING btree ("tenantId");


--
-- TOC entry 6228 (class 1259 OID 20058)
-- Name: DigitalKeyAccessLog_accessedAt_idx; Type: INDEX; Schema: public; Owner: -
--

CREATE INDEX "DigitalKeyAccessLog_accessedAt_idx" ON public."DigitalKeyAccessLog" USING btree ("accessedAt");


--
-- TOC entry 6229 (class 1259 OID 20057)
-- Name: DigitalKeyAccessLog_guestId_idx; Type: INDEX; Schema: public; Owner: -
--

CREATE INDEX "DigitalKeyAccessLog_guestId_idx" ON public."DigitalKeyAccessLog" USING btree ("guestId");


--
-- TOC entry 6232 (class 1259 OID 20056)
-- Name: DigitalKeyAccessLog_roomId_idx; Type: INDEX; Schema: public; Owner: -
--

CREATE INDEX "DigitalKeyAccessLog_roomId_idx" ON public."DigitalKeyAccessLog" USING btree ("roomId");


--
-- TOC entry 6233 (class 1259 OID 20055)
-- Name: DigitalKeyAccessLog_tenantId_idx; Type: INDEX; Schema: public; Owner: -
--

CREATE INDEX "DigitalKeyAccessLog_tenantId_idx" ON public."DigitalKeyAccessLog" USING btree ("tenantId");


--
-- TOC entry 6234 (class 1259 OID 20060)
-- Name: Discount_code_idx; Type: INDEX; Schema: public; Owner: -
--

CREATE INDEX "Discount_code_idx" ON public."Discount" USING btree (code);


--
-- TOC entry 6235 (class 1259 OID 20061)
-- Name: Discount_isActive_idx; Type: INDEX; Schema: public; Owner: -
--

CREATE INDEX "Discount_isActive_idx" ON public."Discount" USING btree ("isActive");


--
-- TOC entry 6238 (class 1259 OID 20062)
-- Name: Discount_tenantId_code_key; Type: INDEX; Schema: public; Owner: -
--

CREATE UNIQUE INDEX "Discount_tenantId_code_key" ON public."Discount" USING btree ("tenantId", code);


--
-- TOC entry 6239 (class 1259 OID 20059)
-- Name: Discount_tenantId_idx; Type: INDEX; Schema: public; Owner: -
--

CREATE INDEX "Discount_tenantId_idx" ON public."Discount" USING btree ("tenantId");


--
-- TOC entry 6242 (class 1259 OID 20063)
-- Name: DnsRecord_tenantId_idx; Type: INDEX; Schema: public; Owner: -
--

CREATE INDEX "DnsRecord_tenantId_idx" ON public."DnsRecord" USING btree ("tenantId");


--
-- TOC entry 6243 (class 1259 OID 20064)
-- Name: DnsRecord_zoneId_idx; Type: INDEX; Schema: public; Owner: -
--

CREATE INDEX "DnsRecord_zoneId_idx" ON public."DnsRecord" USING btree ("zoneId");


--
-- TOC entry 6244 (class 1259 OID 20065)
-- Name: DnsRecord_zoneId_name_type_key; Type: INDEX; Schema: public; Owner: -
--

CREATE UNIQUE INDEX "DnsRecord_zoneId_name_type_key" ON public."DnsRecord" USING btree ("zoneId", name, type);


--
-- TOC entry 6245 (class 1259 OID 20068)
-- Name: DnsRedirectRule_enabled_idx; Type: INDEX; Schema: public; Owner: -
--

CREATE INDEX "DnsRedirectRule_enabled_idx" ON public."DnsRedirectRule" USING btree (enabled);


--
-- TOC entry 6248 (class 1259 OID 20069)
-- Name: DnsRedirectRule_priority_idx; Type: INDEX; Schema: public; Owner: -
--

CREATE INDEX "DnsRedirectRule_priority_idx" ON public."DnsRedirectRule" USING btree (priority);


--
-- TOC entry 6249 (class 1259 OID 20067)
-- Name: DnsRedirectRule_propertyId_idx; Type: INDEX; Schema: public; Owner: -
--

CREATE INDEX "DnsRedirectRule_propertyId_idx" ON public."DnsRedirectRule" USING btree ("propertyId");


--
-- TOC entry 6250 (class 1259 OID 20066)
-- Name: DnsRedirectRule_tenantId_idx; Type: INDEX; Schema: public; Owner: -
--

CREATE INDEX "DnsRedirectRule_tenantId_idx" ON public."DnsRedirectRule" USING btree ("tenantId");


--
-- TOC entry 6253 (class 1259 OID 20072)
-- Name: DnsZone_propertyId_domain_key; Type: INDEX; Schema: public; Owner: -
--

CREATE UNIQUE INDEX "DnsZone_propertyId_domain_key" ON public."DnsZone" USING btree ("propertyId", domain);


--
-- TOC entry 6254 (class 1259 OID 20071)
-- Name: DnsZone_propertyId_idx; Type: INDEX; Schema: public; Owner: -
--

CREATE INDEX "DnsZone_propertyId_idx" ON public."DnsZone" USING btree ("propertyId");


--
-- TOC entry 6255 (class 1259 OID 20070)
-- Name: DnsZone_tenantId_idx; Type: INDEX; Schema: public; Owner: -
--

CREATE INDEX "DnsZone_tenantId_idx" ON public."DnsZone" USING btree ("tenantId");


--
-- TOC entry 6256 (class 1259 OID 20074)
-- Name: EnergyMetric_date_idx; Type: INDEX; Schema: public; Owner: -
--

CREATE INDEX "EnergyMetric_date_idx" ON public."EnergyMetric" USING btree (date);


--
-- TOC entry 6259 (class 1259 OID 20075)
-- Name: EnergyMetric_propertyId_date_key; Type: INDEX; Schema: public; Owner: -
--

CREATE UNIQUE INDEX "EnergyMetric_propertyId_date_key" ON public."EnergyMetric" USING btree ("propertyId", date);


--
-- TOC entry 6260 (class 1259 OID 20073)
-- Name: EnergyMetric_tenantId_idx; Type: INDEX; Schema: public; Owner: -
--

CREATE INDEX "EnergyMetric_tenantId_idx" ON public."EnergyMetric" USING btree ("tenantId");


--
-- TOC entry 6266 (class 1259 OID 20080)
-- Name: EventResource_category_idx; Type: INDEX; Schema: public; Owner: -
--

CREATE INDEX "EventResource_category_idx" ON public."EventResource" USING btree (category);


--
-- TOC entry 6267 (class 1259 OID 20079)
-- Name: EventResource_eventId_idx; Type: INDEX; Schema: public; Owner: -
--

CREATE INDEX "EventResource_eventId_idx" ON public."EventResource" USING btree ("eventId");


--
-- TOC entry 6270 (class 1259 OID 20081)
-- Name: EventResource_status_idx; Type: INDEX; Schema: public; Owner: -
--

CREATE INDEX "EventResource_status_idx" ON public."EventResource" USING btree (status);


--
-- TOC entry 6273 (class 1259 OID 20082)
-- Name: EventSpace_propertyId_idx; Type: INDEX; Schema: public; Owner: -
--

CREATE INDEX "EventSpace_propertyId_idx" ON public."EventSpace" USING btree ("propertyId");


--
-- TOC entry 6263 (class 1259 OID 20077)
-- Name: Event_propertyId_idx; Type: INDEX; Schema: public; Owner: -
--

CREATE INDEX "Event_propertyId_idx" ON public."Event" USING btree ("propertyId");


--
-- TOC entry 6264 (class 1259 OID 20078)
-- Name: Event_startDate_idx; Type: INDEX; Schema: public; Owner: -
--

CREATE INDEX "Event_startDate_idx" ON public."Event" USING btree ("startDate");


--
-- TOC entry 6265 (class 1259 OID 20076)
-- Name: Event_tenantId_idx; Type: INDEX; Schema: public; Owner: -
--

CREATE INDEX "Event_tenantId_idx" ON public."Event" USING btree ("tenantId");


--
-- TOC entry 6274 (class 1259 OID 20084)
-- Name: ExchangeRate_fromCurrency_idx; Type: INDEX; Schema: public; Owner: -
--

CREATE INDEX "ExchangeRate_fromCurrency_idx" ON public."ExchangeRate" USING btree ("fromCurrency");


--
-- TOC entry 6275 (class 1259 OID 20086)
-- Name: ExchangeRate_isActive_idx; Type: INDEX; Schema: public; Owner: -
--

CREATE INDEX "ExchangeRate_isActive_idx" ON public."ExchangeRate" USING btree ("isActive");


--
-- TOC entry 6278 (class 1259 OID 20087)
-- Name: ExchangeRate_tenantId_fromCurrency_toCurrency_validFrom_key; Type: INDEX; Schema: public; Owner: -
--

CREATE UNIQUE INDEX "ExchangeRate_tenantId_fromCurrency_toCurrency_validFrom_key" ON public."ExchangeRate" USING btree ("tenantId", "fromCurrency", "toCurrency", "validFrom");


--
-- TOC entry 6279 (class 1259 OID 20083)
-- Name: ExchangeRate_tenantId_idx; Type: INDEX; Schema: public; Owner: -
--

CREATE INDEX "ExchangeRate_tenantId_idx" ON public."ExchangeRate" USING btree ("tenantId");


--
-- TOC entry 6280 (class 1259 OID 20085)
-- Name: ExchangeRate_toCurrency_idx; Type: INDEX; Schema: public; Owner: -
--

CREATE INDEX "ExchangeRate_toCurrency_idx" ON public."ExchangeRate" USING btree ("toCurrency");


--
-- TOC entry 7086 (class 1259 OID 20595)
-- Name: ExperienceBooking_bookingDate_idx; Type: INDEX; Schema: public; Owner: -
--

CREATE INDEX "ExperienceBooking_bookingDate_idx" ON public."ExperienceBooking" USING btree ("bookingDate");


--
-- TOC entry 7087 (class 1259 OID 20593)
-- Name: ExperienceBooking_experienceId_idx; Type: INDEX; Schema: public; Owner: -
--

CREATE INDEX "ExperienceBooking_experienceId_idx" ON public."ExperienceBooking" USING btree ("experienceId");


--
-- TOC entry 7090 (class 1259 OID 20594)
-- Name: ExperienceBooking_status_idx; Type: INDEX; Schema: public; Owner: -
--

CREATE INDEX "ExperienceBooking_status_idx" ON public."ExperienceBooking" USING btree (status);


--
-- TOC entry 7091 (class 1259 OID 20592)
-- Name: ExperienceBooking_tenantId_idx; Type: INDEX; Schema: public; Owner: -
--

CREATE INDEX "ExperienceBooking_tenantId_idx" ON public."ExperienceBooking" USING btree ("tenantId");


--
-- TOC entry 7101 (class 1259 OID 20602)
-- Name: ExperienceFeedback_experienceId_idx; Type: INDEX; Schema: public; Owner: -
--

CREATE INDEX "ExperienceFeedback_experienceId_idx" ON public."ExperienceFeedback" USING btree ("experienceId");


--
-- TOC entry 7104 (class 1259 OID 20603)
-- Name: ExperienceFeedback_rating_idx; Type: INDEX; Schema: public; Owner: -
--

CREATE INDEX "ExperienceFeedback_rating_idx" ON public."ExperienceFeedback" USING btree (rating);


--
-- TOC entry 7105 (class 1259 OID 20601)
-- Name: ExperienceFeedback_tenantId_idx; Type: INDEX; Schema: public; Owner: -
--

CREATE INDEX "ExperienceFeedback_tenantId_idx" ON public."ExperienceFeedback" USING btree ("tenantId");


--
-- TOC entry 7092 (class 1259 OID 20597)
-- Name: ExperiencePricing_experienceId_idx; Type: INDEX; Schema: public; Owner: -
--

CREATE INDEX "ExperiencePricing_experienceId_idx" ON public."ExperiencePricing" USING btree ("experienceId");


--
-- TOC entry 7095 (class 1259 OID 20596)
-- Name: ExperiencePricing_tenantId_idx; Type: INDEX; Schema: public; Owner: -
--

CREATE INDEX "ExperiencePricing_tenantId_idx" ON public."ExperiencePricing" USING btree ("tenantId");


--
-- TOC entry 7096 (class 1259 OID 20598)
-- Name: ExperiencePricing_type_idx; Type: INDEX; Schema: public; Owner: -
--

CREATE INDEX "ExperiencePricing_type_idx" ON public."ExperiencePricing" USING btree (type);


--
-- TOC entry 7099 (class 1259 OID 20600)
-- Name: ExperienceVendor_status_idx; Type: INDEX; Schema: public; Owner: -
--

CREATE INDEX "ExperienceVendor_status_idx" ON public."ExperienceVendor" USING btree (status);


--
-- TOC entry 7100 (class 1259 OID 20599)
-- Name: ExperienceVendor_tenantId_idx; Type: INDEX; Schema: public; Owner: -
--

CREATE INDEX "ExperienceVendor_tenantId_idx" ON public."ExperienceVendor" USING btree ("tenantId");


--
-- TOC entry 7081 (class 1259 OID 20591)
-- Name: Experience_categoryId_idx; Type: INDEX; Schema: public; Owner: -
--

CREATE INDEX "Experience_categoryId_idx" ON public."Experience" USING btree ("categoryId");


--
-- TOC entry 7084 (class 1259 OID 20590)
-- Name: Experience_status_idx; Type: INDEX; Schema: public; Owner: -
--

CREATE INDEX "Experience_status_idx" ON public."Experience" USING btree (status);


--
-- TOC entry 7085 (class 1259 OID 20589)
-- Name: Experience_tenantId_idx; Type: INDEX; Schema: public; Owner: -
--

CREATE INDEX "Experience_tenantId_idx" ON public."Experience" USING btree ("tenantId");


--
-- TOC entry 6283 (class 1259 OID 20089)
-- Name: ExternalReview_propertyId_idx; Type: INDEX; Schema: public; Owner: -
--

CREATE INDEX "ExternalReview_propertyId_idx" ON public."ExternalReview" USING btree ("propertyId");


--
-- TOC entry 6284 (class 1259 OID 20091)
-- Name: ExternalReview_reviewDate_idx; Type: INDEX; Schema: public; Owner: -
--

CREATE INDEX "ExternalReview_reviewDate_idx" ON public."ExternalReview" USING btree ("reviewDate");


--
-- TOC entry 6285 (class 1259 OID 20090)
-- Name: ExternalReview_source_idx; Type: INDEX; Schema: public; Owner: -
--

CREATE INDEX "ExternalReview_source_idx" ON public."ExternalReview" USING btree (source);


--
-- TOC entry 6286 (class 1259 OID 20088)
-- Name: ExternalReview_tenantId_idx; Type: INDEX; Schema: public; Owner: -
--

CREATE INDEX "ExternalReview_tenantId_idx" ON public."ExternalReview" USING btree ("tenantId");


--
-- TOC entry 6287 (class 1259 OID 20095)
-- Name: FairAccessPolicy_cycleType_idx; Type: INDEX; Schema: public; Owner: -
--

CREATE INDEX "FairAccessPolicy_cycleType_idx" ON public."FairAccessPolicy" USING btree ("cycleType");


--
-- TOC entry 6288 (class 1259 OID 20094)
-- Name: FairAccessPolicy_isEnabled_idx; Type: INDEX; Schema: public; Owner: -
--

CREATE INDEX "FairAccessPolicy_isEnabled_idx" ON public."FairAccessPolicy" USING btree ("isEnabled");


--
-- TOC entry 6291 (class 1259 OID 20092)
-- Name: FairAccessPolicy_propertyId_idx; Type: INDEX; Schema: public; Owner: -
--

CREATE INDEX "FairAccessPolicy_propertyId_idx" ON public."FairAccessPolicy" USING btree ("propertyId");


--
-- TOC entry 6292 (class 1259 OID 20093)
-- Name: FairAccessPolicy_tenantId_idx; Type: INDEX; Schema: public; Owner: -
--

CREATE INDEX "FairAccessPolicy_tenantId_idx" ON public."FairAccessPolicy" USING btree ("tenantId");


--
-- TOC entry 6300 (class 1259 OID 20099)
-- Name: FeatureAnnouncement_status_idx; Type: INDEX; Schema: public; Owner: -
--

CREATE INDEX "FeatureAnnouncement_status_idx" ON public."FeatureAnnouncement" USING btree (status);


--
-- TOC entry 6301 (class 1259 OID 20103)
-- Name: FirewallRule_enabled_idx; Type: INDEX; Schema: public; Owner: -
--

CREATE INDEX "FirewallRule_enabled_idx" ON public."FirewallRule" USING btree (enabled);


--
-- TOC entry 6304 (class 1259 OID 20104)
-- Name: FirewallRule_priority_idx; Type: INDEX; Schema: public; Owner: -
--

CREATE INDEX "FirewallRule_priority_idx" ON public."FirewallRule" USING btree (priority);


--
-- TOC entry 6305 (class 1259 OID 20101)
-- Name: FirewallRule_propertyId_idx; Type: INDEX; Schema: public; Owner: -
--

CREATE INDEX "FirewallRule_propertyId_idx" ON public."FirewallRule" USING btree ("propertyId");


--
-- TOC entry 6306 (class 1259 OID 20100)
-- Name: FirewallRule_tenantId_idx; Type: INDEX; Schema: public; Owner: -
--

CREATE INDEX "FirewallRule_tenantId_idx" ON public."FirewallRule" USING btree ("tenantId");


--
-- TOC entry 6307 (class 1259 OID 20102)
-- Name: FirewallRule_zoneId_idx; Type: INDEX; Schema: public; Owner: -
--

CREATE INDEX "FirewallRule_zoneId_idx" ON public."FirewallRule" USING btree ("zoneId");


--
-- TOC entry 6310 (class 1259 OID 20106)
-- Name: FirewallSchedule_propertyId_idx; Type: INDEX; Schema: public; Owner: -
--

CREATE INDEX "FirewallSchedule_propertyId_idx" ON public."FirewallSchedule" USING btree ("propertyId");


--
-- TOC entry 6311 (class 1259 OID 20105)
-- Name: FirewallSchedule_tenantId_idx; Type: INDEX; Schema: public; Owner: -
--

CREATE INDEX "FirewallSchedule_tenantId_idx" ON public."FirewallSchedule" USING btree ("tenantId");


--
-- TOC entry 6314 (class 1259 OID 20108)
-- Name: FirewallZone_propertyId_idx; Type: INDEX; Schema: public; Owner: -
--

CREATE INDEX "FirewallZone_propertyId_idx" ON public."FirewallZone" USING btree ("propertyId");


--
-- TOC entry 6315 (class 1259 OID 20109)
-- Name: FirewallZone_propertyId_name_key; Type: INDEX; Schema: public; Owner: -
--

CREATE UNIQUE INDEX "FirewallZone_propertyId_name_key" ON public."FirewallZone" USING btree ("propertyId", name);


--
-- TOC entry 6316 (class 1259 OID 20107)
-- Name: FirewallZone_tenantId_idx; Type: INDEX; Schema: public; Owner: -
--

CREATE INDEX "FirewallZone_tenantId_idx" ON public."FirewallZone" USING btree ("tenantId");


--
-- TOC entry 6320 (class 1259 OID 20111)
-- Name: FloorPlanRoom_floorPlanId_idx; Type: INDEX; Schema: public; Owner: -
--

CREATE INDEX "FloorPlanRoom_floorPlanId_idx" ON public."FloorPlanRoom" USING btree ("floorPlanId");


--
-- TOC entry 6321 (class 1259 OID 20113)
-- Name: FloorPlanRoom_floorPlanId_roomId_key; Type: INDEX; Schema: public; Owner: -
--

CREATE UNIQUE INDEX "FloorPlanRoom_floorPlanId_roomId_key" ON public."FloorPlanRoom" USING btree ("floorPlanId", "roomId");


--
-- TOC entry 6324 (class 1259 OID 20112)
-- Name: FloorPlanRoom_roomId_idx; Type: INDEX; Schema: public; Owner: -
--

CREATE INDEX "FloorPlanRoom_roomId_idx" ON public."FloorPlanRoom" USING btree ("roomId");


--
-- TOC entry 6319 (class 1259 OID 20110)
-- Name: FloorPlan_propertyId_floor_key; Type: INDEX; Schema: public; Owner: -
--

CREATE UNIQUE INDEX "FloorPlan_propertyId_floor_key" ON public."FloorPlan" USING btree ("propertyId", floor);


--
-- TOC entry 6466 (class 1259 OID 20204)
-- Name: FolioLineItemAudit_createdAt_idx; Type: INDEX; Schema: public; Owner: -
--

CREATE INDEX "FolioLineItemAudit_createdAt_idx" ON public."FolioLineItemAudit" USING btree ("createdAt");


--
-- TOC entry 6467 (class 1259 OID 20202)
-- Name: FolioLineItemAudit_folioId_idx; Type: INDEX; Schema: public; Owner: -
--

CREATE INDEX "FolioLineItemAudit_folioId_idx" ON public."FolioLineItemAudit" USING btree ("folioId");


--
-- TOC entry 6468 (class 1259 OID 20203)
-- Name: FolioLineItemAudit_lineItemId_idx; Type: INDEX; Schema: public; Owner: -
--

CREATE INDEX "FolioLineItemAudit_lineItemId_idx" ON public."FolioLineItemAudit" USING btree ("lineItemId");


--
-- TOC entry 6471 (class 1259 OID 20201)
-- Name: FolioLineItemAudit_tenantId_idx; Type: INDEX; Schema: public; Owner: -
--

CREATE INDEX "FolioLineItemAudit_tenantId_idx" ON public."FolioLineItemAudit" USING btree ("tenantId");


--
-- TOC entry 6331 (class 1259 OID 20119)
-- Name: FolioLineItem_discountId_idx; Type: INDEX; Schema: public; Owner: -
--

CREATE INDEX "FolioLineItem_discountId_idx" ON public."FolioLineItem" USING btree ("discountId");


--
-- TOC entry 6332 (class 1259 OID 20118)
-- Name: FolioLineItem_folioId_idx; Type: INDEX; Schema: public; Owner: -
--

CREATE INDEX "FolioLineItem_folioId_idx" ON public."FolioLineItem" USING btree ("folioId");


--
-- TOC entry 6335 (class 1259 OID 20124)
-- Name: FolioTransfer_bookingId_idx; Type: INDEX; Schema: public; Owner: -
--

CREATE INDEX "FolioTransfer_bookingId_idx" ON public."FolioTransfer" USING btree ("bookingId");


--
-- TOC entry 6336 (class 1259 OID 20122)
-- Name: FolioTransfer_fromFolioId_idx; Type: INDEX; Schema: public; Owner: -
--

CREATE INDEX "FolioTransfer_fromFolioId_idx" ON public."FolioTransfer" USING btree ("fromFolioId");


--
-- TOC entry 6339 (class 1259 OID 20121)
-- Name: FolioTransfer_propertyId_idx; Type: INDEX; Schema: public; Owner: -
--

CREATE INDEX "FolioTransfer_propertyId_idx" ON public."FolioTransfer" USING btree ("propertyId");


--
-- TOC entry 6340 (class 1259 OID 20120)
-- Name: FolioTransfer_tenantId_idx; Type: INDEX; Schema: public; Owner: -
--

CREATE INDEX "FolioTransfer_tenantId_idx" ON public."FolioTransfer" USING btree ("tenantId");


--
-- TOC entry 6341 (class 1259 OID 20123)
-- Name: FolioTransfer_toFolioId_idx; Type: INDEX; Schema: public; Owner: -
--

CREATE INDEX "FolioTransfer_toFolioId_idx" ON public."FolioTransfer" USING btree ("toFolioId");


--
-- TOC entry 6325 (class 1259 OID 20116)
-- Name: Folio_bookingId_idx; Type: INDEX; Schema: public; Owner: -
--

CREATE INDEX "Folio_bookingId_idx" ON public."Folio" USING btree ("bookingId");


--
-- TOC entry 6326 (class 1259 OID 20114)
-- Name: Folio_folioNumber_key; Type: INDEX; Schema: public; Owner: -
--

CREATE UNIQUE INDEX "Folio_folioNumber_key" ON public."Folio" USING btree ("folioNumber");


--
-- TOC entry 6327 (class 1259 OID 20117)
-- Name: Folio_guestId_idx; Type: INDEX; Schema: public; Owner: -
--

CREATE INDEX "Folio_guestId_idx" ON public."Folio" USING btree ("guestId");


--
-- TOC entry 6330 (class 1259 OID 20115)
-- Name: Folio_tenantId_idx; Type: INDEX; Schema: public; Owner: -
--

CREATE INDEX "Folio_tenantId_idx" ON public."Folio" USING btree ("tenantId");


--
-- TOC entry 6342 (class 1259 OID 20129)
-- Name: GDPRRequest_createdAt_idx; Type: INDEX; Schema: public; Owner: -
--

CREATE INDEX "GDPRRequest_createdAt_idx" ON public."GDPRRequest" USING btree ("createdAt");


--
-- TOC entry 6343 (class 1259 OID 20130)
-- Name: GDPRRequest_expiresAt_idx; Type: INDEX; Schema: public; Owner: -
--

CREATE INDEX "GDPRRequest_expiresAt_idx" ON public."GDPRRequest" USING btree ("expiresAt");


--
-- TOC entry 6344 (class 1259 OID 20126)
-- Name: GDPRRequest_guestId_idx; Type: INDEX; Schema: public; Owner: -
--

CREATE INDEX "GDPRRequest_guestId_idx" ON public."GDPRRequest" USING btree ("guestId");


--
-- TOC entry 6347 (class 1259 OID 20127)
-- Name: GDPRRequest_requestType_idx; Type: INDEX; Schema: public; Owner: -
--

CREATE INDEX "GDPRRequest_requestType_idx" ON public."GDPRRequest" USING btree ("requestType");


--
-- TOC entry 6348 (class 1259 OID 20128)
-- Name: GDPRRequest_status_idx; Type: INDEX; Schema: public; Owner: -
--

CREATE INDEX "GDPRRequest_status_idx" ON public."GDPRRequest" USING btree (status);


--
-- TOC entry 6349 (class 1259 OID 20125)
-- Name: GDPRRequest_tenantId_idx; Type: INDEX; Schema: public; Owner: -
--

CREATE INDEX "GDPRRequest_tenantId_idx" ON public."GDPRRequest" USING btree ("tenantId");


--
-- TOC entry 6582 (class 1259 OID 20277)
-- Name: GatewayExplicitRoute_gatewayId_idx; Type: INDEX; Schema: public; Owner: -
--

CREATE INDEX "GatewayExplicitRoute_gatewayId_idx" ON public."GatewayExplicitRoute" USING btree ("gatewayId");


--
-- TOC entry 6583 (class 1259 OID 20280)
-- Name: GatewayExplicitRoute_gatewayId_network_key; Type: INDEX; Schema: public; Owner: -
--

CREATE UNIQUE INDEX "GatewayExplicitRoute_gatewayId_network_key" ON public."GatewayExplicitRoute" USING btree ("gatewayId", network);


--
-- TOC entry 6586 (class 1259 OID 20279)
-- Name: GatewayExplicitRoute_propertyId_idx; Type: INDEX; Schema: public; Owner: -
--

CREATE INDEX "GatewayExplicitRoute_propertyId_idx" ON public."GatewayExplicitRoute" USING btree ("propertyId");


--
-- TOC entry 6587 (class 1259 OID 20278)
-- Name: GatewayExplicitRoute_tenantId_idx; Type: INDEX; Schema: public; Owner: -
--

CREATE INDEX "GatewayExplicitRoute_tenantId_idx" ON public."GatewayExplicitRoute" USING btree ("tenantId");


--
-- TOC entry 6588 (class 1259 OID 20283)
-- Name: GatewayFwmark_gatewayId_fwmarkValue_key; Type: INDEX; Schema: public; Owner: -
--

CREATE UNIQUE INDEX "GatewayFwmark_gatewayId_fwmarkValue_key" ON public."GatewayFwmark" USING btree ("gatewayId", "fwmarkValue");


--
-- TOC entry 6589 (class 1259 OID 20281)
-- Name: GatewayFwmark_gatewayId_idx; Type: INDEX; Schema: public; Owner: -
--

CREATE INDEX "GatewayFwmark_gatewayId_idx" ON public."GatewayFwmark" USING btree ("gatewayId");


--
-- TOC entry 6592 (class 1259 OID 20282)
-- Name: GatewayFwmark_tenantId_idx; Type: INDEX; Schema: public; Owner: -
--

CREATE INDEX "GatewayFwmark_tenantId_idx" ON public."GatewayFwmark" USING btree ("tenantId");


--
-- TOC entry 6577 (class 1259 OID 20274)
-- Name: GatewayHealthRule_gatewayId_idx; Type: INDEX; Schema: public; Owner: -
--

CREATE INDEX "GatewayHealthRule_gatewayId_idx" ON public."GatewayHealthRule" USING btree ("gatewayId");


--
-- TOC entry 6578 (class 1259 OID 20276)
-- Name: GatewayHealthRule_gatewayId_sortOrder_key; Type: INDEX; Schema: public; Owner: -
--

CREATE UNIQUE INDEX "GatewayHealthRule_gatewayId_sortOrder_key" ON public."GatewayHealthRule" USING btree ("gatewayId", "sortOrder");


--
-- TOC entry 6581 (class 1259 OID 20275)
-- Name: GatewayHealthRule_tenantId_idx; Type: INDEX; Schema: public; Owner: -
--

CREATE INDEX "GatewayHealthRule_tenantId_idx" ON public."GatewayHealthRule" USING btree ("tenantId");


--
-- TOC entry 6570 (class 1259 OID 20272)
-- Name: Gateway_backupGatewayId_idx; Type: INDEX; Schema: public; Owner: -
--

CREATE INDEX "Gateway_backupGatewayId_idx" ON public."Gateway" USING btree ("backupGatewayId");


--
-- TOC entry 6571 (class 1259 OID 20271)
-- Name: Gateway_multiWanConfigId_idx; Type: INDEX; Schema: public; Owner: -
--

CREATE INDEX "Gateway_multiWanConfigId_idx" ON public."Gateway" USING btree ("multiWanConfigId");


--
-- TOC entry 6572 (class 1259 OID 20273)
-- Name: Gateway_multiWanConfigId_interfaceName_key; Type: INDEX; Schema: public; Owner: -
--

CREATE UNIQUE INDEX "Gateway_multiWanConfigId_interfaceName_key" ON public."Gateway" USING btree ("multiWanConfigId", "interfaceName");


--
-- TOC entry 6575 (class 1259 OID 20270)
-- Name: Gateway_propertyId_idx; Type: INDEX; Schema: public; Owner: -
--

CREATE INDEX "Gateway_propertyId_idx" ON public."Gateway" USING btree ("propertyId");


--
-- TOC entry 6576 (class 1259 OID 20269)
-- Name: Gateway_tenantId_idx; Type: INDEX; Schema: public; Owner: -
--

CREATE INDEX "Gateway_tenantId_idx" ON public."Gateway" USING btree ("tenantId");


--
-- TOC entry 6352 (class 1259 OID 20132)
-- Name: GoogleHotelAdsConnection_status_idx; Type: INDEX; Schema: public; Owner: -
--

CREATE INDEX "GoogleHotelAdsConnection_status_idx" ON public."GoogleHotelAdsConnection" USING btree (status);


--
-- TOC entry 6353 (class 1259 OID 20131)
-- Name: GoogleHotelAdsConnection_tenantId_idx; Type: INDEX; Schema: public; Owner: -
--

CREATE INDEX "GoogleHotelAdsConnection_tenantId_idx" ON public."GoogleHotelAdsConnection" USING btree ("tenantId");


--
-- TOC entry 6354 (class 1259 OID 20133)
-- Name: GoogleHotelAdsConnection_tenantId_propertyId_key; Type: INDEX; Schema: public; Owner: -
--

CREATE UNIQUE INDEX "GoogleHotelAdsConnection_tenantId_propertyId_key" ON public."GoogleHotelAdsConnection" USING btree ("tenantId", "propertyId");


--
-- TOC entry 6357 (class 1259 OID 20135)
-- Name: GroupBooking_propertyId_idx; Type: INDEX; Schema: public; Owner: -
--

CREATE INDEX "GroupBooking_propertyId_idx" ON public."GroupBooking" USING btree ("propertyId");


--
-- TOC entry 6358 (class 1259 OID 20134)
-- Name: GroupBooking_tenantId_idx; Type: INDEX; Schema: public; Owner: -
--

CREATE INDEX "GroupBooking_tenantId_idx" ON public."GroupBooking" USING btree ("tenantId");


--
-- TOC entry 6365 (class 1259 OID 20142)
-- Name: GuestBehavior_guestId_idx; Type: INDEX; Schema: public; Owner: -
--

CREATE INDEX "GuestBehavior_guestId_idx" ON public."GuestBehavior" USING btree ("guestId");


--
-- TOC entry 6366 (class 1259 OID 20140)
-- Name: GuestBehavior_guestId_key; Type: INDEX; Schema: public; Owner: -
--

CREATE UNIQUE INDEX "GuestBehavior_guestId_key" ON public."GuestBehavior" USING btree ("guestId");


--
-- TOC entry 6367 (class 1259 OID 20143)
-- Name: GuestBehavior_isRepeatGuest_idx; Type: INDEX; Schema: public; Owner: -
--

CREATE INDEX "GuestBehavior_isRepeatGuest_idx" ON public."GuestBehavior" USING btree ("isRepeatGuest");


--
-- TOC entry 6370 (class 1259 OID 20141)
-- Name: GuestBehavior_tenantId_idx; Type: INDEX; Schema: public; Owner: -
--

CREATE INDEX "GuestBehavior_tenantId_idx" ON public."GuestBehavior" USING btree ("tenantId");


--
-- TOC entry 6371 (class 1259 OID 20144)
-- Name: GuestDocument_guestId_idx; Type: INDEX; Schema: public; Owner: -
--

CREATE INDEX "GuestDocument_guestId_idx" ON public."GuestDocument" USING btree ("guestId");


--
-- TOC entry 6374 (class 1259 OID 20145)
-- Name: GuestFeedback_guestId_idx; Type: INDEX; Schema: public; Owner: -
--

CREATE INDEX "GuestFeedback_guestId_idx" ON public."GuestFeedback" USING btree ("guestId");


--
-- TOC entry 6377 (class 1259 OID 20146)
-- Name: GuestFeedback_propertyId_idx; Type: INDEX; Schema: public; Owner: -
--

CREATE INDEX "GuestFeedback_propertyId_idx" ON public."GuestFeedback" USING btree ("propertyId");


--
-- TOC entry 6378 (class 1259 OID 20148)
-- Name: GuestJourney_guestId_idx; Type: INDEX; Schema: public; Owner: -
--

CREATE INDEX "GuestJourney_guestId_idx" ON public."GuestJourney" USING btree ("guestId");


--
-- TOC entry 6379 (class 1259 OID 20150)
-- Name: GuestJourney_occurredAt_idx; Type: INDEX; Schema: public; Owner: -
--

CREATE INDEX "GuestJourney_occurredAt_idx" ON public."GuestJourney" USING btree ("occurredAt");


--
-- TOC entry 6382 (class 1259 OID 20149)
-- Name: GuestJourney_stage_idx; Type: INDEX; Schema: public; Owner: -
--

CREATE INDEX "GuestJourney_stage_idx" ON public."GuestJourney" USING btree (stage);


--
-- TOC entry 6383 (class 1259 OID 20147)
-- Name: GuestJourney_tenantId_idx; Type: INDEX; Schema: public; Owner: -
--

CREATE INDEX "GuestJourney_tenantId_idx" ON public."GuestJourney" USING btree ("tenantId");


--
-- TOC entry 6384 (class 1259 OID 20154)
-- Name: GuestRecommendation_expiresAt_idx; Type: INDEX; Schema: public; Owner: -
--

CREATE INDEX "GuestRecommendation_expiresAt_idx" ON public."GuestRecommendation" USING btree ("expiresAt");


--
-- TOC entry 6385 (class 1259 OID 20152)
-- Name: GuestRecommendation_guestId_idx; Type: INDEX; Schema: public; Owner: -
--

CREATE INDEX "GuestRecommendation_guestId_idx" ON public."GuestRecommendation" USING btree ("guestId");


--
-- TOC entry 6388 (class 1259 OID 20153)
-- Name: GuestRecommendation_status_idx; Type: INDEX; Schema: public; Owner: -
--

CREATE INDEX "GuestRecommendation_status_idx" ON public."GuestRecommendation" USING btree (status);


--
-- TOC entry 6389 (class 1259 OID 20151)
-- Name: GuestRecommendation_tenantId_idx; Type: INDEX; Schema: public; Owner: -
--

CREATE INDEX "GuestRecommendation_tenantId_idx" ON public."GuestRecommendation" USING btree ("tenantId");


--
-- TOC entry 6390 (class 1259 OID 20155)
-- Name: GuestReview_guestId_idx; Type: INDEX; Schema: public; Owner: -
--

CREATE INDEX "GuestReview_guestId_idx" ON public."GuestReview" USING btree ("guestId");


--
-- TOC entry 6393 (class 1259 OID 20156)
-- Name: GuestReview_propertyId_idx; Type: INDEX; Schema: public; Owner: -
--

CREATE INDEX "GuestReview_propertyId_idx" ON public."GuestReview" USING btree ("propertyId");


--
-- TOC entry 6396 (class 1259 OID 20157)
-- Name: GuestSegment_tenantId_idx; Type: INDEX; Schema: public; Owner: -
--

CREATE INDEX "GuestSegment_tenantId_idx" ON public."GuestSegment" USING btree ("tenantId");


--
-- TOC entry 6397 (class 1259 OID 20158)
-- Name: GuestStay_guestId_bookingId_key; Type: INDEX; Schema: public; Owner: -
--

CREATE UNIQUE INDEX "GuestStay_guestId_bookingId_key" ON public."GuestStay" USING btree ("guestId", "bookingId");


--
-- TOC entry 6359 (class 1259 OID 20137)
-- Name: Guest_email_idx; Type: INDEX; Schema: public; Owner: -
--

CREATE INDEX "Guest_email_idx" ON public."Guest" USING btree (email);


--
-- TOC entry 6360 (class 1259 OID 20139)
-- Name: Guest_phone_idx; Type: INDEX; Schema: public; Owner: -
--

CREATE INDEX "Guest_phone_idx" ON public."Guest" USING btree (phone);


--
-- TOC entry 6363 (class 1259 OID 20138)
-- Name: Guest_tenantId_email_idx; Type: INDEX; Schema: public; Owner: -
--

CREATE INDEX "Guest_tenantId_email_idx" ON public."Guest" USING btree ("tenantId", email);


--
-- TOC entry 6364 (class 1259 OID 20136)
-- Name: Guest_tenantId_idx; Type: INDEX; Schema: public; Owner: -
--

CREATE INDEX "Guest_tenantId_idx" ON public."Guest" USING btree ("tenantId");


--
-- TOC entry 6400 (class 1259 OID 20160)
-- Name: HelpArticle_category_idx; Type: INDEX; Schema: public; Owner: -
--

CREATE INDEX "HelpArticle_category_idx" ON public."HelpArticle" USING btree (category);


--
-- TOC entry 6403 (class 1259 OID 20159)
-- Name: HelpArticle_slug_key; Type: INDEX; Schema: public; Owner: -
--

CREATE UNIQUE INDEX "HelpArticle_slug_key" ON public."HelpArticle" USING btree (slug);


--
-- TOC entry 6404 (class 1259 OID 20161)
-- Name: HelpArticle_status_idx; Type: INDEX; Schema: public; Owner: -
--

CREATE INDEX "HelpArticle_status_idx" ON public."HelpArticle" USING btree (status);


--
-- TOC entry 6405 (class 1259 OID 20163)
-- Name: HelpCategory_parentId_idx; Type: INDEX; Schema: public; Owner: -
--

CREATE INDEX "HelpCategory_parentId_idx" ON public."HelpCategory" USING btree ("parentId");


--
-- TOC entry 6408 (class 1259 OID 20162)
-- Name: HelpCategory_slug_key; Type: INDEX; Schema: public; Owner: -
--

CREATE UNIQUE INDEX "HelpCategory_slug_key" ON public."HelpCategory" USING btree (slug);


--
-- TOC entry 6409 (class 1259 OID 20165)
-- Name: IdempotencyKey_key_idx; Type: INDEX; Schema: public; Owner: -
--

CREATE INDEX "IdempotencyKey_key_idx" ON public."IdempotencyKey" USING btree (key);


--
-- TOC entry 6410 (class 1259 OID 20164)
-- Name: IdempotencyKey_key_key; Type: INDEX; Schema: public; Owner: -
--

CREATE UNIQUE INDEX "IdempotencyKey_key_key" ON public."IdempotencyKey" USING btree (key);


--
-- TOC entry 6413 (class 1259 OID 20166)
-- Name: IdempotencyKey_tenantId_idx; Type: INDEX; Schema: public; Owner: -
--

CREATE INDEX "IdempotencyKey_tenantId_idx" ON public."IdempotencyKey" USING btree ("tenantId");


--
-- TOC entry 6414 (class 1259 OID 20173)
-- Name: InspectionResult_completedAt_idx; Type: INDEX; Schema: public; Owner: -
--

CREATE INDEX "InspectionResult_completedAt_idx" ON public."InspectionResult" USING btree ("completedAt");


--
-- TOC entry 6415 (class 1259 OID 20172)
-- Name: InspectionResult_inspectorId_idx; Type: INDEX; Schema: public; Owner: -
--

CREATE INDEX "InspectionResult_inspectorId_idx" ON public."InspectionResult" USING btree ("inspectorId");


--
-- TOC entry 6418 (class 1259 OID 20168)
-- Name: InspectionResult_propertyId_idx; Type: INDEX; Schema: public; Owner: -
--

CREATE INDEX "InspectionResult_propertyId_idx" ON public."InspectionResult" USING btree ("propertyId");


--
-- TOC entry 6419 (class 1259 OID 20169)
-- Name: InspectionResult_roomId_idx; Type: INDEX; Schema: public; Owner: -
--

CREATE INDEX "InspectionResult_roomId_idx" ON public."InspectionResult" USING btree ("roomId");


--
-- TOC entry 6420 (class 1259 OID 20170)
-- Name: InspectionResult_taskId_idx; Type: INDEX; Schema: public; Owner: -
--

CREATE INDEX "InspectionResult_taskId_idx" ON public."InspectionResult" USING btree ("taskId");


--
-- TOC entry 6421 (class 1259 OID 20171)
-- Name: InspectionResult_templateId_idx; Type: INDEX; Schema: public; Owner: -
--

CREATE INDEX "InspectionResult_templateId_idx" ON public."InspectionResult" USING btree ("templateId");


--
-- TOC entry 6422 (class 1259 OID 20167)
-- Name: InspectionResult_tenantId_idx; Type: INDEX; Schema: public; Owner: -
--

CREATE INDEX "InspectionResult_tenantId_idx" ON public."InspectionResult" USING btree ("tenantId");


--
-- TOC entry 6423 (class 1259 OID 20177)
-- Name: InspectionTemplate_isActive_idx; Type: INDEX; Schema: public; Owner: -
--

CREATE INDEX "InspectionTemplate_isActive_idx" ON public."InspectionTemplate" USING btree ("isActive");


--
-- TOC entry 6426 (class 1259 OID 20175)
-- Name: InspectionTemplate_propertyId_idx; Type: INDEX; Schema: public; Owner: -
--

CREATE INDEX "InspectionTemplate_propertyId_idx" ON public."InspectionTemplate" USING btree ("propertyId");


--
-- TOC entry 6427 (class 1259 OID 20176)
-- Name: InspectionTemplate_roomType_idx; Type: INDEX; Schema: public; Owner: -
--

CREATE INDEX "InspectionTemplate_roomType_idx" ON public."InspectionTemplate" USING btree ("roomType");


--
-- TOC entry 6428 (class 1259 OID 20174)
-- Name: InspectionTemplate_tenantId_idx; Type: INDEX; Schema: public; Owner: -
--

CREATE INDEX "InspectionTemplate_tenantId_idx" ON public."InspectionTemplate" USING btree ("tenantId");


--
-- TOC entry 6431 (class 1259 OID 20178)
-- Name: Integration_tenantId_idx; Type: INDEX; Schema: public; Owner: -
--

CREATE INDEX "Integration_tenantId_idx" ON public."Integration" USING btree ("tenantId");


--
-- TOC entry 6432 (class 1259 OID 20179)
-- Name: Integration_tenantId_type_provider_key; Type: INDEX; Schema: public; Owner: -
--

CREATE UNIQUE INDEX "Integration_tenantId_type_provider_key" ON public."Integration" USING btree ("tenantId", type, provider);


--
-- TOC entry 6433 (class 1259 OID 20182)
-- Name: InterfaceAlias_interfaceId_idx; Type: INDEX; Schema: public; Owner: -
--

CREATE INDEX "InterfaceAlias_interfaceId_idx" ON public."InterfaceAlias" USING btree ("interfaceId");


--
-- TOC entry 6436 (class 1259 OID 20181)
-- Name: InterfaceAlias_propertyId_idx; Type: INDEX; Schema: public; Owner: -
--

CREATE INDEX "InterfaceAlias_propertyId_idx" ON public."InterfaceAlias" USING btree ("propertyId");


--
-- TOC entry 6437 (class 1259 OID 20183)
-- Name: InterfaceAlias_propertyId_interfaceId_ipAddress_key; Type: INDEX; Schema: public; Owner: -
--

CREATE UNIQUE INDEX "InterfaceAlias_propertyId_interfaceId_ipAddress_key" ON public."InterfaceAlias" USING btree ("propertyId", "interfaceId", "ipAddress");


--
-- TOC entry 6438 (class 1259 OID 20180)
-- Name: InterfaceAlias_tenantId_idx; Type: INDEX; Schema: public; Owner: -
--

CREATE INDEX "InterfaceAlias_tenantId_idx" ON public."InterfaceAlias" USING btree ("tenantId");


--
-- TOC entry 6441 (class 1259 OID 20185)
-- Name: InterfaceConfig_propertyId_idx; Type: INDEX; Schema: public; Owner: -
--

CREATE INDEX "InterfaceConfig_propertyId_idx" ON public."InterfaceConfig" USING btree ("propertyId");


--
-- TOC entry 6442 (class 1259 OID 20186)
-- Name: InterfaceConfig_propertyId_interfaceId_key; Type: INDEX; Schema: public; Owner: -
--

CREATE UNIQUE INDEX "InterfaceConfig_propertyId_interfaceId_key" ON public."InterfaceConfig" USING btree ("propertyId", "interfaceId");


--
-- TOC entry 6443 (class 1259 OID 20184)
-- Name: InterfaceConfig_tenantId_idx; Type: INDEX; Schema: public; Owner: -
--

CREATE INDEX "InterfaceConfig_tenantId_idx" ON public."InterfaceConfig" USING btree ("tenantId");


--
-- TOC entry 6446 (class 1259 OID 20188)
-- Name: InterfaceRole_propertyId_idx; Type: INDEX; Schema: public; Owner: -
--

CREATE INDEX "InterfaceRole_propertyId_idx" ON public."InterfaceRole" USING btree ("propertyId");


--
-- TOC entry 6447 (class 1259 OID 20190)
-- Name: InterfaceRole_propertyId_interfaceId_key; Type: INDEX; Schema: public; Owner: -
--

CREATE UNIQUE INDEX "InterfaceRole_propertyId_interfaceId_key" ON public."InterfaceRole" USING btree ("propertyId", "interfaceId");


--
-- TOC entry 6448 (class 1259 OID 20189)
-- Name: InterfaceRole_role_idx; Type: INDEX; Schema: public; Owner: -
--

CREATE INDEX "InterfaceRole_role_idx" ON public."InterfaceRole" USING btree (role);


--
-- TOC entry 6449 (class 1259 OID 20187)
-- Name: InterfaceRole_tenantId_idx; Type: INDEX; Schema: public; Owner: -
--

CREATE INDEX "InterfaceRole_tenantId_idx" ON public."InterfaceRole" USING btree ("tenantId");


--
-- TOC entry 7277 (class 1259 OID 20711)
-- Name: InventoryItem_propertyId_idx; Type: INDEX; Schema: public; Owner: -
--

CREATE INDEX "InventoryItem_propertyId_idx" ON public."InventoryItem" USING btree ("propertyId");


--
-- TOC entry 7278 (class 1259 OID 20712)
-- Name: InventoryItem_status_idx; Type: INDEX; Schema: public; Owner: -
--

CREATE INDEX "InventoryItem_status_idx" ON public."InventoryItem" USING btree (status);


--
-- TOC entry 6450 (class 1259 OID 20196)
-- Name: InventoryLock_expiresAt_idx; Type: INDEX; Schema: public; Owner: -
--

CREATE INDEX "InventoryLock_expiresAt_idx" ON public."InventoryLock" USING btree ("expiresAt");


--
-- TOC entry 6453 (class 1259 OID 20192)
-- Name: InventoryLock_propertyId_idx; Type: INDEX; Schema: public; Owner: -
--

CREATE INDEX "InventoryLock_propertyId_idx" ON public."InventoryLock" USING btree ("propertyId");


--
-- TOC entry 6454 (class 1259 OID 20193)
-- Name: InventoryLock_roomId_idx; Type: INDEX; Schema: public; Owner: -
--

CREATE INDEX "InventoryLock_roomId_idx" ON public."InventoryLock" USING btree ("roomId");


--
-- TOC entry 6455 (class 1259 OID 20194)
-- Name: InventoryLock_roomTypeId_idx; Type: INDEX; Schema: public; Owner: -
--

CREATE INDEX "InventoryLock_roomTypeId_idx" ON public."InventoryLock" USING btree ("roomTypeId");


--
-- TOC entry 6456 (class 1259 OID 20195)
-- Name: InventoryLock_sessionId_idx; Type: INDEX; Schema: public; Owner: -
--

CREATE INDEX "InventoryLock_sessionId_idx" ON public."InventoryLock" USING btree ("sessionId");


--
-- TOC entry 6457 (class 1259 OID 20191)
-- Name: InventoryLock_tenantId_idx; Type: INDEX; Schema: public; Owner: -
--

CREATE INDEX "InventoryLock_tenantId_idx" ON public."InventoryLock" USING btree ("tenantId");


--
-- TOC entry 7279 (class 1259 OID 20714)
-- Name: InventoryMovement_inventoryItemId_idx; Type: INDEX; Schema: public; Owner: -
--

CREATE INDEX "InventoryMovement_inventoryItemId_idx" ON public."InventoryMovement" USING btree ("inventoryItemId");


--
-- TOC entry 7282 (class 1259 OID 20713)
-- Name: InventoryMovement_propertyId_idx; Type: INDEX; Schema: public; Owner: -
--

CREATE INDEX "InventoryMovement_propertyId_idx" ON public."InventoryMovement" USING btree ("propertyId");


--
-- TOC entry 7354 (class 1259 OID 20763)
-- Name: InventoryTransferItem_stockItemId_idx; Type: INDEX; Schema: public; Owner: -
--

CREATE INDEX "InventoryTransferItem_stockItemId_idx" ON public."InventoryTransferItem" USING btree ("stockItemId");


--
-- TOC entry 7355 (class 1259 OID 20762)
-- Name: InventoryTransferItem_transferId_idx; Type: INDEX; Schema: public; Owner: -
--

CREATE INDEX "InventoryTransferItem_transferId_idx" ON public."InventoryTransferItem" USING btree ("transferId");


--
-- TOC entry 7346 (class 1259 OID 20759)
-- Name: InventoryTransfer_fromPropertyId_idx; Type: INDEX; Schema: public; Owner: -
--

CREATE INDEX "InventoryTransfer_fromPropertyId_idx" ON public."InventoryTransfer" USING btree ("fromPropertyId");


--
-- TOC entry 7349 (class 1259 OID 20761)
-- Name: InventoryTransfer_status_idx; Type: INDEX; Schema: public; Owner: -
--

CREATE INDEX "InventoryTransfer_status_idx" ON public."InventoryTransfer" USING btree (status);


--
-- TOC entry 7350 (class 1259 OID 20758)
-- Name: InventoryTransfer_tenantId_idx; Type: INDEX; Schema: public; Owner: -
--

CREATE INDEX "InventoryTransfer_tenantId_idx" ON public."InventoryTransfer" USING btree ("tenantId");


--
-- TOC entry 7351 (class 1259 OID 20760)
-- Name: InventoryTransfer_toPropertyId_idx; Type: INDEX; Schema: public; Owner: -
--

CREATE INDEX "InventoryTransfer_toPropertyId_idx" ON public."InventoryTransfer" USING btree ("toPropertyId");


--
-- TOC entry 6465 (class 1259 OID 20200)
-- Name: InvoiceTemplate_tenantId_idx; Type: INDEX; Schema: public; Owner: -
--

CREATE INDEX "InvoiceTemplate_tenantId_idx" ON public."InvoiceTemplate" USING btree ("tenantId");


--
-- TOC entry 6458 (class 1259 OID 20197)
-- Name: Invoice_invoiceNumber_key; Type: INDEX; Schema: public; Owner: -
--

CREATE UNIQUE INDEX "Invoice_invoiceNumber_key" ON public."Invoice" USING btree ("invoiceNumber");


--
-- TOC entry 6459 (class 1259 OID 20199)
-- Name: Invoice_isRecurring_recurringNextDate_idx; Type: INDEX; Schema: public; Owner: -
--

CREATE INDEX "Invoice_isRecurring_recurringNextDate_idx" ON public."Invoice" USING btree ("isRecurring", "recurringNextDate");


--
-- TOC entry 6462 (class 1259 OID 20198)
-- Name: Invoice_tenantId_idx; Type: INDEX; Schema: public; Owner: -
--

CREATE INDEX "Invoice_tenantId_idx" ON public."Invoice" USING btree ("tenantId");


--
-- TOC entry 6472 (class 1259 OID 20205)
-- Name: IoTCommand_deviceId_idx; Type: INDEX; Schema: public; Owner: -
--

CREATE INDEX "IoTCommand_deviceId_idx" ON public."IoTCommand" USING btree ("deviceId");


--
-- TOC entry 6475 (class 1259 OID 20206)
-- Name: IoTCommand_status_idx; Type: INDEX; Schema: public; Owner: -
--

CREATE INDEX "IoTCommand_status_idx" ON public."IoTCommand" USING btree (status);


--
-- TOC entry 6478 (class 1259 OID 20208)
-- Name: IoTDevice_propertyId_idx; Type: INDEX; Schema: public; Owner: -
--

CREATE INDEX "IoTDevice_propertyId_idx" ON public."IoTDevice" USING btree ("propertyId");


--
-- TOC entry 6479 (class 1259 OID 20209)
-- Name: IoTDevice_roomId_idx; Type: INDEX; Schema: public; Owner: -
--

CREATE INDEX "IoTDevice_roomId_idx" ON public."IoTDevice" USING btree ("roomId");


--
-- TOC entry 6480 (class 1259 OID 20207)
-- Name: IoTDevice_tenantId_idx; Type: INDEX; Schema: public; Owner: -
--

CREATE INDEX "IoTDevice_tenantId_idx" ON public."IoTDevice" USING btree ("tenantId");


--
-- TOC entry 6481 (class 1259 OID 20210)
-- Name: IoTReading_deviceId_idx; Type: INDEX; Schema: public; Owner: -
--

CREATE INDEX "IoTReading_deviceId_idx" ON public."IoTReading" USING btree ("deviceId");


--
-- TOC entry 6484 (class 1259 OID 20211)
-- Name: IoTReading_timestamp_idx; Type: INDEX; Schema: public; Owner: -
--

CREATE INDEX "IoTReading_timestamp_idx" ON public."IoTReading" USING btree ("timestamp");


--
-- TOC entry 7219 (class 1259 OID 20673)
-- Name: IpPoolRange_poolId_idx; Type: INDEX; Schema: public; Owner: -
--

CREATE INDEX "IpPoolRange_poolId_idx" ON public."IpPoolRange" USING btree ("poolId");


--
-- TOC entry 7210 (class 1259 OID 20671)
-- Name: IpPool_captivePortal_idx; Type: INDEX; Schema: public; Owner: -
--

CREATE INDEX "IpPool_captivePortal_idx" ON public."IpPool" USING btree ("captivePortal");


--
-- TOC entry 7211 (class 1259 OID 20670)
-- Name: IpPool_isDefault_idx; Type: INDEX; Schema: public; Owner: -
--

CREATE INDEX "IpPool_isDefault_idx" ON public."IpPool" USING btree ("isDefault");


--
-- TOC entry 7214 (class 1259 OID 20669)
-- Name: IpPool_propertyId_idx; Type: INDEX; Schema: public; Owner: -
--

CREATE INDEX "IpPool_propertyId_idx" ON public."IpPool" USING btree ("propertyId");


--
-- TOC entry 7215 (class 1259 OID 20668)
-- Name: IpPool_tenantId_idx; Type: INDEX; Schema: public; Owner: -
--

CREATE INDEX "IpPool_tenantId_idx" ON public."IpPool" USING btree ("tenantId");


--
-- TOC entry 7216 (class 1259 OID 20672)
-- Name: IpPool_tenantId_name_key; Type: INDEX; Schema: public; Owner: -
--

CREATE UNIQUE INDEX "IpPool_tenantId_name_key" ON public."IpPool" USING btree ("tenantId", name);


--
-- TOC entry 7323 (class 1259 OID 20746)
-- Name: KeyCard_bookingId_idx; Type: INDEX; Schema: public; Owner: -
--

CREATE INDEX "KeyCard_bookingId_idx" ON public."KeyCard" USING btree ("bookingId");


--
-- TOC entry 7324 (class 1259 OID 20748)
-- Name: KeyCard_cardNumber_idx; Type: INDEX; Schema: public; Owner: -
--

CREATE INDEX "KeyCard_cardNumber_idx" ON public."KeyCard" USING btree ("cardNumber");


--
-- TOC entry 7325 (class 1259 OID 20741)
-- Name: KeyCard_cardNumber_key; Type: INDEX; Schema: public; Owner: -
--

CREATE UNIQUE INDEX "KeyCard_cardNumber_key" ON public."KeyCard" USING btree ("cardNumber");


--
-- TOC entry 7326 (class 1259 OID 20745)
-- Name: KeyCard_guestId_idx; Type: INDEX; Schema: public; Owner: -
--

CREATE INDEX "KeyCard_guestId_idx" ON public."KeyCard" USING btree ("guestId");


--
-- TOC entry 7329 (class 1259 OID 20743)
-- Name: KeyCard_propertyId_idx; Type: INDEX; Schema: public; Owner: -
--

CREATE INDEX "KeyCard_propertyId_idx" ON public."KeyCard" USING btree ("propertyId");


--
-- TOC entry 7330 (class 1259 OID 20744)
-- Name: KeyCard_roomId_idx; Type: INDEX; Schema: public; Owner: -
--

CREATE INDEX "KeyCard_roomId_idx" ON public."KeyCard" USING btree ("roomId");


--
-- TOC entry 7331 (class 1259 OID 20747)
-- Name: KeyCard_status_idx; Type: INDEX; Schema: public; Owner: -
--

CREATE INDEX "KeyCard_status_idx" ON public."KeyCard" USING btree (status);


--
-- TOC entry 7332 (class 1259 OID 20742)
-- Name: KeyCard_tenantId_idx; Type: INDEX; Schema: public; Owner: -
--

CREATE INDEX "KeyCard_tenantId_idx" ON public."KeyCard" USING btree ("tenantId");


--
-- TOC entry 7333 (class 1259 OID 20749)
-- Name: KeyCard_validFrom_idx; Type: INDEX; Schema: public; Owner: -
--

CREATE INDEX "KeyCard_validFrom_idx" ON public."KeyCard" USING btree ("validFrom");


--
-- TOC entry 7334 (class 1259 OID 20750)
-- Name: KeyCard_validTo_idx; Type: INDEX; Schema: public; Owner: -
--

CREATE INDEX "KeyCard_validTo_idx" ON public."KeyCard" USING btree ("validTo");


--
-- TOC entry 6487 (class 1259 OID 20212)
-- Name: KioskSettings_propertyId_idx; Type: INDEX; Schema: public; Owner: -
--

CREATE INDEX "KioskSettings_propertyId_idx" ON public."KioskSettings" USING btree ("propertyId");


--
-- TOC entry 6488 (class 1259 OID 20214)
-- Name: KioskSettings_propertyId_key; Type: INDEX; Schema: public; Owner: -
--

CREATE UNIQUE INDEX "KioskSettings_propertyId_key" ON public."KioskSettings" USING btree ("propertyId");


--
-- TOC entry 6489 (class 1259 OID 20213)
-- Name: KioskSettings_tenantId_idx; Type: INDEX; Schema: public; Owner: -
--

CREATE INDEX "KioskSettings_tenantId_idx" ON public."KioskSettings" USING btree ("tenantId");


--
-- TOC entry 7372 (class 1259 OID 20779)
-- Name: LicenseKey_activatedBy_idx; Type: INDEX; Schema: public; Owner: -
--

CREATE INDEX "LicenseKey_activatedBy_idx" ON public."LicenseKey" USING btree ("activatedBy");


--
-- TOC entry 7373 (class 1259 OID 20778)
-- Name: LicenseKey_batchId_idx; Type: INDEX; Schema: public; Owner: -
--

CREATE INDEX "LicenseKey_batchId_idx" ON public."LicenseKey" USING btree ("batchId");


--
-- TOC entry 7374 (class 1259 OID 20775)
-- Name: LicenseKey_key_idx; Type: INDEX; Schema: public; Owner: -
--

CREATE INDEX "LicenseKey_key_idx" ON public."LicenseKey" USING btree (key);


--
-- TOC entry 7375 (class 1259 OID 20774)
-- Name: LicenseKey_key_key; Type: INDEX; Schema: public; Owner: -
--

CREATE UNIQUE INDEX "LicenseKey_key_key" ON public."LicenseKey" USING btree (key);


--
-- TOC entry 7378 (class 1259 OID 20776)
-- Name: LicenseKey_planId_idx; Type: INDEX; Schema: public; Owner: -
--

CREATE INDEX "LicenseKey_planId_idx" ON public."LicenseKey" USING btree ("planId");


--
-- TOC entry 7379 (class 1259 OID 20777)
-- Name: LicenseKey_status_idx; Type: INDEX; Schema: public; Owner: -
--

CREATE INDEX "LicenseKey_status_idx" ON public."LicenseKey" USING btree (status);


--
-- TOC entry 7380 (class 1259 OID 20780)
-- Name: LicenseKey_tenantId_idx; Type: INDEX; Schema: public; Owner: -
--

CREATE INDEX "LicenseKey_tenantId_idx" ON public."LicenseKey" USING btree ("tenantId");


--
-- TOC entry 6490 (class 1259 OID 20215)
-- Name: LiveSession_acctSessionId_key; Type: INDEX; Schema: public; Owner: -
--

CREATE UNIQUE INDEX "LiveSession_acctSessionId_key" ON public."LiveSession" USING btree ("acctSessionId");


--
-- TOC entry 6491 (class 1259 OID 20223)
-- Name: LiveSession_framedIpAddress_idx; Type: INDEX; Schema: public; Owner: -
--

CREATE INDEX "LiveSession_framedIpAddress_idx" ON public."LiveSession" USING btree ("framedIpAddress");


--
-- TOC entry 6492 (class 1259 OID 20224)
-- Name: LiveSession_macAddress_idx; Type: INDEX; Schema: public; Owner: -
--

CREATE INDEX "LiveSession_macAddress_idx" ON public."LiveSession" USING btree ("macAddress");


--
-- TOC entry 6493 (class 1259 OID 20220)
-- Name: LiveSession_nasIpAddress_idx; Type: INDEX; Schema: public; Owner: -
--

CREATE INDEX "LiveSession_nasIpAddress_idx" ON public."LiveSession" USING btree ("nasIpAddress");


--
-- TOC entry 6496 (class 1259 OID 20217)
-- Name: LiveSession_propertyId_idx; Type: INDEX; Schema: public; Owner: -
--

CREATE INDEX "LiveSession_propertyId_idx" ON public."LiveSession" USING btree ("propertyId");


--
-- TOC entry 6497 (class 1259 OID 20221)
-- Name: LiveSession_status_idx; Type: INDEX; Schema: public; Owner: -
--

CREATE INDEX "LiveSession_status_idx" ON public."LiveSession" USING btree (status);


--
-- TOC entry 6498 (class 1259 OID 20218)
-- Name: LiveSession_tenantId_idx; Type: INDEX; Schema: public; Owner: -
--

CREATE INDEX "LiveSession_tenantId_idx" ON public."LiveSession" USING btree ("tenantId");


--
-- TOC entry 6499 (class 1259 OID 20222)
-- Name: LiveSession_userId_idx; Type: INDEX; Schema: public; Owner: -
--

CREATE INDEX "LiveSession_userId_idx" ON public."LiveSession" USING btree ("userId");


--
-- TOC entry 6500 (class 1259 OID 20219)
-- Name: LiveSession_username_idx; Type: INDEX; Schema: public; Owner: -
--

CREATE INDEX "LiveSession_username_idx" ON public."LiveSession" USING btree (username);


--
-- TOC entry 6501 (class 1259 OID 20216)
-- Name: LiveSession_username_key; Type: INDEX; Schema: public; Owner: -
--

CREATE UNIQUE INDEX "LiveSession_username_key" ON public."LiveSession" USING btree (username);


--
-- TOC entry 6502 (class 1259 OID 20228)
-- Name: LoyaltyPointTransaction_expiresAt_idx; Type: INDEX; Schema: public; Owner: -
--

CREATE INDEX "LoyaltyPointTransaction_expiresAt_idx" ON public."LoyaltyPointTransaction" USING btree ("expiresAt");


--
-- TOC entry 6503 (class 1259 OID 20226)
-- Name: LoyaltyPointTransaction_guestId_idx; Type: INDEX; Schema: public; Owner: -
--

CREATE INDEX "LoyaltyPointTransaction_guestId_idx" ON public."LoyaltyPointTransaction" USING btree ("guestId");


--
-- TOC entry 6506 (class 1259 OID 20225)
-- Name: LoyaltyPointTransaction_tenantId_idx; Type: INDEX; Schema: public; Owner: -
--

CREATE INDEX "LoyaltyPointTransaction_tenantId_idx" ON public."LoyaltyPointTransaction" USING btree ("tenantId");


--
-- TOC entry 6507 (class 1259 OID 20227)
-- Name: LoyaltyPointTransaction_type_idx; Type: INDEX; Schema: public; Owner: -
--

CREATE INDEX "LoyaltyPointTransaction_type_idx" ON public."LoyaltyPointTransaction" USING btree (type);


--
-- TOC entry 6508 (class 1259 OID 20231)
-- Name: LoyaltyRedemption_guestId_idx; Type: INDEX; Schema: public; Owner: -
--

CREATE INDEX "LoyaltyRedemption_guestId_idx" ON public."LoyaltyRedemption" USING btree ("guestId");


--
-- TOC entry 6511 (class 1259 OID 20234)
-- Name: LoyaltyRedemption_redemptionCode_idx; Type: INDEX; Schema: public; Owner: -
--

CREATE INDEX "LoyaltyRedemption_redemptionCode_idx" ON public."LoyaltyRedemption" USING btree ("redemptionCode");


--
-- TOC entry 6512 (class 1259 OID 20229)
-- Name: LoyaltyRedemption_redemptionCode_key; Type: INDEX; Schema: public; Owner: -
--

CREATE UNIQUE INDEX "LoyaltyRedemption_redemptionCode_key" ON public."LoyaltyRedemption" USING btree ("redemptionCode");


--
-- TOC entry 6513 (class 1259 OID 20232)
-- Name: LoyaltyRedemption_rewardId_idx; Type: INDEX; Schema: public; Owner: -
--

CREATE INDEX "LoyaltyRedemption_rewardId_idx" ON public."LoyaltyRedemption" USING btree ("rewardId");


--
-- TOC entry 6514 (class 1259 OID 20233)
-- Name: LoyaltyRedemption_status_idx; Type: INDEX; Schema: public; Owner: -
--

CREATE INDEX "LoyaltyRedemption_status_idx" ON public."LoyaltyRedemption" USING btree (status);


--
-- TOC entry 6515 (class 1259 OID 20230)
-- Name: LoyaltyRedemption_tenantId_idx; Type: INDEX; Schema: public; Owner: -
--

CREATE INDEX "LoyaltyRedemption_tenantId_idx" ON public."LoyaltyRedemption" USING btree ("tenantId");


--
-- TOC entry 6516 (class 1259 OID 20236)
-- Name: LoyaltyReward_category_idx; Type: INDEX; Schema: public; Owner: -
--

CREATE INDEX "LoyaltyReward_category_idx" ON public."LoyaltyReward" USING btree (category);


--
-- TOC entry 6517 (class 1259 OID 20237)
-- Name: LoyaltyReward_isAvailable_idx; Type: INDEX; Schema: public; Owner: -
--

CREATE INDEX "LoyaltyReward_isAvailable_idx" ON public."LoyaltyReward" USING btree ("isAvailable");


--
-- TOC entry 6520 (class 1259 OID 20235)
-- Name: LoyaltyReward_tenantId_idx; Type: INDEX; Schema: public; Owner: -
--

CREATE INDEX "LoyaltyReward_tenantId_idx" ON public."LoyaltyReward" USING btree ("tenantId");


--
-- TOC entry 6521 (class 1259 OID 20239)
-- Name: LoyaltyTier_minPoints_idx; Type: INDEX; Schema: public; Owner: -
--

CREATE INDEX "LoyaltyTier_minPoints_idx" ON public."LoyaltyTier" USING btree ("minPoints");


--
-- TOC entry 6524 (class 1259 OID 20238)
-- Name: LoyaltyTier_tenantId_idx; Type: INDEX; Schema: public; Owner: -
--

CREATE INDEX "LoyaltyTier_tenantId_idx" ON public."LoyaltyTier" USING btree ("tenantId");


--
-- TOC entry 6525 (class 1259 OID 20240)
-- Name: LoyaltyTier_tenantId_name_key; Type: INDEX; Schema: public; Owner: -
--

CREATE UNIQUE INDEX "LoyaltyTier_tenantId_name_key" ON public."LoyaltyTier" USING btree ("tenantId", name);


--
-- TOC entry 6526 (class 1259 OID 20242)
-- Name: LoyaltyTransaction_guestId_idx; Type: INDEX; Schema: public; Owner: -
--

CREATE INDEX "LoyaltyTransaction_guestId_idx" ON public."LoyaltyTransaction" USING btree ("guestId");


--
-- TOC entry 6529 (class 1259 OID 20241)
-- Name: LoyaltyTransaction_tenantId_idx; Type: INDEX; Schema: public; Owner: -
--

CREATE INDEX "LoyaltyTransaction_tenantId_idx" ON public."LoyaltyTransaction" USING btree ("tenantId");


--
-- TOC entry 6530 (class 1259 OID 20246)
-- Name: MacFilter_enabled_idx; Type: INDEX; Schema: public; Owner: -
--

CREATE INDEX "MacFilter_enabled_idx" ON public."MacFilter" USING btree (enabled);


--
-- TOC entry 6531 (class 1259 OID 20245)
-- Name: MacFilter_listType_idx; Type: INDEX; Schema: public; Owner: -
--

CREATE INDEX "MacFilter_listType_idx" ON public."MacFilter" USING btree ("listType");


--
-- TOC entry 6534 (class 1259 OID 20244)
-- Name: MacFilter_propertyId_idx; Type: INDEX; Schema: public; Owner: -
--

CREATE INDEX "MacFilter_propertyId_idx" ON public."MacFilter" USING btree ("propertyId");


--
-- TOC entry 6535 (class 1259 OID 20247)
-- Name: MacFilter_propertyId_macAddress_key; Type: INDEX; Schema: public; Owner: -
--

CREATE UNIQUE INDEX "MacFilter_propertyId_macAddress_key" ON public."MacFilter" USING btree ("propertyId", "macAddress");


--
-- TOC entry 6536 (class 1259 OID 20243)
-- Name: MacFilter_tenantId_idx; Type: INDEX; Schema: public; Owner: -
--

CREATE INDEX "MacFilter_tenantId_idx" ON public."MacFilter" USING btree ("tenantId");


--
-- TOC entry 6537 (class 1259 OID 20253)
-- Name: MaintenanceBlock_endDate_idx; Type: INDEX; Schema: public; Owner: -
--

CREATE INDEX "MaintenanceBlock_endDate_idx" ON public."MaintenanceBlock" USING btree ("endDate");


--
-- TOC entry 6540 (class 1259 OID 20249)
-- Name: MaintenanceBlock_propertyId_idx; Type: INDEX; Schema: public; Owner: -
--

CREATE INDEX "MaintenanceBlock_propertyId_idx" ON public."MaintenanceBlock" USING btree ("propertyId");


--
-- TOC entry 6541 (class 1259 OID 20250)
-- Name: MaintenanceBlock_roomId_idx; Type: INDEX; Schema: public; Owner: -
--

CREATE INDEX "MaintenanceBlock_roomId_idx" ON public."MaintenanceBlock" USING btree ("roomId");


--
-- TOC entry 6542 (class 1259 OID 20252)
-- Name: MaintenanceBlock_startDate_idx; Type: INDEX; Schema: public; Owner: -
--

CREATE INDEX "MaintenanceBlock_startDate_idx" ON public."MaintenanceBlock" USING btree ("startDate");


--
-- TOC entry 6543 (class 1259 OID 20251)
-- Name: MaintenanceBlock_status_idx; Type: INDEX; Schema: public; Owner: -
--

CREATE INDEX "MaintenanceBlock_status_idx" ON public."MaintenanceBlock" USING btree (status);


--
-- TOC entry 6544 (class 1259 OID 20248)
-- Name: MaintenanceBlock_tenantId_idx; Type: INDEX; Schema: public; Owner: -
--

CREATE INDEX "MaintenanceBlock_tenantId_idx" ON public."MaintenanceBlock" USING btree ("tenantId");


--
-- TOC entry 6545 (class 1259 OID 20255)
-- Name: ManualTransaction_paymentId_idx; Type: INDEX; Schema: public; Owner: -
--

CREATE INDEX "ManualTransaction_paymentId_idx" ON public."ManualTransaction" USING btree ("paymentId");


--
-- TOC entry 6548 (class 1259 OID 20256)
-- Name: ManualTransaction_status_idx; Type: INDEX; Schema: public; Owner: -
--

CREATE INDEX "ManualTransaction_status_idx" ON public."ManualTransaction" USING btree (status);


--
-- TOC entry 6549 (class 1259 OID 20254)
-- Name: ManualTransaction_tenantId_idx; Type: INDEX; Schema: public; Owner: -
--

CREATE INDEX "ManualTransaction_tenantId_idx" ON public."ManualTransaction" USING btree ("tenantId");


--
-- TOC entry 6550 (class 1259 OID 20258)
-- Name: MenuItem_categoryId_idx; Type: INDEX; Schema: public; Owner: -
--

CREATE INDEX "MenuItem_categoryId_idx" ON public."MenuItem" USING btree ("categoryId");


--
-- TOC entry 6553 (class 1259 OID 20257)
-- Name: MenuItem_propertyId_idx; Type: INDEX; Schema: public; Owner: -
--

CREATE INDEX "MenuItem_propertyId_idx" ON public."MenuItem" USING btree ("propertyId");


--
-- TOC entry 7267 (class 1259 OID 20708)
-- Name: MenuModifierOption_modifierGroupId_idx; Type: INDEX; Schema: public; Owner: -
--

CREATE INDEX "MenuModifierOption_modifierGroupId_idx" ON public."MenuModifierOption" USING btree ("modifierGroupId");


--
-- TOC entry 7270 (class 1259 OID 20707)
-- Name: MenuModifierOption_propertyId_idx; Type: INDEX; Schema: public; Owner: -
--

CREATE INDEX "MenuModifierOption_propertyId_idx" ON public."MenuModifierOption" USING btree ("propertyId");


--
-- TOC entry 7263 (class 1259 OID 20706)
-- Name: MenuModifier_isAvailable_idx; Type: INDEX; Schema: public; Owner: -
--

CREATE INDEX "MenuModifier_isAvailable_idx" ON public."MenuModifier" USING btree ("isAvailable");


--
-- TOC entry 7266 (class 1259 OID 20705)
-- Name: MenuModifier_propertyId_idx; Type: INDEX; Schema: public; Owner: -
--

CREATE INDEX "MenuModifier_propertyId_idx" ON public."MenuModifier" USING btree ("propertyId");


--
-- TOC entry 7271 (class 1259 OID 20710)
-- Name: MenuVariant_menuItemId_idx; Type: INDEX; Schema: public; Owner: -
--

CREATE INDEX "MenuVariant_menuItemId_idx" ON public."MenuVariant" USING btree ("menuItemId");


--
-- TOC entry 7274 (class 1259 OID 20709)
-- Name: MenuVariant_propertyId_idx; Type: INDEX; Schema: public; Owner: -
--

CREATE INDEX "MenuVariant_propertyId_idx" ON public."MenuVariant" USING btree ("propertyId");


--
-- TOC entry 6554 (class 1259 OID 20261)
-- Name: MessageTemplate_category_idx; Type: INDEX; Schema: public; Owner: -
--

CREATE INDEX "MessageTemplate_category_idx" ON public."MessageTemplate" USING btree (category);


--
-- TOC entry 6555 (class 1259 OID 20260)
-- Name: MessageTemplate_channel_idx; Type: INDEX; Schema: public; Owner: -
--

CREATE INDEX "MessageTemplate_channel_idx" ON public."MessageTemplate" USING btree (channel);


--
-- TOC entry 6558 (class 1259 OID 20259)
-- Name: MessageTemplate_tenantId_idx; Type: INDEX; Schema: public; Owner: -
--

CREATE INDEX "MessageTemplate_tenantId_idx" ON public."MessageTemplate" USING btree ("tenantId");


--
-- TOC entry 6559 (class 1259 OID 20262)
-- Name: MessageTemplate_tenantId_name_channel_key; Type: INDEX; Schema: public; Owner: -
--

CREATE UNIQUE INDEX "MessageTemplate_tenantId_name_channel_key" ON public."MessageTemplate" USING btree ("tenantId", name, channel);


--
-- TOC entry 6562 (class 1259 OID 20264)
-- Name: MetasearchConnection_platform_idx; Type: INDEX; Schema: public; Owner: -
--

CREATE INDEX "MetasearchConnection_platform_idx" ON public."MetasearchConnection" USING btree (platform);


--
-- TOC entry 6563 (class 1259 OID 20265)
-- Name: MetasearchConnection_status_idx; Type: INDEX; Schema: public; Owner: -
--

CREATE INDEX "MetasearchConnection_status_idx" ON public."MetasearchConnection" USING btree (status);


--
-- TOC entry 6564 (class 1259 OID 20263)
-- Name: MetasearchConnection_tenantId_idx; Type: INDEX; Schema: public; Owner: -
--

CREATE INDEX "MetasearchConnection_tenantId_idx" ON public."MetasearchConnection" USING btree ("tenantId");


--
-- TOC entry 6565 (class 1259 OID 20266)
-- Name: MetasearchConnection_tenantId_propertyId_platform_key; Type: INDEX; Schema: public; Owner: -
--

CREATE UNIQUE INDEX "MetasearchConnection_tenantId_propertyId_platform_key" ON public."MetasearchConnection" USING btree ("tenantId", "propertyId", platform);


--
-- TOC entry 6568 (class 1259 OID 20267)
-- Name: MultiWanConfig_propertyId_key; Type: INDEX; Schema: public; Owner: -
--

CREATE UNIQUE INDEX "MultiWanConfig_propertyId_key" ON public."MultiWanConfig" USING btree ("propertyId");


--
-- TOC entry 6569 (class 1259 OID 20268)
-- Name: MultiWanConfig_tenantId_idx; Type: INDEX; Schema: public; Owner: -
--

CREATE INDEX "MultiWanConfig_tenantId_idx" ON public."MultiWanConfig" USING btree ("tenantId");


--
-- TOC entry 6593 (class 1259 OID 20288)
-- Name: NasHealthLog_createdAt_idx; Type: INDEX; Schema: public; Owner: -
--

CREATE INDEX "NasHealthLog_createdAt_idx" ON public."NasHealthLog" USING btree ("createdAt");


--
-- TOC entry 6594 (class 1259 OID 20287)
-- Name: NasHealthLog_isOnline_idx; Type: INDEX; Schema: public; Owner: -
--

CREATE INDEX "NasHealthLog_isOnline_idx" ON public."NasHealthLog" USING btree ("isOnline");


--
-- TOC entry 6595 (class 1259 OID 20286)
-- Name: NasHealthLog_nasIpAddress_idx; Type: INDEX; Schema: public; Owner: -
--

CREATE INDEX "NasHealthLog_nasIpAddress_idx" ON public."NasHealthLog" USING btree ("nasIpAddress");


--
-- TOC entry 6598 (class 1259 OID 20284)
-- Name: NasHealthLog_propertyId_idx; Type: INDEX; Schema: public; Owner: -
--

CREATE INDEX "NasHealthLog_propertyId_idx" ON public."NasHealthLog" USING btree ("propertyId");


--
-- TOC entry 6599 (class 1259 OID 20285)
-- Name: NasHealthLog_tenantId_idx; Type: INDEX; Schema: public; Owner: -
--

CREATE INDEX "NasHealthLog_tenantId_idx" ON public."NasHealthLog" USING btree ("tenantId");


--
-- TOC entry 6602 (class 1259 OID 20293)
-- Name: NatLog_destDomain_idx; Type: INDEX; Schema: public; Owner: -
--

CREATE INDEX "NatLog_destDomain_idx" ON public."NatLog" USING btree ("destDomain");


--
-- TOC entry 6605 (class 1259 OID 20290)
-- Name: NatLog_propertyId_idx; Type: INDEX; Schema: public; Owner: -
--

CREATE INDEX "NatLog_propertyId_idx" ON public."NatLog" USING btree ("propertyId");


--
-- TOC entry 6606 (class 1259 OID 20294)
-- Name: NatLog_sessionId_idx; Type: INDEX; Schema: public; Owner: -
--

CREATE INDEX "NatLog_sessionId_idx" ON public."NatLog" USING btree ("sessionId");


--
-- TOC entry 6607 (class 1259 OID 20292)
-- Name: NatLog_sourceIp_idx; Type: INDEX; Schema: public; Owner: -
--

CREATE INDEX "NatLog_sourceIp_idx" ON public."NatLog" USING btree ("sourceIp");


--
-- TOC entry 6608 (class 1259 OID 20289)
-- Name: NatLog_tenantId_idx; Type: INDEX; Schema: public; Owner: -
--

CREATE INDEX "NatLog_tenantId_idx" ON public."NatLog" USING btree ("tenantId");


--
-- TOC entry 6609 (class 1259 OID 20291)
-- Name: NatLog_timestamp_idx; Type: INDEX; Schema: public; Owner: -
--

CREATE INDEX "NatLog_timestamp_idx" ON public."NatLog" USING btree ("timestamp");


--
-- TOC entry 6610 (class 1259 OID 20297)
-- Name: NetworkConfigBackup_createdAt_idx; Type: INDEX; Schema: public; Owner: -
--

CREATE INDEX "NetworkConfigBackup_createdAt_idx" ON public."NetworkConfigBackup" USING btree ("createdAt");


--
-- TOC entry 6613 (class 1259 OID 20296)
-- Name: NetworkConfigBackup_propertyId_idx; Type: INDEX; Schema: public; Owner: -
--

CREATE INDEX "NetworkConfigBackup_propertyId_idx" ON public."NetworkConfigBackup" USING btree ("propertyId");


--
-- TOC entry 6614 (class 1259 OID 20295)
-- Name: NetworkConfigBackup_tenantId_idx; Type: INDEX; Schema: public; Owner: -
--

CREATE INDEX "NetworkConfigBackup_tenantId_idx" ON public."NetworkConfigBackup" USING btree ("tenantId");


--
-- TOC entry 6617 (class 1259 OID 20299)
-- Name: NetworkInterface_propertyId_idx; Type: INDEX; Schema: public; Owner: -
--

CREATE INDEX "NetworkInterface_propertyId_idx" ON public."NetworkInterface" USING btree ("propertyId");


--
-- TOC entry 6618 (class 1259 OID 20301)
-- Name: NetworkInterface_propertyId_name_key; Type: INDEX; Schema: public; Owner: -
--

CREATE UNIQUE INDEX "NetworkInterface_propertyId_name_key" ON public."NetworkInterface" USING btree ("propertyId", name);


--
-- TOC entry 6619 (class 1259 OID 20300)
-- Name: NetworkInterface_status_idx; Type: INDEX; Schema: public; Owner: -
--

CREATE INDEX "NetworkInterface_status_idx" ON public."NetworkInterface" USING btree (status);


--
-- TOC entry 6620 (class 1259 OID 20298)
-- Name: NetworkInterface_tenantId_idx; Type: INDEX; Schema: public; Owner: -
--

CREATE INDEX "NetworkInterface_tenantId_idx" ON public."NetworkInterface" USING btree ("tenantId");


--
-- TOC entry 6631 (class 1259 OID 20309)
-- Name: NotificationLog_recipientId_idx; Type: INDEX; Schema: public; Owner: -
--

CREATE INDEX "NotificationLog_recipientId_idx" ON public."NotificationLog" USING btree ("recipientId");


--
-- TOC entry 6632 (class 1259 OID 20310)
-- Name: NotificationLog_status_idx; Type: INDEX; Schema: public; Owner: -
--

CREATE INDEX "NotificationLog_status_idx" ON public."NotificationLog" USING btree (status);


--
-- TOC entry 6633 (class 1259 OID 20308)
-- Name: NotificationLog_tenantId_idx; Type: INDEX; Schema: public; Owner: -
--

CREATE INDEX "NotificationLog_tenantId_idx" ON public."NotificationLog" USING btree ("tenantId");


--
-- TOC entry 6636 (class 1259 OID 20311)
-- Name: NotificationPreference_tenantId_idx; Type: INDEX; Schema: public; Owner: -
--

CREATE INDEX "NotificationPreference_tenantId_idx" ON public."NotificationPreference" USING btree ("tenantId");


--
-- TOC entry 6637 (class 1259 OID 20313)
-- Name: NotificationPreference_userId_category_key; Type: INDEX; Schema: public; Owner: -
--

CREATE UNIQUE INDEX "NotificationPreference_userId_category_key" ON public."NotificationPreference" USING btree ("userId", category);


--
-- TOC entry 6638 (class 1259 OID 20312)
-- Name: NotificationPreference_userId_idx; Type: INDEX; Schema: public; Owner: -
--

CREATE INDEX "NotificationPreference_userId_idx" ON public."NotificationPreference" USING btree ("userId");


--
-- TOC entry 6641 (class 1259 OID 20314)
-- Name: NotificationTemplate_tenantId_idx; Type: INDEX; Schema: public; Owner: -
--

CREATE INDEX "NotificationTemplate_tenantId_idx" ON public."NotificationTemplate" USING btree ("tenantId");


--
-- TOC entry 6642 (class 1259 OID 20315)
-- Name: NotificationTemplate_tenantId_triggerEvent_type_key; Type: INDEX; Schema: public; Owner: -
--

CREATE UNIQUE INDEX "NotificationTemplate_tenantId_triggerEvent_type_key" ON public."NotificationTemplate" USING btree ("tenantId", "triggerEvent", type);


--
-- TOC entry 6621 (class 1259 OID 20306)
-- Name: Notification_createdAt_idx; Type: INDEX; Schema: public; Owner: -
--

CREATE INDEX "Notification_createdAt_idx" ON public."Notification" USING btree ("createdAt");


--
-- TOC entry 6622 (class 1259 OID 20307)
-- Name: Notification_expiresAt_idx; Type: INDEX; Schema: public; Owner: -
--

CREATE INDEX "Notification_expiresAt_idx" ON public."Notification" USING btree ("expiresAt");


--
-- TOC entry 6625 (class 1259 OID 20305)
-- Name: Notification_readAt_idx; Type: INDEX; Schema: public; Owner: -
--

CREATE INDEX "Notification_readAt_idx" ON public."Notification" USING btree ("readAt");


--
-- TOC entry 6626 (class 1259 OID 20302)
-- Name: Notification_tenantId_idx; Type: INDEX; Schema: public; Owner: -
--

CREATE INDEX "Notification_tenantId_idx" ON public."Notification" USING btree ("tenantId");


--
-- TOC entry 6627 (class 1259 OID 20304)
-- Name: Notification_type_idx; Type: INDEX; Schema: public; Owner: -
--

CREATE INDEX "Notification_type_idx" ON public."Notification" USING btree (type);


--
-- TOC entry 6628 (class 1259 OID 20303)
-- Name: Notification_userId_idx; Type: INDEX; Schema: public; Owner: -
--

CREATE INDEX "Notification_userId_idx" ON public."Notification" USING btree ("userId");


--
-- TOC entry 6652 (class 1259 OID 20321)
-- Name: OrderCategory_propertyId_idx; Type: INDEX; Schema: public; Owner: -
--

CREATE INDEX "OrderCategory_propertyId_idx" ON public."OrderCategory" USING btree ("propertyId");


--
-- TOC entry 7297 (class 1259 OID 20724)
-- Name: OrderDiscount_orderId_idx; Type: INDEX; Schema: public; Owner: -
--

CREATE INDEX "OrderDiscount_orderId_idx" ON public."OrderDiscount" USING btree ("orderId");


--
-- TOC entry 7300 (class 1259 OID 20723)
-- Name: OrderDiscount_tenantId_idx; Type: INDEX; Schema: public; Owner: -
--

CREATE INDEX "OrderDiscount_tenantId_idx" ON public."OrderDiscount" USING btree ("tenantId");


--
-- TOC entry 6653 (class 1259 OID 20322)
-- Name: OrderItem_orderId_idx; Type: INDEX; Schema: public; Owner: -
--

CREATE INDEX "OrderItem_orderId_idx" ON public."OrderItem" USING btree ("orderId");


--
-- TOC entry 6643 (class 1259 OID 20316)
-- Name: Order_orderNumber_key; Type: INDEX; Schema: public; Owner: -
--

CREATE UNIQUE INDEX "Order_orderNumber_key" ON public."Order" USING btree ("orderNumber");


--
-- TOC entry 6646 (class 1259 OID 20318)
-- Name: Order_propertyId_idx; Type: INDEX; Schema: public; Owner: -
--

CREATE INDEX "Order_propertyId_idx" ON public."Order" USING btree ("propertyId");


--
-- TOC entry 6647 (class 1259 OID 20320)
-- Name: Order_roomNumber_idx; Type: INDEX; Schema: public; Owner: -
--

CREATE INDEX "Order_roomNumber_idx" ON public."Order" USING btree ("roomNumber");


--
-- TOC entry 6648 (class 1259 OID 20319)
-- Name: Order_status_idx; Type: INDEX; Schema: public; Owner: -
--

CREATE INDEX "Order_status_idx" ON public."Order" USING btree (status);


--
-- TOC entry 6649 (class 1259 OID 20317)
-- Name: Order_tenantId_idx; Type: INDEX; Schema: public; Owner: -
--

CREATE INDEX "Order_tenantId_idx" ON public."Order" USING btree ("tenantId");


--
-- TOC entry 7340 (class 1259 OID 20757)
-- Name: ParkingPass_endDate_idx; Type: INDEX; Schema: public; Owner: -
--

CREATE INDEX "ParkingPass_endDate_idx" ON public."ParkingPass" USING btree ("endDate");


--
-- TOC entry 7343 (class 1259 OID 20755)
-- Name: ParkingPass_propertyId_idx; Type: INDEX; Schema: public; Owner: -
--

CREATE INDEX "ParkingPass_propertyId_idx" ON public."ParkingPass" USING btree ("propertyId");


--
-- TOC entry 7344 (class 1259 OID 20756)
-- Name: ParkingPass_status_idx; Type: INDEX; Schema: public; Owner: -
--

CREATE INDEX "ParkingPass_status_idx" ON public."ParkingPass" USING btree (status);


--
-- TOC entry 7345 (class 1259 OID 20754)
-- Name: ParkingPass_tenantId_idx; Type: INDEX; Schema: public; Owner: -
--

CREATE INDEX "ParkingPass_tenantId_idx" ON public."ParkingPass" USING btree ("tenantId");


--
-- TOC entry 6658 (class 1259 OID 20323)
-- Name: ParkingSlot_tenantId_idx; Type: INDEX; Schema: public; Owner: -
--

CREATE INDEX "ParkingSlot_tenantId_idx" ON public."ParkingSlot" USING btree ("tenantId");


--
-- TOC entry 6659 (class 1259 OID 20324)
-- Name: ParkingSlot_tenantId_number_key; Type: INDEX; Schema: public; Owner: -
--

CREATE UNIQUE INDEX "ParkingSlot_tenantId_number_key" ON public."ParkingSlot" USING btree ("tenantId", number);


--
-- TOC entry 6671 (class 1259 OID 20333)
-- Name: PaymentGateway_status_idx; Type: INDEX; Schema: public; Owner: -
--

CREATE INDEX "PaymentGateway_status_idx" ON public."PaymentGateway" USING btree (status);


--
-- TOC entry 6672 (class 1259 OID 20332)
-- Name: PaymentGateway_tenantId_idx; Type: INDEX; Schema: public; Owner: -
--

CREATE INDEX "PaymentGateway_tenantId_idx" ON public."PaymentGateway" USING btree ("tenantId");


--
-- TOC entry 6673 (class 1259 OID 20334)
-- Name: PaymentGateway_tenantId_provider_key; Type: INDEX; Schema: public; Owner: -
--

CREATE UNIQUE INDEX "PaymentGateway_tenantId_provider_key" ON public."PaymentGateway" USING btree ("tenantId", provider);


--
-- TOC entry 6674 (class 1259 OID 20338)
-- Name: PaymentSchedule_bookingId_idx; Type: INDEX; Schema: public; Owner: -
--

CREATE INDEX "PaymentSchedule_bookingId_idx" ON public."PaymentSchedule" USING btree ("bookingId");


--
-- TOC entry 6675 (class 1259 OID 20337)
-- Name: PaymentSchedule_folioId_idx; Type: INDEX; Schema: public; Owner: -
--

CREATE INDEX "PaymentSchedule_folioId_idx" ON public."PaymentSchedule" USING btree ("folioId");


--
-- TOC entry 6678 (class 1259 OID 20336)
-- Name: PaymentSchedule_propertyId_idx; Type: INDEX; Schema: public; Owner: -
--

CREATE INDEX "PaymentSchedule_propertyId_idx" ON public."PaymentSchedule" USING btree ("propertyId");


--
-- TOC entry 6679 (class 1259 OID 20339)
-- Name: PaymentSchedule_status_idx; Type: INDEX; Schema: public; Owner: -
--

CREATE INDEX "PaymentSchedule_status_idx" ON public."PaymentSchedule" USING btree (status);


--
-- TOC entry 6680 (class 1259 OID 20335)
-- Name: PaymentSchedule_tenantId_idx; Type: INDEX; Schema: public; Owner: -
--

CREATE INDEX "PaymentSchedule_tenantId_idx" ON public."PaymentSchedule" USING btree ("tenantId");


--
-- TOC entry 7301 (class 1259 OID 20728)
-- Name: PaymentToken_folioId_idx; Type: INDEX; Schema: public; Owner: -
--

CREATE INDEX "PaymentToken_folioId_idx" ON public."PaymentToken" USING btree ("folioId");


--
-- TOC entry 7302 (class 1259 OID 20727)
-- Name: PaymentToken_guestId_idx; Type: INDEX; Schema: public; Owner: -
--

CREATE INDEX "PaymentToken_guestId_idx" ON public."PaymentToken" USING btree ("guestId");


--
-- TOC entry 7305 (class 1259 OID 20726)
-- Name: PaymentToken_propertyId_idx; Type: INDEX; Schema: public; Owner: -
--

CREATE INDEX "PaymentToken_propertyId_idx" ON public."PaymentToken" USING btree ("propertyId");


--
-- TOC entry 7306 (class 1259 OID 20729)
-- Name: PaymentToken_status_idx; Type: INDEX; Schema: public; Owner: -
--

CREATE INDEX "PaymentToken_status_idx" ON public."PaymentToken" USING btree (status);


--
-- TOC entry 7307 (class 1259 OID 20725)
-- Name: PaymentToken_tenantId_idx; Type: INDEX; Schema: public; Owner: -
--

CREATE INDEX "PaymentToken_tenantId_idx" ON public."PaymentToken" USING btree ("tenantId");


--
-- TOC entry 6660 (class 1259 OID 20327)
-- Name: Payment_folioId_idx; Type: INDEX; Schema: public; Owner: -
--

CREATE INDEX "Payment_folioId_idx" ON public."Payment" USING btree ("folioId");


--
-- TOC entry 6661 (class 1259 OID 20331)
-- Name: Payment_gatewayRef_idx; Type: INDEX; Schema: public; Owner: -
--

CREATE INDEX "Payment_gatewayRef_idx" ON public."Payment" USING btree ("gatewayRef");


--
-- TOC entry 6662 (class 1259 OID 20330)
-- Name: Payment_gateway_idx; Type: INDEX; Schema: public; Owner: -
--

CREATE INDEX "Payment_gateway_idx" ON public."Payment" USING btree (gateway);


--
-- TOC entry 6663 (class 1259 OID 20325)
-- Name: Payment_idempotencyKey_key; Type: INDEX; Schema: public; Owner: -
--

CREATE UNIQUE INDEX "Payment_idempotencyKey_key" ON public."Payment" USING btree ("idempotencyKey");


--
-- TOC entry 6666 (class 1259 OID 20328)
-- Name: Payment_status_idx; Type: INDEX; Schema: public; Owner: -
--

CREATE INDEX "Payment_status_idx" ON public."Payment" USING btree (status);


--
-- TOC entry 6667 (class 1259 OID 20326)
-- Name: Payment_tenantId_idx; Type: INDEX; Schema: public; Owner: -
--

CREATE INDEX "Payment_tenantId_idx" ON public."Payment" USING btree ("tenantId");


--
-- TOC entry 6668 (class 1259 OID 20329)
-- Name: Payment_tenantId_status_idx; Type: INDEX; Schema: public; Owner: -
--

CREATE INDEX "Payment_tenantId_status_idx" ON public."Payment" USING btree ("tenantId", status);


--
-- TOC entry 6709 (class 1259 OID 20360)
-- Name: PortForwardRule_enabled_idx; Type: INDEX; Schema: public; Owner: -
--

CREATE INDEX "PortForwardRule_enabled_idx" ON public."PortForwardRule" USING btree (enabled);


--
-- TOC entry 6712 (class 1259 OID 20359)
-- Name: PortForwardRule_propertyId_idx; Type: INDEX; Schema: public; Owner: -
--

CREATE INDEX "PortForwardRule_propertyId_idx" ON public."PortForwardRule" USING btree ("propertyId");


--
-- TOC entry 6713 (class 1259 OID 20358)
-- Name: PortForwardRule_tenantId_idx; Type: INDEX; Schema: public; Owner: -
--

CREATE INDEX "PortForwardRule_tenantId_idx" ON public."PortForwardRule" USING btree ("tenantId");


--
-- TOC entry 6683 (class 1259 OID 20342)
-- Name: PortalAuthentication_portalId_idx; Type: INDEX; Schema: public; Owner: -
--

CREATE INDEX "PortalAuthentication_portalId_idx" ON public."PortalAuthentication" USING btree ("portalId");


--
-- TOC entry 6684 (class 1259 OID 20343)
-- Name: PortalAuthentication_portalId_method_key; Type: INDEX; Schema: public; Owner: -
--

CREATE UNIQUE INDEX "PortalAuthentication_portalId_method_key" ON public."PortalAuthentication" USING btree ("portalId", method);


--
-- TOC entry 6685 (class 1259 OID 20341)
-- Name: PortalAuthentication_propertyId_idx; Type: INDEX; Schema: public; Owner: -
--

CREATE INDEX "PortalAuthentication_propertyId_idx" ON public."PortalAuthentication" USING btree ("propertyId");


--
-- TOC entry 6686 (class 1259 OID 20340)
-- Name: PortalAuthentication_tenantId_idx; Type: INDEX; Schema: public; Owner: -
--

CREATE INDEX "PortalAuthentication_tenantId_idx" ON public."PortalAuthentication" USING btree ("tenantId");


--
-- TOC entry 6687 (class 1259 OID 20348)
-- Name: PortalMapping_enabled_idx; Type: INDEX; Schema: public; Owner: -
--

CREATE INDEX "PortalMapping_enabled_idx" ON public."PortalMapping" USING btree (enabled);


--
-- TOC entry 6690 (class 1259 OID 20346)
-- Name: PortalMapping_portalId_idx; Type: INDEX; Schema: public; Owner: -
--

CREATE INDEX "PortalMapping_portalId_idx" ON public."PortalMapping" USING btree ("portalId");


--
-- TOC entry 6691 (class 1259 OID 20345)
-- Name: PortalMapping_propertyId_idx; Type: INDEX; Schema: public; Owner: -
--

CREATE INDEX "PortalMapping_propertyId_idx" ON public."PortalMapping" USING btree ("propertyId");


--
-- TOC entry 6692 (class 1259 OID 20347)
-- Name: PortalMapping_ssid_idx; Type: INDEX; Schema: public; Owner: -
--

CREATE INDEX "PortalMapping_ssid_idx" ON public."PortalMapping" USING btree (ssid);


--
-- TOC entry 6693 (class 1259 OID 20344)
-- Name: PortalMapping_tenantId_idx; Type: INDEX; Schema: public; Owner: -
--

CREATE INDEX "PortalMapping_tenantId_idx" ON public."PortalMapping" USING btree ("tenantId");


--
-- TOC entry 6696 (class 1259 OID 20350)
-- Name: PortalPage_portalId_idx; Type: INDEX; Schema: public; Owner: -
--

CREATE INDEX "PortalPage_portalId_idx" ON public."PortalPage" USING btree ("portalId");


--
-- TOC entry 6697 (class 1259 OID 20351)
-- Name: PortalPage_portalId_language_key; Type: INDEX; Schema: public; Owner: -
--

CREATE UNIQUE INDEX "PortalPage_portalId_language_key" ON public."PortalPage" USING btree ("portalId", language);


--
-- TOC entry 6698 (class 1259 OID 20349)
-- Name: PortalPage_tenantId_idx; Type: INDEX; Schema: public; Owner: -
--

CREATE INDEX "PortalPage_tenantId_idx" ON public."PortalPage" USING btree ("tenantId");


--
-- TOC entry 6699 (class 1259 OID 20353)
-- Name: PortalTemplate_category_idx; Type: INDEX; Schema: public; Owner: -
--

CREATE INDEX "PortalTemplate_category_idx" ON public."PortalTemplate" USING btree (category);


--
-- TOC entry 6702 (class 1259 OID 20352)
-- Name: PortalTemplate_tenantId_idx; Type: INDEX; Schema: public; Owner: -
--

CREATE INDEX "PortalTemplate_tenantId_idx" ON public."PortalTemplate" USING btree ("tenantId");


--
-- TOC entry 6703 (class 1259 OID 20355)
-- Name: PortalWhitelist_domain_idx; Type: INDEX; Schema: public; Owner: -
--

CREATE INDEX "PortalWhitelist_domain_idx" ON public."PortalWhitelist" USING btree (domain);


--
-- TOC entry 6706 (class 1259 OID 20357)
-- Name: PortalWhitelist_propertyId_domain_path_key; Type: INDEX; Schema: public; Owner: -
--

CREATE UNIQUE INDEX "PortalWhitelist_propertyId_domain_path_key" ON public."PortalWhitelist" USING btree ("propertyId", domain, path);


--
-- TOC entry 6707 (class 1259 OID 20354)
-- Name: PortalWhitelist_propertyId_idx; Type: INDEX; Schema: public; Owner: -
--

CREATE INDEX "PortalWhitelist_propertyId_idx" ON public."PortalWhitelist" USING btree ("propertyId");


--
-- TOC entry 6708 (class 1259 OID 20356)
-- Name: PortalWhitelist_status_idx; Type: INDEX; Schema: public; Owner: -
--

CREATE INDEX "PortalWhitelist_status_idx" ON public."PortalWhitelist" USING btree (status);


--
-- TOC entry 6726 (class 1259 OID 20371)
-- Name: PreventiveMaintenance_assetId_idx; Type: INDEX; Schema: public; Owner: -
--

CREATE INDEX "PreventiveMaintenance_assetId_idx" ON public."PreventiveMaintenance" USING btree ("assetId");


--
-- TOC entry 6727 (class 1259 OID 20372)
-- Name: PreventiveMaintenance_nextDueAt_idx; Type: INDEX; Schema: public; Owner: -
--

CREATE INDEX "PreventiveMaintenance_nextDueAt_idx" ON public."PreventiveMaintenance" USING btree ("nextDueAt");


--
-- TOC entry 6730 (class 1259 OID 20370)
-- Name: PreventiveMaintenance_propertyId_idx; Type: INDEX; Schema: public; Owner: -
--

CREATE INDEX "PreventiveMaintenance_propertyId_idx" ON public."PreventiveMaintenance" USING btree ("propertyId");


--
-- TOC entry 6731 (class 1259 OID 20373)
-- Name: PreventiveMaintenance_status_idx; Type: INDEX; Schema: public; Owner: -
--

CREATE INDEX "PreventiveMaintenance_status_idx" ON public."PreventiveMaintenance" USING btree (status);


--
-- TOC entry 6732 (class 1259 OID 20369)
-- Name: PreventiveMaintenance_tenantId_idx; Type: INDEX; Schema: public; Owner: -
--

CREATE INDEX "PreventiveMaintenance_tenantId_idx" ON public."PreventiveMaintenance" USING btree ("tenantId");


--
-- TOC entry 6735 (class 1259 OID 20374)
-- Name: PriceOverride_ratePlanId_date_key; Type: INDEX; Schema: public; Owner: -
--

CREATE UNIQUE INDEX "PriceOverride_ratePlanId_date_key" ON public."PriceOverride" USING btree ("ratePlanId", date);


--
-- TOC entry 6736 (class 1259 OID 20378)
-- Name: PricingRule_isActive_idx; Type: INDEX; Schema: public; Owner: -
--

CREATE INDEX "PricingRule_isActive_idx" ON public."PricingRule" USING btree ("isActive");


--
-- TOC entry 6739 (class 1259 OID 20376)
-- Name: PricingRule_propertyId_idx; Type: INDEX; Schema: public; Owner: -
--

CREATE INDEX "PricingRule_propertyId_idx" ON public."PricingRule" USING btree ("propertyId");


--
-- TOC entry 6740 (class 1259 OID 20375)
-- Name: PricingRule_tenantId_idx; Type: INDEX; Schema: public; Owner: -
--

CREATE INDEX "PricingRule_tenantId_idx" ON public."PricingRule" USING btree ("tenantId");


--
-- TOC entry 6741 (class 1259 OID 20377)
-- Name: PricingRule_type_idx; Type: INDEX; Schema: public; Owner: -
--

CREATE INDEX "PricingRule_type_idx" ON public."PricingRule" USING btree (type);


--
-- TOC entry 6742 (class 1259 OID 20381)
-- Name: Promotion_code_idx; Type: INDEX; Schema: public; Owner: -
--

CREATE INDEX "Promotion_code_idx" ON public."Promotion" USING btree (code);


--
-- TOC entry 6743 (class 1259 OID 20379)
-- Name: Promotion_code_key; Type: INDEX; Schema: public; Owner: -
--

CREATE UNIQUE INDEX "Promotion_code_key" ON public."Promotion" USING btree (code);


--
-- TOC entry 6746 (class 1259 OID 20380)
-- Name: Promotion_tenantId_idx; Type: INDEX; Schema: public; Owner: -
--

CREATE INDEX "Promotion_tenantId_idx" ON public."Promotion" USING btree ("tenantId");


--
-- TOC entry 6747 (class 1259 OID 20383)
-- Name: Property_brandId_idx; Type: INDEX; Schema: public; Owner: -
--

CREATE INDEX "Property_brandId_idx" ON public."Property" USING btree ("brandId");


--
-- TOC entry 6750 (class 1259 OID 20382)
-- Name: Property_tenantId_idx; Type: INDEX; Schema: public; Owner: -
--

CREATE INDEX "Property_tenantId_idx" ON public."Property" USING btree ("tenantId");


--
-- TOC entry 6751 (class 1259 OID 20384)
-- Name: Property_tenantId_slug_key; Type: INDEX; Schema: public; Owner: -
--

CREATE UNIQUE INDEX "Property_tenantId_slug_key" ON public."Property" USING btree ("tenantId", slug);


--
-- TOC entry 6758 (class 1259 OID 20387)
-- Name: PurchaseOrderItem_purchaseOrderId_idx; Type: INDEX; Schema: public; Owner: -
--

CREATE INDEX "PurchaseOrderItem_purchaseOrderId_idx" ON public."PurchaseOrderItem" USING btree ("purchaseOrderId");


--
-- TOC entry 6752 (class 1259 OID 20385)
-- Name: PurchaseOrder_orderNumber_key; Type: INDEX; Schema: public; Owner: -
--

CREATE UNIQUE INDEX "PurchaseOrder_orderNumber_key" ON public."PurchaseOrder" USING btree ("orderNumber");


--
-- TOC entry 6755 (class 1259 OID 20386)
-- Name: PurchaseOrder_tenantId_idx; Type: INDEX; Schema: public; Owner: -
--

CREATE INDEX "PurchaseOrder_tenantId_idx" ON public."PurchaseOrder" USING btree ("tenantId");


--
-- TOC entry 6714 (class 1259 OID 20364)
-- Name: QuickBlock_enabled_idx; Type: INDEX; Schema: public; Owner: -
--

CREATE INDEX "QuickBlock_enabled_idx" ON public."QuickBlock" USING btree (enabled);


--
-- TOC entry 6717 (class 1259 OID 20362)
-- Name: QuickBlock_propertyId_idx; Type: INDEX; Schema: public; Owner: -
--

CREATE INDEX "QuickBlock_propertyId_idx" ON public."QuickBlock" USING btree ("propertyId");


--
-- TOC entry 6718 (class 1259 OID 20365)
-- Name: QuickBlock_propertyId_type_value_key; Type: INDEX; Schema: public; Owner: -
--

CREATE UNIQUE INDEX "QuickBlock_propertyId_type_value_key" ON public."QuickBlock" USING btree ("propertyId", type, value);


--
-- TOC entry 6719 (class 1259 OID 20361)
-- Name: QuickBlock_tenantId_idx; Type: INDEX; Schema: public; Owner: -
--

CREATE INDEX "QuickBlock_tenantId_idx" ON public."QuickBlock" USING btree ("tenantId");


--
-- TOC entry 6720 (class 1259 OID 20363)
-- Name: QuickBlock_type_idx; Type: INDEX; Schema: public; Owner: -
--

CREATE INDEX "QuickBlock_type_idx" ON public."QuickBlock" USING btree (type);


--
-- TOC entry 6775 (class 1259 OID 20398)
-- Name: RadiusAuthLog_authResult_idx; Type: INDEX; Schema: public; Owner: -
--

CREATE INDEX "RadiusAuthLog_authResult_idx" ON public."RadiusAuthLog" USING btree ("authResult");


--
-- TOC entry 6776 (class 1259 OID 20400)
-- Name: RadiusAuthLog_callingStationId_idx; Type: INDEX; Schema: public; Owner: -
--

CREATE INDEX "RadiusAuthLog_callingStationId_idx" ON public."RadiusAuthLog" USING btree ("callingStationId");


--
-- TOC entry 6779 (class 1259 OID 20396)
-- Name: RadiusAuthLog_propertyId_idx; Type: INDEX; Schema: public; Owner: -
--

CREATE INDEX "RadiusAuthLog_propertyId_idx" ON public."RadiusAuthLog" USING btree ("propertyId");


--
-- TOC entry 6780 (class 1259 OID 20399)
-- Name: RadiusAuthLog_timestamp_idx; Type: INDEX; Schema: public; Owner: -
--

CREATE INDEX "RadiusAuthLog_timestamp_idx" ON public."RadiusAuthLog" USING btree ("timestamp");


--
-- TOC entry 6781 (class 1259 OID 20397)
-- Name: RadiusAuthLog_username_idx; Type: INDEX; Schema: public; Owner: -
--

CREATE INDEX "RadiusAuthLog_username_idx" ON public."RadiusAuthLog" USING btree (username);


--
-- TOC entry 6782 (class 1259 OID 20402)
-- Name: RadiusCoaLog_action_idx; Type: INDEX; Schema: public; Owner: -
--

CREATE INDEX "RadiusCoaLog_action_idx" ON public."RadiusCoaLog" USING btree (action);


--
-- TOC entry 6785 (class 1259 OID 20401)
-- Name: RadiusCoaLog_propertyId_idx; Type: INDEX; Schema: public; Owner: -
--

CREATE INDEX "RadiusCoaLog_propertyId_idx" ON public."RadiusCoaLog" USING btree ("propertyId");


--
-- TOC entry 6786 (class 1259 OID 20404)
-- Name: RadiusCoaLog_result_idx; Type: INDEX; Schema: public; Owner: -
--

CREATE INDEX "RadiusCoaLog_result_idx" ON public."RadiusCoaLog" USING btree (result);


--
-- TOC entry 6787 (class 1259 OID 20405)
-- Name: RadiusCoaLog_timestamp_idx; Type: INDEX; Schema: public; Owner: -
--

CREATE INDEX "RadiusCoaLog_timestamp_idx" ON public."RadiusCoaLog" USING btree ("timestamp");


--
-- TOC entry 6788 (class 1259 OID 20403)
-- Name: RadiusCoaLog_username_idx; Type: INDEX; Schema: public; Owner: -
--

CREATE INDEX "RadiusCoaLog_username_idx" ON public."RadiusCoaLog" USING btree (username);


--
-- TOC entry 6789 (class 1259 OID 20407)
-- Name: RadiusEventUser_eventId_idx; Type: INDEX; Schema: public; Owner: -
--

CREATE INDEX "RadiusEventUser_eventId_idx" ON public."RadiusEventUser" USING btree ("eventId");


--
-- TOC entry 6792 (class 1259 OID 20406)
-- Name: RadiusEventUser_propertyId_idx; Type: INDEX; Schema: public; Owner: -
--

CREATE INDEX "RadiusEventUser_propertyId_idx" ON public."RadiusEventUser" USING btree ("propertyId");


--
-- TOC entry 6793 (class 1259 OID 20408)
-- Name: RadiusEventUser_status_idx; Type: INDEX; Schema: public; Owner: -
--

CREATE INDEX "RadiusEventUser_status_idx" ON public."RadiusEventUser" USING btree (status);


--
-- TOC entry 6794 (class 1259 OID 20410)
-- Name: RadiusEventUser_username_key; Type: INDEX; Schema: public; Owner: -
--

CREATE UNIQUE INDEX "RadiusEventUser_username_key" ON public."RadiusEventUser" USING btree (username);


--
-- TOC entry 6795 (class 1259 OID 20409)
-- Name: RadiusEventUser_validUntil_idx; Type: INDEX; Schema: public; Owner: -
--

CREATE INDEX "RadiusEventUser_validUntil_idx" ON public."RadiusEventUser" USING btree ("validUntil");


--
-- TOC entry 6796 (class 1259 OID 20414)
-- Name: RadiusMacAuth_guestId_idx; Type: INDEX; Schema: public; Owner: -
--

CREATE INDEX "RadiusMacAuth_guestId_idx" ON public."RadiusMacAuth" USING btree ("guestId");


--
-- TOC entry 6797 (class 1259 OID 20412)
-- Name: RadiusMacAuth_macAddress_idx; Type: INDEX; Schema: public; Owner: -
--

CREATE INDEX "RadiusMacAuth_macAddress_idx" ON public."RadiusMacAuth" USING btree ("macAddress");


--
-- TOC entry 6800 (class 1259 OID 20415)
-- Name: RadiusMacAuth_planId_idx; Type: INDEX; Schema: public; Owner: -
--

CREATE INDEX "RadiusMacAuth_planId_idx" ON public."RadiusMacAuth" USING btree ("planId");


--
-- TOC entry 6801 (class 1259 OID 20411)
-- Name: RadiusMacAuth_propertyId_idx; Type: INDEX; Schema: public; Owner: -
--

CREATE INDEX "RadiusMacAuth_propertyId_idx" ON public."RadiusMacAuth" USING btree ("propertyId");


--
-- TOC entry 6802 (class 1259 OID 20416)
-- Name: RadiusMacAuth_propertyId_macAddress_key; Type: INDEX; Schema: public; Owner: -
--

CREATE UNIQUE INDEX "RadiusMacAuth_propertyId_macAddress_key" ON public."RadiusMacAuth" USING btree ("propertyId", "macAddress");


--
-- TOC entry 6803 (class 1259 OID 20413)
-- Name: RadiusMacAuth_status_idx; Type: INDEX; Schema: public; Owner: -
--

CREATE INDEX "RadiusMacAuth_status_idx" ON public."RadiusMacAuth" USING btree (status);


--
-- TOC entry 6806 (class 1259 OID 20418)
-- Name: RadiusNAS_propertyId_idx; Type: INDEX; Schema: public; Owner: -
--

CREATE INDEX "RadiusNAS_propertyId_idx" ON public."RadiusNAS" USING btree ("propertyId");


--
-- TOC entry 6807 (class 1259 OID 20420)
-- Name: RadiusNAS_propertyId_ipAddress_key; Type: INDEX; Schema: public; Owner: -
--

CREATE UNIQUE INDEX "RadiusNAS_propertyId_ipAddress_key" ON public."RadiusNAS" USING btree ("propertyId", "ipAddress");


--
-- TOC entry 6808 (class 1259 OID 20421)
-- Name: RadiusNAS_propertyId_shortname_key; Type: INDEX; Schema: public; Owner: -
--

CREATE UNIQUE INDEX "RadiusNAS_propertyId_shortname_key" ON public."RadiusNAS" USING btree ("propertyId", shortname);


--
-- TOC entry 6809 (class 1259 OID 20419)
-- Name: RadiusNAS_status_idx; Type: INDEX; Schema: public; Owner: -
--

CREATE INDEX "RadiusNAS_status_idx" ON public."RadiusNAS" USING btree (status);


--
-- TOC entry 6810 (class 1259 OID 20417)
-- Name: RadiusNAS_tenantId_idx; Type: INDEX; Schema: public; Owner: -
--

CREATE INDEX "RadiusNAS_tenantId_idx" ON public."RadiusNAS" USING btree ("tenantId");


--
-- TOC entry 6811 (class 1259 OID 20423)
-- Name: RadiusProvisioningLog_action_idx; Type: INDEX; Schema: public; Owner: -
--

CREATE INDEX "RadiusProvisioningLog_action_idx" ON public."RadiusProvisioningLog" USING btree (action);


--
-- TOC entry 6812 (class 1259 OID 20427)
-- Name: RadiusProvisioningLog_bookingId_idx; Type: INDEX; Schema: public; Owner: -
--

CREATE INDEX "RadiusProvisioningLog_bookingId_idx" ON public."RadiusProvisioningLog" USING btree ("bookingId");


--
-- TOC entry 6815 (class 1259 OID 20422)
-- Name: RadiusProvisioningLog_propertyId_idx; Type: INDEX; Schema: public; Owner: -
--

CREATE INDEX "RadiusProvisioningLog_propertyId_idx" ON public."RadiusProvisioningLog" USING btree ("propertyId");


--
-- TOC entry 6816 (class 1259 OID 20425)
-- Name: RadiusProvisioningLog_result_idx; Type: INDEX; Schema: public; Owner: -
--

CREATE INDEX "RadiusProvisioningLog_result_idx" ON public."RadiusProvisioningLog" USING btree (result);


--
-- TOC entry 6817 (class 1259 OID 20426)
-- Name: RadiusProvisioningLog_timestamp_idx; Type: INDEX; Schema: public; Owner: -
--

CREATE INDEX "RadiusProvisioningLog_timestamp_idx" ON public."RadiusProvisioningLog" USING btree ("timestamp");


--
-- TOC entry 6818 (class 1259 OID 20424)
-- Name: RadiusProvisioningLog_username_idx; Type: INDEX; Schema: public; Owner: -
--

CREATE INDEX "RadiusProvisioningLog_username_idx" ON public."RadiusProvisioningLog" USING btree (username);


--
-- TOC entry 6821 (class 1259 OID 20428)
-- Name: RadiusServerConfig_propertyId_key; Type: INDEX; Schema: public; Owner: -
--

CREATE UNIQUE INDEX "RadiusServerConfig_propertyId_key" ON public."RadiusServerConfig" USING btree ("propertyId");


--
-- TOC entry 6822 (class 1259 OID 20429)
-- Name: RadiusServerConfig_tenantId_idx; Type: INDEX; Schema: public; Owner: -
--

CREATE INDEX "RadiusServerConfig_tenantId_idx" ON public."RadiusServerConfig" USING btree ("tenantId");


--
-- TOC entry 6721 (class 1259 OID 20368)
-- Name: RateLimitRule_enabled_idx; Type: INDEX; Schema: public; Owner: -
--

CREATE INDEX "RateLimitRule_enabled_idx" ON public."RateLimitRule" USING btree (enabled);


--
-- TOC entry 6724 (class 1259 OID 20367)
-- Name: RateLimitRule_propertyId_idx; Type: INDEX; Schema: public; Owner: -
--

CREATE INDEX "RateLimitRule_propertyId_idx" ON public."RateLimitRule" USING btree ("propertyId");


--
-- TOC entry 6725 (class 1259 OID 20366)
-- Name: RateLimitRule_tenantId_idx; Type: INDEX; Schema: public; Owner: -
--

CREATE INDEX "RateLimitRule_tenantId_idx" ON public."RateLimitRule" USING btree ("tenantId");


--
-- TOC entry 6837 (class 1259 OID 20437)
-- Name: RatePlan_derivedFromId_idx; Type: INDEX; Schema: public; Owner: -
--

CREATE INDEX "RatePlan_derivedFromId_idx" ON public."RatePlan" USING btree ("derivedFromId");


--
-- TOC entry 6840 (class 1259 OID 20436)
-- Name: RatePlan_roomTypeId_idx; Type: INDEX; Schema: public; Owner: -
--

CREATE INDEX "RatePlan_roomTypeId_idx" ON public."RatePlan" USING btree ("roomTypeId");


--
-- TOC entry 6841 (class 1259 OID 20435)
-- Name: RatePlan_tenantId_idx; Type: INDEX; Schema: public; Owner: -
--

CREATE INDEX "RatePlan_tenantId_idx" ON public."RatePlan" USING btree ("tenantId");


--
-- TOC entry 6842 (class 1259 OID 20438)
-- Name: RatePlan_tenantId_roomTypeId_code_key; Type: INDEX; Schema: public; Owner: -
--

CREATE UNIQUE INDEX "RatePlan_tenantId_roomTypeId_code_key" ON public."RatePlan" USING btree ("tenantId", "roomTypeId", code);


--
-- TOC entry 7290 (class 1259 OID 20719)
-- Name: RecipeIngredient_recipeId_idx; Type: INDEX; Schema: public; Owner: -
--

CREATE INDEX "RecipeIngredient_recipeId_idx" ON public."RecipeIngredient" USING btree ("recipeId");


--
-- TOC entry 7291 (class 1259 OID 20718)
-- Name: RecipeIngredient_tenantId_idx; Type: INDEX; Schema: public; Owner: -
--

CREATE INDEX "RecipeIngredient_tenantId_idx" ON public."RecipeIngredient" USING btree ("tenantId");


--
-- TOC entry 7283 (class 1259 OID 20716)
-- Name: Recipe_menuItemId_idx; Type: INDEX; Schema: public; Owner: -
--

CREATE INDEX "Recipe_menuItemId_idx" ON public."Recipe" USING btree ("menuItemId");


--
-- TOC entry 7284 (class 1259 OID 20717)
-- Name: Recipe_menuItemId_key; Type: INDEX; Schema: public; Owner: -
--

CREATE UNIQUE INDEX "Recipe_menuItemId_key" ON public."Recipe" USING btree ("menuItemId");


--
-- TOC entry 7287 (class 1259 OID 20715)
-- Name: Recipe_tenantId_idx; Type: INDEX; Schema: public; Owner: -
--

CREATE INDEX "Recipe_tenantId_idx" ON public."Recipe" USING btree ("tenantId");


--
-- TOC entry 6843 (class 1259 OID 20440)
-- Name: Reconciliation_bankAccountId_idx; Type: INDEX; Schema: public; Owner: -
--

CREATE INDEX "Reconciliation_bankAccountId_idx" ON public."Reconciliation" USING btree ("bankAccountId");


--
-- TOC entry 6844 (class 1259 OID 20441)
-- Name: Reconciliation_bankTransactionId_idx; Type: INDEX; Schema: public; Owner: -
--

CREATE INDEX "Reconciliation_bankTransactionId_idx" ON public."Reconciliation" USING btree ("bankTransactionId");


--
-- TOC entry 6845 (class 1259 OID 20442)
-- Name: Reconciliation_paymentId_idx; Type: INDEX; Schema: public; Owner: -
--

CREATE INDEX "Reconciliation_paymentId_idx" ON public."Reconciliation" USING btree ("paymentId");


--
-- TOC entry 6848 (class 1259 OID 20444)
-- Name: Reconciliation_reconciledAt_idx; Type: INDEX; Schema: public; Owner: -
--

CREATE INDEX "Reconciliation_reconciledAt_idx" ON public."Reconciliation" USING btree ("reconciledAt");


--
-- TOC entry 6849 (class 1259 OID 20443)
-- Name: Reconciliation_status_idx; Type: INDEX; Schema: public; Owner: -
--

CREATE INDEX "Reconciliation_status_idx" ON public."Reconciliation" USING btree (status);


--
-- TOC entry 6850 (class 1259 OID 20439)
-- Name: Reconciliation_tenantId_idx; Type: INDEX; Schema: public; Owner: -
--

CREATE INDEX "Reconciliation_tenantId_idx" ON public."Reconciliation" USING btree ("tenantId");


--
-- TOC entry 6851 (class 1259 OID 20448)
-- Name: RegistrationCard_bookingId_idx; Type: INDEX; Schema: public; Owner: -
--

CREATE INDEX "RegistrationCard_bookingId_idx" ON public."RegistrationCard" USING btree ("bookingId");


--
-- TOC entry 6852 (class 1259 OID 20450)
-- Name: RegistrationCard_cardNumber_idx; Type: INDEX; Schema: public; Owner: -
--

CREATE INDEX "RegistrationCard_cardNumber_idx" ON public."RegistrationCard" USING btree ("cardNumber");


--
-- TOC entry 6853 (class 1259 OID 20445)
-- Name: RegistrationCard_cardNumber_key; Type: INDEX; Schema: public; Owner: -
--

CREATE UNIQUE INDEX "RegistrationCard_cardNumber_key" ON public."RegistrationCard" USING btree ("cardNumber");


--
-- TOC entry 6854 (class 1259 OID 20449)
-- Name: RegistrationCard_guestId_idx; Type: INDEX; Schema: public; Owner: -
--

CREATE INDEX "RegistrationCard_guestId_idx" ON public."RegistrationCard" USING btree ("guestId");


--
-- TOC entry 6857 (class 1259 OID 20447)
-- Name: RegistrationCard_propertyId_idx; Type: INDEX; Schema: public; Owner: -
--

CREATE INDEX "RegistrationCard_propertyId_idx" ON public."RegistrationCard" USING btree ("propertyId");


--
-- TOC entry 6858 (class 1259 OID 20446)
-- Name: RegistrationCard_tenantId_idx; Type: INDEX; Schema: public; Owner: -
--

CREATE INDEX "RegistrationCard_tenantId_idx" ON public."RegistrationCard" USING btree ("tenantId");


--
-- TOC entry 7367 (class 1259 OID 20772)
-- Name: RegistrationPlan_isActive_idx; Type: INDEX; Schema: public; Owner: -
--

CREATE INDEX "RegistrationPlan_isActive_idx" ON public."RegistrationPlan" USING btree ("isActive");


--
-- TOC entry 7368 (class 1259 OID 20771)
-- Name: RegistrationPlan_name_key; Type: INDEX; Schema: public; Owner: -
--

CREATE UNIQUE INDEX "RegistrationPlan_name_key" ON public."RegistrationPlan" USING btree (name);


--
-- TOC entry 7371 (class 1259 OID 20773)
-- Name: RegistrationPlan_sortOrder_idx; Type: INDEX; Schema: public; Owner: -
--

CREATE INDEX "RegistrationPlan_sortOrder_idx" ON public."RegistrationPlan" USING btree ("sortOrder");


--
-- TOC entry 6859 (class 1259 OID 20452)
-- Name: ReportCache_expiresAt_idx; Type: INDEX; Schema: public; Owner: -
--

CREATE INDEX "ReportCache_expiresAt_idx" ON public."ReportCache" USING btree ("expiresAt");


--
-- TOC entry 6862 (class 1259 OID 20451)
-- Name: ReportCache_tenantId_idx; Type: INDEX; Schema: public; Owner: -
--

CREATE INDEX "ReportCache_tenantId_idx" ON public."ReportCache" USING btree ("tenantId");


--
-- TOC entry 6863 (class 1259 OID 20453)
-- Name: ReportCache_tenantId_reportType_periodStart_periodEnd_key; Type: INDEX; Schema: public; Owner: -
--

CREATE UNIQUE INDEX "ReportCache_tenantId_reportType_periodStart_periodEnd_key" ON public."ReportCache" USING btree ("tenantId", "reportType", "periodStart", "periodEnd");


--
-- TOC entry 6864 (class 1259 OID 20456)
-- Name: ReportHistory_generatedAt_idx; Type: INDEX; Schema: public; Owner: -
--

CREATE INDEX "ReportHistory_generatedAt_idx" ON public."ReportHistory" USING btree ("generatedAt");


--
-- TOC entry 6867 (class 1259 OID 20454)
-- Name: ReportHistory_tenantId_idx; Type: INDEX; Schema: public; Owner: -
--

CREATE INDEX "ReportHistory_tenantId_idx" ON public."ReportHistory" USING btree ("tenantId");


--
-- TOC entry 6868 (class 1259 OID 20455)
-- Name: ReportHistory_type_idx; Type: INDEX; Schema: public; Owner: -
--

CREATE INDEX "ReportHistory_type_idx" ON public."ReportHistory" USING btree (type);


--
-- TOC entry 6869 (class 1259 OID 20458)
-- Name: Reservation_date_idx; Type: INDEX; Schema: public; Owner: -
--

CREATE INDEX "Reservation_date_idx" ON public."Reservation" USING btree (date);


--
-- TOC entry 6872 (class 1259 OID 20457)
-- Name: Reservation_propertyId_idx; Type: INDEX; Schema: public; Owner: -
--

CREATE INDEX "Reservation_propertyId_idx" ON public."Reservation" USING btree ("propertyId");


--
-- TOC entry 6873 (class 1259 OID 20459)
-- Name: Reservation_status_idx; Type: INDEX; Schema: public; Owner: -
--

CREATE INDEX "Reservation_status_idx" ON public."Reservation" USING btree (status);


--
-- TOC entry 6874 (class 1259 OID 20460)
-- Name: Reservation_tableId_idx; Type: INDEX; Schema: public; Owner: -
--

CREATE INDEX "Reservation_tableId_idx" ON public."Reservation" USING btree ("tableId");


--
-- TOC entry 6877 (class 1259 OID 20461)
-- Name: RestaurantTable_propertyId_idx; Type: INDEX; Schema: public; Owner: -
--

CREATE INDEX "RestaurantTable_propertyId_idx" ON public."RestaurantTable" USING btree ("propertyId");


--
-- TOC entry 6878 (class 1259 OID 20462)
-- Name: RestaurantTable_propertyId_number_key; Type: INDEX; Schema: public; Owner: -
--

CREATE UNIQUE INDEX "RestaurantTable_propertyId_number_key" ON public."RestaurantTable" USING btree ("propertyId", number);


--
-- TOC entry 6881 (class 1259 OID 20463)
-- Name: Role_tenantId_idx; Type: INDEX; Schema: public; Owner: -
--

CREATE INDEX "Role_tenantId_idx" ON public."Role" USING btree ("tenantId");


--
-- TOC entry 6882 (class 1259 OID 20464)
-- Name: Role_tenantId_name_key; Type: INDEX; Schema: public; Owner: -
--

CREATE UNIQUE INDEX "Role_tenantId_name_key" ON public."Role" USING btree ("tenantId", name);


--
-- TOC entry 6893 (class 1259 OID 20475)
-- Name: RoomMoveLog_bookingId_idx; Type: INDEX; Schema: public; Owner: -
--

CREATE INDEX "RoomMoveLog_bookingId_idx" ON public."RoomMoveLog" USING btree ("bookingId");


--
-- TOC entry 6894 (class 1259 OID 20477)
-- Name: RoomMoveLog_createdAt_idx; Type: INDEX; Schema: public; Owner: -
--

CREATE INDEX "RoomMoveLog_createdAt_idx" ON public."RoomMoveLog" USING btree ("createdAt");


--
-- TOC entry 6895 (class 1259 OID 20476)
-- Name: RoomMoveLog_guestId_idx; Type: INDEX; Schema: public; Owner: -
--

CREATE INDEX "RoomMoveLog_guestId_idx" ON public."RoomMoveLog" USING btree ("guestId");


--
-- TOC entry 6898 (class 1259 OID 20474)
-- Name: RoomMoveLog_propertyId_idx; Type: INDEX; Schema: public; Owner: -
--

CREATE INDEX "RoomMoveLog_propertyId_idx" ON public."RoomMoveLog" USING btree ("propertyId");


--
-- TOC entry 6899 (class 1259 OID 20473)
-- Name: RoomMoveLog_tenantId_idx; Type: INDEX; Schema: public; Owner: -
--

CREATE INDEX "RoomMoveLog_tenantId_idx" ON public."RoomMoveLog" USING btree ("tenantId");


--
-- TOC entry 6902 (class 1259 OID 20479)
-- Name: RoomType_propertyId_code_key; Type: INDEX; Schema: public; Owner: -
--

CREATE UNIQUE INDEX "RoomType_propertyId_code_key" ON public."RoomType" USING btree ("propertyId", code);


--
-- TOC entry 6903 (class 1259 OID 20478)
-- Name: RoomType_propertyId_idx; Type: INDEX; Schema: public; Owner: -
--

CREATE INDEX "RoomType_propertyId_idx" ON public."RoomType" USING btree ("propertyId");


--
-- TOC entry 6883 (class 1259 OID 20471)
-- Name: Room_currentTaskId_idx; Type: INDEX; Schema: public; Owner: -
--

CREATE INDEX "Room_currentTaskId_idx" ON public."Room" USING btree ("currentTaskId");


--
-- TOC entry 6884 (class 1259 OID 20465)
-- Name: Room_currentTaskId_key; Type: INDEX; Schema: public; Owner: -
--

CREATE UNIQUE INDEX "Room_currentTaskId_key" ON public."Room" USING btree ("currentTaskId");


--
-- TOC entry 6885 (class 1259 OID 20469)
-- Name: Room_housekeepingStatus_idx; Type: INDEX; Schema: public; Owner: -
--

CREATE INDEX "Room_housekeepingStatus_idx" ON public."Room" USING btree ("housekeepingStatus");


--
-- TOC entry 6888 (class 1259 OID 20466)
-- Name: Room_propertyId_idx; Type: INDEX; Schema: public; Owner: -
--

CREATE INDEX "Room_propertyId_idx" ON public."Room" USING btree ("propertyId");


--
-- TOC entry 6889 (class 1259 OID 20472)
-- Name: Room_propertyId_number_key; Type: INDEX; Schema: public; Owner: -
--

CREATE UNIQUE INDEX "Room_propertyId_number_key" ON public."Room" USING btree ("propertyId", number);


--
-- TOC entry 6890 (class 1259 OID 20470)
-- Name: Room_propertyId_status_idx; Type: INDEX; Schema: public; Owner: -
--

CREATE INDEX "Room_propertyId_status_idx" ON public."Room" USING btree ("propertyId", status);


--
-- TOC entry 6891 (class 1259 OID 20467)
-- Name: Room_roomTypeId_idx; Type: INDEX; Schema: public; Owner: -
--

CREATE INDEX "Room_roomTypeId_idx" ON public."Room" USING btree ("roomTypeId");


--
-- TOC entry 6892 (class 1259 OID 20468)
-- Name: Room_status_idx; Type: INDEX; Schema: public; Owner: -
--

CREATE INDEX "Room_status_idx" ON public."Room" USING btree (status);


--
-- TOC entry 6955 (class 1259 OID 20511)
-- Name: SSOConnection_status_idx; Type: INDEX; Schema: public; Owner: -
--

CREATE INDEX "SSOConnection_status_idx" ON public."SSOConnection" USING btree (status);


--
-- TOC entry 6956 (class 1259 OID 20509)
-- Name: SSOConnection_tenantId_idx; Type: INDEX; Schema: public; Owner: -
--

CREATE INDEX "SSOConnection_tenantId_idx" ON public."SSOConnection" USING btree ("tenantId");


--
-- TOC entry 6957 (class 1259 OID 20510)
-- Name: SSOConnection_type_idx; Type: INDEX; Schema: public; Owner: -
--

CREATE INDEX "SSOConnection_type_idx" ON public."SSOConnection" USING btree (type);


--
-- TOC entry 6958 (class 1259 OID 20512)
-- Name: SSOSession_connectionId_idx; Type: INDEX; Schema: public; Owner: -
--

CREATE INDEX "SSOSession_connectionId_idx" ON public."SSOSession" USING btree ("connectionId");


--
-- TOC entry 6959 (class 1259 OID 20516)
-- Name: SSOSession_expiresAt_idx; Type: INDEX; Schema: public; Owner: -
--

CREATE INDEX "SSOSession_expiresAt_idx" ON public."SSOSession" USING btree ("expiresAt");


--
-- TOC entry 6962 (class 1259 OID 20515)
-- Name: SSOSession_sessionId_idx; Type: INDEX; Schema: public; Owner: -
--

CREATE INDEX "SSOSession_sessionId_idx" ON public."SSOSession" USING btree ("sessionId");


--
-- TOC entry 6963 (class 1259 OID 20514)
-- Name: SSOSession_ssoProviderId_idx; Type: INDEX; Schema: public; Owner: -
--

CREATE INDEX "SSOSession_ssoProviderId_idx" ON public."SSOSession" USING btree ("ssoProviderId");


--
-- TOC entry 6964 (class 1259 OID 20513)
-- Name: SSOSession_userId_idx; Type: INDEX; Schema: public; Owner: -
--

CREATE INDEX "SSOSession_userId_idx" ON public."SSOSession" USING btree ("userId");


--
-- TOC entry 6904 (class 1259 OID 20482)
-- Name: ScheduleAccess_enabled_idx; Type: INDEX; Schema: public; Owner: -
--

CREATE INDEX "ScheduleAccess_enabled_idx" ON public."ScheduleAccess" USING btree (enabled);


--
-- TOC entry 6907 (class 1259 OID 20481)
-- Name: ScheduleAccess_propertyId_idx; Type: INDEX; Schema: public; Owner: -
--

CREATE INDEX "ScheduleAccess_propertyId_idx" ON public."ScheduleAccess" USING btree ("propertyId");


--
-- TOC entry 6908 (class 1259 OID 20480)
-- Name: ScheduleAccess_tenantId_idx; Type: INDEX; Schema: public; Owner: -
--

CREATE INDEX "ScheduleAccess_tenantId_idx" ON public."ScheduleAccess" USING btree ("tenantId");


--
-- TOC entry 7308 (class 1259 OID 20733)
-- Name: ScheduledCharge_bookingId_idx; Type: INDEX; Schema: public; Owner: -
--

CREATE INDEX "ScheduledCharge_bookingId_idx" ON public."ScheduledCharge" USING btree ("bookingId");


--
-- TOC entry 7309 (class 1259 OID 20732)
-- Name: ScheduledCharge_folioId_idx; Type: INDEX; Schema: public; Owner: -
--

CREATE INDEX "ScheduledCharge_folioId_idx" ON public."ScheduledCharge" USING btree ("folioId");


--
-- TOC entry 7310 (class 1259 OID 20734)
-- Name: ScheduledCharge_isActive_idx; Type: INDEX; Schema: public; Owner: -
--

CREATE INDEX "ScheduledCharge_isActive_idx" ON public."ScheduledCharge" USING btree ("isActive");


--
-- TOC entry 7311 (class 1259 OID 20735)
-- Name: ScheduledCharge_nextExecutionAt_idx; Type: INDEX; Schema: public; Owner: -
--

CREATE INDEX "ScheduledCharge_nextExecutionAt_idx" ON public."ScheduledCharge" USING btree ("nextExecutionAt");


--
-- TOC entry 7314 (class 1259 OID 20731)
-- Name: ScheduledCharge_propertyId_idx; Type: INDEX; Schema: public; Owner: -
--

CREATE INDEX "ScheduledCharge_propertyId_idx" ON public."ScheduledCharge" USING btree ("propertyId");


--
-- TOC entry 7315 (class 1259 OID 20730)
-- Name: ScheduledCharge_tenantId_idx; Type: INDEX; Schema: public; Owner: -
--

CREATE INDEX "ScheduledCharge_tenantId_idx" ON public."ScheduledCharge" USING btree ("tenantId");


--
-- TOC entry 6909 (class 1259 OID 20487)
-- Name: ScheduledNotification_nextRetryAt_idx; Type: INDEX; Schema: public; Owner: -
--

CREATE INDEX "ScheduledNotification_nextRetryAt_idx" ON public."ScheduledNotification" USING btree ("nextRetryAt");


--
-- TOC entry 6912 (class 1259 OID 20484)
-- Name: ScheduledNotification_recipientId_idx; Type: INDEX; Schema: public; Owner: -
--

CREATE INDEX "ScheduledNotification_recipientId_idx" ON public."ScheduledNotification" USING btree ("recipientId");


--
-- TOC entry 6913 (class 1259 OID 20486)
-- Name: ScheduledNotification_scheduledFor_idx; Type: INDEX; Schema: public; Owner: -
--

CREATE INDEX "ScheduledNotification_scheduledFor_idx" ON public."ScheduledNotification" USING btree ("scheduledFor");


--
-- TOC entry 6914 (class 1259 OID 20485)
-- Name: ScheduledNotification_status_idx; Type: INDEX; Schema: public; Owner: -
--

CREATE INDEX "ScheduledNotification_status_idx" ON public."ScheduledNotification" USING btree (status);


--
-- TOC entry 6915 (class 1259 OID 20483)
-- Name: ScheduledNotification_tenantId_idx; Type: INDEX; Schema: public; Owner: -
--

CREATE INDEX "ScheduledNotification_tenantId_idx" ON public."ScheduledNotification" USING btree ("tenantId");


--
-- TOC entry 6918 (class 1259 OID 20488)
-- Name: ScheduledReport_tenantId_idx; Type: INDEX; Schema: public; Owner: -
--

CREATE INDEX "ScheduledReport_tenantId_idx" ON public."ScheduledReport" USING btree ("tenantId");


--
-- TOC entry 6919 (class 1259 OID 20493)
-- Name: SecurityEvent_acknowledged_idx; Type: INDEX; Schema: public; Owner: -
--

CREATE INDEX "SecurityEvent_acknowledged_idx" ON public."SecurityEvent" USING btree (acknowledged);


--
-- TOC entry 6920 (class 1259 OID 20490)
-- Name: SecurityEvent_cameraId_idx; Type: INDEX; Schema: public; Owner: -
--

CREATE INDEX "SecurityEvent_cameraId_idx" ON public."SecurityEvent" USING btree ("cameraId");


--
-- TOC entry 6923 (class 1259 OID 20491)
-- Name: SecurityEvent_severity_idx; Type: INDEX; Schema: public; Owner: -
--

CREATE INDEX "SecurityEvent_severity_idx" ON public."SecurityEvent" USING btree (severity);


--
-- TOC entry 6924 (class 1259 OID 20489)
-- Name: SecurityEvent_tenantId_idx; Type: INDEX; Schema: public; Owner: -
--

CREATE INDEX "SecurityEvent_tenantId_idx" ON public."SecurityEvent" USING btree ("tenantId");


--
-- TOC entry 6925 (class 1259 OID 20492)
-- Name: SecurityEvent_timestamp_idx; Type: INDEX; Schema: public; Owner: -
--

CREATE INDEX "SecurityEvent_timestamp_idx" ON public."SecurityEvent" USING btree ("timestamp");


--
-- TOC entry 6926 (class 1259 OID 20497)
-- Name: SecurityIncident_incidentDate_idx; Type: INDEX; Schema: public; Owner: -
--

CREATE INDEX "SecurityIncident_incidentDate_idx" ON public."SecurityIncident" USING btree ("incidentDate");


--
-- TOC entry 6929 (class 1259 OID 20496)
-- Name: SecurityIncident_severity_idx; Type: INDEX; Schema: public; Owner: -
--

CREATE INDEX "SecurityIncident_severity_idx" ON public."SecurityIncident" USING btree (severity);


--
-- TOC entry 6930 (class 1259 OID 20495)
-- Name: SecurityIncident_status_idx; Type: INDEX; Schema: public; Owner: -
--

CREATE INDEX "SecurityIncident_status_idx" ON public."SecurityIncident" USING btree (status);


--
-- TOC entry 6931 (class 1259 OID 20494)
-- Name: SecurityIncident_tenantId_idx; Type: INDEX; Schema: public; Owner: -
--

CREATE INDEX "SecurityIncident_tenantId_idx" ON public."SecurityIncident" USING btree ("tenantId");


--
-- TOC entry 6934 (class 1259 OID 20498)
-- Name: SecuritySettings_tenantId_idx; Type: INDEX; Schema: public; Owner: -
--

CREATE INDEX "SecuritySettings_tenantId_idx" ON public."SecuritySettings" USING btree ("tenantId");


--
-- TOC entry 6935 (class 1259 OID 20499)
-- Name: SecuritySettings_tenantId_key; Type: INDEX; Schema: public; Owner: -
--

CREATE UNIQUE INDEX "SecuritySettings_tenantId_key" ON public."SecuritySettings" USING btree ("tenantId");


--
-- TOC entry 6938 (class 1259 OID 20500)
-- Name: SegmentMembership_segmentId_guestId_key; Type: INDEX; Schema: public; Owner: -
--

CREATE UNIQUE INDEX "SegmentMembership_segmentId_guestId_key" ON public."SegmentMembership" USING btree ("segmentId", "guestId");


--
-- TOC entry 6941 (class 1259 OID 20502)
-- Name: ServiceRequest_propertyId_idx; Type: INDEX; Schema: public; Owner: -
--

CREATE INDEX "ServiceRequest_propertyId_idx" ON public."ServiceRequest" USING btree ("propertyId");


--
-- TOC entry 6942 (class 1259 OID 20503)
-- Name: ServiceRequest_status_idx; Type: INDEX; Schema: public; Owner: -
--

CREATE INDEX "ServiceRequest_status_idx" ON public."ServiceRequest" USING btree (status);


--
-- TOC entry 6943 (class 1259 OID 20501)
-- Name: ServiceRequest_tenantId_idx; Type: INDEX; Schema: public; Owner: -
--

CREATE INDEX "ServiceRequest_tenantId_idx" ON public."ServiceRequest" USING btree ("tenantId");


--
-- TOC entry 6946 (class 1259 OID 20505)
-- Name: Session_refreshToken_key; Type: INDEX; Schema: public; Owner: -
--

CREATE UNIQUE INDEX "Session_refreshToken_key" ON public."Session" USING btree ("refreshToken");


--
-- TOC entry 6947 (class 1259 OID 20507)
-- Name: Session_token_idx; Type: INDEX; Schema: public; Owner: -
--

CREATE INDEX "Session_token_idx" ON public."Session" USING btree (token);


--
-- TOC entry 6948 (class 1259 OID 20504)
-- Name: Session_token_key; Type: INDEX; Schema: public; Owner: -
--

CREATE UNIQUE INDEX "Session_token_key" ON public."Session" USING btree (token);


--
-- TOC entry 6949 (class 1259 OID 20506)
-- Name: Session_userId_idx; Type: INDEX; Schema: public; Owner: -
--

CREATE INDEX "Session_userId_idx" ON public."Session" USING btree ("userId");


--
-- TOC entry 6952 (class 1259 OID 20508)
-- Name: ShiftTemplate_tenantId_idx; Type: INDEX; Schema: public; Owner: -
--

CREATE INDEX "ShiftTemplate_tenantId_idx" ON public."ShiftTemplate" USING btree ("tenantId");


--
-- TOC entry 6965 (class 1259 OID 20518)
-- Name: StaffAttendance_date_idx; Type: INDEX; Schema: public; Owner: -
--

CREATE INDEX "StaffAttendance_date_idx" ON public."StaffAttendance" USING btree (date);


--
-- TOC entry 6968 (class 1259 OID 20517)
-- Name: StaffAttendance_tenantId_idx; Type: INDEX; Schema: public; Owner: -
--

CREATE INDEX "StaffAttendance_tenantId_idx" ON public."StaffAttendance" USING btree ("tenantId");


--
-- TOC entry 6969 (class 1259 OID 20519)
-- Name: StaffAttendance_userId_date_key; Type: INDEX; Schema: public; Owner: -
--

CREATE UNIQUE INDEX "StaffAttendance_userId_date_key" ON public."StaffAttendance" USING btree ("userId", date);


--
-- TOC entry 6975 (class 1259 OID 20523)
-- Name: StaffChannelMember_channelId_idx; Type: INDEX; Schema: public; Owner: -
--

CREATE INDEX "StaffChannelMember_channelId_idx" ON public."StaffChannelMember" USING btree ("channelId");


--
-- TOC entry 6976 (class 1259 OID 20525)
-- Name: StaffChannelMember_channelId_userId_key; Type: INDEX; Schema: public; Owner: -
--

CREATE UNIQUE INDEX "StaffChannelMember_channelId_userId_key" ON public."StaffChannelMember" USING btree ("channelId", "userId");


--
-- TOC entry 6979 (class 1259 OID 20524)
-- Name: StaffChannelMember_userId_idx; Type: INDEX; Schema: public; Owner: -
--

CREATE INDEX "StaffChannelMember_userId_idx" ON public."StaffChannelMember" USING btree ("userId");


--
-- TOC entry 6970 (class 1259 OID 20522)
-- Name: StaffChannel_department_idx; Type: INDEX; Schema: public; Owner: -
--

CREATE INDEX "StaffChannel_department_idx" ON public."StaffChannel" USING btree (department);


--
-- TOC entry 6973 (class 1259 OID 20520)
-- Name: StaffChannel_tenantId_idx; Type: INDEX; Schema: public; Owner: -
--

CREATE INDEX "StaffChannel_tenantId_idx" ON public."StaffChannel" USING btree ("tenantId");


--
-- TOC entry 6974 (class 1259 OID 20521)
-- Name: StaffChannel_type_idx; Type: INDEX; Schema: public; Owner: -
--

CREATE INDEX "StaffChannel_type_idx" ON public."StaffChannel" USING btree (type);


--
-- TOC entry 6980 (class 1259 OID 20526)
-- Name: StaffChatMessage_channelId_idx; Type: INDEX; Schema: public; Owner: -
--

CREATE INDEX "StaffChatMessage_channelId_idx" ON public."StaffChatMessage" USING btree ("channelId");


--
-- TOC entry 6983 (class 1259 OID 20527)
-- Name: StaffChatMessage_senderId_idx; Type: INDEX; Schema: public; Owner: -
--

CREATE INDEX "StaffChatMessage_senderId_idx" ON public."StaffChatMessage" USING btree ("senderId");


--
-- TOC entry 6984 (class 1259 OID 20528)
-- Name: StaffChatMessage_sentAt_idx; Type: INDEX; Schema: public; Owner: -
--

CREATE INDEX "StaffChatMessage_sentAt_idx" ON public."StaffChatMessage" USING btree ("sentAt");


--
-- TOC entry 6987 (class 1259 OID 20532)
-- Name: StaffLeave_startDate_idx; Type: INDEX; Schema: public; Owner: -
--

CREATE INDEX "StaffLeave_startDate_idx" ON public."StaffLeave" USING btree ("startDate");


--
-- TOC entry 6988 (class 1259 OID 20531)
-- Name: StaffLeave_status_idx; Type: INDEX; Schema: public; Owner: -
--

CREATE INDEX "StaffLeave_status_idx" ON public."StaffLeave" USING btree (status);


--
-- TOC entry 6989 (class 1259 OID 20529)
-- Name: StaffLeave_tenantId_idx; Type: INDEX; Schema: public; Owner: -
--

CREATE INDEX "StaffLeave_tenantId_idx" ON public."StaffLeave" USING btree ("tenantId");


--
-- TOC entry 6990 (class 1259 OID 20530)
-- Name: StaffLeave_userId_idx; Type: INDEX; Schema: public; Owner: -
--

CREATE INDEX "StaffLeave_userId_idx" ON public."StaffLeave" USING btree ("userId");


--
-- TOC entry 6993 (class 1259 OID 20535)
-- Name: StaffPerformance_reviewYear_idx; Type: INDEX; Schema: public; Owner: -
--

CREATE INDEX "StaffPerformance_reviewYear_idx" ON public."StaffPerformance" USING btree ("reviewYear");


--
-- TOC entry 6994 (class 1259 OID 20533)
-- Name: StaffPerformance_tenantId_idx; Type: INDEX; Schema: public; Owner: -
--

CREATE INDEX "StaffPerformance_tenantId_idx" ON public."StaffPerformance" USING btree ("tenantId");


--
-- TOC entry 6995 (class 1259 OID 20534)
-- Name: StaffPerformance_userId_idx; Type: INDEX; Schema: public; Owner: -
--

CREATE INDEX "StaffPerformance_userId_idx" ON public."StaffPerformance" USING btree ("userId");


--
-- TOC entry 6996 (class 1259 OID 20536)
-- Name: StaffPerformance_userId_reviewPeriod_reviewYear_key; Type: INDEX; Schema: public; Owner: -
--

CREATE UNIQUE INDEX "StaffPerformance_userId_reviewPeriod_reviewYear_key" ON public."StaffPerformance" USING btree ("userId", "reviewPeriod", "reviewYear");


--
-- TOC entry 6997 (class 1259 OID 20539)
-- Name: StaffSchedule_date_idx; Type: INDEX; Schema: public; Owner: -
--

CREATE INDEX "StaffSchedule_date_idx" ON public."StaffSchedule" USING btree (date);


--
-- TOC entry 7000 (class 1259 OID 20537)
-- Name: StaffSchedule_tenantId_idx; Type: INDEX; Schema: public; Owner: -
--

CREATE INDEX "StaffSchedule_tenantId_idx" ON public."StaffSchedule" USING btree ("tenantId");


--
-- TOC entry 7001 (class 1259 OID 20540)
-- Name: StaffSchedule_userId_date_key; Type: INDEX; Schema: public; Owner: -
--

CREATE UNIQUE INDEX "StaffSchedule_userId_date_key" ON public."StaffSchedule" USING btree ("userId", date);


--
-- TOC entry 7002 (class 1259 OID 20538)
-- Name: StaffSchedule_userId_idx; Type: INDEX; Schema: public; Owner: -
--

CREATE INDEX "StaffSchedule_userId_idx" ON public."StaffSchedule" USING btree ("userId");


--
-- TOC entry 7003 (class 1259 OID 20543)
-- Name: StaffShift_date_idx; Type: INDEX; Schema: public; Owner: -
--

CREATE INDEX "StaffShift_date_idx" ON public."StaffShift" USING btree (date);


--
-- TOC entry 7006 (class 1259 OID 20541)
-- Name: StaffShift_tenantId_idx; Type: INDEX; Schema: public; Owner: -
--

CREATE INDEX "StaffShift_tenantId_idx" ON public."StaffShift" USING btree ("tenantId");


--
-- TOC entry 7007 (class 1259 OID 20542)
-- Name: StaffShift_userId_idx; Type: INDEX; Schema: public; Owner: -
--

CREATE INDEX "StaffShift_userId_idx" ON public."StaffShift" USING btree ("userId");


--
-- TOC entry 7008 (class 1259 OID 20546)
-- Name: StaffSkill_category_idx; Type: INDEX; Schema: public; Owner: -
--

CREATE INDEX "StaffSkill_category_idx" ON public."StaffSkill" USING btree (category);


--
-- TOC entry 7011 (class 1259 OID 20544)
-- Name: StaffSkill_tenantId_idx; Type: INDEX; Schema: public; Owner: -
--

CREATE INDEX "StaffSkill_tenantId_idx" ON public."StaffSkill" USING btree ("tenantId");


--
-- TOC entry 7012 (class 1259 OID 20545)
-- Name: StaffSkill_userId_idx; Type: INDEX; Schema: public; Owner: -
--

CREATE INDEX "StaffSkill_userId_idx" ON public."StaffSkill" USING btree ("userId");


--
-- TOC entry 7013 (class 1259 OID 20547)
-- Name: StaffSkill_userId_skillName_key; Type: INDEX; Schema: public; Owner: -
--

CREATE UNIQUE INDEX "StaffSkill_userId_skillName_key" ON public."StaffSkill" USING btree ("userId", "skillName");


--
-- TOC entry 7014 (class 1259 OID 20550)
-- Name: StaffWorkload_date_idx; Type: INDEX; Schema: public; Owner: -
--

CREATE INDEX "StaffWorkload_date_idx" ON public."StaffWorkload" USING btree (date);


--
-- TOC entry 7017 (class 1259 OID 20548)
-- Name: StaffWorkload_tenantId_idx; Type: INDEX; Schema: public; Owner: -
--

CREATE INDEX "StaffWorkload_tenantId_idx" ON public."StaffWorkload" USING btree ("tenantId");


--
-- TOC entry 7018 (class 1259 OID 20551)
-- Name: StaffWorkload_userId_date_key; Type: INDEX; Schema: public; Owner: -
--

CREATE UNIQUE INDEX "StaffWorkload_userId_date_key" ON public."StaffWorkload" USING btree ("userId", date);


--
-- TOC entry 7019 (class 1259 OID 20549)
-- Name: StaffWorkload_userId_idx; Type: INDEX; Schema: public; Owner: -
--

CREATE INDEX "StaffWorkload_userId_idx" ON public."StaffWorkload" USING btree ("userId");


--
-- TOC entry 7020 (class 1259 OID 20554)
-- Name: StaticRoute_enabled_idx; Type: INDEX; Schema: public; Owner: -
--

CREATE INDEX "StaticRoute_enabled_idx" ON public."StaticRoute" USING btree (enabled);


--
-- TOC entry 7021 (class 1259 OID 20555)
-- Name: StaticRoute_isDefault_idx; Type: INDEX; Schema: public; Owner: -
--

CREATE INDEX "StaticRoute_isDefault_idx" ON public."StaticRoute" USING btree ("isDefault");


--
-- TOC entry 7024 (class 1259 OID 20553)
-- Name: StaticRoute_propertyId_idx; Type: INDEX; Schema: public; Owner: -
--

CREATE INDEX "StaticRoute_propertyId_idx" ON public."StaticRoute" USING btree ("propertyId");


--
-- TOC entry 7025 (class 1259 OID 20552)
-- Name: StaticRoute_tenantId_idx; Type: INDEX; Schema: public; Owner: -
--

CREATE INDEX "StaticRoute_tenantId_idx" ON public."StaticRoute" USING btree ("tenantId");


--
-- TOC entry 7028 (class 1259 OID 20556)
-- Name: StockConsumption_stockItemId_idx; Type: INDEX; Schema: public; Owner: -
--

CREATE INDEX "StockConsumption_stockItemId_idx" ON public."StockConsumption" USING btree ("stockItemId");


--
-- TOC entry 7029 (class 1259 OID 20558)
-- Name: StockItem_expiryDate_idx; Type: INDEX; Schema: public; Owner: -
--

CREATE INDEX "StockItem_expiryDate_idx" ON public."StockItem" USING btree ("expiryDate");


--
-- TOC entry 7032 (class 1259 OID 20557)
-- Name: StockItem_tenantId_idx; Type: INDEX; Schema: public; Owner: -
--

CREATE INDEX "StockItem_tenantId_idx" ON public."StockItem" USING btree ("tenantId");


--
-- TOC entry 7036 (class 1259 OID 20560)
-- Name: SubscriptionInvoice_invoiceNumber_key; Type: INDEX; Schema: public; Owner: -
--

CREATE UNIQUE INDEX "SubscriptionInvoice_invoiceNumber_key" ON public."SubscriptionInvoice" USING btree ("invoiceNumber");


--
-- TOC entry 7039 (class 1259 OID 20561)
-- Name: SubscriptionInvoice_subscriptionId_idx; Type: INDEX; Schema: public; Owner: -
--

CREATE INDEX "SubscriptionInvoice_subscriptionId_idx" ON public."SubscriptionInvoice" USING btree ("subscriptionId");


--
-- TOC entry 7035 (class 1259 OID 20559)
-- Name: Subscription_tenantId_idx; Type: INDEX; Schema: public; Owner: -
--

CREATE INDEX "Subscription_tenantId_idx" ON public."Subscription" USING btree ("tenantId");


--
-- TOC entry 7337 (class 1259 OID 20752)
-- Name: SurveillanceConfig_propertyId_idx; Type: INDEX; Schema: public; Owner: -
--

CREATE INDEX "SurveillanceConfig_propertyId_idx" ON public."SurveillanceConfig" USING btree ("propertyId");


--
-- TOC entry 7338 (class 1259 OID 20751)
-- Name: SurveillanceConfig_tenantId_idx; Type: INDEX; Schema: public; Owner: -
--

CREATE INDEX "SurveillanceConfig_tenantId_idx" ON public."SurveillanceConfig" USING btree ("tenantId");


--
-- TOC entry 7339 (class 1259 OID 20753)
-- Name: SurveillanceConfig_tenantId_propertyId_configType_key; Type: INDEX; Schema: public; Owner: -
--

CREATE UNIQUE INDEX "SurveillanceConfig_tenantId_propertyId_configType_key" ON public."SurveillanceConfig" USING btree ("tenantId", "propertyId", "configType");


--
-- TOC entry 7042 (class 1259 OID 20564)
-- Name: SyslogServer_enabled_idx; Type: INDEX; Schema: public; Owner: -
--

CREATE INDEX "SyslogServer_enabled_idx" ON public."SyslogServer" USING btree (enabled);


--
-- TOC entry 7045 (class 1259 OID 20563)
-- Name: SyslogServer_propertyId_idx; Type: INDEX; Schema: public; Owner: -
--

CREATE INDEX "SyslogServer_propertyId_idx" ON public."SyslogServer" USING btree ("propertyId");


--
-- TOC entry 7046 (class 1259 OID 20562)
-- Name: SyslogServer_tenantId_idx; Type: INDEX; Schema: public; Owner: -
--

CREATE INDEX "SyslogServer_tenantId_idx" ON public."SyslogServer" USING btree ("tenantId");


--
-- TOC entry 7049 (class 1259 OID 20565)
-- Name: SystemNetworkHealth_propertyId_key; Type: INDEX; Schema: public; Owner: -
--

CREATE UNIQUE INDEX "SystemNetworkHealth_propertyId_key" ON public."SystemNetworkHealth" USING btree ("propertyId");


--
-- TOC entry 7050 (class 1259 OID 20566)
-- Name: SystemNetworkHealth_tenantId_idx; Type: INDEX; Schema: public; Owner: -
--

CREATE INDEX "SystemNetworkHealth_tenantId_idx" ON public."SystemNetworkHealth" USING btree ("tenantId");


--
-- TOC entry 7294 (class 1259 OID 20722)
-- Name: TableMerge_propertyId_idx; Type: INDEX; Schema: public; Owner: -
--

CREATE INDEX "TableMerge_propertyId_idx" ON public."TableMerge" USING btree ("propertyId");


--
-- TOC entry 7295 (class 1259 OID 20721)
-- Name: TableMerge_status_idx; Type: INDEX; Schema: public; Owner: -
--

CREATE INDEX "TableMerge_status_idx" ON public."TableMerge" USING btree (status);


--
-- TOC entry 7296 (class 1259 OID 20720)
-- Name: TableMerge_tenantId_idx; Type: INDEX; Schema: public; Owner: -
--

CREATE INDEX "TableMerge_tenantId_idx" ON public."TableMerge" USING btree ("tenantId");


--
-- TOC entry 7061 (class 1259 OID 20579)
-- Name: TaskAssignmentSuggestion_expiresAt_idx; Type: INDEX; Schema: public; Owner: -
--

CREATE INDEX "TaskAssignmentSuggestion_expiresAt_idx" ON public."TaskAssignmentSuggestion" USING btree ("expiresAt");


--
-- TOC entry 7064 (class 1259 OID 20578)
-- Name: TaskAssignmentSuggestion_status_idx; Type: INDEX; Schema: public; Owner: -
--

CREATE INDEX "TaskAssignmentSuggestion_status_idx" ON public."TaskAssignmentSuggestion" USING btree (status);


--
-- TOC entry 7065 (class 1259 OID 20577)
-- Name: TaskAssignmentSuggestion_suggestedUserId_idx; Type: INDEX; Schema: public; Owner: -
--

CREATE INDEX "TaskAssignmentSuggestion_suggestedUserId_idx" ON public."TaskAssignmentSuggestion" USING btree ("suggestedUserId");


--
-- TOC entry 7066 (class 1259 OID 20576)
-- Name: TaskAssignmentSuggestion_taskId_idx; Type: INDEX; Schema: public; Owner: -
--

CREATE INDEX "TaskAssignmentSuggestion_taskId_idx" ON public."TaskAssignmentSuggestion" USING btree ("taskId");


--
-- TOC entry 7067 (class 1259 OID 20575)
-- Name: TaskAssignmentSuggestion_tenantId_idx; Type: INDEX; Schema: public; Owner: -
--

CREATE INDEX "TaskAssignmentSuggestion_tenantId_idx" ON public."TaskAssignmentSuggestion" USING btree ("tenantId");


--
-- TOC entry 7051 (class 1259 OID 20570)
-- Name: Task_assignedTo_idx; Type: INDEX; Schema: public; Owner: -
--

CREATE INDEX "Task_assignedTo_idx" ON public."Task" USING btree ("assignedTo");


--
-- TOC entry 7054 (class 1259 OID 20574)
-- Name: Task_priority_idx; Type: INDEX; Schema: public; Owner: -
--

CREATE INDEX "Task_priority_idx" ON public."Task" USING btree (priority);


--
-- TOC entry 7055 (class 1259 OID 20568)
-- Name: Task_propertyId_idx; Type: INDEX; Schema: public; Owner: -
--

CREATE INDEX "Task_propertyId_idx" ON public."Task" USING btree ("propertyId");


--
-- TOC entry 7056 (class 1259 OID 20572)
-- Name: Task_propertyId_status_idx; Type: INDEX; Schema: public; Owner: -
--

CREATE INDEX "Task_propertyId_status_idx" ON public."Task" USING btree ("propertyId", status);


--
-- TOC entry 7057 (class 1259 OID 20571)
-- Name: Task_roomId_idx; Type: INDEX; Schema: public; Owner: -
--

CREATE INDEX "Task_roomId_idx" ON public."Task" USING btree ("roomId");


--
-- TOC entry 7058 (class 1259 OID 20569)
-- Name: Task_status_idx; Type: INDEX; Schema: public; Owner: -
--

CREATE INDEX "Task_status_idx" ON public."Task" USING btree (status);


--
-- TOC entry 7059 (class 1259 OID 20567)
-- Name: Task_tenantId_idx; Type: INDEX; Schema: public; Owner: -
--

CREATE INDEX "Task_tenantId_idx" ON public."Task" USING btree ("tenantId");


--
-- TOC entry 7060 (class 1259 OID 20573)
-- Name: Task_tenantId_propertyId_status_idx; Type: INDEX; Schema: public; Owner: -
--

CREATE INDEX "Task_tenantId_propertyId_status_idx" ON public."Task" USING btree ("tenantId", "propertyId", status);


--
-- TOC entry 7068 (class 1259 OID 20587)
-- Name: TaxReport_filingDueDate_idx; Type: INDEX; Schema: public; Owner: -
--

CREATE INDEX "TaxReport_filingDueDate_idx" ON public."TaxReport" USING btree ("filingDueDate");


--
-- TOC entry 7069 (class 1259 OID 20584)
-- Name: TaxReport_jurisdiction_idx; Type: INDEX; Schema: public; Owner: -
--

CREATE INDEX "TaxReport_jurisdiction_idx" ON public."TaxReport" USING btree (jurisdiction);


--
-- TOC entry 7070 (class 1259 OID 20585)
-- Name: TaxReport_periodStart_periodEnd_idx; Type: INDEX; Schema: public; Owner: -
--

CREATE INDEX "TaxReport_periodStart_periodEnd_idx" ON public."TaxReport" USING btree ("periodStart", "periodEnd");


--
-- TOC entry 7073 (class 1259 OID 20582)
-- Name: TaxReport_propertyId_idx; Type: INDEX; Schema: public; Owner: -
--

CREATE INDEX "TaxReport_propertyId_idx" ON public."TaxReport" USING btree ("propertyId");


--
-- TOC entry 7074 (class 1259 OID 20580)
-- Name: TaxReport_reportNumber_key; Type: INDEX; Schema: public; Owner: -
--

CREATE UNIQUE INDEX "TaxReport_reportNumber_key" ON public."TaxReport" USING btree ("reportNumber");


--
-- TOC entry 7075 (class 1259 OID 20583)
-- Name: TaxReport_reportType_idx; Type: INDEX; Schema: public; Owner: -
--

CREATE INDEX "TaxReport_reportType_idx" ON public."TaxReport" USING btree ("reportType");


--
-- TOC entry 7076 (class 1259 OID 20586)
-- Name: TaxReport_status_idx; Type: INDEX; Schema: public; Owner: -
--

CREATE INDEX "TaxReport_status_idx" ON public."TaxReport" USING btree (status);


--
-- TOC entry 7077 (class 1259 OID 20581)
-- Name: TaxReport_tenantId_idx; Type: INDEX; Schema: public; Owner: -
--

CREATE INDEX "TaxReport_tenantId_idx" ON public."TaxReport" USING btree ("tenantId");


--
-- TOC entry 7080 (class 1259 OID 20588)
-- Name: Tenant_slug_key; Type: INDEX; Schema: public; Owner: -
--

CREATE UNIQUE INDEX "Tenant_slug_key" ON public."Tenant" USING btree (slug);


--
-- TOC entry 7114 (class 1259 OID 20610)
-- Name: UsageLog_createdAt_idx; Type: INDEX; Schema: public; Owner: -
--

CREATE INDEX "UsageLog_createdAt_idx" ON public."UsageLog" USING btree ("createdAt");


--
-- TOC entry 7117 (class 1259 OID 20608)
-- Name: UsageLog_tenantId_idx; Type: INDEX; Schema: public; Owner: -
--

CREATE INDEX "UsageLog_tenantId_idx" ON public."UsageLog" USING btree ("tenantId");


--
-- TOC entry 7118 (class 1259 OID 20611)
-- Name: UsageLog_tenantId_type_createdAt_idx; Type: INDEX; Schema: public; Owner: -
--

CREATE INDEX "UsageLog_tenantId_type_createdAt_idx" ON public."UsageLog" USING btree ("tenantId", type, "createdAt");


--
-- TOC entry 7119 (class 1259 OID 20609)
-- Name: UsageLog_type_idx; Type: INDEX; Schema: public; Owner: -
--

CREATE INDEX "UsageLog_type_idx" ON public."UsageLog" USING btree (type);


--
-- TOC entry 7120 (class 1259 OID 20614)
-- Name: UsageSummary_lastResetAt_idx; Type: INDEX; Schema: public; Owner: -
--

CREATE INDEX "UsageSummary_lastResetAt_idx" ON public."UsageSummary" USING btree ("lastResetAt");


--
-- TOC entry 7123 (class 1259 OID 20613)
-- Name: UsageSummary_tenantId_idx; Type: INDEX; Schema: public; Owner: -
--

CREATE INDEX "UsageSummary_tenantId_idx" ON public."UsageSummary" USING btree ("tenantId");


--
-- TOC entry 7124 (class 1259 OID 20612)
-- Name: UsageSummary_tenantId_key; Type: INDEX; Schema: public; Owner: -
--

CREATE UNIQUE INDEX "UsageSummary_tenantId_key" ON public."UsageSummary" USING btree ("tenantId");


--
-- TOC entry 7130 (class 1259 OID 20622)
-- Name: UserFcmToken_isActive_idx; Type: INDEX; Schema: public; Owner: -
--

CREATE INDEX "UserFcmToken_isActive_idx" ON public."UserFcmToken" USING btree ("isActive");


--
-- TOC entry 7133 (class 1259 OID 20619)
-- Name: UserFcmToken_tenantId_idx; Type: INDEX; Schema: public; Owner: -
--

CREATE INDEX "UserFcmToken_tenantId_idx" ON public."UserFcmToken" USING btree ("tenantId");


--
-- TOC entry 7134 (class 1259 OID 20621)
-- Name: UserFcmToken_token_idx; Type: INDEX; Schema: public; Owner: -
--

CREATE INDEX "UserFcmToken_token_idx" ON public."UserFcmToken" USING btree (token);


--
-- TOC entry 7135 (class 1259 OID 20618)
-- Name: UserFcmToken_token_key; Type: INDEX; Schema: public; Owner: -
--

CREATE UNIQUE INDEX "UserFcmToken_token_key" ON public."UserFcmToken" USING btree (token);


--
-- TOC entry 7136 (class 1259 OID 20620)
-- Name: UserFcmToken_userId_idx; Type: INDEX; Schema: public; Owner: -
--

CREATE INDEX "UserFcmToken_userId_idx" ON public."UserFcmToken" USING btree ("userId");


--
-- TOC entry 7139 (class 1259 OID 20623)
-- Name: UserTutorial_tenantId_idx; Type: INDEX; Schema: public; Owner: -
--

CREATE INDEX "UserTutorial_tenantId_idx" ON public."UserTutorial" USING btree ("tenantId");


--
-- TOC entry 7140 (class 1259 OID 20624)
-- Name: UserTutorial_userId_idx; Type: INDEX; Schema: public; Owner: -
--

CREATE INDEX "UserTutorial_userId_idx" ON public."UserTutorial" USING btree ("userId");


--
-- TOC entry 7141 (class 1259 OID 20625)
-- Name: UserTutorial_userId_tutorialKey_key; Type: INDEX; Schema: public; Owner: -
--

CREATE UNIQUE INDEX "UserTutorial_userId_tutorialKey_key" ON public."UserTutorial" USING btree ("userId", "tutorialKey");


--
-- TOC entry 7125 (class 1259 OID 20616)
-- Name: User_email_idx; Type: INDEX; Schema: public; Owner: -
--

CREATE INDEX "User_email_idx" ON public."User" USING btree (email);


--
-- TOC entry 7128 (class 1259 OID 20617)
-- Name: User_tenantId_email_key; Type: INDEX; Schema: public; Owner: -
--

CREATE UNIQUE INDEX "User_tenantId_email_key" ON public."User" USING btree ("tenantId", email);


--
-- TOC entry 7129 (class 1259 OID 20615)
-- Name: User_tenantId_idx; Type: INDEX; Schema: public; Owner: -
--

CREATE INDEX "User_tenantId_idx" ON public."User" USING btree ("tenantId");


--
-- TOC entry 7142 (class 1259 OID 20627)
-- Name: Vehicle_licensePlate_idx; Type: INDEX; Schema: public; Owner: -
--

CREATE INDEX "Vehicle_licensePlate_idx" ON public."Vehicle" USING btree ("licensePlate");


--
-- TOC entry 7145 (class 1259 OID 20626)
-- Name: Vehicle_tenantId_idx; Type: INDEX; Schema: public; Owner: -
--

CREATE INDEX "Vehicle_tenantId_idx" ON public."Vehicle" USING btree ("tenantId");


--
-- TOC entry 7153 (class 1259 OID 20638)
-- Name: VendorPayment_dueDate_idx; Type: INDEX; Schema: public; Owner: -
--

CREATE INDEX "VendorPayment_dueDate_idx" ON public."VendorPayment" USING btree ("dueDate");


--
-- TOC entry 7154 (class 1259 OID 20633)
-- Name: VendorPayment_paymentNumber_key; Type: INDEX; Schema: public; Owner: -
--

CREATE UNIQUE INDEX "VendorPayment_paymentNumber_key" ON public."VendorPayment" USING btree ("paymentNumber");


--
-- TOC entry 7157 (class 1259 OID 20637)
-- Name: VendorPayment_status_idx; Type: INDEX; Schema: public; Owner: -
--

CREATE INDEX "VendorPayment_status_idx" ON public."VendorPayment" USING btree (status);


--
-- TOC entry 7158 (class 1259 OID 20634)
-- Name: VendorPayment_tenantId_idx; Type: INDEX; Schema: public; Owner: -
--

CREATE INDEX "VendorPayment_tenantId_idx" ON public."VendorPayment" USING btree ("tenantId");


--
-- TOC entry 7159 (class 1259 OID 20635)
-- Name: VendorPayment_vendorId_idx; Type: INDEX; Schema: public; Owner: -
--

CREATE INDEX "VendorPayment_vendorId_idx" ON public."VendorPayment" USING btree ("vendorId");


--
-- TOC entry 7160 (class 1259 OID 20636)
-- Name: VendorPayment_workOrderId_idx; Type: INDEX; Schema: public; Owner: -
--

CREATE INDEX "VendorPayment_workOrderId_idx" ON public."VendorPayment" USING btree ("workOrderId");


--
-- TOC entry 7148 (class 1259 OID 20628)
-- Name: Vendor_portalEmail_key; Type: INDEX; Schema: public; Owner: -
--

CREATE UNIQUE INDEX "Vendor_portalEmail_key" ON public."Vendor" USING btree ("portalEmail");


--
-- TOC entry 7149 (class 1259 OID 20629)
-- Name: Vendor_portalToken_key; Type: INDEX; Schema: public; Owner: -
--

CREATE UNIQUE INDEX "Vendor_portalToken_key" ON public."Vendor" USING btree ("portalToken");


--
-- TOC entry 7150 (class 1259 OID 20632)
-- Name: Vendor_status_idx; Type: INDEX; Schema: public; Owner: -
--

CREATE INDEX "Vendor_status_idx" ON public."Vendor" USING btree (status);


--
-- TOC entry 7151 (class 1259 OID 20630)
-- Name: Vendor_tenantId_idx; Type: INDEX; Schema: public; Owner: -
--

CREATE INDEX "Vendor_tenantId_idx" ON public."Vendor" USING btree ("tenantId");


--
-- TOC entry 7152 (class 1259 OID 20631)
-- Name: Vendor_type_idx; Type: INDEX; Schema: public; Owner: -
--

CREATE INDEX "Vendor_type_idx" ON public."Vendor" USING btree (type);


--
-- TOC entry 7163 (class 1259 OID 20640)
-- Name: VlanConfig_propertyId_idx; Type: INDEX; Schema: public; Owner: -
--

CREATE INDEX "VlanConfig_propertyId_idx" ON public."VlanConfig" USING btree ("propertyId");


--
-- TOC entry 7164 (class 1259 OID 20642)
-- Name: VlanConfig_propertyId_subInterface_key; Type: INDEX; Schema: public; Owner: -
--

CREATE UNIQUE INDEX "VlanConfig_propertyId_subInterface_key" ON public."VlanConfig" USING btree ("propertyId", "subInterface");


--
-- TOC entry 7165 (class 1259 OID 20641)
-- Name: VlanConfig_propertyId_vlanId_key; Type: INDEX; Schema: public; Owner: -
--

CREATE UNIQUE INDEX "VlanConfig_propertyId_vlanId_key" ON public."VlanConfig" USING btree ("propertyId", "vlanId");


--
-- TOC entry 7166 (class 1259 OID 20639)
-- Name: VlanConfig_tenantId_idx; Type: INDEX; Schema: public; Owner: -
--

CREATE INDEX "VlanConfig_tenantId_idx" ON public."VlanConfig" USING btree ("tenantId");


--
-- TOC entry 7167 (class 1259 OID 20643)
-- Name: WaitlistEntry_bookingId_key; Type: INDEX; Schema: public; Owner: -
--

CREATE UNIQUE INDEX "WaitlistEntry_bookingId_key" ON public."WaitlistEntry" USING btree ("bookingId");


--
-- TOC entry 7170 (class 1259 OID 20645)
-- Name: WaitlistEntry_propertyId_idx; Type: INDEX; Schema: public; Owner: -
--

CREATE INDEX "WaitlistEntry_propertyId_idx" ON public."WaitlistEntry" USING btree ("propertyId");


--
-- TOC entry 7171 (class 1259 OID 20646)
-- Name: WaitlistEntry_status_idx; Type: INDEX; Schema: public; Owner: -
--

CREATE INDEX "WaitlistEntry_status_idx" ON public."WaitlistEntry" USING btree (status);


--
-- TOC entry 7172 (class 1259 OID 20644)
-- Name: WaitlistEntry_tenantId_idx; Type: INDEX; Schema: public; Owner: -
--

CREATE INDEX "WaitlistEntry_tenantId_idx" ON public."WaitlistEntry" USING btree ("tenantId");


--
-- TOC entry 7175 (class 1259 OID 20648)
-- Name: WanFailover_propertyId_key; Type: INDEX; Schema: public; Owner: -
--

CREATE UNIQUE INDEX "WanFailover_propertyId_key" ON public."WanFailover" USING btree ("propertyId");


--
-- TOC entry 7176 (class 1259 OID 20647)
-- Name: WanFailover_tenantId_idx; Type: INDEX; Schema: public; Owner: -
--

CREATE INDEX "WanFailover_tenantId_idx" ON public."WanFailover" USING btree ("tenantId");


--
-- TOC entry 7186 (class 1259 OID 20654)
-- Name: WebCategorySchedule_propertyId_idx; Type: INDEX; Schema: public; Owner: -
--

CREATE INDEX "WebCategorySchedule_propertyId_idx" ON public."WebCategorySchedule" USING btree ("propertyId");


--
-- TOC entry 7187 (class 1259 OID 20657)
-- Name: WebCategorySchedule_scheduleAccessId_idx; Type: INDEX; Schema: public; Owner: -
--

CREATE INDEX "WebCategorySchedule_scheduleAccessId_idx" ON public."WebCategorySchedule" USING btree ("scheduleAccessId");


--
-- TOC entry 7188 (class 1259 OID 20655)
-- Name: WebCategorySchedule_tenantId_idx; Type: INDEX; Schema: public; Owner: -
--

CREATE INDEX "WebCategorySchedule_tenantId_idx" ON public."WebCategorySchedule" USING btree ("tenantId");


--
-- TOC entry 7189 (class 1259 OID 20656)
-- Name: WebCategorySchedule_webCategoryId_idx; Type: INDEX; Schema: public; Owner: -
--

CREATE INDEX "WebCategorySchedule_webCategoryId_idx" ON public."WebCategorySchedule" USING btree ("webCategoryId");


--
-- TOC entry 7177 (class 1259 OID 20651)
-- Name: WebCategory_categoryType_idx; Type: INDEX; Schema: public; Owner: -
--

CREATE INDEX "WebCategory_categoryType_idx" ON public."WebCategory" USING btree ("categoryType");


--
-- TOC entry 7178 (class 1259 OID 20652)
-- Name: WebCategory_enabled_idx; Type: INDEX; Schema: public; Owner: -
--

CREATE INDEX "WebCategory_enabled_idx" ON public."WebCategory" USING btree (enabled);


--
-- TOC entry 7181 (class 1259 OID 20649)
-- Name: WebCategory_propertyId_idx; Type: INDEX; Schema: public; Owner: -
--

CREATE INDEX "WebCategory_propertyId_idx" ON public."WebCategory" USING btree ("propertyId");


--
-- TOC entry 7182 (class 1259 OID 20653)
-- Name: WebCategory_propertyId_name_key; Type: INDEX; Schema: public; Owner: -
--

CREATE UNIQUE INDEX "WebCategory_propertyId_name_key" ON public."WebCategory" USING btree ("propertyId", name);


--
-- TOC entry 7183 (class 1259 OID 20650)
-- Name: WebCategory_tenantId_idx; Type: INDEX; Schema: public; Owner: -
--

CREATE INDEX "WebCategory_tenantId_idx" ON public."WebCategory" USING btree ("tenantId");


--
-- TOC entry 7190 (class 1259 OID 20658)
-- Name: WebhookDeliveryLog_endpointId_idx; Type: INDEX; Schema: public; Owner: -
--

CREATE INDEX "WebhookDeliveryLog_endpointId_idx" ON public."WebhookDeliveryLog" USING btree ("endpointId");


--
-- TOC entry 7193 (class 1259 OID 20659)
-- Name: WebhookDeliveryLog_status_idx; Type: INDEX; Schema: public; Owner: -
--

CREATE INDEX "WebhookDeliveryLog_status_idx" ON public."WebhookDeliveryLog" USING btree (status);


--
-- TOC entry 7196 (class 1259 OID 20660)
-- Name: WebhookEndpoint_tenantId_idx; Type: INDEX; Schema: public; Owner: -
--

CREATE INDEX "WebhookEndpoint_tenantId_idx" ON public."WebhookEndpoint" USING btree ("tenantId");


--
-- TOC entry 7199 (class 1259 OID 20661)
-- Name: WiFiAAAConfig_propertyId_key; Type: INDEX; Schema: public; Owner: -
--

CREATE UNIQUE INDEX "WiFiAAAConfig_propertyId_key" ON public."WiFiAAAConfig" USING btree ("propertyId");


--
-- TOC entry 7200 (class 1259 OID 20662)
-- Name: WiFiAAAConfig_tenantId_idx; Type: INDEX; Schema: public; Owner: -
--

CREATE INDEX "WiFiAAAConfig_tenantId_idx" ON public."WiFiAAAConfig" USING btree ("tenantId");


--
-- TOC entry 7205 (class 1259 OID 20664)
-- Name: WiFiGateway_propertyId_idx; Type: INDEX; Schema: public; Owner: -
--

CREATE INDEX "WiFiGateway_propertyId_idx" ON public."WiFiGateway" USING btree ("propertyId");


--
-- TOC entry 7206 (class 1259 OID 20667)
-- Name: WiFiGateway_propertyId_ipAddress_key; Type: INDEX; Schema: public; Owner: -
--

CREATE UNIQUE INDEX "WiFiGateway_propertyId_ipAddress_key" ON public."WiFiGateway" USING btree ("propertyId", "ipAddress");


--
-- TOC entry 7207 (class 1259 OID 20666)
-- Name: WiFiGateway_status_idx; Type: INDEX; Schema: public; Owner: -
--

CREATE INDEX "WiFiGateway_status_idx" ON public."WiFiGateway" USING btree (status);


--
-- TOC entry 7208 (class 1259 OID 20663)
-- Name: WiFiGateway_tenantId_idx; Type: INDEX; Schema: public; Owner: -
--

CREATE INDEX "WiFiGateway_tenantId_idx" ON public."WiFiGateway" USING btree ("tenantId");


--
-- TOC entry 7209 (class 1259 OID 20665)
-- Name: WiFiGateway_vendor_idx; Type: INDEX; Schema: public; Owner: -
--

CREATE INDEX "WiFiGateway_vendor_idx" ON public."WiFiGateway" USING btree (vendor);


--
-- TOC entry 7220 (class 1259 OID 20675)
-- Name: WiFiPlan_ipPoolId_idx; Type: INDEX; Schema: public; Owner: -
--

CREATE INDEX "WiFiPlan_ipPoolId_idx" ON public."WiFiPlan" USING btree ("ipPoolId");


--
-- TOC entry 7223 (class 1259 OID 20674)
-- Name: WiFiPlan_tenantId_idx; Type: INDEX; Schema: public; Owner: -
--

CREATE INDEX "WiFiPlan_tenantId_idx" ON public."WiFiPlan" USING btree ("tenantId");


--
-- TOC entry 7224 (class 1259 OID 20680)
-- Name: WiFiSession_acctUniqueId_idx; Type: INDEX; Schema: public; Owner: -
--

CREATE INDEX "WiFiSession_acctUniqueId_idx" ON public."WiFiSession" USING btree ("acctUniqueId");


--
-- TOC entry 7225 (class 1259 OID 20678)
-- Name: WiFiSession_guestId_idx; Type: INDEX; Schema: public; Owner: -
--

CREATE INDEX "WiFiSession_guestId_idx" ON public."WiFiSession" USING btree ("guestId");


--
-- TOC entry 7226 (class 1259 OID 20677)
-- Name: WiFiSession_macAddress_idx; Type: INDEX; Schema: public; Owner: -
--

CREATE INDEX "WiFiSession_macAddress_idx" ON public."WiFiSession" USING btree ("macAddress");


--
-- TOC entry 7229 (class 1259 OID 20676)
-- Name: WiFiSession_tenantId_idx; Type: INDEX; Schema: public; Owner: -
--

CREATE INDEX "WiFiSession_tenantId_idx" ON public."WiFiSession" USING btree ("tenantId");


--
-- TOC entry 7230 (class 1259 OID 20679)
-- Name: WiFiSession_username_idx; Type: INDEX; Schema: public; Owner: -
--

CREATE INDEX "WiFiSession_username_idx" ON public."WiFiSession" USING btree (username);


--
-- TOC entry 7241 (class 1259 OID 20693)
-- Name: WiFiUserStatusHistory_createdAt_idx; Type: INDEX; Schema: public; Owner: -
--

CREATE INDEX "WiFiUserStatusHistory_createdAt_idx" ON public."WiFiUserStatusHistory" USING btree ("createdAt");


--
-- TOC entry 7244 (class 1259 OID 20689)
-- Name: WiFiUserStatusHistory_propertyId_idx; Type: INDEX; Schema: public; Owner: -
--

CREATE INDEX "WiFiUserStatusHistory_propertyId_idx" ON public."WiFiUserStatusHistory" USING btree ("propertyId");


--
-- TOC entry 7245 (class 1259 OID 20690)
-- Name: WiFiUserStatusHistory_tenantId_idx; Type: INDEX; Schema: public; Owner: -
--

CREATE INDEX "WiFiUserStatusHistory_tenantId_idx" ON public."WiFiUserStatusHistory" USING btree ("tenantId");


--
-- TOC entry 7246 (class 1259 OID 20692)
-- Name: WiFiUserStatusHistory_userId_idx; Type: INDEX; Schema: public; Owner: -
--

CREATE INDEX "WiFiUserStatusHistory_userId_idx" ON public."WiFiUserStatusHistory" USING btree ("userId");


--
-- TOC entry 7247 (class 1259 OID 20691)
-- Name: WiFiUserStatusHistory_username_idx; Type: INDEX; Schema: public; Owner: -
--

CREATE INDEX "WiFiUserStatusHistory_username_idx" ON public."WiFiUserStatusHistory" USING btree (username);


--
-- TOC entry 7231 (class 1259 OID 20686)
-- Name: WiFiUser_bookingId_idx; Type: INDEX; Schema: public; Owner: -
--

CREATE INDEX "WiFiUser_bookingId_idx" ON public."WiFiUser" USING btree ("bookingId");


--
-- TOC entry 7232 (class 1259 OID 20685)
-- Name: WiFiUser_guestId_idx; Type: INDEX; Schema: public; Owner: -
--

CREATE INDEX "WiFiUser_guestId_idx" ON public."WiFiUser" USING btree ("guestId");


--
-- TOC entry 7233 (class 1259 OID 20688)
-- Name: WiFiUser_ipPoolId_idx; Type: INDEX; Schema: public; Owner: -
--

CREATE INDEX "WiFiUser_ipPoolId_idx" ON public."WiFiUser" USING btree ("ipPoolId");


--
-- TOC entry 7236 (class 1259 OID 20683)
-- Name: WiFiUser_propertyId_idx; Type: INDEX; Schema: public; Owner: -
--

CREATE INDEX "WiFiUser_propertyId_idx" ON public."WiFiUser" USING btree ("propertyId");


--
-- TOC entry 7237 (class 1259 OID 20687)
-- Name: WiFiUser_status_idx; Type: INDEX; Schema: public; Owner: -
--

CREATE INDEX "WiFiUser_status_idx" ON public."WiFiUser" USING btree (status);


--
-- TOC entry 7238 (class 1259 OID 20682)
-- Name: WiFiUser_tenantId_idx; Type: INDEX; Schema: public; Owner: -
--

CREATE INDEX "WiFiUser_tenantId_idx" ON public."WiFiUser" USING btree ("tenantId");


--
-- TOC entry 7239 (class 1259 OID 20684)
-- Name: WiFiUser_username_idx; Type: INDEX; Schema: public; Owner: -
--

CREATE INDEX "WiFiUser_username_idx" ON public."WiFiUser" USING btree (username);


--
-- TOC entry 7240 (class 1259 OID 20681)
-- Name: WiFiUser_username_key; Type: INDEX; Schema: public; Owner: -
--

CREATE UNIQUE INDEX "WiFiUser_username_key" ON public."WiFiUser" USING btree (username);


--
-- TOC entry 7248 (class 1259 OID 20696)
-- Name: WiFiVoucher_code_idx; Type: INDEX; Schema: public; Owner: -
--

CREATE INDEX "WiFiVoucher_code_idx" ON public."WiFiVoucher" USING btree (code);


--
-- TOC entry 7249 (class 1259 OID 20694)
-- Name: WiFiVoucher_code_key; Type: INDEX; Schema: public; Owner: -
--

CREATE UNIQUE INDEX "WiFiVoucher_code_key" ON public."WiFiVoucher" USING btree (code);


--
-- TOC entry 7252 (class 1259 OID 20695)
-- Name: WiFiVoucher_tenantId_idx; Type: INDEX; Schema: public; Owner: -
--

CREATE INDEX "WiFiVoucher_tenantId_idx" ON public."WiFiVoucher" USING btree ("tenantId");


--
-- TOC entry 7255 (class 1259 OID 20702)
-- Name: WorkOrder_priority_idx; Type: INDEX; Schema: public; Owner: -
--

CREATE INDEX "WorkOrder_priority_idx" ON public."WorkOrder" USING btree (priority);


--
-- TOC entry 7256 (class 1259 OID 20699)
-- Name: WorkOrder_propertyId_idx; Type: INDEX; Schema: public; Owner: -
--

CREATE INDEX "WorkOrder_propertyId_idx" ON public."WorkOrder" USING btree ("propertyId");


--
-- TOC entry 7257 (class 1259 OID 20704)
-- Name: WorkOrder_scheduledDate_idx; Type: INDEX; Schema: public; Owner: -
--

CREATE INDEX "WorkOrder_scheduledDate_idx" ON public."WorkOrder" USING btree ("scheduledDate");


--
-- TOC entry 7258 (class 1259 OID 20701)
-- Name: WorkOrder_status_idx; Type: INDEX; Schema: public; Owner: -
--

CREATE INDEX "WorkOrder_status_idx" ON public."WorkOrder" USING btree (status);


--
-- TOC entry 7259 (class 1259 OID 20698)
-- Name: WorkOrder_tenantId_idx; Type: INDEX; Schema: public; Owner: -
--

CREATE INDEX "WorkOrder_tenantId_idx" ON public."WorkOrder" USING btree ("tenantId");


--
-- TOC entry 7260 (class 1259 OID 20703)
-- Name: WorkOrder_type_idx; Type: INDEX; Schema: public; Owner: -
--

CREATE INDEX "WorkOrder_type_idx" ON public."WorkOrder" USING btree (type);


--
-- TOC entry 7261 (class 1259 OID 20700)
-- Name: WorkOrder_vendorId_idx; Type: INDEX; Schema: public; Owner: -
--

CREATE INDEX "WorkOrder_vendorId_idx" ON public."WorkOrder" USING btree ("vendorId");


--
-- TOC entry 7262 (class 1259 OID 20697)
-- Name: WorkOrder_workOrderNumber_key; Type: INDEX; Schema: public; Owner: -
--

CREATE UNIQUE INDEX "WorkOrder_workOrderNumber_key" ON public."WorkOrder" USING btree ("workOrderNumber");


--
-- TOC entry 7383 (class 1259 OID 20781)
-- Name: _CaptivePortalToVlanConfig_B_index; Type: INDEX; Schema: public; Owner: -
--

CREATE INDEX "_CaptivePortalToVlanConfig_B_index" ON public."_CaptivePortalToVlanConfig" USING btree ("B");


--
-- TOC entry 7386 (class 1259 OID 20782)
-- Name: _ModifierItems_B_index; Type: INDEX; Schema: public; Owner: -
--

CREATE INDEX "_ModifierItems_B_index" ON public."_ModifierItems" USING btree ("B");


--
-- TOC entry 6295 (class 1259 OID 20096)
-- Name: fup_switch_log_triggered_idx; Type: INDEX; Schema: public; Owner: -
--

CREATE INDEX fup_switch_log_triggered_idx ON public.fup_switch_log USING btree (triggered_at);


--
-- TOC entry 6296 (class 1259 OID 20097)
-- Name: fup_switch_log_username_idx; Type: INDEX; Schema: public; Owner: -
--

CREATE INDEX fup_switch_log_username_idx ON public.fup_switch_log USING btree (username);


--
-- TOC entry 6297 (class 1259 OID 20098)
-- Name: idx_fup_switch_log_created_at; Type: INDEX; Schema: public; Owner: -
--

CREATE INDEX idx_fup_switch_log_created_at ON public.fup_switch_log USING btree (created_at);


--
-- TOC entry 6833 (class 1259 OID 22979)
-- Name: nas_nasname; Type: INDEX; Schema: public; Owner: -
--

CREATE INDEX nas_nasname ON public.nas USING btree (nasname);


--
-- TOC entry 6834 (class 1259 OID 20434)
-- Name: nas_nasname_idx; Type: INDEX; Schema: public; Owner: -
--

CREATE INDEX nas_nasname_idx ON public.nas USING btree (nasname);


--
-- TOC entry 6759 (class 1259 OID 20388)
-- Name: radacct_acctuniqueid_key; Type: INDEX; Schema: public; Owner: -
--

CREATE UNIQUE INDEX radacct_acctuniqueid_key ON public.radacct USING btree (acctuniqueid);


--
-- TOC entry 6760 (class 1259 OID 20389)
-- Name: radacct_active_session_idx; Type: INDEX; Schema: public; Owner: -
--

CREATE INDEX radacct_active_session_idx ON public.radacct USING btree (acctuniqueid);


--
-- TOC entry 6761 (class 1259 OID 20390)
-- Name: radacct_bulk_close; Type: INDEX; Schema: public; Owner: -
--

CREATE INDEX radacct_bulk_close ON public.radacct USING btree (nasipaddress, acctstarttime);


--
-- TOC entry 6764 (class 1259 OID 20391)
-- Name: radacct_start_user_idx; Type: INDEX; Schema: public; Owner: -
--

CREATE INDEX radacct_start_user_idx ON public.radacct USING btree (acctstarttime, username);


--
-- TOC entry 6765 (class 1259 OID 20393)
-- Name: radcheck_attribute_idx; Type: INDEX; Schema: public; Owner: -
--

CREATE INDEX radcheck_attribute_idx ON public.radcheck USING btree (attribute);


--
-- TOC entry 6768 (class 1259 OID 20392)
-- Name: radcheck_username_idx; Type: INDEX; Schema: public; Owner: -
--

CREATE INDEX radcheck_username_idx ON public.radcheck USING btree (username);


--
-- TOC entry 6769 (class 1259 OID 20394)
-- Name: radgroupcheck_groupname_idx; Type: INDEX; Schema: public; Owner: -
--

CREATE INDEX radgroupcheck_groupname_idx ON public.radgroupcheck USING btree (groupname);


--
-- TOC entry 6772 (class 1259 OID 20395)
-- Name: radgroupreply_groupname_idx; Type: INDEX; Schema: public; Owner: -
--

CREATE INDEX radgroupreply_groupname_idx ON public.radgroupreply USING btree (groupname);


--
-- TOC entry 6825 (class 1259 OID 20431)
-- Name: radreply_attribute_idx; Type: INDEX; Schema: public; Owner: -
--

CREATE INDEX radreply_attribute_idx ON public.radreply USING btree (attribute);


--
-- TOC entry 6828 (class 1259 OID 20430)
-- Name: radreply_username_idx; Type: INDEX; Schema: public; Owner: -
--

CREATE INDEX radreply_username_idx ON public.radreply USING btree (username);


--
-- TOC entry 6829 (class 1259 OID 20433)
-- Name: radusergroup_groupname_idx; Type: INDEX; Schema: public; Owner: -
--

CREATE INDEX radusergroup_groupname_idx ON public.radusergroup USING btree (groupname);


--
-- TOC entry 6832 (class 1259 OID 20432)
-- Name: radusergroup_username_idx; Type: INDEX; Schema: public; Owner: -
--

CREATE INDEX radusergroup_username_idx ON public.radusergroup USING btree (username);


--
-- TOC entry 7393 (class 2606 OID 20794)
-- Name: AISuggestion AISuggestion_tenantId_fkey; Type: FK CONSTRAINT; Schema: public; Owner: -
--

ALTER TABLE ONLY public."AISuggestion"
    ADD CONSTRAINT "AISuggestion_tenantId_fkey" FOREIGN KEY ("tenantId") REFERENCES public."Tenant"(id) ON UPDATE CASCADE ON DELETE CASCADE;


--
-- TOC entry 7391 (class 2606 OID 20784)
-- Name: AdCampaign AdCampaign_tenantId_fkey; Type: FK CONSTRAINT; Schema: public; Owner: -
--

ALTER TABLE ONLY public."AdCampaign"
    ADD CONSTRAINT "AdCampaign_tenantId_fkey" FOREIGN KEY ("tenantId") REFERENCES public."Tenant"(id) ON UPDATE CASCADE ON DELETE CASCADE;


--
-- TOC entry 7392 (class 2606 OID 20789)
-- Name: AdPerformance AdPerformance_campaignId_fkey; Type: FK CONSTRAINT; Schema: public; Owner: -
--

ALTER TABLE ONLY public."AdPerformance"
    ADD CONSTRAINT "AdPerformance_campaignId_fkey" FOREIGN KEY ("campaignId") REFERENCES public."AdCampaign"(id) ON UPDATE CASCADE ON DELETE CASCADE;


--
-- TOC entry 7402 (class 2606 OID 20839)
-- Name: AiConversationMessage AiConversationMessage_conversationId_fkey; Type: FK CONSTRAINT; Schema: public; Owner: -
--

ALTER TABLE ONLY public."AiConversationMessage"
    ADD CONSTRAINT "AiConversationMessage_conversationId_fkey" FOREIGN KEY ("conversationId") REFERENCES public."AiConversation"(id) ON UPDATE CASCADE ON DELETE CASCADE;


--
-- TOC entry 7400 (class 2606 OID 20834)
-- Name: AiConversation AiConversation_tenantId_fkey; Type: FK CONSTRAINT; Schema: public; Owner: -
--

ALTER TABLE ONLY public."AiConversation"
    ADD CONSTRAINT "AiConversation_tenantId_fkey" FOREIGN KEY ("tenantId") REFERENCES public."Tenant"(id) ON UPDATE CASCADE ON DELETE CASCADE;


--
-- TOC entry 7401 (class 2606 OID 20829)
-- Name: AiConversation AiConversation_userId_fkey; Type: FK CONSTRAINT; Schema: public; Owner: -
--

ALTER TABLE ONLY public."AiConversation"
    ADD CONSTRAINT "AiConversation_userId_fkey" FOREIGN KEY ("userId") REFERENCES public."User"(id) ON UPDATE CASCADE ON DELETE CASCADE;


--
-- TOC entry 7394 (class 2606 OID 20799)
-- Name: Amenity Amenity_tenantId_fkey; Type: FK CONSTRAINT; Schema: public; Owner: -
--

ALTER TABLE ONLY public."Amenity"
    ADD CONSTRAINT "Amenity_tenantId_fkey" FOREIGN KEY ("tenantId") REFERENCES public."Tenant"(id) ON UPDATE CASCADE ON DELETE CASCADE;


--
-- TOC entry 7395 (class 2606 OID 20809)
-- Name: Asset Asset_propertyId_fkey; Type: FK CONSTRAINT; Schema: public; Owner: -
--

ALTER TABLE ONLY public."Asset"
    ADD CONSTRAINT "Asset_propertyId_fkey" FOREIGN KEY ("propertyId") REFERENCES public."Property"(id) ON UPDATE CASCADE ON DELETE CASCADE;


--
-- TOC entry 7396 (class 2606 OID 20814)
-- Name: Asset Asset_roomId_fkey; Type: FK CONSTRAINT; Schema: public; Owner: -
--

ALTER TABLE ONLY public."Asset"
    ADD CONSTRAINT "Asset_roomId_fkey" FOREIGN KEY ("roomId") REFERENCES public."Room"(id) ON UPDATE CASCADE ON DELETE SET NULL;


--
-- TOC entry 7397 (class 2606 OID 20804)
-- Name: Asset Asset_tenantId_fkey; Type: FK CONSTRAINT; Schema: public; Owner: -
--

ALTER TABLE ONLY public."Asset"
    ADD CONSTRAINT "Asset_tenantId_fkey" FOREIGN KEY ("tenantId") REFERENCES public."Tenant"(id) ON UPDATE CASCADE ON DELETE CASCADE;


--
-- TOC entry 7398 (class 2606 OID 20824)
-- Name: AuditLog AuditLog_tenantId_fkey; Type: FK CONSTRAINT; Schema: public; Owner: -
--

ALTER TABLE ONLY public."AuditLog"
    ADD CONSTRAINT "AuditLog_tenantId_fkey" FOREIGN KEY ("tenantId") REFERENCES public."Tenant"(id) ON UPDATE CASCADE ON DELETE CASCADE;


--
-- TOC entry 7399 (class 2606 OID 20819)
-- Name: AuditLog AuditLog_userId_fkey; Type: FK CONSTRAINT; Schema: public; Owner: -
--

ALTER TABLE ONLY public."AuditLog"
    ADD CONSTRAINT "AuditLog_userId_fkey" FOREIGN KEY ("userId") REFERENCES public."User"(id) ON UPDATE CASCADE ON DELETE SET NULL;


--
-- TOC entry 7403 (class 2606 OID 20844)
-- Name: AutomationExecutionLog AutomationExecutionLog_ruleId_fkey; Type: FK CONSTRAINT; Schema: public; Owner: -
--

ALTER TABLE ONLY public."AutomationExecutionLog"
    ADD CONSTRAINT "AutomationExecutionLog_ruleId_fkey" FOREIGN KEY ("ruleId") REFERENCES public."AutomationRule"(id) ON UPDATE CASCADE ON DELETE CASCADE;


--
-- TOC entry 7404 (class 2606 OID 20849)
-- Name: AutomationRule AutomationRule_tenantId_fkey; Type: FK CONSTRAINT; Schema: public; Owner: -
--

ALTER TABLE ONLY public."AutomationRule"
    ADD CONSTRAINT "AutomationRule_tenantId_fkey" FOREIGN KEY ("tenantId") REFERENCES public."Tenant"(id) ON UPDATE CASCADE ON DELETE CASCADE;


--
-- TOC entry 7407 (class 2606 OID 20864)
-- Name: BandwidthPolicyDetail BandwidthPolicyDetail_tenantId_fkey; Type: FK CONSTRAINT; Schema: public; Owner: -
--

ALTER TABLE ONLY public."BandwidthPolicyDetail"
    ADD CONSTRAINT "BandwidthPolicyDetail_tenantId_fkey" FOREIGN KEY ("tenantId") REFERENCES public."Tenant"(id) ON UPDATE CASCADE ON DELETE CASCADE;


--
-- TOC entry 7405 (class 2606 OID 20854)
-- Name: BandwidthPolicy BandwidthPolicy_propertyId_fkey; Type: FK CONSTRAINT; Schema: public; Owner: -
--

ALTER TABLE ONLY public."BandwidthPolicy"
    ADD CONSTRAINT "BandwidthPolicy_propertyId_fkey" FOREIGN KEY ("propertyId") REFERENCES public."Property"(id) ON UPDATE CASCADE ON DELETE CASCADE;


--
-- TOC entry 7406 (class 2606 OID 20859)
-- Name: BandwidthPolicy BandwidthPolicy_tenantId_fkey; Type: FK CONSTRAINT; Schema: public; Owner: -
--

ALTER TABLE ONLY public."BandwidthPolicy"
    ADD CONSTRAINT "BandwidthPolicy_tenantId_fkey" FOREIGN KEY ("tenantId") REFERENCES public."Tenant"(id) ON UPDATE CASCADE ON DELETE CASCADE;


--
-- TOC entry 7408 (class 2606 OID 20869)
-- Name: BandwidthPool BandwidthPool_propertyId_fkey; Type: FK CONSTRAINT; Schema: public; Owner: -
--

ALTER TABLE ONLY public."BandwidthPool"
    ADD CONSTRAINT "BandwidthPool_propertyId_fkey" FOREIGN KEY ("propertyId") REFERENCES public."Property"(id) ON UPDATE CASCADE ON DELETE CASCADE;


--
-- TOC entry 7409 (class 2606 OID 20874)
-- Name: BandwidthPool BandwidthPool_tenantId_fkey; Type: FK CONSTRAINT; Schema: public; Owner: -
--

ALTER TABLE ONLY public."BandwidthPool"
    ADD CONSTRAINT "BandwidthPool_tenantId_fkey" FOREIGN KEY ("tenantId") REFERENCES public."Tenant"(id) ON UPDATE CASCADE ON DELETE CASCADE;


--
-- TOC entry 7410 (class 2606 OID 20879)
-- Name: BandwidthTopup BandwidthTopup_propertyId_fkey; Type: FK CONSTRAINT; Schema: public; Owner: -
--

ALTER TABLE ONLY public."BandwidthTopup"
    ADD CONSTRAINT "BandwidthTopup_propertyId_fkey" FOREIGN KEY ("propertyId") REFERENCES public."Property"(id) ON UPDATE CASCADE ON DELETE CASCADE;


--
-- TOC entry 7411 (class 2606 OID 20884)
-- Name: BandwidthTopup BandwidthTopup_tenantId_fkey; Type: FK CONSTRAINT; Schema: public; Owner: -
--

ALTER TABLE ONLY public."BandwidthTopup"
    ADD CONSTRAINT "BandwidthTopup_tenantId_fkey" FOREIGN KEY ("tenantId") REFERENCES public."Tenant"(id) ON UPDATE CASCADE ON DELETE CASCADE;


--
-- TOC entry 7412 (class 2606 OID 20889)
-- Name: BandwidthUsageDaily BandwidthUsageDaily_propertyId_fkey; Type: FK CONSTRAINT; Schema: public; Owner: -
--

ALTER TABLE ONLY public."BandwidthUsageDaily"
    ADD CONSTRAINT "BandwidthUsageDaily_propertyId_fkey" FOREIGN KEY ("propertyId") REFERENCES public."Property"(id) ON UPDATE CASCADE ON DELETE CASCADE;


--
-- TOC entry 7413 (class 2606 OID 20894)
-- Name: BandwidthUsageDaily BandwidthUsageDaily_tenantId_fkey; Type: FK CONSTRAINT; Schema: public; Owner: -
--

ALTER TABLE ONLY public."BandwidthUsageDaily"
    ADD CONSTRAINT "BandwidthUsageDaily_tenantId_fkey" FOREIGN KEY ("tenantId") REFERENCES public."Tenant"(id) ON UPDATE CASCADE ON DELETE CASCADE;


--
-- TOC entry 7414 (class 2606 OID 20899)
-- Name: BandwidthUsageSession BandwidthUsageSession_propertyId_fkey; Type: FK CONSTRAINT; Schema: public; Owner: -
--

ALTER TABLE ONLY public."BandwidthUsageSession"
    ADD CONSTRAINT "BandwidthUsageSession_propertyId_fkey" FOREIGN KEY ("propertyId") REFERENCES public."Property"(id) ON UPDATE CASCADE ON DELETE CASCADE;


--
-- TOC entry 7415 (class 2606 OID 20904)
-- Name: BandwidthUsageSession BandwidthUsageSession_tenantId_fkey; Type: FK CONSTRAINT; Schema: public; Owner: -
--

ALTER TABLE ONLY public."BandwidthUsageSession"
    ADD CONSTRAINT "BandwidthUsageSession_tenantId_fkey" FOREIGN KEY ("tenantId") REFERENCES public."Tenant"(id) ON UPDATE CASCADE ON DELETE CASCADE;


--
-- TOC entry 7416 (class 2606 OID 20909)
-- Name: BankAccount BankAccount_tenantId_fkey; Type: FK CONSTRAINT; Schema: public; Owner: -
--

ALTER TABLE ONLY public."BankAccount"
    ADD CONSTRAINT "BankAccount_tenantId_fkey" FOREIGN KEY ("tenantId") REFERENCES public."Tenant"(id) ON UPDATE CASCADE ON DELETE CASCADE;


--
-- TOC entry 7417 (class 2606 OID 20914)
-- Name: BankTransaction BankTransaction_bankAccountId_fkey; Type: FK CONSTRAINT; Schema: public; Owner: -
--

ALTER TABLE ONLY public."BankTransaction"
    ADD CONSTRAINT "BankTransaction_bankAccountId_fkey" FOREIGN KEY ("bankAccountId") REFERENCES public."BankAccount"(id) ON UPDATE CASCADE ON DELETE CASCADE;


--
-- TOC entry 7418 (class 2606 OID 20919)
-- Name: BankTransaction BankTransaction_tenantId_fkey; Type: FK CONSTRAINT; Schema: public; Owner: -
--

ALTER TABLE ONLY public."BankTransaction"
    ADD CONSTRAINT "BankTransaction_tenantId_fkey" FOREIGN KEY ("tenantId") REFERENCES public."Tenant"(id) ON UPDATE CASCADE ON DELETE CASCADE;


--
-- TOC entry 7419 (class 2606 OID 20924)
-- Name: BondConfig BondConfig_propertyId_fkey; Type: FK CONSTRAINT; Schema: public; Owner: -
--

ALTER TABLE ONLY public."BondConfig"
    ADD CONSTRAINT "BondConfig_propertyId_fkey" FOREIGN KEY ("propertyId") REFERENCES public."Property"(id) ON UPDATE CASCADE ON DELETE CASCADE;


--
-- TOC entry 7420 (class 2606 OID 20929)
-- Name: BondConfig BondConfig_tenantId_fkey; Type: FK CONSTRAINT; Schema: public; Owner: -
--

ALTER TABLE ONLY public."BondConfig"
    ADD CONSTRAINT "BondConfig_tenantId_fkey" FOREIGN KEY ("tenantId") REFERENCES public."Tenant"(id) ON UPDATE CASCADE ON DELETE CASCADE;


--
-- TOC entry 7421 (class 2606 OID 20934)
-- Name: BondMember BondMember_bondConfigId_fkey; Type: FK CONSTRAINT; Schema: public; Owner: -
--

ALTER TABLE ONLY public."BondMember"
    ADD CONSTRAINT "BondMember_bondConfigId_fkey" FOREIGN KEY ("bondConfigId") REFERENCES public."BondConfig"(id) ON UPDATE CASCADE ON DELETE CASCADE;


--
-- TOC entry 7422 (class 2606 OID 20939)
-- Name: BondMember BondMember_interfaceId_fkey; Type: FK CONSTRAINT; Schema: public; Owner: -
--

ALTER TABLE ONLY public."BondMember"
    ADD CONSTRAINT "BondMember_interfaceId_fkey" FOREIGN KEY ("interfaceId") REFERENCES public."NetworkInterface"(id) ON UPDATE CASCADE ON DELETE CASCADE;


--
-- TOC entry 7429 (class 2606 OID 20974)
-- Name: BookingAuditLog BookingAuditLog_bookingId_fkey; Type: FK CONSTRAINT; Schema: public; Owner: -
--

ALTER TABLE ONLY public."BookingAuditLog"
    ADD CONSTRAINT "BookingAuditLog_bookingId_fkey" FOREIGN KEY ("bookingId") REFERENCES public."Booking"(id) ON UPDATE CASCADE ON DELETE CASCADE;


--
-- TOC entry 7423 (class 2606 OID 20969)
-- Name: Booking Booking_groupId_fkey; Type: FK CONSTRAINT; Schema: public; Owner: -
--

ALTER TABLE ONLY public."Booking"
    ADD CONSTRAINT "Booking_groupId_fkey" FOREIGN KEY ("groupId") REFERENCES public."GroupBooking"(id) ON UPDATE CASCADE ON DELETE SET NULL;


--
-- TOC entry 7424 (class 2606 OID 20944)
-- Name: Booking Booking_primaryGuestId_fkey; Type: FK CONSTRAINT; Schema: public; Owner: -
--

ALTER TABLE ONLY public."Booking"
    ADD CONSTRAINT "Booking_primaryGuestId_fkey" FOREIGN KEY ("primaryGuestId") REFERENCES public."Guest"(id) ON UPDATE CASCADE ON DELETE RESTRICT;


--
-- TOC entry 7425 (class 2606 OID 20959)
-- Name: Booking Booking_propertyId_fkey; Type: FK CONSTRAINT; Schema: public; Owner: -
--

ALTER TABLE ONLY public."Booking"
    ADD CONSTRAINT "Booking_propertyId_fkey" FOREIGN KEY ("propertyId") REFERENCES public."Property"(id) ON UPDATE CASCADE ON DELETE RESTRICT;


--
-- TOC entry 7426 (class 2606 OID 20964)
-- Name: Booking Booking_ratePlanId_fkey; Type: FK CONSTRAINT; Schema: public; Owner: -
--

ALTER TABLE ONLY public."Booking"
    ADD CONSTRAINT "Booking_ratePlanId_fkey" FOREIGN KEY ("ratePlanId") REFERENCES public."RatePlan"(id) ON UPDATE CASCADE ON DELETE SET NULL;


--
-- TOC entry 7427 (class 2606 OID 20954)
-- Name: Booking Booking_roomId_fkey; Type: FK CONSTRAINT; Schema: public; Owner: -
--

ALTER TABLE ONLY public."Booking"
    ADD CONSTRAINT "Booking_roomId_fkey" FOREIGN KEY ("roomId") REFERENCES public."Room"(id) ON UPDATE CASCADE ON DELETE SET NULL;


--
-- TOC entry 7428 (class 2606 OID 20949)
-- Name: Booking Booking_roomTypeId_fkey; Type: FK CONSTRAINT; Schema: public; Owner: -
--

ALTER TABLE ONLY public."Booking"
    ADD CONSTRAINT "Booking_roomTypeId_fkey" FOREIGN KEY ("roomTypeId") REFERENCES public."RoomType"(id) ON UPDATE CASCADE ON DELETE RESTRICT;


--
-- TOC entry 7430 (class 2606 OID 20979)
-- Name: Brand Brand_tenantId_fkey; Type: FK CONSTRAINT; Schema: public; Owner: -
--

ALTER TABLE ONLY public."Brand"
    ADD CONSTRAINT "Brand_tenantId_fkey" FOREIGN KEY ("tenantId") REFERENCES public."Tenant"(id) ON UPDATE CASCADE ON DELETE CASCADE;


--
-- TOC entry 7431 (class 2606 OID 20984)
-- Name: BridgeConfig BridgeConfig_propertyId_fkey; Type: FK CONSTRAINT; Schema: public; Owner: -
--

ALTER TABLE ONLY public."BridgeConfig"
    ADD CONSTRAINT "BridgeConfig_propertyId_fkey" FOREIGN KEY ("propertyId") REFERENCES public."Property"(id) ON UPDATE CASCADE ON DELETE CASCADE;


--
-- TOC entry 7432 (class 2606 OID 20989)
-- Name: BridgeConfig BridgeConfig_tenantId_fkey; Type: FK CONSTRAINT; Schema: public; Owner: -
--

ALTER TABLE ONLY public."BridgeConfig"
    ADD CONSTRAINT "BridgeConfig_tenantId_fkey" FOREIGN KEY ("tenantId") REFERENCES public."Tenant"(id) ON UPDATE CASCADE ON DELETE CASCADE;


--
-- TOC entry 7435 (class 2606 OID 21004)
-- Name: CameraEvent CameraEvent_cameraId_fkey; Type: FK CONSTRAINT; Schema: public; Owner: -
--

ALTER TABLE ONLY public."CameraEvent"
    ADD CONSTRAINT "CameraEvent_cameraId_fkey" FOREIGN KEY ("cameraId") REFERENCES public."Camera"(id) ON UPDATE CASCADE ON DELETE CASCADE;


--
-- TOC entry 7436 (class 2606 OID 21009)
-- Name: CameraEvent CameraEvent_tenantId_fkey; Type: FK CONSTRAINT; Schema: public; Owner: -
--

ALTER TABLE ONLY public."CameraEvent"
    ADD CONSTRAINT "CameraEvent_tenantId_fkey" FOREIGN KEY ("tenantId") REFERENCES public."Tenant"(id) ON UPDATE CASCADE ON DELETE CASCADE;


--
-- TOC entry 7437 (class 2606 OID 21014)
-- Name: CameraGroup CameraGroup_propertyId_fkey; Type: FK CONSTRAINT; Schema: public; Owner: -
--

ALTER TABLE ONLY public."CameraGroup"
    ADD CONSTRAINT "CameraGroup_propertyId_fkey" FOREIGN KEY ("propertyId") REFERENCES public."Property"(id) ON UPDATE CASCADE ON DELETE CASCADE;


--
-- TOC entry 7433 (class 2606 OID 20994)
-- Name: Camera Camera_groupId_fkey; Type: FK CONSTRAINT; Schema: public; Owner: -
--

ALTER TABLE ONLY public."Camera"
    ADD CONSTRAINT "Camera_groupId_fkey" FOREIGN KEY ("groupId") REFERENCES public."CameraGroup"(id) ON UPDATE CASCADE ON DELETE SET NULL;


--
-- TOC entry 7434 (class 2606 OID 20999)
-- Name: Camera Camera_propertyId_fkey; Type: FK CONSTRAINT; Schema: public; Owner: -
--

ALTER TABLE ONLY public."Camera"
    ADD CONSTRAINT "Camera_propertyId_fkey" FOREIGN KEY ("propertyId") REFERENCES public."Property"(id) ON UPDATE CASCADE ON DELETE CASCADE;


--
-- TOC entry 7819 (class 2606 OID 22924)
-- Name: CampaignAbTest CampaignAbTest_tenantId_fkey; Type: FK CONSTRAINT; Schema: public; Owner: -
--

ALTER TABLE ONLY public."CampaignAbTest"
    ADD CONSTRAINT "CampaignAbTest_tenantId_fkey" FOREIGN KEY ("tenantId") REFERENCES public."Tenant"(id) ON UPDATE CASCADE ON DELETE CASCADE;


--
-- TOC entry 7439 (class 2606 OID 21029)
-- Name: CampaignSegment CampaignSegment_campaignId_fkey; Type: FK CONSTRAINT; Schema: public; Owner: -
--

ALTER TABLE ONLY public."CampaignSegment"
    ADD CONSTRAINT "CampaignSegment_campaignId_fkey" FOREIGN KEY ("campaignId") REFERENCES public."Campaign"(id) ON UPDATE CASCADE ON DELETE CASCADE;


--
-- TOC entry 7440 (class 2606 OID 21024)
-- Name: CampaignSegment CampaignSegment_segmentId_fkey; Type: FK CONSTRAINT; Schema: public; Owner: -
--

ALTER TABLE ONLY public."CampaignSegment"
    ADD CONSTRAINT "CampaignSegment_segmentId_fkey" FOREIGN KEY ("segmentId") REFERENCES public."GuestSegment"(id) ON UPDATE CASCADE ON DELETE CASCADE;


--
-- TOC entry 7438 (class 2606 OID 21019)
-- Name: Campaign Campaign_tenantId_fkey; Type: FK CONSTRAINT; Schema: public; Owner: -
--

ALTER TABLE ONLY public."Campaign"
    ADD CONSTRAINT "Campaign_tenantId_fkey" FOREIGN KEY ("tenantId") REFERENCES public."Tenant"(id) ON UPDATE CASCADE ON DELETE CASCADE;


--
-- TOC entry 7802 (class 2606 OID 22844)
-- Name: CancellationPenalty CancellationPenalty_bookingId_fkey; Type: FK CONSTRAINT; Schema: public; Owner: -
--

ALTER TABLE ONLY public."CancellationPenalty"
    ADD CONSTRAINT "CancellationPenalty_bookingId_fkey" FOREIGN KEY ("bookingId") REFERENCES public."Booking"(id) ON UPDATE CASCADE ON DELETE RESTRICT;


--
-- TOC entry 7803 (class 2606 OID 22849)
-- Name: CancellationPenalty CancellationPenalty_folioId_fkey; Type: FK CONSTRAINT; Schema: public; Owner: -
--

ALTER TABLE ONLY public."CancellationPenalty"
    ADD CONSTRAINT "CancellationPenalty_folioId_fkey" FOREIGN KEY ("folioId") REFERENCES public."Folio"(id) ON UPDATE CASCADE ON DELETE SET NULL;


--
-- TOC entry 7804 (class 2606 OID 22854)
-- Name: CancellationPenalty CancellationPenalty_policyId_fkey; Type: FK CONSTRAINT; Schema: public; Owner: -
--

ALTER TABLE ONLY public."CancellationPenalty"
    ADD CONSTRAINT "CancellationPenalty_policyId_fkey" FOREIGN KEY ("policyId") REFERENCES public."CancellationPolicy"(id) ON UPDATE CASCADE ON DELETE RESTRICT;


--
-- TOC entry 7805 (class 2606 OID 22839)
-- Name: CancellationPenalty CancellationPenalty_tenantId_fkey; Type: FK CONSTRAINT; Schema: public; Owner: -
--

ALTER TABLE ONLY public."CancellationPenalty"
    ADD CONSTRAINT "CancellationPenalty_tenantId_fkey" FOREIGN KEY ("tenantId") REFERENCES public."Tenant"(id) ON UPDATE CASCADE ON DELETE CASCADE;


--
-- TOC entry 7441 (class 2606 OID 21034)
-- Name: CancellationPolicy CancellationPolicy_tenantId_fkey; Type: FK CONSTRAINT; Schema: public; Owner: -
--

ALTER TABLE ONLY public."CancellationPolicy"
    ADD CONSTRAINT "CancellationPolicy_tenantId_fkey" FOREIGN KEY ("tenantId") REFERENCES public."Tenant"(id) ON UPDATE CASCADE ON DELETE CASCADE;


--
-- TOC entry 7442 (class 2606 OID 21039)
-- Name: CaptivePortal CaptivePortal_propertyId_fkey; Type: FK CONSTRAINT; Schema: public; Owner: -
--

ALTER TABLE ONLY public."CaptivePortal"
    ADD CONSTRAINT "CaptivePortal_propertyId_fkey" FOREIGN KEY ("propertyId") REFERENCES public."Property"(id) ON UPDATE CASCADE ON DELETE CASCADE;


--
-- TOC entry 7443 (class 2606 OID 21044)
-- Name: CaptivePortal CaptivePortal_tenantId_fkey; Type: FK CONSTRAINT; Schema: public; Owner: -
--

ALTER TABLE ONLY public."CaptivePortal"
    ADD CONSTRAINT "CaptivePortal_tenantId_fkey" FOREIGN KEY ("tenantId") REFERENCES public."Tenant"(id) ON UPDATE CASCADE ON DELETE CASCADE;


--
-- TOC entry 7444 (class 2606 OID 21049)
-- Name: ChannelDeadLetterQueue ChannelDeadLetterQueue_tenantId_fkey; Type: FK CONSTRAINT; Schema: public; Owner: -
--

ALTER TABLE ONLY public."ChannelDeadLetterQueue"
    ADD CONSTRAINT "ChannelDeadLetterQueue_tenantId_fkey" FOREIGN KEY ("tenantId") REFERENCES public."Tenant"(id) ON UPDATE CASCADE ON DELETE CASCADE;


--
-- TOC entry 7445 (class 2606 OID 21064)
-- Name: ChannelMapping ChannelMapping_connectionId_fkey; Type: FK CONSTRAINT; Schema: public; Owner: -
--

ALTER TABLE ONLY public."ChannelMapping"
    ADD CONSTRAINT "ChannelMapping_connectionId_fkey" FOREIGN KEY ("connectionId") REFERENCES public."ChannelConnection"(id) ON UPDATE CASCADE ON DELETE CASCADE;


--
-- TOC entry 7446 (class 2606 OID 21054)
-- Name: ChannelMapping ChannelMapping_ratePlanId_fkey; Type: FK CONSTRAINT; Schema: public; Owner: -
--

ALTER TABLE ONLY public."ChannelMapping"
    ADD CONSTRAINT "ChannelMapping_ratePlanId_fkey" FOREIGN KEY ("ratePlanId") REFERENCES public."RatePlan"(id) ON UPDATE CASCADE ON DELETE CASCADE;


--
-- TOC entry 7447 (class 2606 OID 21059)
-- Name: ChannelMapping ChannelMapping_roomTypeId_fkey; Type: FK CONSTRAINT; Schema: public; Owner: -
--

ALTER TABLE ONLY public."ChannelMapping"
    ADD CONSTRAINT "ChannelMapping_roomTypeId_fkey" FOREIGN KEY ("roomTypeId") REFERENCES public."RoomType"(id) ON UPDATE CASCADE ON DELETE CASCADE;


--
-- TOC entry 7448 (class 2606 OID 21074)
-- Name: ChannelRestriction ChannelRestriction_connectionId_fkey; Type: FK CONSTRAINT; Schema: public; Owner: -
--

ALTER TABLE ONLY public."ChannelRestriction"
    ADD CONSTRAINT "ChannelRestriction_connectionId_fkey" FOREIGN KEY ("connectionId") REFERENCES public."ChannelConnection"(id) ON UPDATE CASCADE ON DELETE CASCADE;


--
-- TOC entry 7449 (class 2606 OID 21069)
-- Name: ChannelRestriction ChannelRestriction_roomTypeId_fkey; Type: FK CONSTRAINT; Schema: public; Owner: -
--

ALTER TABLE ONLY public."ChannelRestriction"
    ADD CONSTRAINT "ChannelRestriction_roomTypeId_fkey" FOREIGN KEY ("roomTypeId") REFERENCES public."RoomType"(id) ON UPDATE CASCADE ON DELETE CASCADE;


--
-- TOC entry 7450 (class 2606 OID 21079)
-- Name: ChannelRetryQueue ChannelRetryQueue_tenantId_fkey; Type: FK CONSTRAINT; Schema: public; Owner: -
--

ALTER TABLE ONLY public."ChannelRetryQueue"
    ADD CONSTRAINT "ChannelRetryQueue_tenantId_fkey" FOREIGN KEY ("tenantId") REFERENCES public."Tenant"(id) ON UPDATE CASCADE ON DELETE CASCADE;


--
-- TOC entry 7451 (class 2606 OID 21084)
-- Name: ChannelSyncLog ChannelSyncLog_connectionId_fkey; Type: FK CONSTRAINT; Schema: public; Owner: -
--

ALTER TABLE ONLY public."ChannelSyncLog"
    ADD CONSTRAINT "ChannelSyncLog_connectionId_fkey" FOREIGN KEY ("connectionId") REFERENCES public."ChannelConnection"(id) ON UPDATE CASCADE ON DELETE CASCADE;


--
-- TOC entry 7727 (class 2606 OID 22464)
-- Name: ChatAttachment ChatAttachment_tenantId_fkey; Type: FK CONSTRAINT; Schema: public; Owner: -
--

ALTER TABLE ONLY public."ChatAttachment"
    ADD CONSTRAINT "ChatAttachment_tenantId_fkey" FOREIGN KEY ("tenantId") REFERENCES public."Tenant"(id) ON UPDATE CASCADE ON DELETE CASCADE;


--
-- TOC entry 7452 (class 2606 OID 21094)
-- Name: ChatMessage ChatMessage_conversationId_fkey; Type: FK CONSTRAINT; Schema: public; Owner: -
--

ALTER TABLE ONLY public."ChatMessage"
    ADD CONSTRAINT "ChatMessage_conversationId_fkey" FOREIGN KEY ("conversationId") REFERENCES public."ChatConversation"(id) ON UPDATE CASCADE ON DELETE CASCADE;


--
-- TOC entry 7453 (class 2606 OID 21089)
-- Name: ChatMessage ChatMessage_senderId_fkey; Type: FK CONSTRAINT; Schema: public; Owner: -
--

ALTER TABLE ONLY public."ChatMessage"
    ADD CONSTRAINT "ChatMessage_senderId_fkey" FOREIGN KEY ("senderId") REFERENCES public."User"(id) ON UPDATE CASCADE ON DELETE SET NULL;


--
-- TOC entry 7728 (class 2606 OID 22474)
-- Name: ChatTransfer ChatTransfer_fromUserId_fkey; Type: FK CONSTRAINT; Schema: public; Owner: -
--

ALTER TABLE ONLY public."ChatTransfer"
    ADD CONSTRAINT "ChatTransfer_fromUserId_fkey" FOREIGN KEY ("fromUserId") REFERENCES public."User"(id) ON UPDATE CASCADE ON DELETE RESTRICT;


--
-- TOC entry 7729 (class 2606 OID 22469)
-- Name: ChatTransfer ChatTransfer_tenantId_fkey; Type: FK CONSTRAINT; Schema: public; Owner: -
--

ALTER TABLE ONLY public."ChatTransfer"
    ADD CONSTRAINT "ChatTransfer_tenantId_fkey" FOREIGN KEY ("tenantId") REFERENCES public."Tenant"(id) ON UPDATE CASCADE ON DELETE CASCADE;


--
-- TOC entry 7730 (class 2606 OID 22479)
-- Name: ChatTransfer ChatTransfer_toUserId_fkey; Type: FK CONSTRAINT; Schema: public; Owner: -
--

ALTER TABLE ONLY public."ChatTransfer"
    ADD CONSTRAINT "ChatTransfer_toUserId_fkey" FOREIGN KEY ("toUserId") REFERENCES public."User"(id) ON UPDATE CASCADE ON DELETE RESTRICT;


--
-- TOC entry 7454 (class 2606 OID 21099)
-- Name: CoaSessionDetail CoaSessionDetail_propertyId_fkey; Type: FK CONSTRAINT; Schema: public; Owner: -
--

ALTER TABLE ONLY public."CoaSessionDetail"
    ADD CONSTRAINT "CoaSessionDetail_propertyId_fkey" FOREIGN KEY ("propertyId") REFERENCES public."Property"(id) ON UPDATE CASCADE ON DELETE CASCADE;


--
-- TOC entry 7455 (class 2606 OID 21104)
-- Name: CoaSessionDetail CoaSessionDetail_tenantId_fkey; Type: FK CONSTRAINT; Schema: public; Owner: -
--

ALTER TABLE ONLY public."CoaSessionDetail"
    ADD CONSTRAINT "CoaSessionDetail_tenantId_fkey" FOREIGN KEY ("tenantId") REFERENCES public."Tenant"(id) ON UPDATE CASCADE ON DELETE CASCADE;


--
-- TOC entry 7456 (class 2606 OID 21109)
-- Name: CommunicationChannel CommunicationChannel_tenantId_fkey; Type: FK CONSTRAINT; Schema: public; Owner: -
--

ALTER TABLE ONLY public."CommunicationChannel"
    ADD CONSTRAINT "CommunicationChannel_tenantId_fkey" FOREIGN KEY ("tenantId") REFERENCES public."Tenant"(id) ON UPDATE CASCADE ON DELETE CASCADE;


--
-- TOC entry 7457 (class 2606 OID 21119)
-- Name: CompetitorPrice CompetitorPrice_propertyId_fkey; Type: FK CONSTRAINT; Schema: public; Owner: -
--

ALTER TABLE ONLY public."CompetitorPrice"
    ADD CONSTRAINT "CompetitorPrice_propertyId_fkey" FOREIGN KEY ("propertyId") REFERENCES public."Property"(id) ON UPDATE CASCADE ON DELETE CASCADE;


--
-- TOC entry 7458 (class 2606 OID 21114)
-- Name: CompetitorPrice CompetitorPrice_roomTypeId_fkey; Type: FK CONSTRAINT; Schema: public; Owner: -
--

ALTER TABLE ONLY public."CompetitorPrice"
    ADD CONSTRAINT "CompetitorPrice_roomTypeId_fkey" FOREIGN KEY ("roomTypeId") REFERENCES public."RoomType"(id) ON UPDATE CASCADE ON DELETE CASCADE;


--
-- TOC entry 7459 (class 2606 OID 21124)
-- Name: CompetitorPrice CompetitorPrice_tenantId_fkey; Type: FK CONSTRAINT; Schema: public; Owner: -
--

ALTER TABLE ONLY public."CompetitorPrice"
    ADD CONSTRAINT "CompetitorPrice_tenantId_fkey" FOREIGN KEY ("tenantId") REFERENCES public."Tenant"(id) ON UPDATE CASCADE ON DELETE CASCADE;


--
-- TOC entry 7820 (class 2606 OID 22929)
-- Name: CompetitorSyncLog CompetitorSyncLog_tenantId_fkey; Type: FK CONSTRAINT; Schema: public; Owner: -
--

ALTER TABLE ONLY public."CompetitorSyncLog"
    ADD CONSTRAINT "CompetitorSyncLog_tenantId_fkey" FOREIGN KEY ("tenantId") REFERENCES public."Tenant"(id) ON UPDATE CASCADE ON DELETE CASCADE;


--
-- TOC entry 7460 (class 2606 OID 21129)
-- Name: ConsentRecord ConsentRecord_tenantId_fkey; Type: FK CONSTRAINT; Schema: public; Owner: -
--

ALTER TABLE ONLY public."ConsentRecord"
    ADD CONSTRAINT "ConsentRecord_tenantId_fkey" FOREIGN KEY ("tenantId") REFERENCES public."Tenant"(id) ON UPDATE CASCADE ON DELETE CASCADE;


--
-- TOC entry 7461 (class 2606 OID 21134)
-- Name: ContentFilter ContentFilter_propertyId_fkey; Type: FK CONSTRAINT; Schema: public; Owner: -
--

ALTER TABLE ONLY public."ContentFilter"
    ADD CONSTRAINT "ContentFilter_propertyId_fkey" FOREIGN KEY ("propertyId") REFERENCES public."Property"(id) ON UPDATE CASCADE ON DELETE CASCADE;


--
-- TOC entry 7462 (class 2606 OID 21139)
-- Name: ContentFilter ContentFilter_tenantId_fkey; Type: FK CONSTRAINT; Schema: public; Owner: -
--

ALTER TABLE ONLY public."ContentFilter"
    ADD CONSTRAINT "ContentFilter_tenantId_fkey" FOREIGN KEY ("tenantId") REFERENCES public."Tenant"(id) ON UPDATE CASCADE ON DELETE CASCADE;


--
-- TOC entry 7463 (class 2606 OID 21144)
-- Name: CreditNote CreditNote_folioId_fkey; Type: FK CONSTRAINT; Schema: public; Owner: -
--

ALTER TABLE ONLY public."CreditNote"
    ADD CONSTRAINT "CreditNote_folioId_fkey" FOREIGN KEY ("folioId") REFERENCES public."Folio"(id) ON UPDATE CASCADE ON DELETE CASCADE;


--
-- TOC entry 7464 (class 2606 OID 21149)
-- Name: CreditNote CreditNote_propertyId_fkey; Type: FK CONSTRAINT; Schema: public; Owner: -
--

ALTER TABLE ONLY public."CreditNote"
    ADD CONSTRAINT "CreditNote_propertyId_fkey" FOREIGN KEY ("propertyId") REFERENCES public."Property"(id) ON UPDATE CASCADE ON DELETE CASCADE;


--
-- TOC entry 7465 (class 2606 OID 21154)
-- Name: CreditNote CreditNote_tenantId_fkey; Type: FK CONSTRAINT; Schema: public; Owner: -
--

ALTER TABLE ONLY public."CreditNote"
    ADD CONSTRAINT "CreditNote_tenantId_fkey" FOREIGN KEY ("tenantId") REFERENCES public."Tenant"(id) ON UPDATE CASCADE ON DELETE CASCADE;


--
-- TOC entry 7466 (class 2606 OID 21164)
-- Name: DemandForecast DemandForecast_propertyId_fkey; Type: FK CONSTRAINT; Schema: public; Owner: -
--

ALTER TABLE ONLY public."DemandForecast"
    ADD CONSTRAINT "DemandForecast_propertyId_fkey" FOREIGN KEY ("propertyId") REFERENCES public."Property"(id) ON UPDATE CASCADE ON DELETE CASCADE;


--
-- TOC entry 7467 (class 2606 OID 21159)
-- Name: DemandForecast DemandForecast_roomTypeId_fkey; Type: FK CONSTRAINT; Schema: public; Owner: -
--

ALTER TABLE ONLY public."DemandForecast"
    ADD CONSTRAINT "DemandForecast_roomTypeId_fkey" FOREIGN KEY ("roomTypeId") REFERENCES public."RoomType"(id) ON UPDATE CASCADE ON DELETE CASCADE;


--
-- TOC entry 7468 (class 2606 OID 21169)
-- Name: DemandForecast DemandForecast_tenantId_fkey; Type: FK CONSTRAINT; Schema: public; Owner: -
--

ALTER TABLE ONLY public."DemandForecast"
    ADD CONSTRAINT "DemandForecast_tenantId_fkey" FOREIGN KEY ("tenantId") REFERENCES public."Tenant"(id) ON UPDATE CASCADE ON DELETE CASCADE;


--
-- TOC entry 7387 (class 2606 OID 22954)
-- Name: DeviceProfile DeviceProfile_guestId_fkey; Type: FK CONSTRAINT; Schema: public; Owner: -
--

ALTER TABLE ONLY public."DeviceProfile"
    ADD CONSTRAINT "DeviceProfile_guestId_fkey" FOREIGN KEY ("guestId") REFERENCES public."Guest"(id) ON UPDATE CASCADE ON DELETE SET NULL;


--
-- TOC entry 7388 (class 2606 OID 22949)
-- Name: DeviceProfile DeviceProfile_propertyId_fkey; Type: FK CONSTRAINT; Schema: public; Owner: -
--

ALTER TABLE ONLY public."DeviceProfile"
    ADD CONSTRAINT "DeviceProfile_propertyId_fkey" FOREIGN KEY ("propertyId") REFERENCES public."Property"(id) ON UPDATE CASCADE ON DELETE CASCADE;


--
-- TOC entry 7389 (class 2606 OID 22944)
-- Name: DeviceProfile DeviceProfile_tenantId_fkey; Type: FK CONSTRAINT; Schema: public; Owner: -
--

ALTER TABLE ONLY public."DeviceProfile"
    ADD CONSTRAINT "DeviceProfile_tenantId_fkey" FOREIGN KEY ("tenantId") REFERENCES public."Tenant"(id) ON UPDATE CASCADE ON DELETE CASCADE;


--
-- TOC entry 7390 (class 2606 OID 22939)
-- Name: DeviceProfile DeviceProfile_wifiUserId_fkey; Type: FK CONSTRAINT; Schema: public; Owner: -
--

ALTER TABLE ONLY public."DeviceProfile"
    ADD CONSTRAINT "DeviceProfile_wifiUserId_fkey" FOREIGN KEY ("wifiUserId") REFERENCES public."WiFiUser"(id) ON UPDATE CASCADE ON DELETE CASCADE;


--
-- TOC entry 7469 (class 2606 OID 21179)
-- Name: DhcpBlacklist DhcpBlacklist_propertyId_fkey; Type: FK CONSTRAINT; Schema: public; Owner: -
--

ALTER TABLE ONLY public."DhcpBlacklist"
    ADD CONSTRAINT "DhcpBlacklist_propertyId_fkey" FOREIGN KEY ("propertyId") REFERENCES public."Property"(id) ON UPDATE CASCADE ON DELETE CASCADE;


--
-- TOC entry 7470 (class 2606 OID 21174)
-- Name: DhcpBlacklist DhcpBlacklist_subnetId_fkey; Type: FK CONSTRAINT; Schema: public; Owner: -
--

ALTER TABLE ONLY public."DhcpBlacklist"
    ADD CONSTRAINT "DhcpBlacklist_subnetId_fkey" FOREIGN KEY ("subnetId") REFERENCES public."DhcpSubnet"(id) ON UPDATE CASCADE ON DELETE CASCADE;


--
-- TOC entry 7471 (class 2606 OID 21184)
-- Name: DhcpBlacklist DhcpBlacklist_tenantId_fkey; Type: FK CONSTRAINT; Schema: public; Owner: -
--

ALTER TABLE ONLY public."DhcpBlacklist"
    ADD CONSTRAINT "DhcpBlacklist_tenantId_fkey" FOREIGN KEY ("tenantId") REFERENCES public."Tenant"(id) ON UPDATE CASCADE ON DELETE CASCADE;


--
-- TOC entry 7472 (class 2606 OID 21194)
-- Name: DhcpHostnameFilter DhcpHostnameFilter_propertyId_fkey; Type: FK CONSTRAINT; Schema: public; Owner: -
--

ALTER TABLE ONLY public."DhcpHostnameFilter"
    ADD CONSTRAINT "DhcpHostnameFilter_propertyId_fkey" FOREIGN KEY ("propertyId") REFERENCES public."Property"(id) ON UPDATE CASCADE ON DELETE CASCADE;


--
-- TOC entry 7473 (class 2606 OID 21189)
-- Name: DhcpHostnameFilter DhcpHostnameFilter_subnetId_fkey; Type: FK CONSTRAINT; Schema: public; Owner: -
--

ALTER TABLE ONLY public."DhcpHostnameFilter"
    ADD CONSTRAINT "DhcpHostnameFilter_subnetId_fkey" FOREIGN KEY ("subnetId") REFERENCES public."DhcpSubnet"(id) ON UPDATE CASCADE ON DELETE CASCADE;


--
-- TOC entry 7474 (class 2606 OID 21199)
-- Name: DhcpHostnameFilter DhcpHostnameFilter_tenantId_fkey; Type: FK CONSTRAINT; Schema: public; Owner: -
--

ALTER TABLE ONLY public."DhcpHostnameFilter"
    ADD CONSTRAINT "DhcpHostnameFilter_tenantId_fkey" FOREIGN KEY ("tenantId") REFERENCES public."Tenant"(id) ON UPDATE CASCADE ON DELETE CASCADE;


--
-- TOC entry 7478 (class 2606 OID 21219)
-- Name: DhcpLeaseScript DhcpLeaseScript_propertyId_fkey; Type: FK CONSTRAINT; Schema: public; Owner: -
--

ALTER TABLE ONLY public."DhcpLeaseScript"
    ADD CONSTRAINT "DhcpLeaseScript_propertyId_fkey" FOREIGN KEY ("propertyId") REFERENCES public."Property"(id) ON UPDATE CASCADE ON DELETE CASCADE;


--
-- TOC entry 7479 (class 2606 OID 21224)
-- Name: DhcpLeaseScript DhcpLeaseScript_tenantId_fkey; Type: FK CONSTRAINT; Schema: public; Owner: -
--

ALTER TABLE ONLY public."DhcpLeaseScript"
    ADD CONSTRAINT "DhcpLeaseScript_tenantId_fkey" FOREIGN KEY ("tenantId") REFERENCES public."Tenant"(id) ON UPDATE CASCADE ON DELETE CASCADE;


--
-- TOC entry 7475 (class 2606 OID 21209)
-- Name: DhcpLease DhcpLease_propertyId_fkey; Type: FK CONSTRAINT; Schema: public; Owner: -
--

ALTER TABLE ONLY public."DhcpLease"
    ADD CONSTRAINT "DhcpLease_propertyId_fkey" FOREIGN KEY ("propertyId") REFERENCES public."Property"(id) ON UPDATE CASCADE ON DELETE CASCADE;


--
-- TOC entry 7476 (class 2606 OID 21204)
-- Name: DhcpLease DhcpLease_subnetId_fkey; Type: FK CONSTRAINT; Schema: public; Owner: -
--

ALTER TABLE ONLY public."DhcpLease"
    ADD CONSTRAINT "DhcpLease_subnetId_fkey" FOREIGN KEY ("subnetId") REFERENCES public."DhcpSubnet"(id) ON UPDATE CASCADE ON DELETE CASCADE;


--
-- TOC entry 7477 (class 2606 OID 21214)
-- Name: DhcpLease DhcpLease_tenantId_fkey; Type: FK CONSTRAINT; Schema: public; Owner: -
--

ALTER TABLE ONLY public."DhcpLease"
    ADD CONSTRAINT "DhcpLease_tenantId_fkey" FOREIGN KEY ("tenantId") REFERENCES public."Tenant"(id) ON UPDATE CASCADE ON DELETE CASCADE;


--
-- TOC entry 7480 (class 2606 OID 21234)
-- Name: DhcpOption DhcpOption_propertyId_fkey; Type: FK CONSTRAINT; Schema: public; Owner: -
--

ALTER TABLE ONLY public."DhcpOption"
    ADD CONSTRAINT "DhcpOption_propertyId_fkey" FOREIGN KEY ("propertyId") REFERENCES public."Property"(id) ON UPDATE CASCADE ON DELETE CASCADE;


--
-- TOC entry 7481 (class 2606 OID 21229)
-- Name: DhcpOption DhcpOption_subnetId_fkey; Type: FK CONSTRAINT; Schema: public; Owner: -
--

ALTER TABLE ONLY public."DhcpOption"
    ADD CONSTRAINT "DhcpOption_subnetId_fkey" FOREIGN KEY ("subnetId") REFERENCES public."DhcpSubnet"(id) ON UPDATE CASCADE ON DELETE CASCADE;


--
-- TOC entry 7482 (class 2606 OID 21239)
-- Name: DhcpOption DhcpOption_tenantId_fkey; Type: FK CONSTRAINT; Schema: public; Owner: -
--

ALTER TABLE ONLY public."DhcpOption"
    ADD CONSTRAINT "DhcpOption_tenantId_fkey" FOREIGN KEY ("tenantId") REFERENCES public."Tenant"(id) ON UPDATE CASCADE ON DELETE CASCADE;


--
-- TOC entry 7483 (class 2606 OID 21249)
-- Name: DhcpReservation DhcpReservation_propertyId_fkey; Type: FK CONSTRAINT; Schema: public; Owner: -
--

ALTER TABLE ONLY public."DhcpReservation"
    ADD CONSTRAINT "DhcpReservation_propertyId_fkey" FOREIGN KEY ("propertyId") REFERENCES public."Property"(id) ON UPDATE CASCADE ON DELETE CASCADE;


--
-- TOC entry 7484 (class 2606 OID 21244)
-- Name: DhcpReservation DhcpReservation_subnetId_fkey; Type: FK CONSTRAINT; Schema: public; Owner: -
--

ALTER TABLE ONLY public."DhcpReservation"
    ADD CONSTRAINT "DhcpReservation_subnetId_fkey" FOREIGN KEY ("subnetId") REFERENCES public."DhcpSubnet"(id) ON UPDATE CASCADE ON DELETE CASCADE;


--
-- TOC entry 7485 (class 2606 OID 21254)
-- Name: DhcpReservation DhcpReservation_tenantId_fkey; Type: FK CONSTRAINT; Schema: public; Owner: -
--

ALTER TABLE ONLY public."DhcpReservation"
    ADD CONSTRAINT "DhcpReservation_tenantId_fkey" FOREIGN KEY ("tenantId") REFERENCES public."Tenant"(id) ON UPDATE CASCADE ON DELETE CASCADE;


--
-- TOC entry 7486 (class 2606 OID 21264)
-- Name: DhcpSubnet DhcpSubnet_propertyId_fkey; Type: FK CONSTRAINT; Schema: public; Owner: -
--

ALTER TABLE ONLY public."DhcpSubnet"
    ADD CONSTRAINT "DhcpSubnet_propertyId_fkey" FOREIGN KEY ("propertyId") REFERENCES public."Property"(id) ON UPDATE CASCADE ON DELETE CASCADE;


--
-- TOC entry 7487 (class 2606 OID 21269)
-- Name: DhcpSubnet DhcpSubnet_tenantId_fkey; Type: FK CONSTRAINT; Schema: public; Owner: -
--

ALTER TABLE ONLY public."DhcpSubnet"
    ADD CONSTRAINT "DhcpSubnet_tenantId_fkey" FOREIGN KEY ("tenantId") REFERENCES public."Tenant"(id) ON UPDATE CASCADE ON DELETE CASCADE;


--
-- TOC entry 7488 (class 2606 OID 21259)
-- Name: DhcpSubnet DhcpSubnet_vlanConfigId_fkey; Type: FK CONSTRAINT; Schema: public; Owner: -
--

ALTER TABLE ONLY public."DhcpSubnet"
    ADD CONSTRAINT "DhcpSubnet_vlanConfigId_fkey" FOREIGN KEY ("vlanConfigId") REFERENCES public."VlanConfig"(id) ON UPDATE CASCADE ON DELETE SET NULL;


--
-- TOC entry 7489 (class 2606 OID 21279)
-- Name: DhcpTagRule DhcpTagRule_propertyId_fkey; Type: FK CONSTRAINT; Schema: public; Owner: -
--

ALTER TABLE ONLY public."DhcpTagRule"
    ADD CONSTRAINT "DhcpTagRule_propertyId_fkey" FOREIGN KEY ("propertyId") REFERENCES public."Property"(id) ON UPDATE CASCADE ON DELETE CASCADE;


--
-- TOC entry 7490 (class 2606 OID 21274)
-- Name: DhcpTagRule DhcpTagRule_subnetId_fkey; Type: FK CONSTRAINT; Schema: public; Owner: -
--

ALTER TABLE ONLY public."DhcpTagRule"
    ADD CONSTRAINT "DhcpTagRule_subnetId_fkey" FOREIGN KEY ("subnetId") REFERENCES public."DhcpSubnet"(id) ON UPDATE CASCADE ON DELETE CASCADE;


--
-- TOC entry 7491 (class 2606 OID 21284)
-- Name: DhcpTagRule DhcpTagRule_tenantId_fkey; Type: FK CONSTRAINT; Schema: public; Owner: -
--

ALTER TABLE ONLY public."DhcpTagRule"
    ADD CONSTRAINT "DhcpTagRule_tenantId_fkey" FOREIGN KEY ("tenantId") REFERENCES public."Tenant"(id) ON UPDATE CASCADE ON DELETE CASCADE;


--
-- TOC entry 7492 (class 2606 OID 21289)
-- Name: Discount Discount_tenantId_fkey; Type: FK CONSTRAINT; Schema: public; Owner: -
--

ALTER TABLE ONLY public."Discount"
    ADD CONSTRAINT "Discount_tenantId_fkey" FOREIGN KEY ("tenantId") REFERENCES public."Tenant"(id) ON UPDATE CASCADE ON DELETE RESTRICT;


--
-- TOC entry 7493 (class 2606 OID 21299)
-- Name: DnsRecord DnsRecord_tenantId_fkey; Type: FK CONSTRAINT; Schema: public; Owner: -
--

ALTER TABLE ONLY public."DnsRecord"
    ADD CONSTRAINT "DnsRecord_tenantId_fkey" FOREIGN KEY ("tenantId") REFERENCES public."Tenant"(id) ON UPDATE CASCADE ON DELETE CASCADE;


--
-- TOC entry 7494 (class 2606 OID 21294)
-- Name: DnsRecord DnsRecord_zoneId_fkey; Type: FK CONSTRAINT; Schema: public; Owner: -
--

ALTER TABLE ONLY public."DnsRecord"
    ADD CONSTRAINT "DnsRecord_zoneId_fkey" FOREIGN KEY ("zoneId") REFERENCES public."DnsZone"(id) ON UPDATE CASCADE ON DELETE CASCADE;


--
-- TOC entry 7495 (class 2606 OID 21304)
-- Name: DnsRedirectRule DnsRedirectRule_propertyId_fkey; Type: FK CONSTRAINT; Schema: public; Owner: -
--

ALTER TABLE ONLY public."DnsRedirectRule"
    ADD CONSTRAINT "DnsRedirectRule_propertyId_fkey" FOREIGN KEY ("propertyId") REFERENCES public."Property"(id) ON UPDATE CASCADE ON DELETE CASCADE;


--
-- TOC entry 7496 (class 2606 OID 21309)
-- Name: DnsRedirectRule DnsRedirectRule_tenantId_fkey; Type: FK CONSTRAINT; Schema: public; Owner: -
--

ALTER TABLE ONLY public."DnsRedirectRule"
    ADD CONSTRAINT "DnsRedirectRule_tenantId_fkey" FOREIGN KEY ("tenantId") REFERENCES public."Tenant"(id) ON UPDATE CASCADE ON DELETE CASCADE;


--
-- TOC entry 7497 (class 2606 OID 21314)
-- Name: DnsZone DnsZone_propertyId_fkey; Type: FK CONSTRAINT; Schema: public; Owner: -
--

ALTER TABLE ONLY public."DnsZone"
    ADD CONSTRAINT "DnsZone_propertyId_fkey" FOREIGN KEY ("propertyId") REFERENCES public."Property"(id) ON UPDATE CASCADE ON DELETE CASCADE;


--
-- TOC entry 7498 (class 2606 OID 21319)
-- Name: DnsZone DnsZone_tenantId_fkey; Type: FK CONSTRAINT; Schema: public; Owner: -
--

ALTER TABLE ONLY public."DnsZone"
    ADD CONSTRAINT "DnsZone_tenantId_fkey" FOREIGN KEY ("tenantId") REFERENCES public."Tenant"(id) ON UPDATE CASCADE ON DELETE CASCADE;


--
-- TOC entry 7499 (class 2606 OID 21324)
-- Name: EnergyMetric EnergyMetric_propertyId_fkey; Type: FK CONSTRAINT; Schema: public; Owner: -
--

ALTER TABLE ONLY public."EnergyMetric"
    ADD CONSTRAINT "EnergyMetric_propertyId_fkey" FOREIGN KEY ("propertyId") REFERENCES public."Property"(id) ON UPDATE CASCADE ON DELETE RESTRICT;


--
-- TOC entry 7500 (class 2606 OID 21329)
-- Name: EnergyMetric EnergyMetric_tenantId_fkey; Type: FK CONSTRAINT; Schema: public; Owner: -
--

ALTER TABLE ONLY public."EnergyMetric"
    ADD CONSTRAINT "EnergyMetric_tenantId_fkey" FOREIGN KEY ("tenantId") REFERENCES public."Tenant"(id) ON UPDATE CASCADE ON DELETE RESTRICT;


--
-- TOC entry 7503 (class 2606 OID 21344)
-- Name: EventResource EventResource_eventId_fkey; Type: FK CONSTRAINT; Schema: public; Owner: -
--

ALTER TABLE ONLY public."EventResource"
    ADD CONSTRAINT "EventResource_eventId_fkey" FOREIGN KEY ("eventId") REFERENCES public."Event"(id) ON UPDATE CASCADE ON DELETE CASCADE;


--
-- TOC entry 7504 (class 2606 OID 21349)
-- Name: EventSpace EventSpace_propertyId_fkey; Type: FK CONSTRAINT; Schema: public; Owner: -
--

ALTER TABLE ONLY public."EventSpace"
    ADD CONSTRAINT "EventSpace_propertyId_fkey" FOREIGN KEY ("propertyId") REFERENCES public."Property"(id) ON UPDATE CASCADE ON DELETE CASCADE;


--
-- TOC entry 7501 (class 2606 OID 21339)
-- Name: Event Event_propertyId_fkey; Type: FK CONSTRAINT; Schema: public; Owner: -
--

ALTER TABLE ONLY public."Event"
    ADD CONSTRAINT "Event_propertyId_fkey" FOREIGN KEY ("propertyId") REFERENCES public."Property"(id) ON UPDATE CASCADE ON DELETE CASCADE;


--
-- TOC entry 7502 (class 2606 OID 21334)
-- Name: Event Event_spaceId_fkey; Type: FK CONSTRAINT; Schema: public; Owner: -
--

ALTER TABLE ONLY public."Event"
    ADD CONSTRAINT "Event_spaceId_fkey" FOREIGN KEY ("spaceId") REFERENCES public."EventSpace"(id) ON UPDATE CASCADE ON DELETE SET NULL;


--
-- TOC entry 7505 (class 2606 OID 21354)
-- Name: ExchangeRate ExchangeRate_tenantId_fkey; Type: FK CONSTRAINT; Schema: public; Owner: -
--

ALTER TABLE ONLY public."ExchangeRate"
    ADD CONSTRAINT "ExchangeRate_tenantId_fkey" FOREIGN KEY ("tenantId") REFERENCES public."Tenant"(id) ON UPDATE CASCADE ON DELETE CASCADE;


--
-- TOC entry 7721 (class 2606 OID 22434)
-- Name: ExperienceBooking ExperienceBooking_experienceId_fkey; Type: FK CONSTRAINT; Schema: public; Owner: -
--

ALTER TABLE ONLY public."ExperienceBooking"
    ADD CONSTRAINT "ExperienceBooking_experienceId_fkey" FOREIGN KEY ("experienceId") REFERENCES public."Experience"(id) ON UPDATE CASCADE ON DELETE RESTRICT;


--
-- TOC entry 7722 (class 2606 OID 22439)
-- Name: ExperienceBooking ExperienceBooking_tenantId_fkey; Type: FK CONSTRAINT; Schema: public; Owner: -
--

ALTER TABLE ONLY public."ExperienceBooking"
    ADD CONSTRAINT "ExperienceBooking_tenantId_fkey" FOREIGN KEY ("tenantId") REFERENCES public."Tenant"(id) ON UPDATE CASCADE ON DELETE CASCADE;


--
-- TOC entry 7726 (class 2606 OID 22459)
-- Name: ExperienceFeedback ExperienceFeedback_tenantId_fkey; Type: FK CONSTRAINT; Schema: public; Owner: -
--

ALTER TABLE ONLY public."ExperienceFeedback"
    ADD CONSTRAINT "ExperienceFeedback_tenantId_fkey" FOREIGN KEY ("tenantId") REFERENCES public."Tenant"(id) ON UPDATE CASCADE ON DELETE CASCADE;


--
-- TOC entry 7723 (class 2606 OID 22444)
-- Name: ExperiencePricing ExperiencePricing_experienceId_fkey; Type: FK CONSTRAINT; Schema: public; Owner: -
--

ALTER TABLE ONLY public."ExperiencePricing"
    ADD CONSTRAINT "ExperiencePricing_experienceId_fkey" FOREIGN KEY ("experienceId") REFERENCES public."Experience"(id) ON UPDATE CASCADE ON DELETE RESTRICT;


--
-- TOC entry 7724 (class 2606 OID 22449)
-- Name: ExperiencePricing ExperiencePricing_tenantId_fkey; Type: FK CONSTRAINT; Schema: public; Owner: -
--

ALTER TABLE ONLY public."ExperiencePricing"
    ADD CONSTRAINT "ExperiencePricing_tenantId_fkey" FOREIGN KEY ("tenantId") REFERENCES public."Tenant"(id) ON UPDATE CASCADE ON DELETE CASCADE;


--
-- TOC entry 7725 (class 2606 OID 22454)
-- Name: ExperienceVendor ExperienceVendor_tenantId_fkey; Type: FK CONSTRAINT; Schema: public; Owner: -
--

ALTER TABLE ONLY public."ExperienceVendor"
    ADD CONSTRAINT "ExperienceVendor_tenantId_fkey" FOREIGN KEY ("tenantId") REFERENCES public."Tenant"(id) ON UPDATE CASCADE ON DELETE CASCADE;


--
-- TOC entry 7720 (class 2606 OID 22429)
-- Name: Experience Experience_tenantId_fkey; Type: FK CONSTRAINT; Schema: public; Owner: -
--

ALTER TABLE ONLY public."Experience"
    ADD CONSTRAINT "Experience_tenantId_fkey" FOREIGN KEY ("tenantId") REFERENCES public."Tenant"(id) ON UPDATE CASCADE ON DELETE CASCADE;


--
-- TOC entry 7506 (class 2606 OID 21359)
-- Name: ExternalReview ExternalReview_propertyId_fkey; Type: FK CONSTRAINT; Schema: public; Owner: -
--

ALTER TABLE ONLY public."ExternalReview"
    ADD CONSTRAINT "ExternalReview_propertyId_fkey" FOREIGN KEY ("propertyId") REFERENCES public."Property"(id) ON UPDATE CASCADE ON DELETE CASCADE;


--
-- TOC entry 7507 (class 2606 OID 21364)
-- Name: ExternalReview ExternalReview_tenantId_fkey; Type: FK CONSTRAINT; Schema: public; Owner: -
--

ALTER TABLE ONLY public."ExternalReview"
    ADD CONSTRAINT "ExternalReview_tenantId_fkey" FOREIGN KEY ("tenantId") REFERENCES public."Tenant"(id) ON UPDATE CASCADE ON DELETE CASCADE;


--
-- TOC entry 7508 (class 2606 OID 21369)
-- Name: FairAccessPolicy FairAccessPolicy_propertyId_fkey; Type: FK CONSTRAINT; Schema: public; Owner: -
--

ALTER TABLE ONLY public."FairAccessPolicy"
    ADD CONSTRAINT "FairAccessPolicy_propertyId_fkey" FOREIGN KEY ("propertyId") REFERENCES public."Property"(id) ON UPDATE CASCADE ON DELETE CASCADE;


--
-- TOC entry 7509 (class 2606 OID 21374)
-- Name: FairAccessPolicy FairAccessPolicy_tenantId_fkey; Type: FK CONSTRAINT; Schema: public; Owner: -
--

ALTER TABLE ONLY public."FairAccessPolicy"
    ADD CONSTRAINT "FairAccessPolicy_tenantId_fkey" FOREIGN KEY ("tenantId") REFERENCES public."Tenant"(id) ON UPDATE CASCADE ON DELETE CASCADE;


--
-- TOC entry 7510 (class 2606 OID 21389)
-- Name: FirewallRule FirewallRule_propertyId_fkey; Type: FK CONSTRAINT; Schema: public; Owner: -
--

ALTER TABLE ONLY public."FirewallRule"
    ADD CONSTRAINT "FirewallRule_propertyId_fkey" FOREIGN KEY ("propertyId") REFERENCES public."Property"(id) ON UPDATE CASCADE ON DELETE CASCADE;


--
-- TOC entry 7511 (class 2606 OID 21384)
-- Name: FirewallRule FirewallRule_scheduleId_fkey; Type: FK CONSTRAINT; Schema: public; Owner: -
--

ALTER TABLE ONLY public."FirewallRule"
    ADD CONSTRAINT "FirewallRule_scheduleId_fkey" FOREIGN KEY ("scheduleId") REFERENCES public."FirewallSchedule"(id) ON UPDATE CASCADE ON DELETE SET NULL;


--
-- TOC entry 7512 (class 2606 OID 21394)
-- Name: FirewallRule FirewallRule_tenantId_fkey; Type: FK CONSTRAINT; Schema: public; Owner: -
--

ALTER TABLE ONLY public."FirewallRule"
    ADD CONSTRAINT "FirewallRule_tenantId_fkey" FOREIGN KEY ("tenantId") REFERENCES public."Tenant"(id) ON UPDATE CASCADE ON DELETE CASCADE;


--
-- TOC entry 7513 (class 2606 OID 21379)
-- Name: FirewallRule FirewallRule_zoneId_fkey; Type: FK CONSTRAINT; Schema: public; Owner: -
--

ALTER TABLE ONLY public."FirewallRule"
    ADD CONSTRAINT "FirewallRule_zoneId_fkey" FOREIGN KEY ("zoneId") REFERENCES public."FirewallZone"(id) ON UPDATE CASCADE ON DELETE CASCADE;


--
-- TOC entry 7514 (class 2606 OID 21399)
-- Name: FirewallSchedule FirewallSchedule_propertyId_fkey; Type: FK CONSTRAINT; Schema: public; Owner: -
--

ALTER TABLE ONLY public."FirewallSchedule"
    ADD CONSTRAINT "FirewallSchedule_propertyId_fkey" FOREIGN KEY ("propertyId") REFERENCES public."Property"(id) ON UPDATE CASCADE ON DELETE CASCADE;


--
-- TOC entry 7515 (class 2606 OID 21404)
-- Name: FirewallSchedule FirewallSchedule_tenantId_fkey; Type: FK CONSTRAINT; Schema: public; Owner: -
--

ALTER TABLE ONLY public."FirewallSchedule"
    ADD CONSTRAINT "FirewallSchedule_tenantId_fkey" FOREIGN KEY ("tenantId") REFERENCES public."Tenant"(id) ON UPDATE CASCADE ON DELETE CASCADE;


--
-- TOC entry 7516 (class 2606 OID 21409)
-- Name: FirewallZone FirewallZone_propertyId_fkey; Type: FK CONSTRAINT; Schema: public; Owner: -
--

ALTER TABLE ONLY public."FirewallZone"
    ADD CONSTRAINT "FirewallZone_propertyId_fkey" FOREIGN KEY ("propertyId") REFERENCES public."Property"(id) ON UPDATE CASCADE ON DELETE CASCADE;


--
-- TOC entry 7517 (class 2606 OID 21414)
-- Name: FirewallZone FirewallZone_tenantId_fkey; Type: FK CONSTRAINT; Schema: public; Owner: -
--

ALTER TABLE ONLY public."FirewallZone"
    ADD CONSTRAINT "FirewallZone_tenantId_fkey" FOREIGN KEY ("tenantId") REFERENCES public."Tenant"(id) ON UPDATE CASCADE ON DELETE CASCADE;


--
-- TOC entry 7519 (class 2606 OID 21424)
-- Name: FloorPlanRoom FloorPlanRoom_floorPlanId_fkey; Type: FK CONSTRAINT; Schema: public; Owner: -
--

ALTER TABLE ONLY public."FloorPlanRoom"
    ADD CONSTRAINT "FloorPlanRoom_floorPlanId_fkey" FOREIGN KEY ("floorPlanId") REFERENCES public."FloorPlan"(id) ON UPDATE CASCADE ON DELETE CASCADE;


--
-- TOC entry 7520 (class 2606 OID 21429)
-- Name: FloorPlanRoom FloorPlanRoom_roomId_fkey; Type: FK CONSTRAINT; Schema: public; Owner: -
--

ALTER TABLE ONLY public."FloorPlanRoom"
    ADD CONSTRAINT "FloorPlanRoom_roomId_fkey" FOREIGN KEY ("roomId") REFERENCES public."Room"(id) ON UPDATE CASCADE ON DELETE CASCADE;


--
-- TOC entry 7518 (class 2606 OID 21419)
-- Name: FloorPlan FloorPlan_propertyId_fkey; Type: FK CONSTRAINT; Schema: public; Owner: -
--

ALTER TABLE ONLY public."FloorPlan"
    ADD CONSTRAINT "FloorPlan_propertyId_fkey" FOREIGN KEY ("propertyId") REFERENCES public."Property"(id) ON UPDATE CASCADE ON DELETE CASCADE;


--
-- TOC entry 7522 (class 2606 OID 21439)
-- Name: FolioLineItem FolioLineItem_discountId_fkey; Type: FK CONSTRAINT; Schema: public; Owner: -
--

ALTER TABLE ONLY public."FolioLineItem"
    ADD CONSTRAINT "FolioLineItem_discountId_fkey" FOREIGN KEY ("discountId") REFERENCES public."Discount"(id) ON UPDATE CASCADE ON DELETE SET NULL;


--
-- TOC entry 7523 (class 2606 OID 21444)
-- Name: FolioLineItem FolioLineItem_folioId_fkey; Type: FK CONSTRAINT; Schema: public; Owner: -
--

ALTER TABLE ONLY public."FolioLineItem"
    ADD CONSTRAINT "FolioLineItem_folioId_fkey" FOREIGN KEY ("folioId") REFERENCES public."Folio"(id) ON UPDATE CASCADE ON DELETE CASCADE;


--
-- TOC entry 7524 (class 2606 OID 21449)
-- Name: FolioTransfer FolioTransfer_fromFolioId_fkey; Type: FK CONSTRAINT; Schema: public; Owner: -
--

ALTER TABLE ONLY public."FolioTransfer"
    ADD CONSTRAINT "FolioTransfer_fromFolioId_fkey" FOREIGN KEY ("fromFolioId") REFERENCES public."Folio"(id) ON UPDATE CASCADE ON DELETE CASCADE;


--
-- TOC entry 7525 (class 2606 OID 21459)
-- Name: FolioTransfer FolioTransfer_propertyId_fkey; Type: FK CONSTRAINT; Schema: public; Owner: -
--

ALTER TABLE ONLY public."FolioTransfer"
    ADD CONSTRAINT "FolioTransfer_propertyId_fkey" FOREIGN KEY ("propertyId") REFERENCES public."Property"(id) ON UPDATE CASCADE ON DELETE CASCADE;


--
-- TOC entry 7526 (class 2606 OID 21464)
-- Name: FolioTransfer FolioTransfer_tenantId_fkey; Type: FK CONSTRAINT; Schema: public; Owner: -
--

ALTER TABLE ONLY public."FolioTransfer"
    ADD CONSTRAINT "FolioTransfer_tenantId_fkey" FOREIGN KEY ("tenantId") REFERENCES public."Tenant"(id) ON UPDATE CASCADE ON DELETE CASCADE;


--
-- TOC entry 7527 (class 2606 OID 21454)
-- Name: FolioTransfer FolioTransfer_toFolioId_fkey; Type: FK CONSTRAINT; Schema: public; Owner: -
--

ALTER TABLE ONLY public."FolioTransfer"
    ADD CONSTRAINT "FolioTransfer_toFolioId_fkey" FOREIGN KEY ("toFolioId") REFERENCES public."Folio"(id) ON UPDATE CASCADE ON DELETE CASCADE;


--
-- TOC entry 7521 (class 2606 OID 21434)
-- Name: Folio Folio_bookingId_fkey; Type: FK CONSTRAINT; Schema: public; Owner: -
--

ALTER TABLE ONLY public."Folio"
    ADD CONSTRAINT "Folio_bookingId_fkey" FOREIGN KEY ("bookingId") REFERENCES public."Booking"(id) ON UPDATE CASCADE ON DELETE CASCADE;


--
-- TOC entry 7528 (class 2606 OID 21469)
-- Name: GDPRRequest GDPRRequest_tenantId_fkey; Type: FK CONSTRAINT; Schema: public; Owner: -
--

ALTER TABLE ONLY public."GDPRRequest"
    ADD CONSTRAINT "GDPRRequest_tenantId_fkey" FOREIGN KEY ("tenantId") REFERENCES public."Tenant"(id) ON UPDATE CASCADE ON DELETE CASCADE;


--
-- TOC entry 7594 (class 2606 OID 21799)
-- Name: GatewayExplicitRoute GatewayExplicitRoute_gatewayId_fkey; Type: FK CONSTRAINT; Schema: public; Owner: -
--

ALTER TABLE ONLY public."GatewayExplicitRoute"
    ADD CONSTRAINT "GatewayExplicitRoute_gatewayId_fkey" FOREIGN KEY ("gatewayId") REFERENCES public."Gateway"(id) ON UPDATE CASCADE ON DELETE CASCADE;


--
-- TOC entry 7595 (class 2606 OID 21804)
-- Name: GatewayExplicitRoute GatewayExplicitRoute_propertyId_fkey; Type: FK CONSTRAINT; Schema: public; Owner: -
--

ALTER TABLE ONLY public."GatewayExplicitRoute"
    ADD CONSTRAINT "GatewayExplicitRoute_propertyId_fkey" FOREIGN KEY ("propertyId") REFERENCES public."Property"(id) ON UPDATE CASCADE ON DELETE CASCADE;


--
-- TOC entry 7596 (class 2606 OID 21809)
-- Name: GatewayExplicitRoute GatewayExplicitRoute_tenantId_fkey; Type: FK CONSTRAINT; Schema: public; Owner: -
--

ALTER TABLE ONLY public."GatewayExplicitRoute"
    ADD CONSTRAINT "GatewayExplicitRoute_tenantId_fkey" FOREIGN KEY ("tenantId") REFERENCES public."Tenant"(id) ON UPDATE CASCADE ON DELETE CASCADE;


--
-- TOC entry 7597 (class 2606 OID 21814)
-- Name: GatewayFwmark GatewayFwmark_gatewayId_fkey; Type: FK CONSTRAINT; Schema: public; Owner: -
--

ALTER TABLE ONLY public."GatewayFwmark"
    ADD CONSTRAINT "GatewayFwmark_gatewayId_fkey" FOREIGN KEY ("gatewayId") REFERENCES public."Gateway"(id) ON UPDATE CASCADE ON DELETE CASCADE;


--
-- TOC entry 7598 (class 2606 OID 21819)
-- Name: GatewayFwmark GatewayFwmark_tenantId_fkey; Type: FK CONSTRAINT; Schema: public; Owner: -
--

ALTER TABLE ONLY public."GatewayFwmark"
    ADD CONSTRAINT "GatewayFwmark_tenantId_fkey" FOREIGN KEY ("tenantId") REFERENCES public."Tenant"(id) ON UPDATE CASCADE ON DELETE CASCADE;


--
-- TOC entry 7592 (class 2606 OID 21789)
-- Name: GatewayHealthRule GatewayHealthRule_gatewayId_fkey; Type: FK CONSTRAINT; Schema: public; Owner: -
--

ALTER TABLE ONLY public."GatewayHealthRule"
    ADD CONSTRAINT "GatewayHealthRule_gatewayId_fkey" FOREIGN KEY ("gatewayId") REFERENCES public."Gateway"(id) ON UPDATE CASCADE ON DELETE CASCADE;


--
-- TOC entry 7593 (class 2606 OID 21794)
-- Name: GatewayHealthRule GatewayHealthRule_tenantId_fkey; Type: FK CONSTRAINT; Schema: public; Owner: -
--

ALTER TABLE ONLY public."GatewayHealthRule"
    ADD CONSTRAINT "GatewayHealthRule_tenantId_fkey" FOREIGN KEY ("tenantId") REFERENCES public."Tenant"(id) ON UPDATE CASCADE ON DELETE CASCADE;


--
-- TOC entry 7588 (class 2606 OID 21784)
-- Name: Gateway Gateway_backupGatewayId_fkey; Type: FK CONSTRAINT; Schema: public; Owner: -
--

ALTER TABLE ONLY public."Gateway"
    ADD CONSTRAINT "Gateway_backupGatewayId_fkey" FOREIGN KEY ("backupGatewayId") REFERENCES public."Gateway"(id) ON UPDATE CASCADE ON DELETE SET NULL;


--
-- TOC entry 7589 (class 2606 OID 21769)
-- Name: Gateway Gateway_multiWanConfigId_fkey; Type: FK CONSTRAINT; Schema: public; Owner: -
--

ALTER TABLE ONLY public."Gateway"
    ADD CONSTRAINT "Gateway_multiWanConfigId_fkey" FOREIGN KEY ("multiWanConfigId") REFERENCES public."MultiWanConfig"(id) ON UPDATE CASCADE ON DELETE CASCADE;


--
-- TOC entry 7590 (class 2606 OID 21774)
-- Name: Gateway Gateway_propertyId_fkey; Type: FK CONSTRAINT; Schema: public; Owner: -
--

ALTER TABLE ONLY public."Gateway"
    ADD CONSTRAINT "Gateway_propertyId_fkey" FOREIGN KEY ("propertyId") REFERENCES public."Property"(id) ON UPDATE CASCADE ON DELETE CASCADE;


--
-- TOC entry 7591 (class 2606 OID 21779)
-- Name: Gateway Gateway_tenantId_fkey; Type: FK CONSTRAINT; Schema: public; Owner: -
--

ALTER TABLE ONLY public."Gateway"
    ADD CONSTRAINT "Gateway_tenantId_fkey" FOREIGN KEY ("tenantId") REFERENCES public."Tenant"(id) ON UPDATE CASCADE ON DELETE CASCADE;


--
-- TOC entry 7529 (class 2606 OID 21474)
-- Name: GoogleHotelAdsConnection GoogleHotelAdsConnection_tenantId_fkey; Type: FK CONSTRAINT; Schema: public; Owner: -
--

ALTER TABLE ONLY public."GoogleHotelAdsConnection"
    ADD CONSTRAINT "GoogleHotelAdsConnection_tenantId_fkey" FOREIGN KEY ("tenantId") REFERENCES public."Tenant"(id) ON UPDATE CASCADE ON DELETE CASCADE;


--
-- TOC entry 7531 (class 2606 OID 21484)
-- Name: GuestBehavior GuestBehavior_guestId_fkey; Type: FK CONSTRAINT; Schema: public; Owner: -
--

ALTER TABLE ONLY public."GuestBehavior"
    ADD CONSTRAINT "GuestBehavior_guestId_fkey" FOREIGN KEY ("guestId") REFERENCES public."Guest"(id) ON UPDATE CASCADE ON DELETE CASCADE;


--
-- TOC entry 7532 (class 2606 OID 21489)
-- Name: GuestBehavior GuestBehavior_tenantId_fkey; Type: FK CONSTRAINT; Schema: public; Owner: -
--

ALTER TABLE ONLY public."GuestBehavior"
    ADD CONSTRAINT "GuestBehavior_tenantId_fkey" FOREIGN KEY ("tenantId") REFERENCES public."Tenant"(id) ON UPDATE CASCADE ON DELETE CASCADE;


--
-- TOC entry 7533 (class 2606 OID 21494)
-- Name: GuestDocument GuestDocument_guestId_fkey; Type: FK CONSTRAINT; Schema: public; Owner: -
--

ALTER TABLE ONLY public."GuestDocument"
    ADD CONSTRAINT "GuestDocument_guestId_fkey" FOREIGN KEY ("guestId") REFERENCES public."Guest"(id) ON UPDATE CASCADE ON DELETE CASCADE;


--
-- TOC entry 7534 (class 2606 OID 21499)
-- Name: GuestFeedback GuestFeedback_guestId_fkey; Type: FK CONSTRAINT; Schema: public; Owner: -
--

ALTER TABLE ONLY public."GuestFeedback"
    ADD CONSTRAINT "GuestFeedback_guestId_fkey" FOREIGN KEY ("guestId") REFERENCES public."Guest"(id) ON UPDATE CASCADE ON DELETE CASCADE;


--
-- TOC entry 7535 (class 2606 OID 21504)
-- Name: GuestJourney GuestJourney_guestId_fkey; Type: FK CONSTRAINT; Schema: public; Owner: -
--

ALTER TABLE ONLY public."GuestJourney"
    ADD CONSTRAINT "GuestJourney_guestId_fkey" FOREIGN KEY ("guestId") REFERENCES public."Guest"(id) ON UPDATE CASCADE ON DELETE CASCADE;


--
-- TOC entry 7536 (class 2606 OID 21509)
-- Name: GuestJourney GuestJourney_tenantId_fkey; Type: FK CONSTRAINT; Schema: public; Owner: -
--

ALTER TABLE ONLY public."GuestJourney"
    ADD CONSTRAINT "GuestJourney_tenantId_fkey" FOREIGN KEY ("tenantId") REFERENCES public."Tenant"(id) ON UPDATE CASCADE ON DELETE CASCADE;


--
-- TOC entry 7537 (class 2606 OID 21514)
-- Name: GuestRecommendation GuestRecommendation_guestId_fkey; Type: FK CONSTRAINT; Schema: public; Owner: -
--

ALTER TABLE ONLY public."GuestRecommendation"
    ADD CONSTRAINT "GuestRecommendation_guestId_fkey" FOREIGN KEY ("guestId") REFERENCES public."Guest"(id) ON UPDATE CASCADE ON DELETE CASCADE;


--
-- TOC entry 7538 (class 2606 OID 21519)
-- Name: GuestRecommendation GuestRecommendation_tenantId_fkey; Type: FK CONSTRAINT; Schema: public; Owner: -
--

ALTER TABLE ONLY public."GuestRecommendation"
    ADD CONSTRAINT "GuestRecommendation_tenantId_fkey" FOREIGN KEY ("tenantId") REFERENCES public."Tenant"(id) ON UPDATE CASCADE ON DELETE CASCADE;


--
-- TOC entry 7539 (class 2606 OID 21524)
-- Name: GuestReview GuestReview_guestId_fkey; Type: FK CONSTRAINT; Schema: public; Owner: -
--

ALTER TABLE ONLY public."GuestReview"
    ADD CONSTRAINT "GuestReview_guestId_fkey" FOREIGN KEY ("guestId") REFERENCES public."Guest"(id) ON UPDATE CASCADE ON DELETE CASCADE;


--
-- TOC entry 7540 (class 2606 OID 21529)
-- Name: GuestReview GuestReview_propertyId_fkey; Type: FK CONSTRAINT; Schema: public; Owner: -
--

ALTER TABLE ONLY public."GuestReview"
    ADD CONSTRAINT "GuestReview_propertyId_fkey" FOREIGN KEY ("propertyId") REFERENCES public."Property"(id) ON UPDATE CASCADE ON DELETE RESTRICT;


--
-- TOC entry 7541 (class 2606 OID 21534)
-- Name: GuestSegment GuestSegment_tenantId_fkey; Type: FK CONSTRAINT; Schema: public; Owner: -
--

ALTER TABLE ONLY public."GuestSegment"
    ADD CONSTRAINT "GuestSegment_tenantId_fkey" FOREIGN KEY ("tenantId") REFERENCES public."Tenant"(id) ON UPDATE CASCADE ON DELETE CASCADE;


--
-- TOC entry 7542 (class 2606 OID 21539)
-- Name: GuestStay GuestStay_bookingId_fkey; Type: FK CONSTRAINT; Schema: public; Owner: -
--

ALTER TABLE ONLY public."GuestStay"
    ADD CONSTRAINT "GuestStay_bookingId_fkey" FOREIGN KEY ("bookingId") REFERENCES public."Booking"(id) ON UPDATE CASCADE ON DELETE CASCADE;


--
-- TOC entry 7543 (class 2606 OID 21544)
-- Name: GuestStay GuestStay_guestId_fkey; Type: FK CONSTRAINT; Schema: public; Owner: -
--

ALTER TABLE ONLY public."GuestStay"
    ADD CONSTRAINT "GuestStay_guestId_fkey" FOREIGN KEY ("guestId") REFERENCES public."Guest"(id) ON UPDATE CASCADE ON DELETE CASCADE;


--
-- TOC entry 7530 (class 2606 OID 21479)
-- Name: Guest Guest_tenantId_fkey; Type: FK CONSTRAINT; Schema: public; Owner: -
--

ALTER TABLE ONLY public."Guest"
    ADD CONSTRAINT "Guest_tenantId_fkey" FOREIGN KEY ("tenantId") REFERENCES public."Tenant"(id) ON UPDATE CASCADE ON DELETE CASCADE;


--
-- TOC entry 7544 (class 2606 OID 21549)
-- Name: HelpCategory HelpCategory_parentId_fkey; Type: FK CONSTRAINT; Schema: public; Owner: -
--

ALTER TABLE ONLY public."HelpCategory"
    ADD CONSTRAINT "HelpCategory_parentId_fkey" FOREIGN KEY ("parentId") REFERENCES public."HelpCategory"(id);


--
-- TOC entry 7545 (class 2606 OID 21554)
-- Name: InspectionResult InspectionResult_templateId_fkey; Type: FK CONSTRAINT; Schema: public; Owner: -
--

ALTER TABLE ONLY public."InspectionResult"
    ADD CONSTRAINT "InspectionResult_templateId_fkey" FOREIGN KEY ("templateId") REFERENCES public."InspectionTemplate"(id) ON UPDATE CASCADE ON DELETE CASCADE;


--
-- TOC entry 7546 (class 2606 OID 21559)
-- Name: InspectionTemplate InspectionTemplate_tenantId_fkey; Type: FK CONSTRAINT; Schema: public; Owner: -
--

ALTER TABLE ONLY public."InspectionTemplate"
    ADD CONSTRAINT "InspectionTemplate_tenantId_fkey" FOREIGN KEY ("tenantId") REFERENCES public."Tenant"(id) ON UPDATE CASCADE ON DELETE CASCADE;


--
-- TOC entry 7547 (class 2606 OID 21564)
-- Name: Integration Integration_tenantId_fkey; Type: FK CONSTRAINT; Schema: public; Owner: -
--

ALTER TABLE ONLY public."Integration"
    ADD CONSTRAINT "Integration_tenantId_fkey" FOREIGN KEY ("tenantId") REFERENCES public."Tenant"(id) ON UPDATE CASCADE ON DELETE CASCADE;


--
-- TOC entry 7548 (class 2606 OID 21569)
-- Name: InterfaceAlias InterfaceAlias_interfaceId_fkey; Type: FK CONSTRAINT; Schema: public; Owner: -
--

ALTER TABLE ONLY public."InterfaceAlias"
    ADD CONSTRAINT "InterfaceAlias_interfaceId_fkey" FOREIGN KEY ("interfaceId") REFERENCES public."NetworkInterface"(id) ON UPDATE CASCADE ON DELETE CASCADE;


--
-- TOC entry 7549 (class 2606 OID 21574)
-- Name: InterfaceAlias InterfaceAlias_propertyId_fkey; Type: FK CONSTRAINT; Schema: public; Owner: -
--

ALTER TABLE ONLY public."InterfaceAlias"
    ADD CONSTRAINT "InterfaceAlias_propertyId_fkey" FOREIGN KEY ("propertyId") REFERENCES public."Property"(id) ON UPDATE CASCADE ON DELETE CASCADE;


--
-- TOC entry 7550 (class 2606 OID 21579)
-- Name: InterfaceAlias InterfaceAlias_tenantId_fkey; Type: FK CONSTRAINT; Schema: public; Owner: -
--

ALTER TABLE ONLY public."InterfaceAlias"
    ADD CONSTRAINT "InterfaceAlias_tenantId_fkey" FOREIGN KEY ("tenantId") REFERENCES public."Tenant"(id) ON UPDATE CASCADE ON DELETE CASCADE;


--
-- TOC entry 7551 (class 2606 OID 21584)
-- Name: InterfaceConfig InterfaceConfig_propertyId_fkey; Type: FK CONSTRAINT; Schema: public; Owner: -
--

ALTER TABLE ONLY public."InterfaceConfig"
    ADD CONSTRAINT "InterfaceConfig_propertyId_fkey" FOREIGN KEY ("propertyId") REFERENCES public."Property"(id) ON UPDATE CASCADE ON DELETE CASCADE;


--
-- TOC entry 7552 (class 2606 OID 21589)
-- Name: InterfaceConfig InterfaceConfig_tenantId_fkey; Type: FK CONSTRAINT; Schema: public; Owner: -
--

ALTER TABLE ONLY public."InterfaceConfig"
    ADD CONSTRAINT "InterfaceConfig_tenantId_fkey" FOREIGN KEY ("tenantId") REFERENCES public."Tenant"(id) ON UPDATE CASCADE ON DELETE CASCADE;


--
-- TOC entry 7553 (class 2606 OID 21594)
-- Name: InterfaceRole InterfaceRole_interfaceId_fkey; Type: FK CONSTRAINT; Schema: public; Owner: -
--

ALTER TABLE ONLY public."InterfaceRole"
    ADD CONSTRAINT "InterfaceRole_interfaceId_fkey" FOREIGN KEY ("interfaceId") REFERENCES public."NetworkInterface"(id) ON UPDATE CASCADE ON DELETE CASCADE;


--
-- TOC entry 7554 (class 2606 OID 21599)
-- Name: InterfaceRole InterfaceRole_propertyId_fkey; Type: FK CONSTRAINT; Schema: public; Owner: -
--

ALTER TABLE ONLY public."InterfaceRole"
    ADD CONSTRAINT "InterfaceRole_propertyId_fkey" FOREIGN KEY ("propertyId") REFERENCES public."Property"(id) ON UPDATE CASCADE ON DELETE CASCADE;


--
-- TOC entry 7555 (class 2606 OID 21604)
-- Name: InterfaceRole InterfaceRole_tenantId_fkey; Type: FK CONSTRAINT; Schema: public; Owner: -
--

ALTER TABLE ONLY public."InterfaceRole"
    ADD CONSTRAINT "InterfaceRole_tenantId_fkey" FOREIGN KEY ("tenantId") REFERENCES public."Tenant"(id) ON UPDATE CASCADE ON DELETE CASCADE;


--
-- TOC entry 7784 (class 2606 OID 22749)
-- Name: InventoryItem InventoryItem_propertyId_fkey; Type: FK CONSTRAINT; Schema: public; Owner: -
--

ALTER TABLE ONLY public."InventoryItem"
    ADD CONSTRAINT "InventoryItem_propertyId_fkey" FOREIGN KEY ("propertyId") REFERENCES public."Property"(id) ON UPDATE CASCADE ON DELETE CASCADE;


--
-- TOC entry 7556 (class 2606 OID 21619)
-- Name: InventoryLock InventoryLock_propertyId_fkey; Type: FK CONSTRAINT; Schema: public; Owner: -
--

ALTER TABLE ONLY public."InventoryLock"
    ADD CONSTRAINT "InventoryLock_propertyId_fkey" FOREIGN KEY ("propertyId") REFERENCES public."Property"(id) ON UPDATE CASCADE ON DELETE CASCADE;


--
-- TOC entry 7557 (class 2606 OID 21614)
-- Name: InventoryLock InventoryLock_roomId_fkey; Type: FK CONSTRAINT; Schema: public; Owner: -
--

ALTER TABLE ONLY public."InventoryLock"
    ADD CONSTRAINT "InventoryLock_roomId_fkey" FOREIGN KEY ("roomId") REFERENCES public."Room"(id) ON UPDATE CASCADE ON DELETE CASCADE;


--
-- TOC entry 7558 (class 2606 OID 21609)
-- Name: InventoryLock InventoryLock_roomTypeId_fkey; Type: FK CONSTRAINT; Schema: public; Owner: -
--

ALTER TABLE ONLY public."InventoryLock"
    ADD CONSTRAINT "InventoryLock_roomTypeId_fkey" FOREIGN KEY ("roomTypeId") REFERENCES public."RoomType"(id) ON UPDATE CASCADE ON DELETE CASCADE;


--
-- TOC entry 7559 (class 2606 OID 21624)
-- Name: InventoryLock InventoryLock_tenantId_fkey; Type: FK CONSTRAINT; Schema: public; Owner: -
--

ALTER TABLE ONLY public."InventoryLock"
    ADD CONSTRAINT "InventoryLock_tenantId_fkey" FOREIGN KEY ("tenantId") REFERENCES public."Tenant"(id) ON UPDATE CASCADE ON DELETE CASCADE;


--
-- TOC entry 7785 (class 2606 OID 22754)
-- Name: InventoryMovement InventoryMovement_inventoryItemId_fkey; Type: FK CONSTRAINT; Schema: public; Owner: -
--

ALTER TABLE ONLY public."InventoryMovement"
    ADD CONSTRAINT "InventoryMovement_inventoryItemId_fkey" FOREIGN KEY ("inventoryItemId") REFERENCES public."InventoryItem"(id) ON UPDATE CASCADE ON DELETE CASCADE;


--
-- TOC entry 7786 (class 2606 OID 22759)
-- Name: InventoryMovement InventoryMovement_propertyId_fkey; Type: FK CONSTRAINT; Schema: public; Owner: -
--

ALTER TABLE ONLY public."InventoryMovement"
    ADD CONSTRAINT "InventoryMovement_propertyId_fkey" FOREIGN KEY ("propertyId") REFERENCES public."Property"(id) ON UPDATE CASCADE ON DELETE CASCADE;


--
-- TOC entry 7817 (class 2606 OID 22919)
-- Name: InventoryTransferItem InventoryTransferItem_stockItemId_fkey; Type: FK CONSTRAINT; Schema: public; Owner: -
--

ALTER TABLE ONLY public."InventoryTransferItem"
    ADD CONSTRAINT "InventoryTransferItem_stockItemId_fkey" FOREIGN KEY ("stockItemId") REFERENCES public."StockItem"(id) ON UPDATE CASCADE ON DELETE RESTRICT;


--
-- TOC entry 7818 (class 2606 OID 22914)
-- Name: InventoryTransferItem InventoryTransferItem_transferId_fkey; Type: FK CONSTRAINT; Schema: public; Owner: -
--

ALTER TABLE ONLY public."InventoryTransferItem"
    ADD CONSTRAINT "InventoryTransferItem_transferId_fkey" FOREIGN KEY ("transferId") REFERENCES public."InventoryTransfer"(id) ON UPDATE CASCADE ON DELETE CASCADE;


--
-- TOC entry 7814 (class 2606 OID 22899)
-- Name: InventoryTransfer InventoryTransfer_fromPropertyId_fkey; Type: FK CONSTRAINT; Schema: public; Owner: -
--

ALTER TABLE ONLY public."InventoryTransfer"
    ADD CONSTRAINT "InventoryTransfer_fromPropertyId_fkey" FOREIGN KEY ("fromPropertyId") REFERENCES public."Property"(id) ON UPDATE CASCADE ON DELETE CASCADE;


--
-- TOC entry 7815 (class 2606 OID 22909)
-- Name: InventoryTransfer InventoryTransfer_tenantId_fkey; Type: FK CONSTRAINT; Schema: public; Owner: -
--

ALTER TABLE ONLY public."InventoryTransfer"
    ADD CONSTRAINT "InventoryTransfer_tenantId_fkey" FOREIGN KEY ("tenantId") REFERENCES public."Tenant"(id) ON UPDATE CASCADE ON DELETE CASCADE;


--
-- TOC entry 7816 (class 2606 OID 22904)
-- Name: InventoryTransfer InventoryTransfer_toPropertyId_fkey; Type: FK CONSTRAINT; Schema: public; Owner: -
--

ALTER TABLE ONLY public."InventoryTransfer"
    ADD CONSTRAINT "InventoryTransfer_toPropertyId_fkey" FOREIGN KEY ("toPropertyId") REFERENCES public."Property"(id) ON UPDATE CASCADE ON DELETE CASCADE;


--
-- TOC entry 7560 (class 2606 OID 21629)
-- Name: Invoice Invoice_templateId_fkey; Type: FK CONSTRAINT; Schema: public; Owner: -
--

ALTER TABLE ONLY public."Invoice"
    ADD CONSTRAINT "Invoice_templateId_fkey" FOREIGN KEY ("templateId") REFERENCES public."InvoiceTemplate"(id) ON UPDATE CASCADE ON DELETE SET NULL;


--
-- TOC entry 7561 (class 2606 OID 21634)
-- Name: IoTCommand IoTCommand_deviceId_fkey; Type: FK CONSTRAINT; Schema: public; Owner: -
--

ALTER TABLE ONLY public."IoTCommand"
    ADD CONSTRAINT "IoTCommand_deviceId_fkey" FOREIGN KEY ("deviceId") REFERENCES public."IoTDevice"(id) ON UPDATE CASCADE ON DELETE RESTRICT;


--
-- TOC entry 7562 (class 2606 OID 21644)
-- Name: IoTDevice IoTDevice_propertyId_fkey; Type: FK CONSTRAINT; Schema: public; Owner: -
--

ALTER TABLE ONLY public."IoTDevice"
    ADD CONSTRAINT "IoTDevice_propertyId_fkey" FOREIGN KEY ("propertyId") REFERENCES public."Property"(id) ON UPDATE CASCADE ON DELETE RESTRICT;


--
-- TOC entry 7563 (class 2606 OID 21639)
-- Name: IoTDevice IoTDevice_roomId_fkey; Type: FK CONSTRAINT; Schema: public; Owner: -
--

ALTER TABLE ONLY public."IoTDevice"
    ADD CONSTRAINT "IoTDevice_roomId_fkey" FOREIGN KEY ("roomId") REFERENCES public."Room"(id) ON UPDATE CASCADE ON DELETE SET NULL;


--
-- TOC entry 7564 (class 2606 OID 21649)
-- Name: IoTDevice IoTDevice_tenantId_fkey; Type: FK CONSTRAINT; Schema: public; Owner: -
--

ALTER TABLE ONLY public."IoTDevice"
    ADD CONSTRAINT "IoTDevice_tenantId_fkey" FOREIGN KEY ("tenantId") REFERENCES public."Tenant"(id) ON UPDATE CASCADE ON DELETE RESTRICT;


--
-- TOC entry 7565 (class 2606 OID 21654)
-- Name: IoTReading IoTReading_deviceId_fkey; Type: FK CONSTRAINT; Schema: public; Owner: -
--

ALTER TABLE ONLY public."IoTReading"
    ADD CONSTRAINT "IoTReading_deviceId_fkey" FOREIGN KEY ("deviceId") REFERENCES public."IoTDevice"(id) ON UPDATE CASCADE ON DELETE CASCADE;


--
-- TOC entry 7761 (class 2606 OID 22634)
-- Name: IpPoolRange IpPoolRange_poolId_fkey; Type: FK CONSTRAINT; Schema: public; Owner: -
--

ALTER TABLE ONLY public."IpPoolRange"
    ADD CONSTRAINT "IpPoolRange_poolId_fkey" FOREIGN KEY ("poolId") REFERENCES public."IpPool"(id) ON UPDATE CASCADE ON DELETE CASCADE;


--
-- TOC entry 7760 (class 2606 OID 22629)
-- Name: IpPool IpPool_tenantId_fkey; Type: FK CONSTRAINT; Schema: public; Owner: -
--

ALTER TABLE ONLY public."IpPool"
    ADD CONSTRAINT "IpPool_tenantId_fkey" FOREIGN KEY ("tenantId") REFERENCES public."Tenant"(id) ON UPDATE CASCADE ON DELETE CASCADE;


--
-- TOC entry 7806 (class 2606 OID 22864)
-- Name: KeyCard KeyCard_propertyId_fkey; Type: FK CONSTRAINT; Schema: public; Owner: -
--

ALTER TABLE ONLY public."KeyCard"
    ADD CONSTRAINT "KeyCard_propertyId_fkey" FOREIGN KEY ("propertyId") REFERENCES public."Property"(id) ON UPDATE CASCADE ON DELETE CASCADE;


--
-- TOC entry 7807 (class 2606 OID 22869)
-- Name: KeyCard KeyCard_roomId_fkey; Type: FK CONSTRAINT; Schema: public; Owner: -
--

ALTER TABLE ONLY public."KeyCard"
    ADD CONSTRAINT "KeyCard_roomId_fkey" FOREIGN KEY ("roomId") REFERENCES public."Room"(id) ON UPDATE CASCADE ON DELETE RESTRICT;


--
-- TOC entry 7808 (class 2606 OID 22859)
-- Name: KeyCard KeyCard_tenantId_fkey; Type: FK CONSTRAINT; Schema: public; Owner: -
--

ALTER TABLE ONLY public."KeyCard"
    ADD CONSTRAINT "KeyCard_tenantId_fkey" FOREIGN KEY ("tenantId") REFERENCES public."Tenant"(id) ON UPDATE CASCADE ON DELETE CASCADE;


--
-- TOC entry 7566 (class 2606 OID 21659)
-- Name: KioskSettings KioskSettings_propertyId_fkey; Type: FK CONSTRAINT; Schema: public; Owner: -
--

ALTER TABLE ONLY public."KioskSettings"
    ADD CONSTRAINT "KioskSettings_propertyId_fkey" FOREIGN KEY ("propertyId") REFERENCES public."Property"(id) ON UPDATE CASCADE ON DELETE RESTRICT;


--
-- TOC entry 7567 (class 2606 OID 21664)
-- Name: KioskSettings KioskSettings_tenantId_fkey; Type: FK CONSTRAINT; Schema: public; Owner: -
--

ALTER TABLE ONLY public."KioskSettings"
    ADD CONSTRAINT "KioskSettings_tenantId_fkey" FOREIGN KEY ("tenantId") REFERENCES public."Tenant"(id) ON UPDATE CASCADE ON DELETE CASCADE;


--
-- TOC entry 7821 (class 2606 OID 22934)
-- Name: LicenseKey LicenseKey_planId_fkey; Type: FK CONSTRAINT; Schema: public; Owner: -
--

ALTER TABLE ONLY public."LicenseKey"
    ADD CONSTRAINT "LicenseKey_planId_fkey" FOREIGN KEY ("planId") REFERENCES public."RegistrationPlan"(id) ON UPDATE CASCADE ON DELETE RESTRICT;


--
-- TOC entry 7568 (class 2606 OID 21669)
-- Name: LiveSession LiveSession_propertyId_fkey; Type: FK CONSTRAINT; Schema: public; Owner: -
--

ALTER TABLE ONLY public."LiveSession"
    ADD CONSTRAINT "LiveSession_propertyId_fkey" FOREIGN KEY ("propertyId") REFERENCES public."Property"(id) ON UPDATE CASCADE ON DELETE CASCADE;


--
-- TOC entry 7569 (class 2606 OID 21674)
-- Name: LiveSession LiveSession_tenantId_fkey; Type: FK CONSTRAINT; Schema: public; Owner: -
--

ALTER TABLE ONLY public."LiveSession"
    ADD CONSTRAINT "LiveSession_tenantId_fkey" FOREIGN KEY ("tenantId") REFERENCES public."Tenant"(id) ON UPDATE CASCADE ON DELETE CASCADE;


--
-- TOC entry 7570 (class 2606 OID 21679)
-- Name: LoyaltyPointTransaction LoyaltyPointTransaction_guestId_fkey; Type: FK CONSTRAINT; Schema: public; Owner: -
--

ALTER TABLE ONLY public."LoyaltyPointTransaction"
    ADD CONSTRAINT "LoyaltyPointTransaction_guestId_fkey" FOREIGN KEY ("guestId") REFERENCES public."Guest"(id) ON UPDATE CASCADE ON DELETE CASCADE;


--
-- TOC entry 7571 (class 2606 OID 21684)
-- Name: LoyaltyPointTransaction LoyaltyPointTransaction_tenantId_fkey; Type: FK CONSTRAINT; Schema: public; Owner: -
--

ALTER TABLE ONLY public."LoyaltyPointTransaction"
    ADD CONSTRAINT "LoyaltyPointTransaction_tenantId_fkey" FOREIGN KEY ("tenantId") REFERENCES public."Tenant"(id) ON UPDATE CASCADE ON DELETE CASCADE;


--
-- TOC entry 7572 (class 2606 OID 21689)
-- Name: LoyaltyRedemption LoyaltyRedemption_guestId_fkey; Type: FK CONSTRAINT; Schema: public; Owner: -
--

ALTER TABLE ONLY public."LoyaltyRedemption"
    ADD CONSTRAINT "LoyaltyRedemption_guestId_fkey" FOREIGN KEY ("guestId") REFERENCES public."Guest"(id) ON UPDATE CASCADE ON DELETE CASCADE;


--
-- TOC entry 7573 (class 2606 OID 21694)
-- Name: LoyaltyRedemption LoyaltyRedemption_rewardId_fkey; Type: FK CONSTRAINT; Schema: public; Owner: -
--

ALTER TABLE ONLY public."LoyaltyRedemption"
    ADD CONSTRAINT "LoyaltyRedemption_rewardId_fkey" FOREIGN KEY ("rewardId") REFERENCES public."LoyaltyReward"(id) ON UPDATE CASCADE ON DELETE CASCADE;


--
-- TOC entry 7574 (class 2606 OID 21699)
-- Name: LoyaltyRedemption LoyaltyRedemption_tenantId_fkey; Type: FK CONSTRAINT; Schema: public; Owner: -
--

ALTER TABLE ONLY public."LoyaltyRedemption"
    ADD CONSTRAINT "LoyaltyRedemption_tenantId_fkey" FOREIGN KEY ("tenantId") REFERENCES public."Tenant"(id) ON UPDATE CASCADE ON DELETE CASCADE;


--
-- TOC entry 7575 (class 2606 OID 21704)
-- Name: LoyaltyReward LoyaltyReward_tenantId_fkey; Type: FK CONSTRAINT; Schema: public; Owner: -
--

ALTER TABLE ONLY public."LoyaltyReward"
    ADD CONSTRAINT "LoyaltyReward_tenantId_fkey" FOREIGN KEY ("tenantId") REFERENCES public."Tenant"(id) ON UPDATE CASCADE ON DELETE CASCADE;


--
-- TOC entry 7576 (class 2606 OID 21709)
-- Name: LoyaltyTier LoyaltyTier_tenantId_fkey; Type: FK CONSTRAINT; Schema: public; Owner: -
--

ALTER TABLE ONLY public."LoyaltyTier"
    ADD CONSTRAINT "LoyaltyTier_tenantId_fkey" FOREIGN KEY ("tenantId") REFERENCES public."Tenant"(id) ON UPDATE CASCADE ON DELETE CASCADE;


--
-- TOC entry 7577 (class 2606 OID 21714)
-- Name: MacFilter MacFilter_propertyId_fkey; Type: FK CONSTRAINT; Schema: public; Owner: -
--

ALTER TABLE ONLY public."MacFilter"
    ADD CONSTRAINT "MacFilter_propertyId_fkey" FOREIGN KEY ("propertyId") REFERENCES public."Property"(id) ON UPDATE CASCADE ON DELETE CASCADE;


--
-- TOC entry 7578 (class 2606 OID 21719)
-- Name: MacFilter MacFilter_tenantId_fkey; Type: FK CONSTRAINT; Schema: public; Owner: -
--

ALTER TABLE ONLY public."MacFilter"
    ADD CONSTRAINT "MacFilter_tenantId_fkey" FOREIGN KEY ("tenantId") REFERENCES public."Tenant"(id) ON UPDATE CASCADE ON DELETE CASCADE;


--
-- TOC entry 7579 (class 2606 OID 21729)
-- Name: MaintenanceBlock MaintenanceBlock_propertyId_fkey; Type: FK CONSTRAINT; Schema: public; Owner: -
--

ALTER TABLE ONLY public."MaintenanceBlock"
    ADD CONSTRAINT "MaintenanceBlock_propertyId_fkey" FOREIGN KEY ("propertyId") REFERENCES public."Property"(id) ON UPDATE CASCADE ON DELETE CASCADE;


--
-- TOC entry 7580 (class 2606 OID 21724)
-- Name: MaintenanceBlock MaintenanceBlock_roomId_fkey; Type: FK CONSTRAINT; Schema: public; Owner: -
--

ALTER TABLE ONLY public."MaintenanceBlock"
    ADD CONSTRAINT "MaintenanceBlock_roomId_fkey" FOREIGN KEY ("roomId") REFERENCES public."Room"(id) ON UPDATE CASCADE ON DELETE RESTRICT;


--
-- TOC entry 7581 (class 2606 OID 21734)
-- Name: MaintenanceBlock MaintenanceBlock_tenantId_fkey; Type: FK CONSTRAINT; Schema: public; Owner: -
--

ALTER TABLE ONLY public."MaintenanceBlock"
    ADD CONSTRAINT "MaintenanceBlock_tenantId_fkey" FOREIGN KEY ("tenantId") REFERENCES public."Tenant"(id) ON UPDATE CASCADE ON DELETE CASCADE;


--
-- TOC entry 7582 (class 2606 OID 21739)
-- Name: MenuItem MenuItem_categoryId_fkey; Type: FK CONSTRAINT; Schema: public; Owner: -
--

ALTER TABLE ONLY public."MenuItem"
    ADD CONSTRAINT "MenuItem_categoryId_fkey" FOREIGN KEY ("categoryId") REFERENCES public."OrderCategory"(id) ON UPDATE CASCADE ON DELETE CASCADE;


--
-- TOC entry 7583 (class 2606 OID 21744)
-- Name: MenuItem MenuItem_propertyId_fkey; Type: FK CONSTRAINT; Schema: public; Owner: -
--

ALTER TABLE ONLY public."MenuItem"
    ADD CONSTRAINT "MenuItem_propertyId_fkey" FOREIGN KEY ("propertyId") REFERENCES public."Property"(id) ON UPDATE CASCADE ON DELETE CASCADE;


--
-- TOC entry 7780 (class 2606 OID 22729)
-- Name: MenuModifierOption MenuModifierOption_modifierGroupId_fkey; Type: FK CONSTRAINT; Schema: public; Owner: -
--

ALTER TABLE ONLY public."MenuModifierOption"
    ADD CONSTRAINT "MenuModifierOption_modifierGroupId_fkey" FOREIGN KEY ("modifierGroupId") REFERENCES public."MenuModifier"(id) ON UPDATE CASCADE ON DELETE CASCADE;


--
-- TOC entry 7781 (class 2606 OID 22734)
-- Name: MenuModifierOption MenuModifierOption_propertyId_fkey; Type: FK CONSTRAINT; Schema: public; Owner: -
--

ALTER TABLE ONLY public."MenuModifierOption"
    ADD CONSTRAINT "MenuModifierOption_propertyId_fkey" FOREIGN KEY ("propertyId") REFERENCES public."Property"(id) ON UPDATE CASCADE ON DELETE CASCADE;


--
-- TOC entry 7779 (class 2606 OID 22724)
-- Name: MenuModifier MenuModifier_propertyId_fkey; Type: FK CONSTRAINT; Schema: public; Owner: -
--

ALTER TABLE ONLY public."MenuModifier"
    ADD CONSTRAINT "MenuModifier_propertyId_fkey" FOREIGN KEY ("propertyId") REFERENCES public."Property"(id) ON UPDATE CASCADE ON DELETE CASCADE;


--
-- TOC entry 7782 (class 2606 OID 22739)
-- Name: MenuVariant MenuVariant_menuItemId_fkey; Type: FK CONSTRAINT; Schema: public; Owner: -
--

ALTER TABLE ONLY public."MenuVariant"
    ADD CONSTRAINT "MenuVariant_menuItemId_fkey" FOREIGN KEY ("menuItemId") REFERENCES public."MenuItem"(id) ON UPDATE CASCADE ON DELETE CASCADE;


--
-- TOC entry 7783 (class 2606 OID 22744)
-- Name: MenuVariant MenuVariant_propertyId_fkey; Type: FK CONSTRAINT; Schema: public; Owner: -
--

ALTER TABLE ONLY public."MenuVariant"
    ADD CONSTRAINT "MenuVariant_propertyId_fkey" FOREIGN KEY ("propertyId") REFERENCES public."Property"(id) ON UPDATE CASCADE ON DELETE CASCADE;


--
-- TOC entry 7584 (class 2606 OID 21749)
-- Name: MessageTemplate MessageTemplate_tenantId_fkey; Type: FK CONSTRAINT; Schema: public; Owner: -
--

ALTER TABLE ONLY public."MessageTemplate"
    ADD CONSTRAINT "MessageTemplate_tenantId_fkey" FOREIGN KEY ("tenantId") REFERENCES public."Tenant"(id) ON UPDATE CASCADE ON DELETE CASCADE;


--
-- TOC entry 7585 (class 2606 OID 21754)
-- Name: MetasearchConnection MetasearchConnection_tenantId_fkey; Type: FK CONSTRAINT; Schema: public; Owner: -
--

ALTER TABLE ONLY public."MetasearchConnection"
    ADD CONSTRAINT "MetasearchConnection_tenantId_fkey" FOREIGN KEY ("tenantId") REFERENCES public."Tenant"(id) ON UPDATE CASCADE ON DELETE CASCADE;


--
-- TOC entry 7586 (class 2606 OID 21759)
-- Name: MultiWanConfig MultiWanConfig_propertyId_fkey; Type: FK CONSTRAINT; Schema: public; Owner: -
--

ALTER TABLE ONLY public."MultiWanConfig"
    ADD CONSTRAINT "MultiWanConfig_propertyId_fkey" FOREIGN KEY ("propertyId") REFERENCES public."Property"(id) ON UPDATE CASCADE ON DELETE CASCADE;


--
-- TOC entry 7587 (class 2606 OID 21764)
-- Name: MultiWanConfig MultiWanConfig_tenantId_fkey; Type: FK CONSTRAINT; Schema: public; Owner: -
--

ALTER TABLE ONLY public."MultiWanConfig"
    ADD CONSTRAINT "MultiWanConfig_tenantId_fkey" FOREIGN KEY ("tenantId") REFERENCES public."Tenant"(id) ON UPDATE CASCADE ON DELETE CASCADE;


--
-- TOC entry 7599 (class 2606 OID 21824)
-- Name: NasHealthLog NasHealthLog_propertyId_fkey; Type: FK CONSTRAINT; Schema: public; Owner: -
--

ALTER TABLE ONLY public."NasHealthLog"
    ADD CONSTRAINT "NasHealthLog_propertyId_fkey" FOREIGN KEY ("propertyId") REFERENCES public."Property"(id) ON UPDATE CASCADE ON DELETE CASCADE;


--
-- TOC entry 7600 (class 2606 OID 21829)
-- Name: NasHealthLog NasHealthLog_tenantId_fkey; Type: FK CONSTRAINT; Schema: public; Owner: -
--

ALTER TABLE ONLY public."NasHealthLog"
    ADD CONSTRAINT "NasHealthLog_tenantId_fkey" FOREIGN KEY ("tenantId") REFERENCES public."Tenant"(id) ON UPDATE CASCADE ON DELETE CASCADE;


--
-- TOC entry 7601 (class 2606 OID 21834)
-- Name: NatLog NatLog_propertyId_fkey; Type: FK CONSTRAINT; Schema: public; Owner: -
--

ALTER TABLE ONLY public."NatLog"
    ADD CONSTRAINT "NatLog_propertyId_fkey" FOREIGN KEY ("propertyId") REFERENCES public."Property"(id) ON UPDATE CASCADE ON DELETE CASCADE;


--
-- TOC entry 7602 (class 2606 OID 21839)
-- Name: NatLog NatLog_tenantId_fkey; Type: FK CONSTRAINT; Schema: public; Owner: -
--

ALTER TABLE ONLY public."NatLog"
    ADD CONSTRAINT "NatLog_tenantId_fkey" FOREIGN KEY ("tenantId") REFERENCES public."Tenant"(id) ON UPDATE CASCADE ON DELETE CASCADE;


--
-- TOC entry 7603 (class 2606 OID 21844)
-- Name: NetworkConfigBackup NetworkConfigBackup_propertyId_fkey; Type: FK CONSTRAINT; Schema: public; Owner: -
--

ALTER TABLE ONLY public."NetworkConfigBackup"
    ADD CONSTRAINT "NetworkConfigBackup_propertyId_fkey" FOREIGN KEY ("propertyId") REFERENCES public."Property"(id) ON UPDATE CASCADE ON DELETE CASCADE;


--
-- TOC entry 7604 (class 2606 OID 21849)
-- Name: NetworkConfigBackup NetworkConfigBackup_tenantId_fkey; Type: FK CONSTRAINT; Schema: public; Owner: -
--

ALTER TABLE ONLY public."NetworkConfigBackup"
    ADD CONSTRAINT "NetworkConfigBackup_tenantId_fkey" FOREIGN KEY ("tenantId") REFERENCES public."Tenant"(id) ON UPDATE CASCADE ON DELETE CASCADE;


--
-- TOC entry 7605 (class 2606 OID 21854)
-- Name: NetworkInterface NetworkInterface_propertyId_fkey; Type: FK CONSTRAINT; Schema: public; Owner: -
--

ALTER TABLE ONLY public."NetworkInterface"
    ADD CONSTRAINT "NetworkInterface_propertyId_fkey" FOREIGN KEY ("propertyId") REFERENCES public."Property"(id) ON UPDATE CASCADE ON DELETE CASCADE;


--
-- TOC entry 7606 (class 2606 OID 21859)
-- Name: NetworkInterface NetworkInterface_tenantId_fkey; Type: FK CONSTRAINT; Schema: public; Owner: -
--

ALTER TABLE ONLY public."NetworkInterface"
    ADD CONSTRAINT "NetworkInterface_tenantId_fkey" FOREIGN KEY ("tenantId") REFERENCES public."Tenant"(id) ON UPDATE CASCADE ON DELETE CASCADE;


--
-- TOC entry 7609 (class 2606 OID 21874)
-- Name: NotificationPreference NotificationPreference_userId_fkey; Type: FK CONSTRAINT; Schema: public; Owner: -
--

ALTER TABLE ONLY public."NotificationPreference"
    ADD CONSTRAINT "NotificationPreference_userId_fkey" FOREIGN KEY ("userId") REFERENCES public."User"(id) ON UPDATE CASCADE ON DELETE CASCADE;


--
-- TOC entry 7610 (class 2606 OID 21879)
-- Name: NotificationTemplate NotificationTemplate_tenantId_fkey; Type: FK CONSTRAINT; Schema: public; Owner: -
--

ALTER TABLE ONLY public."NotificationTemplate"
    ADD CONSTRAINT "NotificationTemplate_tenantId_fkey" FOREIGN KEY ("tenantId") REFERENCES public."Tenant"(id) ON UPDATE CASCADE ON DELETE CASCADE;


--
-- TOC entry 7607 (class 2606 OID 21864)
-- Name: Notification Notification_tenantId_fkey; Type: FK CONSTRAINT; Schema: public; Owner: -
--

ALTER TABLE ONLY public."Notification"
    ADD CONSTRAINT "Notification_tenantId_fkey" FOREIGN KEY ("tenantId") REFERENCES public."Tenant"(id) ON UPDATE CASCADE ON DELETE CASCADE;


--
-- TOC entry 7608 (class 2606 OID 21869)
-- Name: Notification Notification_userId_fkey; Type: FK CONSTRAINT; Schema: public; Owner: -
--

ALTER TABLE ONLY public."Notification"
    ADD CONSTRAINT "Notification_userId_fkey" FOREIGN KEY ("userId") REFERENCES public."User"(id) ON UPDATE CASCADE ON DELETE CASCADE;


--
-- TOC entry 7613 (class 2606 OID 21894)
-- Name: OrderCategory OrderCategory_propertyId_fkey; Type: FK CONSTRAINT; Schema: public; Owner: -
--

ALTER TABLE ONLY public."OrderCategory"
    ADD CONSTRAINT "OrderCategory_propertyId_fkey" FOREIGN KEY ("propertyId") REFERENCES public."Property"(id) ON UPDATE CASCADE ON DELETE CASCADE;


--
-- TOC entry 7793 (class 2606 OID 22794)
-- Name: OrderDiscount OrderDiscount_orderId_fkey; Type: FK CONSTRAINT; Schema: public; Owner: -
--

ALTER TABLE ONLY public."OrderDiscount"
    ADD CONSTRAINT "OrderDiscount_orderId_fkey" FOREIGN KEY ("orderId") REFERENCES public."Order"(id) ON UPDATE CASCADE ON DELETE RESTRICT;


--
-- TOC entry 7794 (class 2606 OID 22799)
-- Name: OrderDiscount OrderDiscount_tenantId_fkey; Type: FK CONSTRAINT; Schema: public; Owner: -
--

ALTER TABLE ONLY public."OrderDiscount"
    ADD CONSTRAINT "OrderDiscount_tenantId_fkey" FOREIGN KEY ("tenantId") REFERENCES public."Tenant"(id) ON UPDATE CASCADE ON DELETE CASCADE;


--
-- TOC entry 7614 (class 2606 OID 21899)
-- Name: OrderItem OrderItem_menuItemId_fkey; Type: FK CONSTRAINT; Schema: public; Owner: -
--

ALTER TABLE ONLY public."OrderItem"
    ADD CONSTRAINT "OrderItem_menuItemId_fkey" FOREIGN KEY ("menuItemId") REFERENCES public."MenuItem"(id) ON UPDATE CASCADE ON DELETE RESTRICT;


--
-- TOC entry 7615 (class 2606 OID 21904)
-- Name: OrderItem OrderItem_orderId_fkey; Type: FK CONSTRAINT; Schema: public; Owner: -
--

ALTER TABLE ONLY public."OrderItem"
    ADD CONSTRAINT "OrderItem_orderId_fkey" FOREIGN KEY ("orderId") REFERENCES public."Order"(id) ON UPDATE CASCADE ON DELETE CASCADE;


--
-- TOC entry 7611 (class 2606 OID 21889)
-- Name: Order Order_propertyId_fkey; Type: FK CONSTRAINT; Schema: public; Owner: -
--

ALTER TABLE ONLY public."Order"
    ADD CONSTRAINT "Order_propertyId_fkey" FOREIGN KEY ("propertyId") REFERENCES public."Property"(id) ON UPDATE CASCADE ON DELETE CASCADE;


--
-- TOC entry 7612 (class 2606 OID 21884)
-- Name: Order Order_tableId_fkey; Type: FK CONSTRAINT; Schema: public; Owner: -
--

ALTER TABLE ONLY public."Order"
    ADD CONSTRAINT "Order_tableId_fkey" FOREIGN KEY ("tableId") REFERENCES public."RestaurantTable"(id) ON UPDATE CASCADE ON DELETE SET NULL;


--
-- TOC entry 7811 (class 2606 OID 22889)
-- Name: ParkingPass ParkingPass_slotId_fkey; Type: FK CONSTRAINT; Schema: public; Owner: -
--

ALTER TABLE ONLY public."ParkingPass"
    ADD CONSTRAINT "ParkingPass_slotId_fkey" FOREIGN KEY ("slotId") REFERENCES public."ParkingSlot"(id) ON UPDATE CASCADE ON DELETE SET NULL;


--
-- TOC entry 7812 (class 2606 OID 22894)
-- Name: ParkingPass ParkingPass_tenantId_fkey; Type: FK CONSTRAINT; Schema: public; Owner: -
--

ALTER TABLE ONLY public."ParkingPass"
    ADD CONSTRAINT "ParkingPass_tenantId_fkey" FOREIGN KEY ("tenantId") REFERENCES public."Tenant"(id) ON UPDATE CASCADE ON DELETE CASCADE;


--
-- TOC entry 7813 (class 2606 OID 22884)
-- Name: ParkingPass ParkingPass_vehicleId_fkey; Type: FK CONSTRAINT; Schema: public; Owner: -
--

ALTER TABLE ONLY public."ParkingPass"
    ADD CONSTRAINT "ParkingPass_vehicleId_fkey" FOREIGN KEY ("vehicleId") REFERENCES public."Vehicle"(id) ON UPDATE CASCADE ON DELETE SET NULL;


--
-- TOC entry 7616 (class 2606 OID 21909)
-- Name: ParkingSlot ParkingSlot_tenantId_fkey; Type: FK CONSTRAINT; Schema: public; Owner: -
--

ALTER TABLE ONLY public."ParkingSlot"
    ADD CONSTRAINT "ParkingSlot_tenantId_fkey" FOREIGN KEY ("tenantId") REFERENCES public."Tenant"(id) ON UPDATE CASCADE ON DELETE CASCADE;


--
-- TOC entry 7619 (class 2606 OID 21924)
-- Name: PaymentSchedule PaymentSchedule_folioId_fkey; Type: FK CONSTRAINT; Schema: public; Owner: -
--

ALTER TABLE ONLY public."PaymentSchedule"
    ADD CONSTRAINT "PaymentSchedule_folioId_fkey" FOREIGN KEY ("folioId") REFERENCES public."Folio"(id) ON UPDATE CASCADE ON DELETE CASCADE;


--
-- TOC entry 7620 (class 2606 OID 21929)
-- Name: PaymentSchedule PaymentSchedule_propertyId_fkey; Type: FK CONSTRAINT; Schema: public; Owner: -
--

ALTER TABLE ONLY public."PaymentSchedule"
    ADD CONSTRAINT "PaymentSchedule_propertyId_fkey" FOREIGN KEY ("propertyId") REFERENCES public."Property"(id) ON UPDATE CASCADE ON DELETE CASCADE;


--
-- TOC entry 7621 (class 2606 OID 21934)
-- Name: PaymentSchedule PaymentSchedule_tenantId_fkey; Type: FK CONSTRAINT; Schema: public; Owner: -
--

ALTER TABLE ONLY public."PaymentSchedule"
    ADD CONSTRAINT "PaymentSchedule_tenantId_fkey" FOREIGN KEY ("tenantId") REFERENCES public."Tenant"(id) ON UPDATE CASCADE ON DELETE CASCADE;


--
-- TOC entry 7795 (class 2606 OID 22814)
-- Name: PaymentToken PaymentToken_folioId_fkey; Type: FK CONSTRAINT; Schema: public; Owner: -
--

ALTER TABLE ONLY public."PaymentToken"
    ADD CONSTRAINT "PaymentToken_folioId_fkey" FOREIGN KEY ("folioId") REFERENCES public."Folio"(id) ON UPDATE CASCADE ON DELETE SET NULL;


--
-- TOC entry 7796 (class 2606 OID 22809)
-- Name: PaymentToken PaymentToken_propertyId_fkey; Type: FK CONSTRAINT; Schema: public; Owner: -
--

ALTER TABLE ONLY public."PaymentToken"
    ADD CONSTRAINT "PaymentToken_propertyId_fkey" FOREIGN KEY ("propertyId") REFERENCES public."Property"(id) ON UPDATE CASCADE ON DELETE CASCADE;


--
-- TOC entry 7797 (class 2606 OID 22804)
-- Name: PaymentToken PaymentToken_tenantId_fkey; Type: FK CONSTRAINT; Schema: public; Owner: -
--

ALTER TABLE ONLY public."PaymentToken"
    ADD CONSTRAINT "PaymentToken_tenantId_fkey" FOREIGN KEY ("tenantId") REFERENCES public."Tenant"(id) ON UPDATE CASCADE ON DELETE CASCADE;


--
-- TOC entry 7617 (class 2606 OID 21919)
-- Name: Payment Payment_folioId_fkey; Type: FK CONSTRAINT; Schema: public; Owner: -
--

ALTER TABLE ONLY public."Payment"
    ADD CONSTRAINT "Payment_folioId_fkey" FOREIGN KEY ("folioId") REFERENCES public."Folio"(id) ON UPDATE CASCADE ON DELETE CASCADE;


--
-- TOC entry 7618 (class 2606 OID 21914)
-- Name: Payment Payment_guestId_fkey; Type: FK CONSTRAINT; Schema: public; Owner: -
--

ALTER TABLE ONLY public."Payment"
    ADD CONSTRAINT "Payment_guestId_fkey" FOREIGN KEY ("guestId") REFERENCES public."Guest"(id) ON UPDATE CASCADE ON DELETE SET NULL;


--
-- TOC entry 7631 (class 2606 OID 21984)
-- Name: PortForwardRule PortForwardRule_propertyId_fkey; Type: FK CONSTRAINT; Schema: public; Owner: -
--

ALTER TABLE ONLY public."PortForwardRule"
    ADD CONSTRAINT "PortForwardRule_propertyId_fkey" FOREIGN KEY ("propertyId") REFERENCES public."Property"(id) ON UPDATE CASCADE ON DELETE CASCADE;


--
-- TOC entry 7632 (class 2606 OID 21989)
-- Name: PortForwardRule PortForwardRule_tenantId_fkey; Type: FK CONSTRAINT; Schema: public; Owner: -
--

ALTER TABLE ONLY public."PortForwardRule"
    ADD CONSTRAINT "PortForwardRule_tenantId_fkey" FOREIGN KEY ("tenantId") REFERENCES public."Tenant"(id) ON UPDATE CASCADE ON DELETE CASCADE;


--
-- TOC entry 7622 (class 2606 OID 21939)
-- Name: PortalAuthentication PortalAuthentication_portalId_fkey; Type: FK CONSTRAINT; Schema: public; Owner: -
--

ALTER TABLE ONLY public."PortalAuthentication"
    ADD CONSTRAINT "PortalAuthentication_portalId_fkey" FOREIGN KEY ("portalId") REFERENCES public."CaptivePortal"(id) ON UPDATE CASCADE ON DELETE CASCADE;


--
-- TOC entry 7623 (class 2606 OID 21944)
-- Name: PortalAuthentication PortalAuthentication_propertyId_fkey; Type: FK CONSTRAINT; Schema: public; Owner: -
--

ALTER TABLE ONLY public."PortalAuthentication"
    ADD CONSTRAINT "PortalAuthentication_propertyId_fkey" FOREIGN KEY ("propertyId") REFERENCES public."Property"(id) ON UPDATE CASCADE ON DELETE CASCADE;


--
-- TOC entry 7624 (class 2606 OID 21949)
-- Name: PortalAuthentication PortalAuthentication_tenantId_fkey; Type: FK CONSTRAINT; Schema: public; Owner: -
--

ALTER TABLE ONLY public."PortalAuthentication"
    ADD CONSTRAINT "PortalAuthentication_tenantId_fkey" FOREIGN KEY ("tenantId") REFERENCES public."Tenant"(id) ON UPDATE CASCADE ON DELETE CASCADE;


--
-- TOC entry 7625 (class 2606 OID 21954)
-- Name: PortalMapping PortalMapping_portalId_fkey; Type: FK CONSTRAINT; Schema: public; Owner: -
--

ALTER TABLE ONLY public."PortalMapping"
    ADD CONSTRAINT "PortalMapping_portalId_fkey" FOREIGN KEY ("portalId") REFERENCES public."CaptivePortal"(id) ON UPDATE CASCADE ON DELETE CASCADE;


--
-- TOC entry 7626 (class 2606 OID 21959)
-- Name: PortalMapping PortalMapping_propertyId_fkey; Type: FK CONSTRAINT; Schema: public; Owner: -
--

ALTER TABLE ONLY public."PortalMapping"
    ADD CONSTRAINT "PortalMapping_propertyId_fkey" FOREIGN KEY ("propertyId") REFERENCES public."Property"(id) ON UPDATE CASCADE ON DELETE CASCADE;


--
-- TOC entry 7627 (class 2606 OID 21964)
-- Name: PortalMapping PortalMapping_tenantId_fkey; Type: FK CONSTRAINT; Schema: public; Owner: -
--

ALTER TABLE ONLY public."PortalMapping"
    ADD CONSTRAINT "PortalMapping_tenantId_fkey" FOREIGN KEY ("tenantId") REFERENCES public."Tenant"(id) ON UPDATE CASCADE ON DELETE CASCADE;


--
-- TOC entry 7628 (class 2606 OID 21969)
-- Name: PortalPage PortalPage_portalId_fkey; Type: FK CONSTRAINT; Schema: public; Owner: -
--

ALTER TABLE ONLY public."PortalPage"
    ADD CONSTRAINT "PortalPage_portalId_fkey" FOREIGN KEY ("portalId") REFERENCES public."CaptivePortal"(id) ON UPDATE CASCADE ON DELETE CASCADE;


--
-- TOC entry 7629 (class 2606 OID 21974)
-- Name: PortalPage PortalPage_tenantId_fkey; Type: FK CONSTRAINT; Schema: public; Owner: -
--

ALTER TABLE ONLY public."PortalPage"
    ADD CONSTRAINT "PortalPage_tenantId_fkey" FOREIGN KEY ("tenantId") REFERENCES public."Tenant"(id) ON UPDATE CASCADE ON DELETE CASCADE;


--
-- TOC entry 7630 (class 2606 OID 21979)
-- Name: PortalTemplate PortalTemplate_tenantId_fkey; Type: FK CONSTRAINT; Schema: public; Owner: -
--

ALTER TABLE ONLY public."PortalTemplate"
    ADD CONSTRAINT "PortalTemplate_tenantId_fkey" FOREIGN KEY ("tenantId") REFERENCES public."Tenant"(id) ON UPDATE CASCADE ON DELETE CASCADE;


--
-- TOC entry 7637 (class 2606 OID 22019)
-- Name: PreventiveMaintenance PreventiveMaintenance_propertyId_fkey; Type: FK CONSTRAINT; Schema: public; Owner: -
--

ALTER TABLE ONLY public."PreventiveMaintenance"
    ADD CONSTRAINT "PreventiveMaintenance_propertyId_fkey" FOREIGN KEY ("propertyId") REFERENCES public."Property"(id) ON UPDATE CASCADE ON DELETE CASCADE;


--
-- TOC entry 7638 (class 2606 OID 22014)
-- Name: PreventiveMaintenance PreventiveMaintenance_tenantId_fkey; Type: FK CONSTRAINT; Schema: public; Owner: -
--

ALTER TABLE ONLY public."PreventiveMaintenance"
    ADD CONSTRAINT "PreventiveMaintenance_tenantId_fkey" FOREIGN KEY ("tenantId") REFERENCES public."Tenant"(id) ON UPDATE CASCADE ON DELETE CASCADE;


--
-- TOC entry 7639 (class 2606 OID 22024)
-- Name: PriceOverride PriceOverride_ratePlanId_fkey; Type: FK CONSTRAINT; Schema: public; Owner: -
--

ALTER TABLE ONLY public."PriceOverride"
    ADD CONSTRAINT "PriceOverride_ratePlanId_fkey" FOREIGN KEY ("ratePlanId") REFERENCES public."RatePlan"(id) ON UPDATE CASCADE ON DELETE CASCADE;


--
-- TOC entry 7640 (class 2606 OID 22029)
-- Name: PricingRule PricingRule_propertyId_fkey; Type: FK CONSTRAINT; Schema: public; Owner: -
--

ALTER TABLE ONLY public."PricingRule"
    ADD CONSTRAINT "PricingRule_propertyId_fkey" FOREIGN KEY ("propertyId") REFERENCES public."Property"(id) ON UPDATE CASCADE ON DELETE CASCADE;


--
-- TOC entry 7641 (class 2606 OID 22034)
-- Name: PricingRule PricingRule_tenantId_fkey; Type: FK CONSTRAINT; Schema: public; Owner: -
--

ALTER TABLE ONLY public."PricingRule"
    ADD CONSTRAINT "PricingRule_tenantId_fkey" FOREIGN KEY ("tenantId") REFERENCES public."Tenant"(id) ON UPDATE CASCADE ON DELETE CASCADE;


--
-- TOC entry 7642 (class 2606 OID 22039)
-- Name: Property Property_brandId_fkey; Type: FK CONSTRAINT; Schema: public; Owner: -
--

ALTER TABLE ONLY public."Property"
    ADD CONSTRAINT "Property_brandId_fkey" FOREIGN KEY ("brandId") REFERENCES public."Brand"(id) ON UPDATE CASCADE ON DELETE SET NULL;


--
-- TOC entry 7643 (class 2606 OID 22044)
-- Name: Property Property_tenantId_fkey; Type: FK CONSTRAINT; Schema: public; Owner: -
--

ALTER TABLE ONLY public."Property"
    ADD CONSTRAINT "Property_tenantId_fkey" FOREIGN KEY ("tenantId") REFERENCES public."Tenant"(id) ON UPDATE CASCADE ON DELETE CASCADE;


--
-- TOC entry 7646 (class 2606 OID 22064)
-- Name: PurchaseOrderItem PurchaseOrderItem_purchaseOrderId_fkey; Type: FK CONSTRAINT; Schema: public; Owner: -
--

ALTER TABLE ONLY public."PurchaseOrderItem"
    ADD CONSTRAINT "PurchaseOrderItem_purchaseOrderId_fkey" FOREIGN KEY ("purchaseOrderId") REFERENCES public."PurchaseOrder"(id) ON UPDATE CASCADE ON DELETE CASCADE;


--
-- TOC entry 7647 (class 2606 OID 22059)
-- Name: PurchaseOrderItem PurchaseOrderItem_stockItemId_fkey; Type: FK CONSTRAINT; Schema: public; Owner: -
--

ALTER TABLE ONLY public."PurchaseOrderItem"
    ADD CONSTRAINT "PurchaseOrderItem_stockItemId_fkey" FOREIGN KEY ("stockItemId") REFERENCES public."StockItem"(id) ON UPDATE CASCADE ON DELETE RESTRICT;


--
-- TOC entry 7644 (class 2606 OID 22054)
-- Name: PurchaseOrder PurchaseOrder_tenantId_fkey; Type: FK CONSTRAINT; Schema: public; Owner: -
--

ALTER TABLE ONLY public."PurchaseOrder"
    ADD CONSTRAINT "PurchaseOrder_tenantId_fkey" FOREIGN KEY ("tenantId") REFERENCES public."Tenant"(id) ON UPDATE CASCADE ON DELETE CASCADE;


--
-- TOC entry 7645 (class 2606 OID 22049)
-- Name: PurchaseOrder PurchaseOrder_vendorId_fkey; Type: FK CONSTRAINT; Schema: public; Owner: -
--

ALTER TABLE ONLY public."PurchaseOrder"
    ADD CONSTRAINT "PurchaseOrder_vendorId_fkey" FOREIGN KEY ("vendorId") REFERENCES public."Vendor"(id) ON UPDATE CASCADE ON DELETE RESTRICT;


--
-- TOC entry 7633 (class 2606 OID 21994)
-- Name: QuickBlock QuickBlock_propertyId_fkey; Type: FK CONSTRAINT; Schema: public; Owner: -
--

ALTER TABLE ONLY public."QuickBlock"
    ADD CONSTRAINT "QuickBlock_propertyId_fkey" FOREIGN KEY ("propertyId") REFERENCES public."Property"(id) ON UPDATE CASCADE ON DELETE CASCADE;


--
-- TOC entry 7634 (class 2606 OID 21999)
-- Name: QuickBlock QuickBlock_tenantId_fkey; Type: FK CONSTRAINT; Schema: public; Owner: -
--

ALTER TABLE ONLY public."QuickBlock"
    ADD CONSTRAINT "QuickBlock_tenantId_fkey" FOREIGN KEY ("tenantId") REFERENCES public."Tenant"(id) ON UPDATE CASCADE ON DELETE CASCADE;


--
-- TOC entry 7649 (class 2606 OID 22074)
-- Name: RadiusNAS RadiusNAS_propertyId_fkey; Type: FK CONSTRAINT; Schema: public; Owner: -
--

ALTER TABLE ONLY public."RadiusNAS"
    ADD CONSTRAINT "RadiusNAS_propertyId_fkey" FOREIGN KEY ("propertyId") REFERENCES public."Property"(id) ON UPDATE CASCADE ON DELETE CASCADE;


--
-- TOC entry 7650 (class 2606 OID 22079)
-- Name: RadiusNAS RadiusNAS_tenantId_fkey; Type: FK CONSTRAINT; Schema: public; Owner: -
--

ALTER TABLE ONLY public."RadiusNAS"
    ADD CONSTRAINT "RadiusNAS_tenantId_fkey" FOREIGN KEY ("tenantId") REFERENCES public."Tenant"(id) ON UPDATE CASCADE ON DELETE CASCADE;


--
-- TOC entry 7651 (class 2606 OID 22084)
-- Name: RadiusServerConfig RadiusServerConfig_propertyId_fkey; Type: FK CONSTRAINT; Schema: public; Owner: -
--

ALTER TABLE ONLY public."RadiusServerConfig"
    ADD CONSTRAINT "RadiusServerConfig_propertyId_fkey" FOREIGN KEY ("propertyId") REFERENCES public."Property"(id) ON UPDATE CASCADE ON DELETE CASCADE;


--
-- TOC entry 7652 (class 2606 OID 22089)
-- Name: RadiusServerConfig RadiusServerConfig_tenantId_fkey; Type: FK CONSTRAINT; Schema: public; Owner: -
--

ALTER TABLE ONLY public."RadiusServerConfig"
    ADD CONSTRAINT "RadiusServerConfig_tenantId_fkey" FOREIGN KEY ("tenantId") REFERENCES public."Tenant"(id) ON UPDATE CASCADE ON DELETE CASCADE;


--
-- TOC entry 7635 (class 2606 OID 22004)
-- Name: RateLimitRule RateLimitRule_propertyId_fkey; Type: FK CONSTRAINT; Schema: public; Owner: -
--

ALTER TABLE ONLY public."RateLimitRule"
    ADD CONSTRAINT "RateLimitRule_propertyId_fkey" FOREIGN KEY ("propertyId") REFERENCES public."Property"(id) ON UPDATE CASCADE ON DELETE CASCADE;


--
-- TOC entry 7636 (class 2606 OID 22009)
-- Name: RateLimitRule RateLimitRule_tenantId_fkey; Type: FK CONSTRAINT; Schema: public; Owner: -
--

ALTER TABLE ONLY public."RateLimitRule"
    ADD CONSTRAINT "RateLimitRule_tenantId_fkey" FOREIGN KEY ("tenantId") REFERENCES public."Tenant"(id) ON UPDATE CASCADE ON DELETE CASCADE;


--
-- TOC entry 7654 (class 2606 OID 22099)
-- Name: RatePlan RatePlan_derivedFromId_fkey; Type: FK CONSTRAINT; Schema: public; Owner: -
--

ALTER TABLE ONLY public."RatePlan"
    ADD CONSTRAINT "RatePlan_derivedFromId_fkey" FOREIGN KEY ("derivedFromId") REFERENCES public."RatePlan"(id) ON UPDATE CASCADE ON DELETE SET NULL;


--
-- TOC entry 7655 (class 2606 OID 22104)
-- Name: RatePlan RatePlan_roomTypeId_fkey; Type: FK CONSTRAINT; Schema: public; Owner: -
--

ALTER TABLE ONLY public."RatePlan"
    ADD CONSTRAINT "RatePlan_roomTypeId_fkey" FOREIGN KEY ("roomTypeId") REFERENCES public."RoomType"(id) ON UPDATE CASCADE ON DELETE CASCADE;


--
-- TOC entry 7656 (class 2606 OID 22109)
-- Name: RatePlan RatePlan_tenantId_fkey; Type: FK CONSTRAINT; Schema: public; Owner: -
--

ALTER TABLE ONLY public."RatePlan"
    ADD CONSTRAINT "RatePlan_tenantId_fkey" FOREIGN KEY ("tenantId") REFERENCES public."Tenant"(id) ON UPDATE CASCADE ON DELETE CASCADE;


--
-- TOC entry 7789 (class 2606 OID 22774)
-- Name: RecipeIngredient RecipeIngredient_recipeId_fkey; Type: FK CONSTRAINT; Schema: public; Owner: -
--

ALTER TABLE ONLY public."RecipeIngredient"
    ADD CONSTRAINT "RecipeIngredient_recipeId_fkey" FOREIGN KEY ("recipeId") REFERENCES public."Recipe"(id) ON UPDATE CASCADE ON DELETE CASCADE;


--
-- TOC entry 7790 (class 2606 OID 22779)
-- Name: RecipeIngredient RecipeIngredient_tenantId_fkey; Type: FK CONSTRAINT; Schema: public; Owner: -
--

ALTER TABLE ONLY public."RecipeIngredient"
    ADD CONSTRAINT "RecipeIngredient_tenantId_fkey" FOREIGN KEY ("tenantId") REFERENCES public."Tenant"(id) ON UPDATE CASCADE ON DELETE CASCADE;


--
-- TOC entry 7787 (class 2606 OID 22764)
-- Name: Recipe Recipe_menuItemId_fkey; Type: FK CONSTRAINT; Schema: public; Owner: -
--

ALTER TABLE ONLY public."Recipe"
    ADD CONSTRAINT "Recipe_menuItemId_fkey" FOREIGN KEY ("menuItemId") REFERENCES public."MenuItem"(id) ON UPDATE CASCADE ON DELETE RESTRICT;


--
-- TOC entry 7788 (class 2606 OID 22769)
-- Name: Recipe Recipe_tenantId_fkey; Type: FK CONSTRAINT; Schema: public; Owner: -
--

ALTER TABLE ONLY public."Recipe"
    ADD CONSTRAINT "Recipe_tenantId_fkey" FOREIGN KEY ("tenantId") REFERENCES public."Tenant"(id) ON UPDATE CASCADE ON DELETE CASCADE;


--
-- TOC entry 7657 (class 2606 OID 22114)
-- Name: Reconciliation Reconciliation_bankAccountId_fkey; Type: FK CONSTRAINT; Schema: public; Owner: -
--

ALTER TABLE ONLY public."Reconciliation"
    ADD CONSTRAINT "Reconciliation_bankAccountId_fkey" FOREIGN KEY ("bankAccountId") REFERENCES public."BankAccount"(id) ON UPDATE CASCADE ON DELETE CASCADE;


--
-- TOC entry 7658 (class 2606 OID 22119)
-- Name: Reconciliation Reconciliation_bankTransactionId_fkey; Type: FK CONSTRAINT; Schema: public; Owner: -
--

ALTER TABLE ONLY public."Reconciliation"
    ADD CONSTRAINT "Reconciliation_bankTransactionId_fkey" FOREIGN KEY ("bankTransactionId") REFERENCES public."BankTransaction"(id) ON UPDATE CASCADE ON DELETE CASCADE;


--
-- TOC entry 7659 (class 2606 OID 22124)
-- Name: Reconciliation Reconciliation_tenantId_fkey; Type: FK CONSTRAINT; Schema: public; Owner: -
--

ALTER TABLE ONLY public."Reconciliation"
    ADD CONSTRAINT "Reconciliation_tenantId_fkey" FOREIGN KEY ("tenantId") REFERENCES public."Tenant"(id) ON UPDATE CASCADE ON DELETE CASCADE;


--
-- TOC entry 7660 (class 2606 OID 22129)
-- Name: RegistrationCard RegistrationCard_propertyId_fkey; Type: FK CONSTRAINT; Schema: public; Owner: -
--

ALTER TABLE ONLY public."RegistrationCard"
    ADD CONSTRAINT "RegistrationCard_propertyId_fkey" FOREIGN KEY ("propertyId") REFERENCES public."Property"(id) ON UPDATE CASCADE ON DELETE CASCADE;


--
-- TOC entry 7661 (class 2606 OID 22134)
-- Name: RegistrationCard RegistrationCard_tenantId_fkey; Type: FK CONSTRAINT; Schema: public; Owner: -
--

ALTER TABLE ONLY public."RegistrationCard"
    ADD CONSTRAINT "RegistrationCard_tenantId_fkey" FOREIGN KEY ("tenantId") REFERENCES public."Tenant"(id) ON UPDATE CASCADE ON DELETE CASCADE;


--
-- TOC entry 7662 (class 2606 OID 22139)
-- Name: ReportHistory ReportHistory_scheduledReportId_fkey; Type: FK CONSTRAINT; Schema: public; Owner: -
--

ALTER TABLE ONLY public."ReportHistory"
    ADD CONSTRAINT "ReportHistory_scheduledReportId_fkey" FOREIGN KEY ("scheduledReportId") REFERENCES public."ScheduledReport"(id) ON UPDATE CASCADE ON DELETE SET NULL;


--
-- TOC entry 7663 (class 2606 OID 22149)
-- Name: Reservation Reservation_propertyId_fkey; Type: FK CONSTRAINT; Schema: public; Owner: -
--

ALTER TABLE ONLY public."Reservation"
    ADD CONSTRAINT "Reservation_propertyId_fkey" FOREIGN KEY ("propertyId") REFERENCES public."Property"(id) ON UPDATE CASCADE ON DELETE CASCADE;


--
-- TOC entry 7664 (class 2606 OID 22144)
-- Name: Reservation Reservation_tableId_fkey; Type: FK CONSTRAINT; Schema: public; Owner: -
--

ALTER TABLE ONLY public."Reservation"
    ADD CONSTRAINT "Reservation_tableId_fkey" FOREIGN KEY ("tableId") REFERENCES public."RestaurantTable"(id) ON UPDATE CASCADE ON DELETE SET NULL;


--
-- TOC entry 7665 (class 2606 OID 22154)
-- Name: RestaurantTable RestaurantTable_propertyId_fkey; Type: FK CONSTRAINT; Schema: public; Owner: -
--

ALTER TABLE ONLY public."RestaurantTable"
    ADD CONSTRAINT "RestaurantTable_propertyId_fkey" FOREIGN KEY ("propertyId") REFERENCES public."Property"(id) ON UPDATE CASCADE ON DELETE CASCADE;


--
-- TOC entry 7666 (class 2606 OID 22159)
-- Name: Role Role_tenantId_fkey; Type: FK CONSTRAINT; Schema: public; Owner: -
--

ALTER TABLE ONLY public."Role"
    ADD CONSTRAINT "Role_tenantId_fkey" FOREIGN KEY ("tenantId") REFERENCES public."Tenant"(id) ON UPDATE CASCADE ON DELETE CASCADE;


--
-- TOC entry 7670 (class 2606 OID 22179)
-- Name: RoomMoveLog RoomMoveLog_propertyId_fkey; Type: FK CONSTRAINT; Schema: public; Owner: -
--

ALTER TABLE ONLY public."RoomMoveLog"
    ADD CONSTRAINT "RoomMoveLog_propertyId_fkey" FOREIGN KEY ("propertyId") REFERENCES public."Property"(id) ON UPDATE CASCADE ON DELETE CASCADE;


--
-- TOC entry 7671 (class 2606 OID 22184)
-- Name: RoomMoveLog RoomMoveLog_tenantId_fkey; Type: FK CONSTRAINT; Schema: public; Owner: -
--

ALTER TABLE ONLY public."RoomMoveLog"
    ADD CONSTRAINT "RoomMoveLog_tenantId_fkey" FOREIGN KEY ("tenantId") REFERENCES public."Tenant"(id) ON UPDATE CASCADE ON DELETE CASCADE;


--
-- TOC entry 7672 (class 2606 OID 22194)
-- Name: RoomType RoomType_propertyId_fkey; Type: FK CONSTRAINT; Schema: public; Owner: -
--

ALTER TABLE ONLY public."RoomType"
    ADD CONSTRAINT "RoomType_propertyId_fkey" FOREIGN KEY ("propertyId") REFERENCES public."Property"(id) ON UPDATE CASCADE ON DELETE CASCADE;


--
-- TOC entry 7673 (class 2606 OID 22189)
-- Name: RoomType RoomType_wifiPlanId_fkey; Type: FK CONSTRAINT; Schema: public; Owner: -
--

ALTER TABLE ONLY public."RoomType"
    ADD CONSTRAINT "RoomType_wifiPlanId_fkey" FOREIGN KEY ("wifiPlanId") REFERENCES public."WiFiPlan"(id) ON UPDATE CASCADE ON DELETE SET NULL;


--
-- TOC entry 7667 (class 2606 OID 22174)
-- Name: Room Room_currentTaskId_fkey; Type: FK CONSTRAINT; Schema: public; Owner: -
--

ALTER TABLE ONLY public."Room"
    ADD CONSTRAINT "Room_currentTaskId_fkey" FOREIGN KEY ("currentTaskId") REFERENCES public."Task"(id) ON UPDATE CASCADE ON DELETE SET NULL;


--
-- TOC entry 7668 (class 2606 OID 22169)
-- Name: Room Room_propertyId_fkey; Type: FK CONSTRAINT; Schema: public; Owner: -
--

ALTER TABLE ONLY public."Room"
    ADD CONSTRAINT "Room_propertyId_fkey" FOREIGN KEY ("propertyId") REFERENCES public."Property"(id) ON UPDATE CASCADE ON DELETE CASCADE;


--
-- TOC entry 7669 (class 2606 OID 22164)
-- Name: Room Room_roomTypeId_fkey; Type: FK CONSTRAINT; Schema: public; Owner: -
--

ALTER TABLE ONLY public."Room"
    ADD CONSTRAINT "Room_roomTypeId_fkey" FOREIGN KEY ("roomTypeId") REFERENCES public."RoomType"(id) ON UPDATE CASCADE ON DELETE CASCADE;


--
-- TOC entry 7686 (class 2606 OID 22259)
-- Name: SSOConnection SSOConnection_tenantId_fkey; Type: FK CONSTRAINT; Schema: public; Owner: -
--

ALTER TABLE ONLY public."SSOConnection"
    ADD CONSTRAINT "SSOConnection_tenantId_fkey" FOREIGN KEY ("tenantId") REFERENCES public."Tenant"(id) ON UPDATE CASCADE ON DELETE CASCADE;


--
-- TOC entry 7687 (class 2606 OID 22264)
-- Name: SSOSession SSOSession_connectionId_fkey; Type: FK CONSTRAINT; Schema: public; Owner: -
--

ALTER TABLE ONLY public."SSOSession"
    ADD CONSTRAINT "SSOSession_connectionId_fkey" FOREIGN KEY ("connectionId") REFERENCES public."SSOConnection"(id) ON UPDATE CASCADE ON DELETE CASCADE;


--
-- TOC entry 7688 (class 2606 OID 22269)
-- Name: SSOSession SSOSession_userId_fkey; Type: FK CONSTRAINT; Schema: public; Owner: -
--

ALTER TABLE ONLY public."SSOSession"
    ADD CONSTRAINT "SSOSession_userId_fkey" FOREIGN KEY ("userId") REFERENCES public."User"(id) ON UPDATE CASCADE ON DELETE SET NULL;


--
-- TOC entry 7674 (class 2606 OID 22199)
-- Name: ScheduleAccess ScheduleAccess_propertyId_fkey; Type: FK CONSTRAINT; Schema: public; Owner: -
--

ALTER TABLE ONLY public."ScheduleAccess"
    ADD CONSTRAINT "ScheduleAccess_propertyId_fkey" FOREIGN KEY ("propertyId") REFERENCES public."Property"(id) ON UPDATE CASCADE ON DELETE CASCADE;


--
-- TOC entry 7675 (class 2606 OID 22204)
-- Name: ScheduleAccess ScheduleAccess_tenantId_fkey; Type: FK CONSTRAINT; Schema: public; Owner: -
--

ALTER TABLE ONLY public."ScheduleAccess"
    ADD CONSTRAINT "ScheduleAccess_tenantId_fkey" FOREIGN KEY ("tenantId") REFERENCES public."Tenant"(id) ON UPDATE CASCADE ON DELETE CASCADE;


--
-- TOC entry 7798 (class 2606 OID 22829)
-- Name: ScheduledCharge ScheduledCharge_bookingId_fkey; Type: FK CONSTRAINT; Schema: public; Owner: -
--

ALTER TABLE ONLY public."ScheduledCharge"
    ADD CONSTRAINT "ScheduledCharge_bookingId_fkey" FOREIGN KEY ("bookingId") REFERENCES public."Booking"(id) ON UPDATE CASCADE ON DELETE RESTRICT;


--
-- TOC entry 7799 (class 2606 OID 22834)
-- Name: ScheduledCharge ScheduledCharge_folioId_fkey; Type: FK CONSTRAINT; Schema: public; Owner: -
--

ALTER TABLE ONLY public."ScheduledCharge"
    ADD CONSTRAINT "ScheduledCharge_folioId_fkey" FOREIGN KEY ("folioId") REFERENCES public."Folio"(id) ON UPDATE CASCADE ON DELETE RESTRICT;


--
-- TOC entry 7800 (class 2606 OID 22824)
-- Name: ScheduledCharge ScheduledCharge_propertyId_fkey; Type: FK CONSTRAINT; Schema: public; Owner: -
--

ALTER TABLE ONLY public."ScheduledCharge"
    ADD CONSTRAINT "ScheduledCharge_propertyId_fkey" FOREIGN KEY ("propertyId") REFERENCES public."Property"(id) ON UPDATE CASCADE ON DELETE CASCADE;


--
-- TOC entry 7801 (class 2606 OID 22819)
-- Name: ScheduledCharge ScheduledCharge_tenantId_fkey; Type: FK CONSTRAINT; Schema: public; Owner: -
--

ALTER TABLE ONLY public."ScheduledCharge"
    ADD CONSTRAINT "ScheduledCharge_tenantId_fkey" FOREIGN KEY ("tenantId") REFERENCES public."Tenant"(id) ON UPDATE CASCADE ON DELETE CASCADE;


--
-- TOC entry 7676 (class 2606 OID 22209)
-- Name: ScheduledNotification ScheduledNotification_tenantId_fkey; Type: FK CONSTRAINT; Schema: public; Owner: -
--

ALTER TABLE ONLY public."ScheduledNotification"
    ADD CONSTRAINT "ScheduledNotification_tenantId_fkey" FOREIGN KEY ("tenantId") REFERENCES public."Tenant"(id) ON UPDATE CASCADE ON DELETE CASCADE;


--
-- TOC entry 7677 (class 2606 OID 22214)
-- Name: SecurityEvent SecurityEvent_cameraId_fkey; Type: FK CONSTRAINT; Schema: public; Owner: -
--

ALTER TABLE ONLY public."SecurityEvent"
    ADD CONSTRAINT "SecurityEvent_cameraId_fkey" FOREIGN KEY ("cameraId") REFERENCES public."Camera"(id) ON UPDATE CASCADE ON DELETE CASCADE;


--
-- TOC entry 7678 (class 2606 OID 22219)
-- Name: SecurityEvent SecurityEvent_tenantId_fkey; Type: FK CONSTRAINT; Schema: public; Owner: -
--

ALTER TABLE ONLY public."SecurityEvent"
    ADD CONSTRAINT "SecurityEvent_tenantId_fkey" FOREIGN KEY ("tenantId") REFERENCES public."Tenant"(id) ON UPDATE CASCADE ON DELETE CASCADE;


--
-- TOC entry 7679 (class 2606 OID 22224)
-- Name: SecurityIncident SecurityIncident_tenantId_fkey; Type: FK CONSTRAINT; Schema: public; Owner: -
--

ALTER TABLE ONLY public."SecurityIncident"
    ADD CONSTRAINT "SecurityIncident_tenantId_fkey" FOREIGN KEY ("tenantId") REFERENCES public."Tenant"(id) ON UPDATE CASCADE ON DELETE CASCADE;


--
-- TOC entry 7680 (class 2606 OID 22229)
-- Name: SecuritySettings SecuritySettings_tenantId_fkey; Type: FK CONSTRAINT; Schema: public; Owner: -
--

ALTER TABLE ONLY public."SecuritySettings"
    ADD CONSTRAINT "SecuritySettings_tenantId_fkey" FOREIGN KEY ("tenantId") REFERENCES public."Tenant"(id) ON UPDATE CASCADE ON DELETE CASCADE;


--
-- TOC entry 7681 (class 2606 OID 22234)
-- Name: SegmentMembership SegmentMembership_guestId_fkey; Type: FK CONSTRAINT; Schema: public; Owner: -
--

ALTER TABLE ONLY public."SegmentMembership"
    ADD CONSTRAINT "SegmentMembership_guestId_fkey" FOREIGN KEY ("guestId") REFERENCES public."Guest"(id) ON UPDATE CASCADE ON DELETE CASCADE;


--
-- TOC entry 7682 (class 2606 OID 22239)
-- Name: SegmentMembership SegmentMembership_segmentId_fkey; Type: FK CONSTRAINT; Schema: public; Owner: -
--

ALTER TABLE ONLY public."SegmentMembership"
    ADD CONSTRAINT "SegmentMembership_segmentId_fkey" FOREIGN KEY ("segmentId") REFERENCES public."GuestSegment"(id) ON UPDATE CASCADE ON DELETE CASCADE;


--
-- TOC entry 7683 (class 2606 OID 22244)
-- Name: ServiceRequest ServiceRequest_assignedTo_fkey; Type: FK CONSTRAINT; Schema: public; Owner: -
--

ALTER TABLE ONLY public."ServiceRequest"
    ADD CONSTRAINT "ServiceRequest_assignedTo_fkey" FOREIGN KEY ("assignedTo") REFERENCES public."User"(id) ON UPDATE CASCADE ON DELETE SET NULL;


--
-- TOC entry 7684 (class 2606 OID 22249)
-- Name: Session Session_userId_fkey; Type: FK CONSTRAINT; Schema: public; Owner: -
--

ALTER TABLE ONLY public."Session"
    ADD CONSTRAINT "Session_userId_fkey" FOREIGN KEY ("userId") REFERENCES public."User"(id) ON UPDATE CASCADE ON DELETE CASCADE;


--
-- TOC entry 7685 (class 2606 OID 22254)
-- Name: ShiftTemplate ShiftTemplate_tenantId_fkey; Type: FK CONSTRAINT; Schema: public; Owner: -
--

ALTER TABLE ONLY public."ShiftTemplate"
    ADD CONSTRAINT "ShiftTemplate_tenantId_fkey" FOREIGN KEY ("tenantId") REFERENCES public."Tenant"(id) ON UPDATE CASCADE ON DELETE CASCADE;


--
-- TOC entry 7689 (class 2606 OID 22274)
-- Name: StaffAttendance StaffAttendance_userId_fkey; Type: FK CONSTRAINT; Schema: public; Owner: -
--

ALTER TABLE ONLY public."StaffAttendance"
    ADD CONSTRAINT "StaffAttendance_userId_fkey" FOREIGN KEY ("userId") REFERENCES public."User"(id) ON UPDATE CASCADE ON DELETE RESTRICT;


--
-- TOC entry 7691 (class 2606 OID 22284)
-- Name: StaffChannelMember StaffChannelMember_channelId_fkey; Type: FK CONSTRAINT; Schema: public; Owner: -
--

ALTER TABLE ONLY public."StaffChannelMember"
    ADD CONSTRAINT "StaffChannelMember_channelId_fkey" FOREIGN KEY ("channelId") REFERENCES public."StaffChannel"(id) ON UPDATE CASCADE ON DELETE CASCADE;


--
-- TOC entry 7692 (class 2606 OID 22289)
-- Name: StaffChannelMember StaffChannelMember_userId_fkey; Type: FK CONSTRAINT; Schema: public; Owner: -
--

ALTER TABLE ONLY public."StaffChannelMember"
    ADD CONSTRAINT "StaffChannelMember_userId_fkey" FOREIGN KEY ("userId") REFERENCES public."User"(id) ON UPDATE CASCADE ON DELETE CASCADE;


--
-- TOC entry 7690 (class 2606 OID 22279)
-- Name: StaffChannel StaffChannel_tenantId_fkey; Type: FK CONSTRAINT; Schema: public; Owner: -
--

ALTER TABLE ONLY public."StaffChannel"
    ADD CONSTRAINT "StaffChannel_tenantId_fkey" FOREIGN KEY ("tenantId") REFERENCES public."Tenant"(id) ON UPDATE CASCADE ON DELETE CASCADE;


--
-- TOC entry 7693 (class 2606 OID 22294)
-- Name: StaffChatMessage StaffChatMessage_channelId_fkey; Type: FK CONSTRAINT; Schema: public; Owner: -
--

ALTER TABLE ONLY public."StaffChatMessage"
    ADD CONSTRAINT "StaffChatMessage_channelId_fkey" FOREIGN KEY ("channelId") REFERENCES public."StaffChannel"(id) ON UPDATE CASCADE ON DELETE CASCADE;


--
-- TOC entry 7694 (class 2606 OID 22304)
-- Name: StaffChatMessage StaffChatMessage_replyToId_fkey; Type: FK CONSTRAINT; Schema: public; Owner: -
--

ALTER TABLE ONLY public."StaffChatMessage"
    ADD CONSTRAINT "StaffChatMessage_replyToId_fkey" FOREIGN KEY ("replyToId") REFERENCES public."StaffChatMessage"(id) ON UPDATE CASCADE ON DELETE SET NULL;


--
-- TOC entry 7695 (class 2606 OID 22299)
-- Name: StaffChatMessage StaffChatMessage_senderId_fkey; Type: FK CONSTRAINT; Schema: public; Owner: -
--

ALTER TABLE ONLY public."StaffChatMessage"
    ADD CONSTRAINT "StaffChatMessage_senderId_fkey" FOREIGN KEY ("senderId") REFERENCES public."User"(id) ON UPDATE CASCADE ON DELETE RESTRICT;


--
-- TOC entry 7696 (class 2606 OID 22314)
-- Name: StaffLeave StaffLeave_tenantId_fkey; Type: FK CONSTRAINT; Schema: public; Owner: -
--

ALTER TABLE ONLY public."StaffLeave"
    ADD CONSTRAINT "StaffLeave_tenantId_fkey" FOREIGN KEY ("tenantId") REFERENCES public."Tenant"(id) ON UPDATE CASCADE ON DELETE CASCADE;


--
-- TOC entry 7697 (class 2606 OID 22309)
-- Name: StaffLeave StaffLeave_userId_fkey; Type: FK CONSTRAINT; Schema: public; Owner: -
--

ALTER TABLE ONLY public."StaffLeave"
    ADD CONSTRAINT "StaffLeave_userId_fkey" FOREIGN KEY ("userId") REFERENCES public."User"(id) ON UPDATE CASCADE ON DELETE CASCADE;


--
-- TOC entry 7698 (class 2606 OID 22324)
-- Name: StaffPerformance StaffPerformance_tenantId_fkey; Type: FK CONSTRAINT; Schema: public; Owner: -
--

ALTER TABLE ONLY public."StaffPerformance"
    ADD CONSTRAINT "StaffPerformance_tenantId_fkey" FOREIGN KEY ("tenantId") REFERENCES public."Tenant"(id) ON UPDATE CASCADE ON DELETE CASCADE;


--
-- TOC entry 7699 (class 2606 OID 22319)
-- Name: StaffPerformance StaffPerformance_userId_fkey; Type: FK CONSTRAINT; Schema: public; Owner: -
--

ALTER TABLE ONLY public."StaffPerformance"
    ADD CONSTRAINT "StaffPerformance_userId_fkey" FOREIGN KEY ("userId") REFERENCES public."User"(id) ON UPDATE CASCADE ON DELETE CASCADE;


--
-- TOC entry 7700 (class 2606 OID 22334)
-- Name: StaffSchedule StaffSchedule_tenantId_fkey; Type: FK CONSTRAINT; Schema: public; Owner: -
--

ALTER TABLE ONLY public."StaffSchedule"
    ADD CONSTRAINT "StaffSchedule_tenantId_fkey" FOREIGN KEY ("tenantId") REFERENCES public."Tenant"(id) ON UPDATE CASCADE ON DELETE CASCADE;


--
-- TOC entry 7701 (class 2606 OID 22329)
-- Name: StaffSchedule StaffSchedule_userId_fkey; Type: FK CONSTRAINT; Schema: public; Owner: -
--

ALTER TABLE ONLY public."StaffSchedule"
    ADD CONSTRAINT "StaffSchedule_userId_fkey" FOREIGN KEY ("userId") REFERENCES public."User"(id) ON UPDATE CASCADE ON DELETE CASCADE;


--
-- TOC entry 7702 (class 2606 OID 22339)
-- Name: StaffShift StaffShift_userId_fkey; Type: FK CONSTRAINT; Schema: public; Owner: -
--

ALTER TABLE ONLY public."StaffShift"
    ADD CONSTRAINT "StaffShift_userId_fkey" FOREIGN KEY ("userId") REFERENCES public."User"(id) ON UPDATE CASCADE ON DELETE RESTRICT;


--
-- TOC entry 7703 (class 2606 OID 22349)
-- Name: StaffSkill StaffSkill_tenantId_fkey; Type: FK CONSTRAINT; Schema: public; Owner: -
--

ALTER TABLE ONLY public."StaffSkill"
    ADD CONSTRAINT "StaffSkill_tenantId_fkey" FOREIGN KEY ("tenantId") REFERENCES public."Tenant"(id) ON UPDATE CASCADE ON DELETE CASCADE;


--
-- TOC entry 7704 (class 2606 OID 22344)
-- Name: StaffSkill StaffSkill_userId_fkey; Type: FK CONSTRAINT; Schema: public; Owner: -
--

ALTER TABLE ONLY public."StaffSkill"
    ADD CONSTRAINT "StaffSkill_userId_fkey" FOREIGN KEY ("userId") REFERENCES public."User"(id) ON UPDATE CASCADE ON DELETE CASCADE;


--
-- TOC entry 7705 (class 2606 OID 22354)
-- Name: StaffWorkload StaffWorkload_tenantId_fkey; Type: FK CONSTRAINT; Schema: public; Owner: -
--

ALTER TABLE ONLY public."StaffWorkload"
    ADD CONSTRAINT "StaffWorkload_tenantId_fkey" FOREIGN KEY ("tenantId") REFERENCES public."Tenant"(id) ON UPDATE CASCADE ON DELETE CASCADE;


--
-- TOC entry 7706 (class 2606 OID 22359)
-- Name: StaticRoute StaticRoute_propertyId_fkey; Type: FK CONSTRAINT; Schema: public; Owner: -
--

ALTER TABLE ONLY public."StaticRoute"
    ADD CONSTRAINT "StaticRoute_propertyId_fkey" FOREIGN KEY ("propertyId") REFERENCES public."Property"(id) ON UPDATE CASCADE ON DELETE CASCADE;


--
-- TOC entry 7707 (class 2606 OID 22364)
-- Name: StaticRoute StaticRoute_tenantId_fkey; Type: FK CONSTRAINT; Schema: public; Owner: -
--

ALTER TABLE ONLY public."StaticRoute"
    ADD CONSTRAINT "StaticRoute_tenantId_fkey" FOREIGN KEY ("tenantId") REFERENCES public."Tenant"(id) ON UPDATE CASCADE ON DELETE CASCADE;


--
-- TOC entry 7708 (class 2606 OID 22369)
-- Name: StockConsumption StockConsumption_stockItemId_fkey; Type: FK CONSTRAINT; Schema: public; Owner: -
--

ALTER TABLE ONLY public."StockConsumption"
    ADD CONSTRAINT "StockConsumption_stockItemId_fkey" FOREIGN KEY ("stockItemId") REFERENCES public."StockItem"(id) ON UPDATE CASCADE ON DELETE CASCADE;


--
-- TOC entry 7709 (class 2606 OID 22374)
-- Name: StockItem StockItem_tenantId_fkey; Type: FK CONSTRAINT; Schema: public; Owner: -
--

ALTER TABLE ONLY public."StockItem"
    ADD CONSTRAINT "StockItem_tenantId_fkey" FOREIGN KEY ("tenantId") REFERENCES public."Tenant"(id) ON UPDATE CASCADE ON DELETE CASCADE;


--
-- TOC entry 7710 (class 2606 OID 22379)
-- Name: SubscriptionInvoice SubscriptionInvoice_subscriptionId_fkey; Type: FK CONSTRAINT; Schema: public; Owner: -
--

ALTER TABLE ONLY public."SubscriptionInvoice"
    ADD CONSTRAINT "SubscriptionInvoice_subscriptionId_fkey" FOREIGN KEY ("subscriptionId") REFERENCES public."Subscription"(id) ON UPDATE CASCADE ON DELETE RESTRICT;


--
-- TOC entry 7809 (class 2606 OID 22879)
-- Name: SurveillanceConfig SurveillanceConfig_propertyId_fkey; Type: FK CONSTRAINT; Schema: public; Owner: -
--

ALTER TABLE ONLY public."SurveillanceConfig"
    ADD CONSTRAINT "SurveillanceConfig_propertyId_fkey" FOREIGN KEY ("propertyId") REFERENCES public."Property"(id) ON UPDATE CASCADE ON DELETE CASCADE;


--
-- TOC entry 7810 (class 2606 OID 22874)
-- Name: SurveillanceConfig SurveillanceConfig_tenantId_fkey; Type: FK CONSTRAINT; Schema: public; Owner: -
--

ALTER TABLE ONLY public."SurveillanceConfig"
    ADD CONSTRAINT "SurveillanceConfig_tenantId_fkey" FOREIGN KEY ("tenantId") REFERENCES public."Tenant"(id) ON UPDATE CASCADE ON DELETE CASCADE;


--
-- TOC entry 7711 (class 2606 OID 22384)
-- Name: SyslogServer SyslogServer_propertyId_fkey; Type: FK CONSTRAINT; Schema: public; Owner: -
--

ALTER TABLE ONLY public."SyslogServer"
    ADD CONSTRAINT "SyslogServer_propertyId_fkey" FOREIGN KEY ("propertyId") REFERENCES public."Property"(id) ON UPDATE CASCADE ON DELETE CASCADE;


--
-- TOC entry 7712 (class 2606 OID 22389)
-- Name: SyslogServer SyslogServer_tenantId_fkey; Type: FK CONSTRAINT; Schema: public; Owner: -
--

ALTER TABLE ONLY public."SyslogServer"
    ADD CONSTRAINT "SyslogServer_tenantId_fkey" FOREIGN KEY ("tenantId") REFERENCES public."Tenant"(id) ON UPDATE CASCADE ON DELETE CASCADE;


--
-- TOC entry 7713 (class 2606 OID 22394)
-- Name: SystemNetworkHealth SystemNetworkHealth_propertyId_fkey; Type: FK CONSTRAINT; Schema: public; Owner: -
--

ALTER TABLE ONLY public."SystemNetworkHealth"
    ADD CONSTRAINT "SystemNetworkHealth_propertyId_fkey" FOREIGN KEY ("propertyId") REFERENCES public."Property"(id) ON UPDATE CASCADE ON DELETE RESTRICT;


--
-- TOC entry 7714 (class 2606 OID 22399)
-- Name: SystemNetworkHealth SystemNetworkHealth_tenantId_fkey; Type: FK CONSTRAINT; Schema: public; Owner: -
--

ALTER TABLE ONLY public."SystemNetworkHealth"
    ADD CONSTRAINT "SystemNetworkHealth_tenantId_fkey" FOREIGN KEY ("tenantId") REFERENCES public."Tenant"(id) ON UPDATE CASCADE ON DELETE CASCADE;


--
-- TOC entry 7791 (class 2606 OID 22789)
-- Name: TableMerge TableMerge_propertyId_fkey; Type: FK CONSTRAINT; Schema: public; Owner: -
--

ALTER TABLE ONLY public."TableMerge"
    ADD CONSTRAINT "TableMerge_propertyId_fkey" FOREIGN KEY ("propertyId") REFERENCES public."Property"(id) ON UPDATE CASCADE ON DELETE CASCADE;


--
-- TOC entry 7792 (class 2606 OID 22784)
-- Name: TableMerge TableMerge_tenantId_fkey; Type: FK CONSTRAINT; Schema: public; Owner: -
--

ALTER TABLE ONLY public."TableMerge"
    ADD CONSTRAINT "TableMerge_tenantId_fkey" FOREIGN KEY ("tenantId") REFERENCES public."Tenant"(id) ON UPDATE CASCADE ON DELETE CASCADE;


--
-- TOC entry 7718 (class 2606 OID 22419)
-- Name: TaskAssignmentSuggestion TaskAssignmentSuggestion_tenantId_fkey; Type: FK CONSTRAINT; Schema: public; Owner: -
--

ALTER TABLE ONLY public."TaskAssignmentSuggestion"
    ADD CONSTRAINT "TaskAssignmentSuggestion_tenantId_fkey" FOREIGN KEY ("tenantId") REFERENCES public."Tenant"(id) ON UPDATE CASCADE ON DELETE CASCADE;


--
-- TOC entry 7715 (class 2606 OID 22404)
-- Name: Task Task_assignedTo_fkey; Type: FK CONSTRAINT; Schema: public; Owner: -
--

ALTER TABLE ONLY public."Task"
    ADD CONSTRAINT "Task_assignedTo_fkey" FOREIGN KEY ("assignedTo") REFERENCES public."User"(id) ON UPDATE CASCADE ON DELETE SET NULL;


--
-- TOC entry 7716 (class 2606 OID 22414)
-- Name: Task Task_createdBy_fkey; Type: FK CONSTRAINT; Schema: public; Owner: -
--

ALTER TABLE ONLY public."Task"
    ADD CONSTRAINT "Task_createdBy_fkey" FOREIGN KEY ("createdBy") REFERENCES public."User"(id) ON UPDATE CASCADE ON DELETE SET NULL;


--
-- TOC entry 7717 (class 2606 OID 22409)
-- Name: Task Task_roomId_fkey; Type: FK CONSTRAINT; Schema: public; Owner: -
--

ALTER TABLE ONLY public."Task"
    ADD CONSTRAINT "Task_roomId_fkey" FOREIGN KEY ("roomId") REFERENCES public."Room"(id) ON UPDATE CASCADE ON DELETE SET NULL;


--
-- TOC entry 7719 (class 2606 OID 22424)
-- Name: TaxReport TaxReport_tenantId_fkey; Type: FK CONSTRAINT; Schema: public; Owner: -
--

ALTER TABLE ONLY public."TaxReport"
    ADD CONSTRAINT "TaxReport_tenantId_fkey" FOREIGN KEY ("tenantId") REFERENCES public."Tenant"(id) ON UPDATE CASCADE ON DELETE CASCADE;


--
-- TOC entry 7731 (class 2606 OID 22484)
-- Name: UsageLog UsageLog_tenantId_fkey; Type: FK CONSTRAINT; Schema: public; Owner: -
--

ALTER TABLE ONLY public."UsageLog"
    ADD CONSTRAINT "UsageLog_tenantId_fkey" FOREIGN KEY ("tenantId") REFERENCES public."Tenant"(id) ON UPDATE CASCADE ON DELETE CASCADE;


--
-- TOC entry 7732 (class 2606 OID 22489)
-- Name: UsageSummary UsageSummary_tenantId_fkey; Type: FK CONSTRAINT; Schema: public; Owner: -
--

ALTER TABLE ONLY public."UsageSummary"
    ADD CONSTRAINT "UsageSummary_tenantId_fkey" FOREIGN KEY ("tenantId") REFERENCES public."Tenant"(id) ON UPDATE CASCADE ON DELETE CASCADE;


--
-- TOC entry 7735 (class 2606 OID 22504)
-- Name: UserFcmToken UserFcmToken_tenantId_fkey; Type: FK CONSTRAINT; Schema: public; Owner: -
--

ALTER TABLE ONLY public."UserFcmToken"
    ADD CONSTRAINT "UserFcmToken_tenantId_fkey" FOREIGN KEY ("tenantId") REFERENCES public."Tenant"(id) ON UPDATE CASCADE ON DELETE CASCADE;


--
-- TOC entry 7736 (class 2606 OID 22509)
-- Name: UserFcmToken UserFcmToken_userId_fkey; Type: FK CONSTRAINT; Schema: public; Owner: -
--

ALTER TABLE ONLY public."UserFcmToken"
    ADD CONSTRAINT "UserFcmToken_userId_fkey" FOREIGN KEY ("userId") REFERENCES public."User"(id) ON UPDATE CASCADE ON DELETE CASCADE;


--
-- TOC entry 7733 (class 2606 OID 22494)
-- Name: User User_roleId_fkey; Type: FK CONSTRAINT; Schema: public; Owner: -
--

ALTER TABLE ONLY public."User"
    ADD CONSTRAINT "User_roleId_fkey" FOREIGN KEY ("roleId") REFERENCES public."Role"(id) ON UPDATE CASCADE ON DELETE SET NULL;


--
-- TOC entry 7734 (class 2606 OID 22499)
-- Name: User User_tenantId_fkey; Type: FK CONSTRAINT; Schema: public; Owner: -
--

ALTER TABLE ONLY public."User"
    ADD CONSTRAINT "User_tenantId_fkey" FOREIGN KEY ("tenantId") REFERENCES public."Tenant"(id) ON UPDATE CASCADE ON DELETE CASCADE;


--
-- TOC entry 7737 (class 2606 OID 22519)
-- Name: Vehicle Vehicle_guestId_fkey; Type: FK CONSTRAINT; Schema: public; Owner: -
--

ALTER TABLE ONLY public."Vehicle"
    ADD CONSTRAINT "Vehicle_guestId_fkey" FOREIGN KEY ("guestId") REFERENCES public."Guest"(id) ON UPDATE CASCADE ON DELETE SET NULL;


--
-- TOC entry 7738 (class 2606 OID 22514)
-- Name: Vehicle Vehicle_slotId_fkey; Type: FK CONSTRAINT; Schema: public; Owner: -
--

ALTER TABLE ONLY public."Vehicle"
    ADD CONSTRAINT "Vehicle_slotId_fkey" FOREIGN KEY ("slotId") REFERENCES public."ParkingSlot"(id) ON UPDATE CASCADE ON DELETE SET NULL;


--
-- TOC entry 7739 (class 2606 OID 22524)
-- Name: Vehicle Vehicle_tenantId_fkey; Type: FK CONSTRAINT; Schema: public; Owner: -
--

ALTER TABLE ONLY public."Vehicle"
    ADD CONSTRAINT "Vehicle_tenantId_fkey" FOREIGN KEY ("tenantId") REFERENCES public."Tenant"(id) ON UPDATE CASCADE ON DELETE CASCADE;


--
-- TOC entry 7741 (class 2606 OID 22544)
-- Name: VendorPayment VendorPayment_tenantId_fkey; Type: FK CONSTRAINT; Schema: public; Owner: -
--

ALTER TABLE ONLY public."VendorPayment"
    ADD CONSTRAINT "VendorPayment_tenantId_fkey" FOREIGN KEY ("tenantId") REFERENCES public."Tenant"(id) ON UPDATE CASCADE ON DELETE CASCADE;


--
-- TOC entry 7742 (class 2606 OID 22534)
-- Name: VendorPayment VendorPayment_vendorId_fkey; Type: FK CONSTRAINT; Schema: public; Owner: -
--

ALTER TABLE ONLY public."VendorPayment"
    ADD CONSTRAINT "VendorPayment_vendorId_fkey" FOREIGN KEY ("vendorId") REFERENCES public."Vendor"(id) ON UPDATE CASCADE ON DELETE CASCADE;


--
-- TOC entry 7743 (class 2606 OID 22539)
-- Name: VendorPayment VendorPayment_workOrderId_fkey; Type: FK CONSTRAINT; Schema: public; Owner: -
--

ALTER TABLE ONLY public."VendorPayment"
    ADD CONSTRAINT "VendorPayment_workOrderId_fkey" FOREIGN KEY ("workOrderId") REFERENCES public."WorkOrder"(id) ON UPDATE CASCADE ON DELETE SET NULL;


--
-- TOC entry 7740 (class 2606 OID 22529)
-- Name: Vendor Vendor_tenantId_fkey; Type: FK CONSTRAINT; Schema: public; Owner: -
--

ALTER TABLE ONLY public."Vendor"
    ADD CONSTRAINT "Vendor_tenantId_fkey" FOREIGN KEY ("tenantId") REFERENCES public."Tenant"(id) ON UPDATE CASCADE ON DELETE CASCADE;


--
-- TOC entry 7744 (class 2606 OID 22549)
-- Name: VlanConfig VlanConfig_parentInterfaceId_fkey; Type: FK CONSTRAINT; Schema: public; Owner: -
--

ALTER TABLE ONLY public."VlanConfig"
    ADD CONSTRAINT "VlanConfig_parentInterfaceId_fkey" FOREIGN KEY ("parentInterfaceId") REFERENCES public."NetworkInterface"(id) ON UPDATE CASCADE ON DELETE CASCADE;


--
-- TOC entry 7745 (class 2606 OID 22554)
-- Name: VlanConfig VlanConfig_propertyId_fkey; Type: FK CONSTRAINT; Schema: public; Owner: -
--

ALTER TABLE ONLY public."VlanConfig"
    ADD CONSTRAINT "VlanConfig_propertyId_fkey" FOREIGN KEY ("propertyId") REFERENCES public."Property"(id) ON UPDATE CASCADE ON DELETE CASCADE;


--
-- TOC entry 7746 (class 2606 OID 22559)
-- Name: VlanConfig VlanConfig_tenantId_fkey; Type: FK CONSTRAINT; Schema: public; Owner: -
--

ALTER TABLE ONLY public."VlanConfig"
    ADD CONSTRAINT "VlanConfig_tenantId_fkey" FOREIGN KEY ("tenantId") REFERENCES public."Tenant"(id) ON UPDATE CASCADE ON DELETE CASCADE;


--
-- TOC entry 7747 (class 2606 OID 22564)
-- Name: WaitlistEntry WaitlistEntry_bookingId_fkey; Type: FK CONSTRAINT; Schema: public; Owner: -
--

ALTER TABLE ONLY public."WaitlistEntry"
    ADD CONSTRAINT "WaitlistEntry_bookingId_fkey" FOREIGN KEY ("bookingId") REFERENCES public."Booking"(id) ON UPDATE CASCADE ON DELETE SET NULL;


--
-- TOC entry 7748 (class 2606 OID 22569)
-- Name: WanFailover WanFailover_propertyId_fkey; Type: FK CONSTRAINT; Schema: public; Owner: -
--

ALTER TABLE ONLY public."WanFailover"
    ADD CONSTRAINT "WanFailover_propertyId_fkey" FOREIGN KEY ("propertyId") REFERENCES public."Property"(id) ON UPDATE CASCADE ON DELETE CASCADE;


--
-- TOC entry 7749 (class 2606 OID 22574)
-- Name: WanFailover WanFailover_tenantId_fkey; Type: FK CONSTRAINT; Schema: public; Owner: -
--

ALTER TABLE ONLY public."WanFailover"
    ADD CONSTRAINT "WanFailover_tenantId_fkey" FOREIGN KEY ("tenantId") REFERENCES public."Tenant"(id) ON UPDATE CASCADE ON DELETE CASCADE;


--
-- TOC entry 7752 (class 2606 OID 22589)
-- Name: WebCategorySchedule WebCategorySchedule_tenantId_fkey; Type: FK CONSTRAINT; Schema: public; Owner: -
--

ALTER TABLE ONLY public."WebCategorySchedule"
    ADD CONSTRAINT "WebCategorySchedule_tenantId_fkey" FOREIGN KEY ("tenantId") REFERENCES public."Tenant"(id) ON UPDATE CASCADE ON DELETE CASCADE;


--
-- TOC entry 7750 (class 2606 OID 22579)
-- Name: WebCategory WebCategory_propertyId_fkey; Type: FK CONSTRAINT; Schema: public; Owner: -
--

ALTER TABLE ONLY public."WebCategory"
    ADD CONSTRAINT "WebCategory_propertyId_fkey" FOREIGN KEY ("propertyId") REFERENCES public."Property"(id) ON UPDATE CASCADE ON DELETE CASCADE;


--
-- TOC entry 7751 (class 2606 OID 22584)
-- Name: WebCategory WebCategory_tenantId_fkey; Type: FK CONSTRAINT; Schema: public; Owner: -
--

ALTER TABLE ONLY public."WebCategory"
    ADD CONSTRAINT "WebCategory_tenantId_fkey" FOREIGN KEY ("tenantId") REFERENCES public."Tenant"(id) ON UPDATE CASCADE ON DELETE CASCADE;


--
-- TOC entry 7753 (class 2606 OID 22594)
-- Name: WebhookDeliveryLog WebhookDeliveryLog_endpointId_fkey; Type: FK CONSTRAINT; Schema: public; Owner: -
--

ALTER TABLE ONLY public."WebhookDeliveryLog"
    ADD CONSTRAINT "WebhookDeliveryLog_endpointId_fkey" FOREIGN KEY ("endpointId") REFERENCES public."WebhookEndpoint"(id) ON UPDATE CASCADE ON DELETE CASCADE;


--
-- TOC entry 7754 (class 2606 OID 22599)
-- Name: WebhookEndpoint WebhookEndpoint_tenantId_fkey; Type: FK CONSTRAINT; Schema: public; Owner: -
--

ALTER TABLE ONLY public."WebhookEndpoint"
    ADD CONSTRAINT "WebhookEndpoint_tenantId_fkey" FOREIGN KEY ("tenantId") REFERENCES public."Tenant"(id) ON UPDATE CASCADE ON DELETE CASCADE;


--
-- TOC entry 7755 (class 2606 OID 22604)
-- Name: WiFiAAAConfig WiFiAAAConfig_defaultPlanId_fkey; Type: FK CONSTRAINT; Schema: public; Owner: -
--

ALTER TABLE ONLY public."WiFiAAAConfig"
    ADD CONSTRAINT "WiFiAAAConfig_defaultPlanId_fkey" FOREIGN KEY ("defaultPlanId") REFERENCES public."WiFiPlan"(id) ON UPDATE CASCADE ON DELETE SET NULL;


--
-- TOC entry 7756 (class 2606 OID 22609)
-- Name: WiFiAAAConfig WiFiAAAConfig_propertyId_fkey; Type: FK CONSTRAINT; Schema: public; Owner: -
--

ALTER TABLE ONLY public."WiFiAAAConfig"
    ADD CONSTRAINT "WiFiAAAConfig_propertyId_fkey" FOREIGN KEY ("propertyId") REFERENCES public."Property"(id) ON UPDATE CASCADE ON DELETE CASCADE;


--
-- TOC entry 7757 (class 2606 OID 22614)
-- Name: WiFiAAAConfig WiFiAAAConfig_tenantId_fkey; Type: FK CONSTRAINT; Schema: public; Owner: -
--

ALTER TABLE ONLY public."WiFiAAAConfig"
    ADD CONSTRAINT "WiFiAAAConfig_tenantId_fkey" FOREIGN KEY ("tenantId") REFERENCES public."Tenant"(id) ON UPDATE CASCADE ON DELETE CASCADE;


--
-- TOC entry 7758 (class 2606 OID 22619)
-- Name: WiFiGateway WiFiGateway_propertyId_fkey; Type: FK CONSTRAINT; Schema: public; Owner: -
--

ALTER TABLE ONLY public."WiFiGateway"
    ADD CONSTRAINT "WiFiGateway_propertyId_fkey" FOREIGN KEY ("propertyId") REFERENCES public."Property"(id) ON UPDATE CASCADE ON DELETE CASCADE;


--
-- TOC entry 7759 (class 2606 OID 22624)
-- Name: WiFiGateway WiFiGateway_tenantId_fkey; Type: FK CONSTRAINT; Schema: public; Owner: -
--

ALTER TABLE ONLY public."WiFiGateway"
    ADD CONSTRAINT "WiFiGateway_tenantId_fkey" FOREIGN KEY ("tenantId") REFERENCES public."Tenant"(id) ON UPDATE CASCADE ON DELETE CASCADE;


--
-- TOC entry 7762 (class 2606 OID 22639)
-- Name: WiFiPlan WiFiPlan_fupPolicyId_fkey; Type: FK CONSTRAINT; Schema: public; Owner: -
--

ALTER TABLE ONLY public."WiFiPlan"
    ADD CONSTRAINT "WiFiPlan_fupPolicyId_fkey" FOREIGN KEY ("fupPolicyId") REFERENCES public."FairAccessPolicy"(id) ON UPDATE CASCADE ON DELETE SET NULL;


--
-- TOC entry 7763 (class 2606 OID 22644)
-- Name: WiFiPlan WiFiPlan_ipPoolId_fkey; Type: FK CONSTRAINT; Schema: public; Owner: -
--

ALTER TABLE ONLY public."WiFiPlan"
    ADD CONSTRAINT "WiFiPlan_ipPoolId_fkey" FOREIGN KEY ("ipPoolId") REFERENCES public."IpPool"(id) ON UPDATE CASCADE ON DELETE SET NULL;


--
-- TOC entry 7764 (class 2606 OID 22649)
-- Name: WiFiPlan WiFiPlan_tenantId_fkey; Type: FK CONSTRAINT; Schema: public; Owner: -
--

ALTER TABLE ONLY public."WiFiPlan"
    ADD CONSTRAINT "WiFiPlan_tenantId_fkey" FOREIGN KEY ("tenantId") REFERENCES public."Tenant"(id) ON UPDATE CASCADE ON DELETE CASCADE;


--
-- TOC entry 7765 (class 2606 OID 22654)
-- Name: WiFiSession WiFiSession_planId_fkey; Type: FK CONSTRAINT; Schema: public; Owner: -
--

ALTER TABLE ONLY public."WiFiSession"
    ADD CONSTRAINT "WiFiSession_planId_fkey" FOREIGN KEY ("planId") REFERENCES public."WiFiPlan"(id) ON UPDATE CASCADE ON DELETE SET NULL;


--
-- TOC entry 7766 (class 2606 OID 22659)
-- Name: WiFiSession WiFiSession_tenantId_fkey; Type: FK CONSTRAINT; Schema: public; Owner: -
--

ALTER TABLE ONLY public."WiFiSession"
    ADD CONSTRAINT "WiFiSession_tenantId_fkey" FOREIGN KEY ("tenantId") REFERENCES public."Tenant"(id) ON UPDATE CASCADE ON DELETE CASCADE;


--
-- TOC entry 7771 (class 2606 OID 22684)
-- Name: WiFiUserStatusHistory WiFiUserStatusHistory_propertyId_fkey; Type: FK CONSTRAINT; Schema: public; Owner: -
--

ALTER TABLE ONLY public."WiFiUserStatusHistory"
    ADD CONSTRAINT "WiFiUserStatusHistory_propertyId_fkey" FOREIGN KEY ("propertyId") REFERENCES public."Property"(id) ON UPDATE CASCADE ON DELETE CASCADE;


--
-- TOC entry 7772 (class 2606 OID 22689)
-- Name: WiFiUserStatusHistory WiFiUserStatusHistory_tenantId_fkey; Type: FK CONSTRAINT; Schema: public; Owner: -
--

ALTER TABLE ONLY public."WiFiUserStatusHistory"
    ADD CONSTRAINT "WiFiUserStatusHistory_tenantId_fkey" FOREIGN KEY ("tenantId") REFERENCES public."Tenant"(id) ON UPDATE CASCADE ON DELETE CASCADE;


--
-- TOC entry 7767 (class 2606 OID 22669)
-- Name: WiFiUser WiFiUser_ipPoolId_fkey; Type: FK CONSTRAINT; Schema: public; Owner: -
--

ALTER TABLE ONLY public."WiFiUser"
    ADD CONSTRAINT "WiFiUser_ipPoolId_fkey" FOREIGN KEY ("ipPoolId") REFERENCES public."IpPool"(id) ON UPDATE CASCADE ON DELETE SET NULL;


--
-- TOC entry 7768 (class 2606 OID 22664)
-- Name: WiFiUser WiFiUser_planId_fkey; Type: FK CONSTRAINT; Schema: public; Owner: -
--

ALTER TABLE ONLY public."WiFiUser"
    ADD CONSTRAINT "WiFiUser_planId_fkey" FOREIGN KEY ("planId") REFERENCES public."WiFiPlan"(id) ON UPDATE CASCADE ON DELETE SET NULL;


--
-- TOC entry 7769 (class 2606 OID 22674)
-- Name: WiFiUser WiFiUser_propertyId_fkey; Type: FK CONSTRAINT; Schema: public; Owner: -
--

ALTER TABLE ONLY public."WiFiUser"
    ADD CONSTRAINT "WiFiUser_propertyId_fkey" FOREIGN KEY ("propertyId") REFERENCES public."Property"(id) ON UPDATE CASCADE ON DELETE CASCADE;


--
-- TOC entry 7770 (class 2606 OID 22679)
-- Name: WiFiUser WiFiUser_tenantId_fkey; Type: FK CONSTRAINT; Schema: public; Owner: -
--

ALTER TABLE ONLY public."WiFiUser"
    ADD CONSTRAINT "WiFiUser_tenantId_fkey" FOREIGN KEY ("tenantId") REFERENCES public."Tenant"(id) ON UPDATE CASCADE ON DELETE CASCADE;


--
-- TOC entry 7773 (class 2606 OID 22694)
-- Name: WiFiVoucher WiFiVoucher_planId_fkey; Type: FK CONSTRAINT; Schema: public; Owner: -
--

ALTER TABLE ONLY public."WiFiVoucher"
    ADD CONSTRAINT "WiFiVoucher_planId_fkey" FOREIGN KEY ("planId") REFERENCES public."WiFiPlan"(id) ON UPDATE CASCADE ON DELETE CASCADE;


--
-- TOC entry 7774 (class 2606 OID 22699)
-- Name: WiFiVoucher WiFiVoucher_tenantId_fkey; Type: FK CONSTRAINT; Schema: public; Owner: -
--

ALTER TABLE ONLY public."WiFiVoucher"
    ADD CONSTRAINT "WiFiVoucher_tenantId_fkey" FOREIGN KEY ("tenantId") REFERENCES public."Tenant"(id) ON UPDATE CASCADE ON DELETE CASCADE;


--
-- TOC entry 7775 (class 2606 OID 22714)
-- Name: WorkOrder WorkOrder_propertyId_fkey; Type: FK CONSTRAINT; Schema: public; Owner: -
--

ALTER TABLE ONLY public."WorkOrder"
    ADD CONSTRAINT "WorkOrder_propertyId_fkey" FOREIGN KEY ("propertyId") REFERENCES public."Property"(id) ON UPDATE CASCADE ON DELETE CASCADE;


--
-- TOC entry 7776 (class 2606 OID 22709)
-- Name: WorkOrder WorkOrder_roomId_fkey; Type: FK CONSTRAINT; Schema: public; Owner: -
--

ALTER TABLE ONLY public."WorkOrder"
    ADD CONSTRAINT "WorkOrder_roomId_fkey" FOREIGN KEY ("roomId") REFERENCES public."Room"(id) ON UPDATE CASCADE ON DELETE SET NULL;


--
-- TOC entry 7777 (class 2606 OID 22719)
-- Name: WorkOrder WorkOrder_tenantId_fkey; Type: FK CONSTRAINT; Schema: public; Owner: -
--

ALTER TABLE ONLY public."WorkOrder"
    ADD CONSTRAINT "WorkOrder_tenantId_fkey" FOREIGN KEY ("tenantId") REFERENCES public."Tenant"(id) ON UPDATE CASCADE ON DELETE CASCADE;


--
-- TOC entry 7778 (class 2606 OID 22704)
-- Name: WorkOrder WorkOrder_vendorId_fkey; Type: FK CONSTRAINT; Schema: public; Owner: -
--

ALTER TABLE ONLY public."WorkOrder"
    ADD CONSTRAINT "WorkOrder_vendorId_fkey" FOREIGN KEY ("vendorId") REFERENCES public."Vendor"(id) ON UPDATE CASCADE ON DELETE SET NULL;


--
-- TOC entry 7822 (class 2606 OID 22959)
-- Name: _CaptivePortalToVlanConfig _CaptivePortalToVlanConfig_A_fkey; Type: FK CONSTRAINT; Schema: public; Owner: -
--

ALTER TABLE ONLY public."_CaptivePortalToVlanConfig"
    ADD CONSTRAINT "_CaptivePortalToVlanConfig_A_fkey" FOREIGN KEY ("A") REFERENCES public."CaptivePortal"(id) ON UPDATE CASCADE ON DELETE CASCADE;


--
-- TOC entry 7823 (class 2606 OID 22964)
-- Name: _CaptivePortalToVlanConfig _CaptivePortalToVlanConfig_B_fkey; Type: FK CONSTRAINT; Schema: public; Owner: -
--

ALTER TABLE ONLY public."_CaptivePortalToVlanConfig"
    ADD CONSTRAINT "_CaptivePortalToVlanConfig_B_fkey" FOREIGN KEY ("B") REFERENCES public."VlanConfig"(id) ON UPDATE CASCADE ON DELETE CASCADE;


--
-- TOC entry 7824 (class 2606 OID 22969)
-- Name: _ModifierItems _ModifierItems_A_fkey; Type: FK CONSTRAINT; Schema: public; Owner: -
--

ALTER TABLE ONLY public."_ModifierItems"
    ADD CONSTRAINT "_ModifierItems_A_fkey" FOREIGN KEY ("A") REFERENCES public."MenuItem"(id) ON UPDATE CASCADE ON DELETE CASCADE;


--
-- TOC entry 7825 (class 2606 OID 22974)
-- Name: _ModifierItems _ModifierItems_B_fkey; Type: FK CONSTRAINT; Schema: public; Owner: -
--

ALTER TABLE ONLY public."_ModifierItems"
    ADD CONSTRAINT "_ModifierItems_B_fkey" FOREIGN KEY ("B") REFERENCES public."MenuModifier"(id) ON UPDATE CASCADE ON DELETE CASCADE;


--
-- TOC entry 7648 (class 2606 OID 22069)
-- Name: radcheck radcheck_wifiUserId_fkey; Type: FK CONSTRAINT; Schema: public; Owner: -
--

ALTER TABLE ONLY public.radcheck
    ADD CONSTRAINT "radcheck_wifiUserId_fkey" FOREIGN KEY ("wifiUserId") REFERENCES public."WiFiUser"(id) ON UPDATE CASCADE ON DELETE CASCADE;


--
-- TOC entry 7653 (class 2606 OID 22094)
-- Name: radreply radreply_wifiUserId_fkey; Type: FK CONSTRAINT; Schema: public; Owner: -
--

ALTER TABLE ONLY public.radreply
    ADD CONSTRAINT "radreply_wifiUserId_fkey" FOREIGN KEY ("wifiUserId") REFERENCES public."WiFiUser"(id) ON UPDATE CASCADE ON DELETE CASCADE;


-- Completed on 2026-05-05 08:34:36 UTC

--
-- PostgreSQL database dump complete
--

