--
-- PostgreSQL database dump
--

-- Dumped from database version 17.4
-- Dumped by pg_dump version 17.4

SET statement_timeout = 0;
SET lock_timeout = 0;
SET idle_in_transaction_session_timeout = 0;
SET transaction_timeout = 0;
SET client_encoding = 'UTF8';
SET standard_conforming_strings = on;
SELECT pg_catalog.set_config('search_path', '', false);
SET check_function_bodies = false;
SET xmloption = content;
SET client_min_messages = warning;
SET row_security = off;

ALTER TABLE IF EXISTS ONLY public.radreply DROP CONSTRAINT IF EXISTS "radreply_wifiUserId_fkey";
ALTER TABLE IF EXISTS ONLY public.radcheck DROP CONSTRAINT IF EXISTS "radcheck_wifiUserId_fkey";
ALTER TABLE IF EXISTS ONLY public."_ModifierItems" DROP CONSTRAINT IF EXISTS "_ModifierItems_B_fkey";
ALTER TABLE IF EXISTS ONLY public."_ModifierItems" DROP CONSTRAINT IF EXISTS "_ModifierItems_A_fkey";
ALTER TABLE IF EXISTS ONLY public."_CaptivePortalToVlanConfig" DROP CONSTRAINT IF EXISTS "_CaptivePortalToVlanConfig_B_fkey";
ALTER TABLE IF EXISTS ONLY public."_CaptivePortalToVlanConfig" DROP CONSTRAINT IF EXISTS "_CaptivePortalToVlanConfig_A_fkey";
ALTER TABLE IF EXISTS ONLY public."WorkOrder" DROP CONSTRAINT IF EXISTS "WorkOrder_vendorId_fkey";
ALTER TABLE IF EXISTS ONLY public."WorkOrder" DROP CONSTRAINT IF EXISTS "WorkOrder_tenantId_fkey";
ALTER TABLE IF EXISTS ONLY public."WorkOrder" DROP CONSTRAINT IF EXISTS "WorkOrder_roomId_fkey";
ALTER TABLE IF EXISTS ONLY public."WorkOrder" DROP CONSTRAINT IF EXISTS "WorkOrder_propertyId_fkey";
ALTER TABLE IF EXISTS ONLY public."WiFiVoucher" DROP CONSTRAINT IF EXISTS "WiFiVoucher_tenantId_fkey";
ALTER TABLE IF EXISTS ONLY public."WiFiVoucher" DROP CONSTRAINT IF EXISTS "WiFiVoucher_planId_fkey";
ALTER TABLE IF EXISTS ONLY public."WiFiUser" DROP CONSTRAINT IF EXISTS "WiFiUser_tenantId_fkey";
ALTER TABLE IF EXISTS ONLY public."WiFiUser" DROP CONSTRAINT IF EXISTS "WiFiUser_propertyId_fkey";
ALTER TABLE IF EXISTS ONLY public."WiFiUser" DROP CONSTRAINT IF EXISTS "WiFiUser_planId_fkey";
ALTER TABLE IF EXISTS ONLY public."WiFiUser" DROP CONSTRAINT IF EXISTS "WiFiUser_ipPoolId_fkey";
ALTER TABLE IF EXISTS ONLY public."WiFiUserStatusHistory" DROP CONSTRAINT IF EXISTS "WiFiUserStatusHistory_tenantId_fkey";
ALTER TABLE IF EXISTS ONLY public."WiFiUserStatusHistory" DROP CONSTRAINT IF EXISTS "WiFiUserStatusHistory_propertyId_fkey";
ALTER TABLE IF EXISTS ONLY public."WiFiSession" DROP CONSTRAINT IF EXISTS "WiFiSession_tenantId_fkey";
ALTER TABLE IF EXISTS ONLY public."WiFiSession" DROP CONSTRAINT IF EXISTS "WiFiSession_planId_fkey";
ALTER TABLE IF EXISTS ONLY public."WiFiPlan" DROP CONSTRAINT IF EXISTS "WiFiPlan_tenantId_fkey";
ALTER TABLE IF EXISTS ONLY public."WiFiPlan" DROP CONSTRAINT IF EXISTS "WiFiPlan_ipPoolId_fkey";
ALTER TABLE IF EXISTS ONLY public."WiFiPlan" DROP CONSTRAINT IF EXISTS "WiFiPlan_fupPolicyId_fkey";
ALTER TABLE IF EXISTS ONLY public."WiFiGateway" DROP CONSTRAINT IF EXISTS "WiFiGateway_tenantId_fkey";
ALTER TABLE IF EXISTS ONLY public."WiFiGateway" DROP CONSTRAINT IF EXISTS "WiFiGateway_propertyId_fkey";
ALTER TABLE IF EXISTS ONLY public."WiFiAAAConfig" DROP CONSTRAINT IF EXISTS "WiFiAAAConfig_tenantId_fkey";
ALTER TABLE IF EXISTS ONLY public."WiFiAAAConfig" DROP CONSTRAINT IF EXISTS "WiFiAAAConfig_propertyId_fkey";
ALTER TABLE IF EXISTS ONLY public."WiFiAAAConfig" DROP CONSTRAINT IF EXISTS "WiFiAAAConfig_defaultPlanId_fkey";
ALTER TABLE IF EXISTS ONLY public."WebhookEndpoint" DROP CONSTRAINT IF EXISTS "WebhookEndpoint_tenantId_fkey";
ALTER TABLE IF EXISTS ONLY public."WebhookDeliveryLog" DROP CONSTRAINT IF EXISTS "WebhookDeliveryLog_endpointId_fkey";
ALTER TABLE IF EXISTS ONLY public."WebCategory" DROP CONSTRAINT IF EXISTS "WebCategory_tenantId_fkey";
ALTER TABLE IF EXISTS ONLY public."WebCategory" DROP CONSTRAINT IF EXISTS "WebCategory_propertyId_fkey";
ALTER TABLE IF EXISTS ONLY public."WebCategorySchedule" DROP CONSTRAINT IF EXISTS "WebCategorySchedule_tenantId_fkey";
ALTER TABLE IF EXISTS ONLY public."WanFailover" DROP CONSTRAINT IF EXISTS "WanFailover_tenantId_fkey";
ALTER TABLE IF EXISTS ONLY public."WanFailover" DROP CONSTRAINT IF EXISTS "WanFailover_propertyId_fkey";
ALTER TABLE IF EXISTS ONLY public."WaitlistEntry" DROP CONSTRAINT IF EXISTS "WaitlistEntry_bookingId_fkey";
ALTER TABLE IF EXISTS ONLY public."VlanConfig" DROP CONSTRAINT IF EXISTS "VlanConfig_tenantId_fkey";
ALTER TABLE IF EXISTS ONLY public."VlanConfig" DROP CONSTRAINT IF EXISTS "VlanConfig_propertyId_fkey";
ALTER TABLE IF EXISTS ONLY public."VlanConfig" DROP CONSTRAINT IF EXISTS "VlanConfig_parentInterfaceId_fkey";
ALTER TABLE IF EXISTS ONLY public."Vendor" DROP CONSTRAINT IF EXISTS "Vendor_tenantId_fkey";
ALTER TABLE IF EXISTS ONLY public."VendorPayment" DROP CONSTRAINT IF EXISTS "VendorPayment_workOrderId_fkey";
ALTER TABLE IF EXISTS ONLY public."VendorPayment" DROP CONSTRAINT IF EXISTS "VendorPayment_vendorId_fkey";
ALTER TABLE IF EXISTS ONLY public."VendorPayment" DROP CONSTRAINT IF EXISTS "VendorPayment_tenantId_fkey";
ALTER TABLE IF EXISTS ONLY public."Vehicle" DROP CONSTRAINT IF EXISTS "Vehicle_tenantId_fkey";
ALTER TABLE IF EXISTS ONLY public."Vehicle" DROP CONSTRAINT IF EXISTS "Vehicle_slotId_fkey";
ALTER TABLE IF EXISTS ONLY public."Vehicle" DROP CONSTRAINT IF EXISTS "Vehicle_guestId_fkey";
ALTER TABLE IF EXISTS ONLY public."User" DROP CONSTRAINT IF EXISTS "User_tenantId_fkey";
ALTER TABLE IF EXISTS ONLY public."User" DROP CONSTRAINT IF EXISTS "User_roleId_fkey";
ALTER TABLE IF EXISTS ONLY public."UserFcmToken" DROP CONSTRAINT IF EXISTS "UserFcmToken_userId_fkey";
ALTER TABLE IF EXISTS ONLY public."UserFcmToken" DROP CONSTRAINT IF EXISTS "UserFcmToken_tenantId_fkey";
ALTER TABLE IF EXISTS ONLY public."UsageSummary" DROP CONSTRAINT IF EXISTS "UsageSummary_tenantId_fkey";
ALTER TABLE IF EXISTS ONLY public."UsageLog" DROP CONSTRAINT IF EXISTS "UsageLog_tenantId_fkey";
ALTER TABLE IF EXISTS ONLY public."TaxReport" DROP CONSTRAINT IF EXISTS "TaxReport_tenantId_fkey";
ALTER TABLE IF EXISTS ONLY public."Task" DROP CONSTRAINT IF EXISTS "Task_roomId_fkey";
ALTER TABLE IF EXISTS ONLY public."Task" DROP CONSTRAINT IF EXISTS "Task_createdBy_fkey";
ALTER TABLE IF EXISTS ONLY public."Task" DROP CONSTRAINT IF EXISTS "Task_assignedTo_fkey";
ALTER TABLE IF EXISTS ONLY public."TaskAssignmentSuggestion" DROP CONSTRAINT IF EXISTS "TaskAssignmentSuggestion_tenantId_fkey";
ALTER TABLE IF EXISTS ONLY public."TableMerge" DROP CONSTRAINT IF EXISTS "TableMerge_tenantId_fkey";
ALTER TABLE IF EXISTS ONLY public."TableMerge" DROP CONSTRAINT IF EXISTS "TableMerge_propertyId_fkey";
ALTER TABLE IF EXISTS ONLY public."SystemNetworkHealth" DROP CONSTRAINT IF EXISTS "SystemNetworkHealth_tenantId_fkey";
ALTER TABLE IF EXISTS ONLY public."SystemNetworkHealth" DROP CONSTRAINT IF EXISTS "SystemNetworkHealth_propertyId_fkey";
ALTER TABLE IF EXISTS ONLY public."SyslogServer" DROP CONSTRAINT IF EXISTS "SyslogServer_tenantId_fkey";
ALTER TABLE IF EXISTS ONLY public."SyslogServer" DROP CONSTRAINT IF EXISTS "SyslogServer_propertyId_fkey";
ALTER TABLE IF EXISTS ONLY public."SurveillanceConfig" DROP CONSTRAINT IF EXISTS "SurveillanceConfig_tenantId_fkey";
ALTER TABLE IF EXISTS ONLY public."SurveillanceConfig" DROP CONSTRAINT IF EXISTS "SurveillanceConfig_propertyId_fkey";
ALTER TABLE IF EXISTS ONLY public."SubscriptionInvoice" DROP CONSTRAINT IF EXISTS "SubscriptionInvoice_subscriptionId_fkey";
ALTER TABLE IF EXISTS ONLY public."StockItem" DROP CONSTRAINT IF EXISTS "StockItem_tenantId_fkey";
ALTER TABLE IF EXISTS ONLY public."StockConsumption" DROP CONSTRAINT IF EXISTS "StockConsumption_stockItemId_fkey";
ALTER TABLE IF EXISTS ONLY public."StaticRoute" DROP CONSTRAINT IF EXISTS "StaticRoute_tenantId_fkey";
ALTER TABLE IF EXISTS ONLY public."StaticRoute" DROP CONSTRAINT IF EXISTS "StaticRoute_propertyId_fkey";
ALTER TABLE IF EXISTS ONLY public."StaffWorkload" DROP CONSTRAINT IF EXISTS "StaffWorkload_tenantId_fkey";
ALTER TABLE IF EXISTS ONLY public."StaffSkill" DROP CONSTRAINT IF EXISTS "StaffSkill_userId_fkey";
ALTER TABLE IF EXISTS ONLY public."StaffSkill" DROP CONSTRAINT IF EXISTS "StaffSkill_tenantId_fkey";
ALTER TABLE IF EXISTS ONLY public."StaffShift" DROP CONSTRAINT IF EXISTS "StaffShift_userId_fkey";
ALTER TABLE IF EXISTS ONLY public."StaffSchedule" DROP CONSTRAINT IF EXISTS "StaffSchedule_userId_fkey";
ALTER TABLE IF EXISTS ONLY public."StaffSchedule" DROP CONSTRAINT IF EXISTS "StaffSchedule_tenantId_fkey";
ALTER TABLE IF EXISTS ONLY public."StaffPerformance" DROP CONSTRAINT IF EXISTS "StaffPerformance_userId_fkey";
ALTER TABLE IF EXISTS ONLY public."StaffPerformance" DROP CONSTRAINT IF EXISTS "StaffPerformance_tenantId_fkey";
ALTER TABLE IF EXISTS ONLY public."StaffLeave" DROP CONSTRAINT IF EXISTS "StaffLeave_userId_fkey";
ALTER TABLE IF EXISTS ONLY public."StaffLeave" DROP CONSTRAINT IF EXISTS "StaffLeave_tenantId_fkey";
ALTER TABLE IF EXISTS ONLY public."StaffChatMessage" DROP CONSTRAINT IF EXISTS "StaffChatMessage_senderId_fkey";
ALTER TABLE IF EXISTS ONLY public."StaffChatMessage" DROP CONSTRAINT IF EXISTS "StaffChatMessage_replyToId_fkey";
ALTER TABLE IF EXISTS ONLY public."StaffChatMessage" DROP CONSTRAINT IF EXISTS "StaffChatMessage_channelId_fkey";
ALTER TABLE IF EXISTS ONLY public."StaffChannel" DROP CONSTRAINT IF EXISTS "StaffChannel_tenantId_fkey";
ALTER TABLE IF EXISTS ONLY public."StaffChannelMember" DROP CONSTRAINT IF EXISTS "StaffChannelMember_userId_fkey";
ALTER TABLE IF EXISTS ONLY public."StaffChannelMember" DROP CONSTRAINT IF EXISTS "StaffChannelMember_channelId_fkey";
ALTER TABLE IF EXISTS ONLY public."StaffAttendance" DROP CONSTRAINT IF EXISTS "StaffAttendance_userId_fkey";
ALTER TABLE IF EXISTS ONLY public."ShiftTemplate" DROP CONSTRAINT IF EXISTS "ShiftTemplate_tenantId_fkey";
ALTER TABLE IF EXISTS ONLY public."Session" DROP CONSTRAINT IF EXISTS "Session_userId_fkey";
ALTER TABLE IF EXISTS ONLY public."ServiceRequest" DROP CONSTRAINT IF EXISTS "ServiceRequest_assignedTo_fkey";
ALTER TABLE IF EXISTS ONLY public."SegmentMembership" DROP CONSTRAINT IF EXISTS "SegmentMembership_segmentId_fkey";
ALTER TABLE IF EXISTS ONLY public."SegmentMembership" DROP CONSTRAINT IF EXISTS "SegmentMembership_guestId_fkey";
ALTER TABLE IF EXISTS ONLY public."SecuritySettings" DROP CONSTRAINT IF EXISTS "SecuritySettings_tenantId_fkey";
ALTER TABLE IF EXISTS ONLY public."SecurityIncident" DROP CONSTRAINT IF EXISTS "SecurityIncident_tenantId_fkey";
ALTER TABLE IF EXISTS ONLY public."SecurityEvent" DROP CONSTRAINT IF EXISTS "SecurityEvent_tenantId_fkey";
ALTER TABLE IF EXISTS ONLY public."SecurityEvent" DROP CONSTRAINT IF EXISTS "SecurityEvent_cameraId_fkey";
ALTER TABLE IF EXISTS ONLY public."ScheduledNotification" DROP CONSTRAINT IF EXISTS "ScheduledNotification_tenantId_fkey";
ALTER TABLE IF EXISTS ONLY public."ScheduledCharge" DROP CONSTRAINT IF EXISTS "ScheduledCharge_tenantId_fkey";
ALTER TABLE IF EXISTS ONLY public."ScheduledCharge" DROP CONSTRAINT IF EXISTS "ScheduledCharge_propertyId_fkey";
ALTER TABLE IF EXISTS ONLY public."ScheduledCharge" DROP CONSTRAINT IF EXISTS "ScheduledCharge_folioId_fkey";
ALTER TABLE IF EXISTS ONLY public."ScheduledCharge" DROP CONSTRAINT IF EXISTS "ScheduledCharge_bookingId_fkey";
ALTER TABLE IF EXISTS ONLY public."ScheduleAccess" DROP CONSTRAINT IF EXISTS "ScheduleAccess_tenantId_fkey";
ALTER TABLE IF EXISTS ONLY public."ScheduleAccess" DROP CONSTRAINT IF EXISTS "ScheduleAccess_propertyId_fkey";
ALTER TABLE IF EXISTS ONLY public."SSOSession" DROP CONSTRAINT IF EXISTS "SSOSession_userId_fkey";
ALTER TABLE IF EXISTS ONLY public."SSOSession" DROP CONSTRAINT IF EXISTS "SSOSession_connectionId_fkey";
ALTER TABLE IF EXISTS ONLY public."SSOConnection" DROP CONSTRAINT IF EXISTS "SSOConnection_tenantId_fkey";
ALTER TABLE IF EXISTS ONLY public."Room" DROP CONSTRAINT IF EXISTS "Room_roomTypeId_fkey";
ALTER TABLE IF EXISTS ONLY public."Room" DROP CONSTRAINT IF EXISTS "Room_propertyId_fkey";
ALTER TABLE IF EXISTS ONLY public."Room" DROP CONSTRAINT IF EXISTS "Room_currentTaskId_fkey";
ALTER TABLE IF EXISTS ONLY public."RoomType" DROP CONSTRAINT IF EXISTS "RoomType_wifiPlanId_fkey";
ALTER TABLE IF EXISTS ONLY public."RoomType" DROP CONSTRAINT IF EXISTS "RoomType_propertyId_fkey";
ALTER TABLE IF EXISTS ONLY public."RoomMoveLog" DROP CONSTRAINT IF EXISTS "RoomMoveLog_tenantId_fkey";
ALTER TABLE IF EXISTS ONLY public."RoomMoveLog" DROP CONSTRAINT IF EXISTS "RoomMoveLog_propertyId_fkey";
ALTER TABLE IF EXISTS ONLY public."Role" DROP CONSTRAINT IF EXISTS "Role_tenantId_fkey";
ALTER TABLE IF EXISTS ONLY public."RestaurantTable" DROP CONSTRAINT IF EXISTS "RestaurantTable_propertyId_fkey";
ALTER TABLE IF EXISTS ONLY public."Reservation" DROP CONSTRAINT IF EXISTS "Reservation_tableId_fkey";
ALTER TABLE IF EXISTS ONLY public."Reservation" DROP CONSTRAINT IF EXISTS "Reservation_propertyId_fkey";
ALTER TABLE IF EXISTS ONLY public."ReportHistory" DROP CONSTRAINT IF EXISTS "ReportHistory_scheduledReportId_fkey";
ALTER TABLE IF EXISTS ONLY public."RegistrationCard" DROP CONSTRAINT IF EXISTS "RegistrationCard_tenantId_fkey";
ALTER TABLE IF EXISTS ONLY public."RegistrationCard" DROP CONSTRAINT IF EXISTS "RegistrationCard_propertyId_fkey";
ALTER TABLE IF EXISTS ONLY public."Reconciliation" DROP CONSTRAINT IF EXISTS "Reconciliation_tenantId_fkey";
ALTER TABLE IF EXISTS ONLY public."Reconciliation" DROP CONSTRAINT IF EXISTS "Reconciliation_bankTransactionId_fkey";
ALTER TABLE IF EXISTS ONLY public."Reconciliation" DROP CONSTRAINT IF EXISTS "Reconciliation_bankAccountId_fkey";
ALTER TABLE IF EXISTS ONLY public."Recipe" DROP CONSTRAINT IF EXISTS "Recipe_tenantId_fkey";
ALTER TABLE IF EXISTS ONLY public."Recipe" DROP CONSTRAINT IF EXISTS "Recipe_menuItemId_fkey";
ALTER TABLE IF EXISTS ONLY public."RecipeIngredient" DROP CONSTRAINT IF EXISTS "RecipeIngredient_tenantId_fkey";
ALTER TABLE IF EXISTS ONLY public."RecipeIngredient" DROP CONSTRAINT IF EXISTS "RecipeIngredient_recipeId_fkey";
ALTER TABLE IF EXISTS ONLY public."RatePlan" DROP CONSTRAINT IF EXISTS "RatePlan_tenantId_fkey";
ALTER TABLE IF EXISTS ONLY public."RatePlan" DROP CONSTRAINT IF EXISTS "RatePlan_roomTypeId_fkey";
ALTER TABLE IF EXISTS ONLY public."RatePlan" DROP CONSTRAINT IF EXISTS "RatePlan_derivedFromId_fkey";
ALTER TABLE IF EXISTS ONLY public."RadiusServerConfig" DROP CONSTRAINT IF EXISTS "RadiusServerConfig_tenantId_fkey";
ALTER TABLE IF EXISTS ONLY public."RadiusServerConfig" DROP CONSTRAINT IF EXISTS "RadiusServerConfig_propertyId_fkey";
ALTER TABLE IF EXISTS ONLY public."RadiusNAS" DROP CONSTRAINT IF EXISTS "RadiusNAS_tenantId_fkey";
ALTER TABLE IF EXISTS ONLY public."RadiusNAS" DROP CONSTRAINT IF EXISTS "RadiusNAS_propertyId_fkey";
ALTER TABLE IF EXISTS ONLY public."PurchaseOrder" DROP CONSTRAINT IF EXISTS "PurchaseOrder_vendorId_fkey";
ALTER TABLE IF EXISTS ONLY public."PurchaseOrder" DROP CONSTRAINT IF EXISTS "PurchaseOrder_tenantId_fkey";
ALTER TABLE IF EXISTS ONLY public."PurchaseOrderItem" DROP CONSTRAINT IF EXISTS "PurchaseOrderItem_stockItemId_fkey";
ALTER TABLE IF EXISTS ONLY public."PurchaseOrderItem" DROP CONSTRAINT IF EXISTS "PurchaseOrderItem_purchaseOrderId_fkey";
ALTER TABLE IF EXISTS ONLY public."Property" DROP CONSTRAINT IF EXISTS "Property_tenantId_fkey";
ALTER TABLE IF EXISTS ONLY public."Property" DROP CONSTRAINT IF EXISTS "Property_brandId_fkey";
ALTER TABLE IF EXISTS ONLY public."PricingRule" DROP CONSTRAINT IF EXISTS "PricingRule_tenantId_fkey";
ALTER TABLE IF EXISTS ONLY public."PricingRule" DROP CONSTRAINT IF EXISTS "PricingRule_propertyId_fkey";
ALTER TABLE IF EXISTS ONLY public."PriceOverride" DROP CONSTRAINT IF EXISTS "PriceOverride_ratePlanId_fkey";
ALTER TABLE IF EXISTS ONLY public."PreventiveMaintenance" DROP CONSTRAINT IF EXISTS "PreventiveMaintenance_tenantId_fkey";
ALTER TABLE IF EXISTS ONLY public."PreventiveMaintenance" DROP CONSTRAINT IF EXISTS "PreventiveMaintenance_propertyId_fkey";
ALTER TABLE IF EXISTS ONLY public."PortalTemplate" DROP CONSTRAINT IF EXISTS "PortalTemplate_tenantId_fkey";
ALTER TABLE IF EXISTS ONLY public."PortalPage" DROP CONSTRAINT IF EXISTS "PortalPage_tenantId_fkey";
ALTER TABLE IF EXISTS ONLY public."PortalPage" DROP CONSTRAINT IF EXISTS "PortalPage_portalId_fkey";
ALTER TABLE IF EXISTS ONLY public."PortalMapping" DROP CONSTRAINT IF EXISTS "PortalMapping_tenantId_fkey";
ALTER TABLE IF EXISTS ONLY public."PortalMapping" DROP CONSTRAINT IF EXISTS "PortalMapping_propertyId_fkey";
ALTER TABLE IF EXISTS ONLY public."PortalMapping" DROP CONSTRAINT IF EXISTS "PortalMapping_portalId_fkey";
ALTER TABLE IF EXISTS ONLY public."PortalAuthentication" DROP CONSTRAINT IF EXISTS "PortalAuthentication_tenantId_fkey";
ALTER TABLE IF EXISTS ONLY public."PortalAuthentication" DROP CONSTRAINT IF EXISTS "PortalAuthentication_propertyId_fkey";
ALTER TABLE IF EXISTS ONLY public."PortalAuthentication" DROP CONSTRAINT IF EXISTS "PortalAuthentication_portalId_fkey";
ALTER TABLE IF EXISTS ONLY public."PortForwardRule" DROP CONSTRAINT IF EXISTS "PortForwardRule_tenantId_fkey";
ALTER TABLE IF EXISTS ONLY public."PortForwardRule" DROP CONSTRAINT IF EXISTS "PortForwardRule_propertyId_fkey";
ALTER TABLE IF EXISTS ONLY public."Payment" DROP CONSTRAINT IF EXISTS "Payment_guestId_fkey";
ALTER TABLE IF EXISTS ONLY public."Payment" DROP CONSTRAINT IF EXISTS "Payment_folioId_fkey";
ALTER TABLE IF EXISTS ONLY public."PaymentToken" DROP CONSTRAINT IF EXISTS "PaymentToken_tenantId_fkey";
ALTER TABLE IF EXISTS ONLY public."PaymentToken" DROP CONSTRAINT IF EXISTS "PaymentToken_propertyId_fkey";
ALTER TABLE IF EXISTS ONLY public."PaymentToken" DROP CONSTRAINT IF EXISTS "PaymentToken_folioId_fkey";
ALTER TABLE IF EXISTS ONLY public."PaymentSchedule" DROP CONSTRAINT IF EXISTS "PaymentSchedule_tenantId_fkey";
ALTER TABLE IF EXISTS ONLY public."PaymentSchedule" DROP CONSTRAINT IF EXISTS "PaymentSchedule_propertyId_fkey";
ALTER TABLE IF EXISTS ONLY public."PaymentSchedule" DROP CONSTRAINT IF EXISTS "PaymentSchedule_folioId_fkey";
ALTER TABLE IF EXISTS ONLY public."ParkingSlot" DROP CONSTRAINT IF EXISTS "ParkingSlot_tenantId_fkey";
ALTER TABLE IF EXISTS ONLY public."ParkingPass" DROP CONSTRAINT IF EXISTS "ParkingPass_vehicleId_fkey";
ALTER TABLE IF EXISTS ONLY public."ParkingPass" DROP CONSTRAINT IF EXISTS "ParkingPass_tenantId_fkey";
ALTER TABLE IF EXISTS ONLY public."ParkingPass" DROP CONSTRAINT IF EXISTS "ParkingPass_slotId_fkey";
ALTER TABLE IF EXISTS ONLY public."Order" DROP CONSTRAINT IF EXISTS "Order_tableId_fkey";
ALTER TABLE IF EXISTS ONLY public."Order" DROP CONSTRAINT IF EXISTS "Order_propertyId_fkey";
ALTER TABLE IF EXISTS ONLY public."OrderItem" DROP CONSTRAINT IF EXISTS "OrderItem_orderId_fkey";
ALTER TABLE IF EXISTS ONLY public."OrderItem" DROP CONSTRAINT IF EXISTS "OrderItem_menuItemId_fkey";
ALTER TABLE IF EXISTS ONLY public."OrderDiscount" DROP CONSTRAINT IF EXISTS "OrderDiscount_tenantId_fkey";
ALTER TABLE IF EXISTS ONLY public."OrderDiscount" DROP CONSTRAINT IF EXISTS "OrderDiscount_orderId_fkey";
ALTER TABLE IF EXISTS ONLY public."OrderCategory" DROP CONSTRAINT IF EXISTS "OrderCategory_propertyId_fkey";
ALTER TABLE IF EXISTS ONLY public."Notification" DROP CONSTRAINT IF EXISTS "Notification_userId_fkey";
ALTER TABLE IF EXISTS ONLY public."Notification" DROP CONSTRAINT IF EXISTS "Notification_tenantId_fkey";
ALTER TABLE IF EXISTS ONLY public."NotificationTemplate" DROP CONSTRAINT IF EXISTS "NotificationTemplate_tenantId_fkey";
ALTER TABLE IF EXISTS ONLY public."NotificationPreference" DROP CONSTRAINT IF EXISTS "NotificationPreference_userId_fkey";
ALTER TABLE IF EXISTS ONLY public."NetworkInterface" DROP CONSTRAINT IF EXISTS "NetworkInterface_tenantId_fkey";
ALTER TABLE IF EXISTS ONLY public."NetworkInterface" DROP CONSTRAINT IF EXISTS "NetworkInterface_propertyId_fkey";
ALTER TABLE IF EXISTS ONLY public."NetworkConfigBackup" DROP CONSTRAINT IF EXISTS "NetworkConfigBackup_tenantId_fkey";
ALTER TABLE IF EXISTS ONLY public."NetworkConfigBackup" DROP CONSTRAINT IF EXISTS "NetworkConfigBackup_propertyId_fkey";
ALTER TABLE IF EXISTS ONLY public."NatLog" DROP CONSTRAINT IF EXISTS "NatLog_tenantId_fkey";
ALTER TABLE IF EXISTS ONLY public."NatLog" DROP CONSTRAINT IF EXISTS "NatLog_propertyId_fkey";
ALTER TABLE IF EXISTS ONLY public."NasHealthLog" DROP CONSTRAINT IF EXISTS "NasHealthLog_tenantId_fkey";
ALTER TABLE IF EXISTS ONLY public."NasHealthLog" DROP CONSTRAINT IF EXISTS "NasHealthLog_propertyId_fkey";
ALTER TABLE IF EXISTS ONLY public."MultiWanConfig" DROP CONSTRAINT IF EXISTS "MultiWanConfig_tenantId_fkey";
ALTER TABLE IF EXISTS ONLY public."MultiWanConfig" DROP CONSTRAINT IF EXISTS "MultiWanConfig_propertyId_fkey";
ALTER TABLE IF EXISTS ONLY public."MetasearchConnection" DROP CONSTRAINT IF EXISTS "MetasearchConnection_tenantId_fkey";
ALTER TABLE IF EXISTS ONLY public."MessageTemplate" DROP CONSTRAINT IF EXISTS "MessageTemplate_tenantId_fkey";
ALTER TABLE IF EXISTS ONLY public."MenuVariant" DROP CONSTRAINT IF EXISTS "MenuVariant_propertyId_fkey";
ALTER TABLE IF EXISTS ONLY public."MenuVariant" DROP CONSTRAINT IF EXISTS "MenuVariant_menuItemId_fkey";
ALTER TABLE IF EXISTS ONLY public."MenuModifier" DROP CONSTRAINT IF EXISTS "MenuModifier_propertyId_fkey";
ALTER TABLE IF EXISTS ONLY public."MenuModifierOption" DROP CONSTRAINT IF EXISTS "MenuModifierOption_propertyId_fkey";
ALTER TABLE IF EXISTS ONLY public."MenuModifierOption" DROP CONSTRAINT IF EXISTS "MenuModifierOption_modifierGroupId_fkey";
ALTER TABLE IF EXISTS ONLY public."MenuItem" DROP CONSTRAINT IF EXISTS "MenuItem_propertyId_fkey";
ALTER TABLE IF EXISTS ONLY public."MenuItem" DROP CONSTRAINT IF EXISTS "MenuItem_categoryId_fkey";
ALTER TABLE IF EXISTS ONLY public."MaintenanceBlock" DROP CONSTRAINT IF EXISTS "MaintenanceBlock_tenantId_fkey";
ALTER TABLE IF EXISTS ONLY public."MaintenanceBlock" DROP CONSTRAINT IF EXISTS "MaintenanceBlock_roomId_fkey";
ALTER TABLE IF EXISTS ONLY public."MaintenanceBlock" DROP CONSTRAINT IF EXISTS "MaintenanceBlock_propertyId_fkey";
ALTER TABLE IF EXISTS ONLY public."MacFilter" DROP CONSTRAINT IF EXISTS "MacFilter_tenantId_fkey";
ALTER TABLE IF EXISTS ONLY public."MacFilter" DROP CONSTRAINT IF EXISTS "MacFilter_propertyId_fkey";
ALTER TABLE IF EXISTS ONLY public."LoyaltyTier" DROP CONSTRAINT IF EXISTS "LoyaltyTier_tenantId_fkey";
ALTER TABLE IF EXISTS ONLY public."LoyaltyReward" DROP CONSTRAINT IF EXISTS "LoyaltyReward_tenantId_fkey";
ALTER TABLE IF EXISTS ONLY public."LoyaltyRedemption" DROP CONSTRAINT IF EXISTS "LoyaltyRedemption_tenantId_fkey";
ALTER TABLE IF EXISTS ONLY public."LoyaltyRedemption" DROP CONSTRAINT IF EXISTS "LoyaltyRedemption_rewardId_fkey";
ALTER TABLE IF EXISTS ONLY public."LoyaltyRedemption" DROP CONSTRAINT IF EXISTS "LoyaltyRedemption_guestId_fkey";
ALTER TABLE IF EXISTS ONLY public."LoyaltyPointTransaction" DROP CONSTRAINT IF EXISTS "LoyaltyPointTransaction_tenantId_fkey";
ALTER TABLE IF EXISTS ONLY public."LoyaltyPointTransaction" DROP CONSTRAINT IF EXISTS "LoyaltyPointTransaction_guestId_fkey";
ALTER TABLE IF EXISTS ONLY public."LiveSession" DROP CONSTRAINT IF EXISTS "LiveSession_tenantId_fkey";
ALTER TABLE IF EXISTS ONLY public."LiveSession" DROP CONSTRAINT IF EXISTS "LiveSession_propertyId_fkey";
ALTER TABLE IF EXISTS ONLY public."LicenseKey" DROP CONSTRAINT IF EXISTS "LicenseKey_planId_fkey";
ALTER TABLE IF EXISTS ONLY public."KioskSettings" DROP CONSTRAINT IF EXISTS "KioskSettings_tenantId_fkey";
ALTER TABLE IF EXISTS ONLY public."KioskSettings" DROP CONSTRAINT IF EXISTS "KioskSettings_propertyId_fkey";
ALTER TABLE IF EXISTS ONLY public."KeyCard" DROP CONSTRAINT IF EXISTS "KeyCard_tenantId_fkey";
ALTER TABLE IF EXISTS ONLY public."KeyCard" DROP CONSTRAINT IF EXISTS "KeyCard_roomId_fkey";
ALTER TABLE IF EXISTS ONLY public."KeyCard" DROP CONSTRAINT IF EXISTS "KeyCard_propertyId_fkey";
ALTER TABLE IF EXISTS ONLY public."IpPool" DROP CONSTRAINT IF EXISTS "IpPool_tenantId_fkey";
ALTER TABLE IF EXISTS ONLY public."IpPoolRange" DROP CONSTRAINT IF EXISTS "IpPoolRange_poolId_fkey";
ALTER TABLE IF EXISTS ONLY public."IoTReading" DROP CONSTRAINT IF EXISTS "IoTReading_deviceId_fkey";
ALTER TABLE IF EXISTS ONLY public."IoTDevice" DROP CONSTRAINT IF EXISTS "IoTDevice_tenantId_fkey";
ALTER TABLE IF EXISTS ONLY public."IoTDevice" DROP CONSTRAINT IF EXISTS "IoTDevice_roomId_fkey";
ALTER TABLE IF EXISTS ONLY public."IoTDevice" DROP CONSTRAINT IF EXISTS "IoTDevice_propertyId_fkey";
ALTER TABLE IF EXISTS ONLY public."IoTCommand" DROP CONSTRAINT IF EXISTS "IoTCommand_deviceId_fkey";
ALTER TABLE IF EXISTS ONLY public."Invoice" DROP CONSTRAINT IF EXISTS "Invoice_templateId_fkey";
ALTER TABLE IF EXISTS ONLY public."InventoryTransfer" DROP CONSTRAINT IF EXISTS "InventoryTransfer_toPropertyId_fkey";
ALTER TABLE IF EXISTS ONLY public."InventoryTransfer" DROP CONSTRAINT IF EXISTS "InventoryTransfer_tenantId_fkey";
ALTER TABLE IF EXISTS ONLY public."InventoryTransfer" DROP CONSTRAINT IF EXISTS "InventoryTransfer_fromPropertyId_fkey";
ALTER TABLE IF EXISTS ONLY public."InventoryTransferItem" DROP CONSTRAINT IF EXISTS "InventoryTransferItem_transferId_fkey";
ALTER TABLE IF EXISTS ONLY public."InventoryTransferItem" DROP CONSTRAINT IF EXISTS "InventoryTransferItem_stockItemId_fkey";
ALTER TABLE IF EXISTS ONLY public."InventoryMovement" DROP CONSTRAINT IF EXISTS "InventoryMovement_propertyId_fkey";
ALTER TABLE IF EXISTS ONLY public."InventoryMovement" DROP CONSTRAINT IF EXISTS "InventoryMovement_inventoryItemId_fkey";
ALTER TABLE IF EXISTS ONLY public."InventoryLock" DROP CONSTRAINT IF EXISTS "InventoryLock_tenantId_fkey";
ALTER TABLE IF EXISTS ONLY public."InventoryLock" DROP CONSTRAINT IF EXISTS "InventoryLock_roomTypeId_fkey";
ALTER TABLE IF EXISTS ONLY public."InventoryLock" DROP CONSTRAINT IF EXISTS "InventoryLock_roomId_fkey";
ALTER TABLE IF EXISTS ONLY public."InventoryLock" DROP CONSTRAINT IF EXISTS "InventoryLock_propertyId_fkey";
ALTER TABLE IF EXISTS ONLY public."InventoryItem" DROP CONSTRAINT IF EXISTS "InventoryItem_propertyId_fkey";
ALTER TABLE IF EXISTS ONLY public."InterfaceRole" DROP CONSTRAINT IF EXISTS "InterfaceRole_tenantId_fkey";
ALTER TABLE IF EXISTS ONLY public."InterfaceRole" DROP CONSTRAINT IF EXISTS "InterfaceRole_propertyId_fkey";
ALTER TABLE IF EXISTS ONLY public."InterfaceRole" DROP CONSTRAINT IF EXISTS "InterfaceRole_interfaceId_fkey";
ALTER TABLE IF EXISTS ONLY public."InterfaceConfig" DROP CONSTRAINT IF EXISTS "InterfaceConfig_tenantId_fkey";
ALTER TABLE IF EXISTS ONLY public."InterfaceConfig" DROP CONSTRAINT IF EXISTS "InterfaceConfig_propertyId_fkey";
ALTER TABLE IF EXISTS ONLY public."InterfaceAlias" DROP CONSTRAINT IF EXISTS "InterfaceAlias_tenantId_fkey";
ALTER TABLE IF EXISTS ONLY public."InterfaceAlias" DROP CONSTRAINT IF EXISTS "InterfaceAlias_propertyId_fkey";
ALTER TABLE IF EXISTS ONLY public."InterfaceAlias" DROP CONSTRAINT IF EXISTS "InterfaceAlias_interfaceId_fkey";
ALTER TABLE IF EXISTS ONLY public."Integration" DROP CONSTRAINT IF EXISTS "Integration_tenantId_fkey";
ALTER TABLE IF EXISTS ONLY public."InspectionTemplate" DROP CONSTRAINT IF EXISTS "InspectionTemplate_tenantId_fkey";
ALTER TABLE IF EXISTS ONLY public."InspectionResult" DROP CONSTRAINT IF EXISTS "InspectionResult_templateId_fkey";
ALTER TABLE IF EXISTS ONLY public."HelpCategory" DROP CONSTRAINT IF EXISTS "HelpCategory_parentId_fkey";
ALTER TABLE IF EXISTS ONLY public."Guest" DROP CONSTRAINT IF EXISTS "Guest_tenantId_fkey";
ALTER TABLE IF EXISTS ONLY public."GuestStay" DROP CONSTRAINT IF EXISTS "GuestStay_guestId_fkey";
ALTER TABLE IF EXISTS ONLY public."GuestStay" DROP CONSTRAINT IF EXISTS "GuestStay_bookingId_fkey";
ALTER TABLE IF EXISTS ONLY public."GuestSegment" DROP CONSTRAINT IF EXISTS "GuestSegment_tenantId_fkey";
ALTER TABLE IF EXISTS ONLY public."GuestReview" DROP CONSTRAINT IF EXISTS "GuestReview_propertyId_fkey";
ALTER TABLE IF EXISTS ONLY public."GuestReview" DROP CONSTRAINT IF EXISTS "GuestReview_guestId_fkey";
ALTER TABLE IF EXISTS ONLY public."GuestRecommendation" DROP CONSTRAINT IF EXISTS "GuestRecommendation_tenantId_fkey";
ALTER TABLE IF EXISTS ONLY public."GuestRecommendation" DROP CONSTRAINT IF EXISTS "GuestRecommendation_guestId_fkey";
ALTER TABLE IF EXISTS ONLY public."GuestJourney" DROP CONSTRAINT IF EXISTS "GuestJourney_tenantId_fkey";
ALTER TABLE IF EXISTS ONLY public."GuestJourney" DROP CONSTRAINT IF EXISTS "GuestJourney_guestId_fkey";
ALTER TABLE IF EXISTS ONLY public."GuestFeedback" DROP CONSTRAINT IF EXISTS "GuestFeedback_guestId_fkey";
ALTER TABLE IF EXISTS ONLY public."GuestDocument" DROP CONSTRAINT IF EXISTS "GuestDocument_guestId_fkey";
ALTER TABLE IF EXISTS ONLY public."GuestBehavior" DROP CONSTRAINT IF EXISTS "GuestBehavior_tenantId_fkey";
ALTER TABLE IF EXISTS ONLY public."GuestBehavior" DROP CONSTRAINT IF EXISTS "GuestBehavior_guestId_fkey";
ALTER TABLE IF EXISTS ONLY public."GoogleHotelAdsConnection" DROP CONSTRAINT IF EXISTS "GoogleHotelAdsConnection_tenantId_fkey";
ALTER TABLE IF EXISTS ONLY public."Gateway" DROP CONSTRAINT IF EXISTS "Gateway_tenantId_fkey";
ALTER TABLE IF EXISTS ONLY public."Gateway" DROP CONSTRAINT IF EXISTS "Gateway_propertyId_fkey";
ALTER TABLE IF EXISTS ONLY public."Gateway" DROP CONSTRAINT IF EXISTS "Gateway_multiWanConfigId_fkey";
ALTER TABLE IF EXISTS ONLY public."Gateway" DROP CONSTRAINT IF EXISTS "Gateway_backupGatewayId_fkey";
ALTER TABLE IF EXISTS ONLY public."GatewayHealthRule" DROP CONSTRAINT IF EXISTS "GatewayHealthRule_tenantId_fkey";
ALTER TABLE IF EXISTS ONLY public."GatewayHealthRule" DROP CONSTRAINT IF EXISTS "GatewayHealthRule_gatewayId_fkey";
ALTER TABLE IF EXISTS ONLY public."GatewayFwmark" DROP CONSTRAINT IF EXISTS "GatewayFwmark_tenantId_fkey";
ALTER TABLE IF EXISTS ONLY public."GatewayFwmark" DROP CONSTRAINT IF EXISTS "GatewayFwmark_gatewayId_fkey";
ALTER TABLE IF EXISTS ONLY public."GatewayExplicitRoute" DROP CONSTRAINT IF EXISTS "GatewayExplicitRoute_tenantId_fkey";
ALTER TABLE IF EXISTS ONLY public."GatewayExplicitRoute" DROP CONSTRAINT IF EXISTS "GatewayExplicitRoute_propertyId_fkey";
ALTER TABLE IF EXISTS ONLY public."GatewayExplicitRoute" DROP CONSTRAINT IF EXISTS "GatewayExplicitRoute_gatewayId_fkey";
ALTER TABLE IF EXISTS ONLY public."GDPRRequest" DROP CONSTRAINT IF EXISTS "GDPRRequest_tenantId_fkey";
ALTER TABLE IF EXISTS ONLY public."Folio" DROP CONSTRAINT IF EXISTS "Folio_bookingId_fkey";
ALTER TABLE IF EXISTS ONLY public."FolioTransfer" DROP CONSTRAINT IF EXISTS "FolioTransfer_toFolioId_fkey";
ALTER TABLE IF EXISTS ONLY public."FolioTransfer" DROP CONSTRAINT IF EXISTS "FolioTransfer_tenantId_fkey";
ALTER TABLE IF EXISTS ONLY public."FolioTransfer" DROP CONSTRAINT IF EXISTS "FolioTransfer_propertyId_fkey";
ALTER TABLE IF EXISTS ONLY public."FolioTransfer" DROP CONSTRAINT IF EXISTS "FolioTransfer_fromFolioId_fkey";
ALTER TABLE IF EXISTS ONLY public."FolioLineItem" DROP CONSTRAINT IF EXISTS "FolioLineItem_folioId_fkey";
ALTER TABLE IF EXISTS ONLY public."FolioLineItem" DROP CONSTRAINT IF EXISTS "FolioLineItem_discountId_fkey";
ALTER TABLE IF EXISTS ONLY public."FloorPlan" DROP CONSTRAINT IF EXISTS "FloorPlan_propertyId_fkey";
ALTER TABLE IF EXISTS ONLY public."FloorPlanRoom" DROP CONSTRAINT IF EXISTS "FloorPlanRoom_roomId_fkey";
ALTER TABLE IF EXISTS ONLY public."FloorPlanRoom" DROP CONSTRAINT IF EXISTS "FloorPlanRoom_floorPlanId_fkey";
ALTER TABLE IF EXISTS ONLY public."FirewallZone" DROP CONSTRAINT IF EXISTS "FirewallZone_tenantId_fkey";
ALTER TABLE IF EXISTS ONLY public."FirewallZone" DROP CONSTRAINT IF EXISTS "FirewallZone_propertyId_fkey";
ALTER TABLE IF EXISTS ONLY public."FirewallSchedule" DROP CONSTRAINT IF EXISTS "FirewallSchedule_tenantId_fkey";
ALTER TABLE IF EXISTS ONLY public."FirewallSchedule" DROP CONSTRAINT IF EXISTS "FirewallSchedule_propertyId_fkey";
ALTER TABLE IF EXISTS ONLY public."FirewallRule" DROP CONSTRAINT IF EXISTS "FirewallRule_zoneId_fkey";
ALTER TABLE IF EXISTS ONLY public."FirewallRule" DROP CONSTRAINT IF EXISTS "FirewallRule_tenantId_fkey";
ALTER TABLE IF EXISTS ONLY public."FirewallRule" DROP CONSTRAINT IF EXISTS "FirewallRule_propertyId_fkey";
ALTER TABLE IF EXISTS ONLY public."FairAccessPolicy" DROP CONSTRAINT IF EXISTS "FairAccessPolicy_tenantId_fkey";
ALTER TABLE IF EXISTS ONLY public."FairAccessPolicy" DROP CONSTRAINT IF EXISTS "FairAccessPolicy_propertyId_fkey";
ALTER TABLE IF EXISTS ONLY public."ExternalReview" DROP CONSTRAINT IF EXISTS "ExternalReview_tenantId_fkey";
ALTER TABLE IF EXISTS ONLY public."ExternalReview" DROP CONSTRAINT IF EXISTS "ExternalReview_propertyId_fkey";
ALTER TABLE IF EXISTS ONLY public."Experience" DROP CONSTRAINT IF EXISTS "Experience_tenantId_fkey";
ALTER TABLE IF EXISTS ONLY public."ExperienceVendor" DROP CONSTRAINT IF EXISTS "ExperienceVendor_tenantId_fkey";
ALTER TABLE IF EXISTS ONLY public."ExperiencePricing" DROP CONSTRAINT IF EXISTS "ExperiencePricing_tenantId_fkey";
ALTER TABLE IF EXISTS ONLY public."ExperiencePricing" DROP CONSTRAINT IF EXISTS "ExperiencePricing_experienceId_fkey";
ALTER TABLE IF EXISTS ONLY public."ExperienceFeedback" DROP CONSTRAINT IF EXISTS "ExperienceFeedback_tenantId_fkey";
ALTER TABLE IF EXISTS ONLY public."ExperienceBooking" DROP CONSTRAINT IF EXISTS "ExperienceBooking_tenantId_fkey";
ALTER TABLE IF EXISTS ONLY public."ExperienceBooking" DROP CONSTRAINT IF EXISTS "ExperienceBooking_experienceId_fkey";
ALTER TABLE IF EXISTS ONLY public."ExchangeRate" DROP CONSTRAINT IF EXISTS "ExchangeRate_tenantId_fkey";
ALTER TABLE IF EXISTS ONLY public."Event" DROP CONSTRAINT IF EXISTS "Event_spaceId_fkey";
ALTER TABLE IF EXISTS ONLY public."Event" DROP CONSTRAINT IF EXISTS "Event_propertyId_fkey";
ALTER TABLE IF EXISTS ONLY public."EventSpace" DROP CONSTRAINT IF EXISTS "EventSpace_propertyId_fkey";
ALTER TABLE IF EXISTS ONLY public."EventResource" DROP CONSTRAINT IF EXISTS "EventResource_eventId_fkey";
ALTER TABLE IF EXISTS ONLY public."EnergyMetric" DROP CONSTRAINT IF EXISTS "EnergyMetric_tenantId_fkey";
ALTER TABLE IF EXISTS ONLY public."EnergyMetric" DROP CONSTRAINT IF EXISTS "EnergyMetric_propertyId_fkey";
ALTER TABLE IF EXISTS ONLY public."DnsZone" DROP CONSTRAINT IF EXISTS "DnsZone_tenantId_fkey";
ALTER TABLE IF EXISTS ONLY public."DnsZone" DROP CONSTRAINT IF EXISTS "DnsZone_propertyId_fkey";
ALTER TABLE IF EXISTS ONLY public."DnsRedirectRule" DROP CONSTRAINT IF EXISTS "DnsRedirectRule_tenantId_fkey";
ALTER TABLE IF EXISTS ONLY public."DnsRedirectRule" DROP CONSTRAINT IF EXISTS "DnsRedirectRule_propertyId_fkey";
ALTER TABLE IF EXISTS ONLY public."DnsRecord" DROP CONSTRAINT IF EXISTS "DnsRecord_zoneId_fkey";
ALTER TABLE IF EXISTS ONLY public."DnsRecord" DROP CONSTRAINT IF EXISTS "DnsRecord_tenantId_fkey";
ALTER TABLE IF EXISTS ONLY public."Discount" DROP CONSTRAINT IF EXISTS "Discount_tenantId_fkey";
ALTER TABLE IF EXISTS ONLY public."DhcpTagRule" DROP CONSTRAINT IF EXISTS "DhcpTagRule_tenantId_fkey";
ALTER TABLE IF EXISTS ONLY public."DhcpTagRule" DROP CONSTRAINT IF EXISTS "DhcpTagRule_subnetId_fkey";
ALTER TABLE IF EXISTS ONLY public."DhcpTagRule" DROP CONSTRAINT IF EXISTS "DhcpTagRule_propertyId_fkey";
ALTER TABLE IF EXISTS ONLY public."DhcpSubnet" DROP CONSTRAINT IF EXISTS "DhcpSubnet_vlanConfigId_fkey";
ALTER TABLE IF EXISTS ONLY public."DhcpSubnet" DROP CONSTRAINT IF EXISTS "DhcpSubnet_tenantId_fkey";
ALTER TABLE IF EXISTS ONLY public."DhcpSubnet" DROP CONSTRAINT IF EXISTS "DhcpSubnet_propertyId_fkey";
ALTER TABLE IF EXISTS ONLY public."DhcpReservation" DROP CONSTRAINT IF EXISTS "DhcpReservation_tenantId_fkey";
ALTER TABLE IF EXISTS ONLY public."DhcpReservation" DROP CONSTRAINT IF EXISTS "DhcpReservation_subnetId_fkey";
ALTER TABLE IF EXISTS ONLY public."DhcpReservation" DROP CONSTRAINT IF EXISTS "DhcpReservation_propertyId_fkey";
ALTER TABLE IF EXISTS ONLY public."DhcpOption" DROP CONSTRAINT IF EXISTS "DhcpOption_tenantId_fkey";
ALTER TABLE IF EXISTS ONLY public."DhcpOption" DROP CONSTRAINT IF EXISTS "DhcpOption_subnetId_fkey";
ALTER TABLE IF EXISTS ONLY public."DhcpOption" DROP CONSTRAINT IF EXISTS "DhcpOption_propertyId_fkey";
ALTER TABLE IF EXISTS ONLY public."DhcpLease" DROP CONSTRAINT IF EXISTS "DhcpLease_tenantId_fkey";
ALTER TABLE IF EXISTS ONLY public."DhcpLease" DROP CONSTRAINT IF EXISTS "DhcpLease_subnetId_fkey";
ALTER TABLE IF EXISTS ONLY public."DhcpLease" DROP CONSTRAINT IF EXISTS "DhcpLease_propertyId_fkey";
ALTER TABLE IF EXISTS ONLY public."DhcpLeaseScript" DROP CONSTRAINT IF EXISTS "DhcpLeaseScript_tenantId_fkey";
ALTER TABLE IF EXISTS ONLY public."DhcpLeaseScript" DROP CONSTRAINT IF EXISTS "DhcpLeaseScript_propertyId_fkey";
ALTER TABLE IF EXISTS ONLY public."DhcpHostnameFilter" DROP CONSTRAINT IF EXISTS "DhcpHostnameFilter_tenantId_fkey";
ALTER TABLE IF EXISTS ONLY public."DhcpHostnameFilter" DROP CONSTRAINT IF EXISTS "DhcpHostnameFilter_subnetId_fkey";
ALTER TABLE IF EXISTS ONLY public."DhcpHostnameFilter" DROP CONSTRAINT IF EXISTS "DhcpHostnameFilter_propertyId_fkey";
ALTER TABLE IF EXISTS ONLY public."DhcpBlacklist" DROP CONSTRAINT IF EXISTS "DhcpBlacklist_tenantId_fkey";
ALTER TABLE IF EXISTS ONLY public."DhcpBlacklist" DROP CONSTRAINT IF EXISTS "DhcpBlacklist_subnetId_fkey";
ALTER TABLE IF EXISTS ONLY public."DhcpBlacklist" DROP CONSTRAINT IF EXISTS "DhcpBlacklist_propertyId_fkey";
ALTER TABLE IF EXISTS ONLY public."DeviceProfile" DROP CONSTRAINT IF EXISTS "DeviceProfile_wifiUserId_fkey";
ALTER TABLE IF EXISTS ONLY public."DeviceProfile" DROP CONSTRAINT IF EXISTS "DeviceProfile_tenantId_fkey";
ALTER TABLE IF EXISTS ONLY public."DeviceProfile" DROP CONSTRAINT IF EXISTS "DeviceProfile_propertyId_fkey";
ALTER TABLE IF EXISTS ONLY public."DeviceProfile" DROP CONSTRAINT IF EXISTS "DeviceProfile_guestId_fkey";
ALTER TABLE IF EXISTS ONLY public."DemandForecast" DROP CONSTRAINT IF EXISTS "DemandForecast_tenantId_fkey";
ALTER TABLE IF EXISTS ONLY public."DemandForecast" DROP CONSTRAINT IF EXISTS "DemandForecast_roomTypeId_fkey";
ALTER TABLE IF EXISTS ONLY public."DemandForecast" DROP CONSTRAINT IF EXISTS "DemandForecast_propertyId_fkey";
ALTER TABLE IF EXISTS ONLY public."CreditNote" DROP CONSTRAINT IF EXISTS "CreditNote_tenantId_fkey";
ALTER TABLE IF EXISTS ONLY public."CreditNote" DROP CONSTRAINT IF EXISTS "CreditNote_propertyId_fkey";
ALTER TABLE IF EXISTS ONLY public."CreditNote" DROP CONSTRAINT IF EXISTS "CreditNote_folioId_fkey";
ALTER TABLE IF EXISTS ONLY public."ContentFilter" DROP CONSTRAINT IF EXISTS "ContentFilter_tenantId_fkey";
ALTER TABLE IF EXISTS ONLY public."ContentFilter" DROP CONSTRAINT IF EXISTS "ContentFilter_propertyId_fkey";
ALTER TABLE IF EXISTS ONLY public."ConsentRecord" DROP CONSTRAINT IF EXISTS "ConsentRecord_tenantId_fkey";
ALTER TABLE IF EXISTS ONLY public."CompetitorSyncLog" DROP CONSTRAINT IF EXISTS "CompetitorSyncLog_tenantId_fkey";
ALTER TABLE IF EXISTS ONLY public."CompetitorPrice" DROP CONSTRAINT IF EXISTS "CompetitorPrice_tenantId_fkey";
ALTER TABLE IF EXISTS ONLY public."CompetitorPrice" DROP CONSTRAINT IF EXISTS "CompetitorPrice_roomTypeId_fkey";
ALTER TABLE IF EXISTS ONLY public."CompetitorPrice" DROP CONSTRAINT IF EXISTS "CompetitorPrice_propertyId_fkey";
ALTER TABLE IF EXISTS ONLY public."CommunicationChannel" DROP CONSTRAINT IF EXISTS "CommunicationChannel_tenantId_fkey";
ALTER TABLE IF EXISTS ONLY public."CoaSessionDetail" DROP CONSTRAINT IF EXISTS "CoaSessionDetail_tenantId_fkey";
ALTER TABLE IF EXISTS ONLY public."CoaSessionDetail" DROP CONSTRAINT IF EXISTS "CoaSessionDetail_propertyId_fkey";
ALTER TABLE IF EXISTS ONLY public."ChatTransfer" DROP CONSTRAINT IF EXISTS "ChatTransfer_toUserId_fkey";
ALTER TABLE IF EXISTS ONLY public."ChatTransfer" DROP CONSTRAINT IF EXISTS "ChatTransfer_tenantId_fkey";
ALTER TABLE IF EXISTS ONLY public."ChatTransfer" DROP CONSTRAINT IF EXISTS "ChatTransfer_fromUserId_fkey";
ALTER TABLE IF EXISTS ONLY public."ChatMessage" DROP CONSTRAINT IF EXISTS "ChatMessage_senderId_fkey";
ALTER TABLE IF EXISTS ONLY public."ChatMessage" DROP CONSTRAINT IF EXISTS "ChatMessage_conversationId_fkey";
ALTER TABLE IF EXISTS ONLY public."ChatAttachment" DROP CONSTRAINT IF EXISTS "ChatAttachment_tenantId_fkey";
ALTER TABLE IF EXISTS ONLY public."ChannelSyncLog" DROP CONSTRAINT IF EXISTS "ChannelSyncLog_connectionId_fkey";
ALTER TABLE IF EXISTS ONLY public."ChannelRetryQueue" DROP CONSTRAINT IF EXISTS "ChannelRetryQueue_tenantId_fkey";
ALTER TABLE IF EXISTS ONLY public."ChannelRestriction" DROP CONSTRAINT IF EXISTS "ChannelRestriction_roomTypeId_fkey";
ALTER TABLE IF EXISTS ONLY public."ChannelRestriction" DROP CONSTRAINT IF EXISTS "ChannelRestriction_connectionId_fkey";
ALTER TABLE IF EXISTS ONLY public."ChannelMapping" DROP CONSTRAINT IF EXISTS "ChannelMapping_roomTypeId_fkey";
ALTER TABLE IF EXISTS ONLY public."ChannelMapping" DROP CONSTRAINT IF EXISTS "ChannelMapping_ratePlanId_fkey";
ALTER TABLE IF EXISTS ONLY public."ChannelMapping" DROP CONSTRAINT IF EXISTS "ChannelMapping_connectionId_fkey";
ALTER TABLE IF EXISTS ONLY public."ChannelDeadLetterQueue" DROP CONSTRAINT IF EXISTS "ChannelDeadLetterQueue_tenantId_fkey";
ALTER TABLE IF EXISTS ONLY public."CaptivePortal" DROP CONSTRAINT IF EXISTS "CaptivePortal_tenantId_fkey";
ALTER TABLE IF EXISTS ONLY public."CaptivePortal" DROP CONSTRAINT IF EXISTS "CaptivePortal_propertyId_fkey";
ALTER TABLE IF EXISTS ONLY public."CancellationPolicy" DROP CONSTRAINT IF EXISTS "CancellationPolicy_tenantId_fkey";
ALTER TABLE IF EXISTS ONLY public."CancellationPenalty" DROP CONSTRAINT IF EXISTS "CancellationPenalty_tenantId_fkey";
ALTER TABLE IF EXISTS ONLY public."CancellationPenalty" DROP CONSTRAINT IF EXISTS "CancellationPenalty_policyId_fkey";
ALTER TABLE IF EXISTS ONLY public."CancellationPenalty" DROP CONSTRAINT IF EXISTS "CancellationPenalty_folioId_fkey";
ALTER TABLE IF EXISTS ONLY public."CancellationPenalty" DROP CONSTRAINT IF EXISTS "CancellationPenalty_bookingId_fkey";
ALTER TABLE IF EXISTS ONLY public."Campaign" DROP CONSTRAINT IF EXISTS "Campaign_tenantId_fkey";
ALTER TABLE IF EXISTS ONLY public."CampaignSegment" DROP CONSTRAINT IF EXISTS "CampaignSegment_segmentId_fkey";
ALTER TABLE IF EXISTS ONLY public."CampaignSegment" DROP CONSTRAINT IF EXISTS "CampaignSegment_campaignId_fkey";
ALTER TABLE IF EXISTS ONLY public."CampaignAbTest" DROP CONSTRAINT IF EXISTS "CampaignAbTest_tenantId_fkey";
ALTER TABLE IF EXISTS ONLY public."Camera" DROP CONSTRAINT IF EXISTS "Camera_propertyId_fkey";
ALTER TABLE IF EXISTS ONLY public."Camera" DROP CONSTRAINT IF EXISTS "Camera_groupId_fkey";
ALTER TABLE IF EXISTS ONLY public."CameraGroup" DROP CONSTRAINT IF EXISTS "CameraGroup_propertyId_fkey";
ALTER TABLE IF EXISTS ONLY public."CameraEvent" DROP CONSTRAINT IF EXISTS "CameraEvent_tenantId_fkey";
ALTER TABLE IF EXISTS ONLY public."CameraEvent" DROP CONSTRAINT IF EXISTS "CameraEvent_cameraId_fkey";
ALTER TABLE IF EXISTS ONLY public."BridgeConfig" DROP CONSTRAINT IF EXISTS "BridgeConfig_tenantId_fkey";
ALTER TABLE IF EXISTS ONLY public."BridgeConfig" DROP CONSTRAINT IF EXISTS "BridgeConfig_propertyId_fkey";
ALTER TABLE IF EXISTS ONLY public."Brand" DROP CONSTRAINT IF EXISTS "Brand_tenantId_fkey";
ALTER TABLE IF EXISTS ONLY public."Booking" DROP CONSTRAINT IF EXISTS "Booking_roomTypeId_fkey";
ALTER TABLE IF EXISTS ONLY public."Booking" DROP CONSTRAINT IF EXISTS "Booking_roomId_fkey";
ALTER TABLE IF EXISTS ONLY public."Booking" DROP CONSTRAINT IF EXISTS "Booking_ratePlanId_fkey";
ALTER TABLE IF EXISTS ONLY public."Booking" DROP CONSTRAINT IF EXISTS "Booking_propertyId_fkey";
ALTER TABLE IF EXISTS ONLY public."Booking" DROP CONSTRAINT IF EXISTS "Booking_primaryGuestId_fkey";
ALTER TABLE IF EXISTS ONLY public."Booking" DROP CONSTRAINT IF EXISTS "Booking_groupId_fkey";
ALTER TABLE IF EXISTS ONLY public."BookingAuditLog" DROP CONSTRAINT IF EXISTS "BookingAuditLog_bookingId_fkey";
ALTER TABLE IF EXISTS ONLY public."BondMember" DROP CONSTRAINT IF EXISTS "BondMember_interfaceId_fkey";
ALTER TABLE IF EXISTS ONLY public."BondMember" DROP CONSTRAINT IF EXISTS "BondMember_bondConfigId_fkey";
ALTER TABLE IF EXISTS ONLY public."BondConfig" DROP CONSTRAINT IF EXISTS "BondConfig_tenantId_fkey";
ALTER TABLE IF EXISTS ONLY public."BondConfig" DROP CONSTRAINT IF EXISTS "BondConfig_propertyId_fkey";
ALTER TABLE IF EXISTS ONLY public."BankTransaction" DROP CONSTRAINT IF EXISTS "BankTransaction_tenantId_fkey";
ALTER TABLE IF EXISTS ONLY public."BankTransaction" DROP CONSTRAINT IF EXISTS "BankTransaction_bankAccountId_fkey";
ALTER TABLE IF EXISTS ONLY public."BankAccount" DROP CONSTRAINT IF EXISTS "BankAccount_tenantId_fkey";
ALTER TABLE IF EXISTS ONLY public."BandwidthUsageSession" DROP CONSTRAINT IF EXISTS "BandwidthUsageSession_tenantId_fkey";
ALTER TABLE IF EXISTS ONLY public."BandwidthUsageSession" DROP CONSTRAINT IF EXISTS "BandwidthUsageSession_propertyId_fkey";
ALTER TABLE IF EXISTS ONLY public."BandwidthUsageDaily" DROP CONSTRAINT IF EXISTS "BandwidthUsageDaily_tenantId_fkey";
ALTER TABLE IF EXISTS ONLY public."BandwidthUsageDaily" DROP CONSTRAINT IF EXISTS "BandwidthUsageDaily_propertyId_fkey";
ALTER TABLE IF EXISTS ONLY public."BandwidthTopup" DROP CONSTRAINT IF EXISTS "BandwidthTopup_tenantId_fkey";
ALTER TABLE IF EXISTS ONLY public."BandwidthTopup" DROP CONSTRAINT IF EXISTS "BandwidthTopup_propertyId_fkey";
ALTER TABLE IF EXISTS ONLY public."BandwidthPool" DROP CONSTRAINT IF EXISTS "BandwidthPool_tenantId_fkey";
ALTER TABLE IF EXISTS ONLY public."BandwidthPool" DROP CONSTRAINT IF EXISTS "BandwidthPool_propertyId_fkey";
ALTER TABLE IF EXISTS ONLY public."BandwidthPolicy" DROP CONSTRAINT IF EXISTS "BandwidthPolicy_tenantId_fkey";
ALTER TABLE IF EXISTS ONLY public."BandwidthPolicy" DROP CONSTRAINT IF EXISTS "BandwidthPolicy_propertyId_fkey";
ALTER TABLE IF EXISTS ONLY public."BandwidthPolicyDetail" DROP CONSTRAINT IF EXISTS "BandwidthPolicyDetail_tenantId_fkey";
ALTER TABLE IF EXISTS ONLY public."AutomationRule" DROP CONSTRAINT IF EXISTS "AutomationRule_tenantId_fkey";
ALTER TABLE IF EXISTS ONLY public."AutomationExecutionLog" DROP CONSTRAINT IF EXISTS "AutomationExecutionLog_ruleId_fkey";
ALTER TABLE IF EXISTS ONLY public."AuditLog" DROP CONSTRAINT IF EXISTS "AuditLog_userId_fkey";
ALTER TABLE IF EXISTS ONLY public."AuditLog" DROP CONSTRAINT IF EXISTS "AuditLog_tenantId_fkey";
ALTER TABLE IF EXISTS ONLY public."Asset" DROP CONSTRAINT IF EXISTS "Asset_tenantId_fkey";
ALTER TABLE IF EXISTS ONLY public."Asset" DROP CONSTRAINT IF EXISTS "Asset_roomId_fkey";
ALTER TABLE IF EXISTS ONLY public."Asset" DROP CONSTRAINT IF EXISTS "Asset_propertyId_fkey";
ALTER TABLE IF EXISTS ONLY public."Amenity" DROP CONSTRAINT IF EXISTS "Amenity_tenantId_fkey";
ALTER TABLE IF EXISTS ONLY public."AiConversation" DROP CONSTRAINT IF EXISTS "AiConversation_userId_fkey";
ALTER TABLE IF EXISTS ONLY public."AiConversation" DROP CONSTRAINT IF EXISTS "AiConversation_tenantId_fkey";
ALTER TABLE IF EXISTS ONLY public."AiConversationMessage" DROP CONSTRAINT IF EXISTS "AiConversationMessage_conversationId_fkey";
ALTER TABLE IF EXISTS ONLY public."AdPerformance" DROP CONSTRAINT IF EXISTS "AdPerformance_campaignId_fkey";
ALTER TABLE IF EXISTS ONLY public."AdCampaign" DROP CONSTRAINT IF EXISTS "AdCampaign_tenantId_fkey";
ALTER TABLE IF EXISTS ONLY public."AISuggestion" DROP CONSTRAINT IF EXISTS "AISuggestion_tenantId_fkey";
DROP INDEX IF EXISTS public.radusergroup_username_idx;
DROP INDEX IF EXISTS public.radusergroup_groupname_idx;
DROP INDEX IF EXISTS public.radreply_username_idx;
DROP INDEX IF EXISTS public.radreply_attribute_idx;
DROP INDEX IF EXISTS public.radgroupreply_groupname_idx;
DROP INDEX IF EXISTS public.radgroupcheck_groupname_idx;
DROP INDEX IF EXISTS public.radcheck_username_idx;
DROP INDEX IF EXISTS public.radcheck_attribute_idx;
DROP INDEX IF EXISTS public.radacct_start_user_idx;
DROP INDEX IF EXISTS public.radacct_bulk_close;
DROP INDEX IF EXISTS public.radacct_active_session_idx;
DROP INDEX IF EXISTS public.radacct_acctuniqueid_key;
DROP INDEX IF EXISTS public.nas_nasname_idx;
DROP INDEX IF EXISTS public.nas_nasname;
DROP INDEX IF EXISTS public.idx_fup_switch_log_created_at;
DROP INDEX IF EXISTS public.fup_switch_log_username_idx;
DROP INDEX IF EXISTS public.fup_switch_log_triggered_idx;
DROP INDEX IF EXISTS public."_ModifierItems_B_index";
DROP INDEX IF EXISTS public."_CaptivePortalToVlanConfig_B_index";
DROP INDEX IF EXISTS public."WorkOrder_workOrderNumber_key";
DROP INDEX IF EXISTS public."WorkOrder_vendorId_idx";
DROP INDEX IF EXISTS public."WorkOrder_type_idx";
DROP INDEX IF EXISTS public."WorkOrder_tenantId_idx";
DROP INDEX IF EXISTS public."WorkOrder_status_idx";
DROP INDEX IF EXISTS public."WorkOrder_scheduledDate_idx";
DROP INDEX IF EXISTS public."WorkOrder_propertyId_idx";
DROP INDEX IF EXISTS public."WorkOrder_priority_idx";
DROP INDEX IF EXISTS public."WiFiVoucher_tenantId_idx";
DROP INDEX IF EXISTS public."WiFiVoucher_code_key";
DROP INDEX IF EXISTS public."WiFiVoucher_code_idx";
DROP INDEX IF EXISTS public."WiFiUser_username_key";
DROP INDEX IF EXISTS public."WiFiUser_username_idx";
DROP INDEX IF EXISTS public."WiFiUser_tenantId_idx";
DROP INDEX IF EXISTS public."WiFiUser_status_idx";
DROP INDEX IF EXISTS public."WiFiUser_propertyId_idx";
DROP INDEX IF EXISTS public."WiFiUser_ipPoolId_idx";
DROP INDEX IF EXISTS public."WiFiUser_guestId_idx";
DROP INDEX IF EXISTS public."WiFiUser_bookingId_idx";
DROP INDEX IF EXISTS public."WiFiUserStatusHistory_username_idx";
DROP INDEX IF EXISTS public."WiFiUserStatusHistory_userId_idx";
DROP INDEX IF EXISTS public."WiFiUserStatusHistory_tenantId_idx";
DROP INDEX IF EXISTS public."WiFiUserStatusHistory_propertyId_idx";
DROP INDEX IF EXISTS public."WiFiUserStatusHistory_createdAt_idx";
DROP INDEX IF EXISTS public."WiFiSession_username_idx";
DROP INDEX IF EXISTS public."WiFiSession_tenantId_idx";
DROP INDEX IF EXISTS public."WiFiSession_macAddress_idx";
DROP INDEX IF EXISTS public."WiFiSession_guestId_idx";
DROP INDEX IF EXISTS public."WiFiSession_acctUniqueId_idx";
DROP INDEX IF EXISTS public."WiFiPlan_tenantId_idx";
DROP INDEX IF EXISTS public."WiFiPlan_ipPoolId_idx";
DROP INDEX IF EXISTS public."WiFiGateway_vendor_idx";
DROP INDEX IF EXISTS public."WiFiGateway_tenantId_idx";
DROP INDEX IF EXISTS public."WiFiGateway_status_idx";
DROP INDEX IF EXISTS public."WiFiGateway_propertyId_ipAddress_key";
DROP INDEX IF EXISTS public."WiFiGateway_propertyId_idx";
DROP INDEX IF EXISTS public."WiFiAAAConfig_tenantId_idx";
DROP INDEX IF EXISTS public."WiFiAAAConfig_propertyId_key";
DROP INDEX IF EXISTS public."WebhookEndpoint_tenantId_idx";
DROP INDEX IF EXISTS public."WebhookDeliveryLog_status_idx";
DROP INDEX IF EXISTS public."WebhookDeliveryLog_endpointId_idx";
DROP INDEX IF EXISTS public."WebCategory_tenantId_idx";
DROP INDEX IF EXISTS public."WebCategory_propertyId_name_key";
DROP INDEX IF EXISTS public."WebCategory_propertyId_idx";
DROP INDEX IF EXISTS public."WebCategory_enabled_idx";
DROP INDEX IF EXISTS public."WebCategory_categoryType_idx";
DROP INDEX IF EXISTS public."WebCategorySchedule_webCategoryId_idx";
DROP INDEX IF EXISTS public."WebCategorySchedule_tenantId_idx";
DROP INDEX IF EXISTS public."WebCategorySchedule_scheduleAccessId_idx";
DROP INDEX IF EXISTS public."WebCategorySchedule_propertyId_idx";
DROP INDEX IF EXISTS public."WanFailover_tenantId_idx";
DROP INDEX IF EXISTS public."WanFailover_propertyId_key";
DROP INDEX IF EXISTS public."WaitlistEntry_tenantId_idx";
DROP INDEX IF EXISTS public."WaitlistEntry_status_idx";
DROP INDEX IF EXISTS public."WaitlistEntry_propertyId_idx";
DROP INDEX IF EXISTS public."WaitlistEntry_bookingId_key";
DROP INDEX IF EXISTS public."VlanConfig_tenantId_idx";
DROP INDEX IF EXISTS public."VlanConfig_propertyId_vlanId_key";
DROP INDEX IF EXISTS public."VlanConfig_propertyId_subInterface_key";
DROP INDEX IF EXISTS public."VlanConfig_propertyId_idx";
DROP INDEX IF EXISTS public."Vendor_type_idx";
DROP INDEX IF EXISTS public."Vendor_tenantId_idx";
DROP INDEX IF EXISTS public."Vendor_status_idx";
DROP INDEX IF EXISTS public."Vendor_portalToken_key";
DROP INDEX IF EXISTS public."Vendor_portalEmail_key";
DROP INDEX IF EXISTS public."VendorPayment_workOrderId_idx";
DROP INDEX IF EXISTS public."VendorPayment_vendorId_idx";
DROP INDEX IF EXISTS public."VendorPayment_tenantId_idx";
DROP INDEX IF EXISTS public."VendorPayment_status_idx";
DROP INDEX IF EXISTS public."VendorPayment_paymentNumber_key";
DROP INDEX IF EXISTS public."VendorPayment_dueDate_idx";
DROP INDEX IF EXISTS public."Vehicle_tenantId_idx";
DROP INDEX IF EXISTS public."Vehicle_licensePlate_idx";
DROP INDEX IF EXISTS public."User_tenantId_idx";
DROP INDEX IF EXISTS public."User_tenantId_email_key";
DROP INDEX IF EXISTS public."User_email_idx";
DROP INDEX IF EXISTS public."UserTutorial_userId_tutorialKey_key";
DROP INDEX IF EXISTS public."UserTutorial_userId_idx";
DROP INDEX IF EXISTS public."UserTutorial_tenantId_idx";
DROP INDEX IF EXISTS public."UserFcmToken_userId_idx";
DROP INDEX IF EXISTS public."UserFcmToken_token_key";
DROP INDEX IF EXISTS public."UserFcmToken_token_idx";
DROP INDEX IF EXISTS public."UserFcmToken_tenantId_idx";
DROP INDEX IF EXISTS public."UserFcmToken_isActive_idx";
DROP INDEX IF EXISTS public."UsageSummary_tenantId_key";
DROP INDEX IF EXISTS public."UsageSummary_tenantId_idx";
DROP INDEX IF EXISTS public."UsageSummary_lastResetAt_idx";
DROP INDEX IF EXISTS public."UsageLog_type_idx";
DROP INDEX IF EXISTS public."UsageLog_tenantId_type_createdAt_idx";
DROP INDEX IF EXISTS public."UsageLog_tenantId_idx";
DROP INDEX IF EXISTS public."UsageLog_createdAt_idx";
DROP INDEX IF EXISTS public."Tenant_slug_key";
DROP INDEX IF EXISTS public."TaxReport_tenantId_idx";
DROP INDEX IF EXISTS public."TaxReport_status_idx";
DROP INDEX IF EXISTS public."TaxReport_reportType_idx";
DROP INDEX IF EXISTS public."TaxReport_reportNumber_key";
DROP INDEX IF EXISTS public."TaxReport_propertyId_idx";
DROP INDEX IF EXISTS public."TaxReport_periodStart_periodEnd_idx";
DROP INDEX IF EXISTS public."TaxReport_jurisdiction_idx";
DROP INDEX IF EXISTS public."TaxReport_filingDueDate_idx";
DROP INDEX IF EXISTS public."Task_tenantId_propertyId_status_idx";
DROP INDEX IF EXISTS public."Task_tenantId_idx";
DROP INDEX IF EXISTS public."Task_status_idx";
DROP INDEX IF EXISTS public."Task_roomId_idx";
DROP INDEX IF EXISTS public."Task_propertyId_status_idx";
DROP INDEX IF EXISTS public."Task_propertyId_idx";
DROP INDEX IF EXISTS public."Task_priority_idx";
DROP INDEX IF EXISTS public."Task_assignedTo_idx";
DROP INDEX IF EXISTS public."TaskAssignmentSuggestion_tenantId_idx";
DROP INDEX IF EXISTS public."TaskAssignmentSuggestion_taskId_idx";
DROP INDEX IF EXISTS public."TaskAssignmentSuggestion_suggestedUserId_idx";
DROP INDEX IF EXISTS public."TaskAssignmentSuggestion_status_idx";
DROP INDEX IF EXISTS public."TaskAssignmentSuggestion_expiresAt_idx";
DROP INDEX IF EXISTS public."TableMerge_tenantId_idx";
DROP INDEX IF EXISTS public."TableMerge_status_idx";
DROP INDEX IF EXISTS public."TableMerge_propertyId_idx";
DROP INDEX IF EXISTS public."SystemNetworkHealth_tenantId_idx";
DROP INDEX IF EXISTS public."SystemNetworkHealth_propertyId_key";
DROP INDEX IF EXISTS public."SyslogServer_tenantId_idx";
DROP INDEX IF EXISTS public."SyslogServer_propertyId_idx";
DROP INDEX IF EXISTS public."SyslogServer_enabled_idx";
DROP INDEX IF EXISTS public."SurveillanceConfig_tenantId_propertyId_configType_key";
DROP INDEX IF EXISTS public."SurveillanceConfig_tenantId_idx";
DROP INDEX IF EXISTS public."SurveillanceConfig_propertyId_idx";
DROP INDEX IF EXISTS public."Subscription_tenantId_idx";
DROP INDEX IF EXISTS public."SubscriptionInvoice_subscriptionId_idx";
DROP INDEX IF EXISTS public."SubscriptionInvoice_invoiceNumber_key";
DROP INDEX IF EXISTS public."StockItem_tenantId_idx";
DROP INDEX IF EXISTS public."StockItem_expiryDate_idx";
DROP INDEX IF EXISTS public."StockConsumption_stockItemId_idx";
DROP INDEX IF EXISTS public."StaticRoute_tenantId_idx";
DROP INDEX IF EXISTS public."StaticRoute_propertyId_idx";
DROP INDEX IF EXISTS public."StaticRoute_isDefault_idx";
DROP INDEX IF EXISTS public."StaticRoute_enabled_idx";
DROP INDEX IF EXISTS public."StaffWorkload_userId_idx";
DROP INDEX IF EXISTS public."StaffWorkload_userId_date_key";
DROP INDEX IF EXISTS public."StaffWorkload_tenantId_idx";
DROP INDEX IF EXISTS public."StaffWorkload_date_idx";
DROP INDEX IF EXISTS public."StaffSkill_userId_skillName_key";
DROP INDEX IF EXISTS public."StaffSkill_userId_idx";
DROP INDEX IF EXISTS public."StaffSkill_tenantId_idx";
DROP INDEX IF EXISTS public."StaffSkill_category_idx";
DROP INDEX IF EXISTS public."StaffShift_userId_idx";
DROP INDEX IF EXISTS public."StaffShift_tenantId_idx";
DROP INDEX IF EXISTS public."StaffShift_date_idx";
DROP INDEX IF EXISTS public."StaffSchedule_userId_idx";
DROP INDEX IF EXISTS public."StaffSchedule_userId_date_key";
DROP INDEX IF EXISTS public."StaffSchedule_tenantId_idx";
DROP INDEX IF EXISTS public."StaffSchedule_date_idx";
DROP INDEX IF EXISTS public."StaffPerformance_userId_reviewPeriod_reviewYear_key";
DROP INDEX IF EXISTS public."StaffPerformance_userId_idx";
DROP INDEX IF EXISTS public."StaffPerformance_tenantId_idx";
DROP INDEX IF EXISTS public."StaffPerformance_reviewYear_idx";
DROP INDEX IF EXISTS public."StaffLeave_userId_idx";
DROP INDEX IF EXISTS public."StaffLeave_tenantId_idx";
DROP INDEX IF EXISTS public."StaffLeave_status_idx";
DROP INDEX IF EXISTS public."StaffLeave_startDate_idx";
DROP INDEX IF EXISTS public."StaffChatMessage_sentAt_idx";
DROP INDEX IF EXISTS public."StaffChatMessage_senderId_idx";
DROP INDEX IF EXISTS public."StaffChatMessage_channelId_idx";
DROP INDEX IF EXISTS public."StaffChannel_type_idx";
DROP INDEX IF EXISTS public."StaffChannel_tenantId_idx";
DROP INDEX IF EXISTS public."StaffChannel_department_idx";
DROP INDEX IF EXISTS public."StaffChannelMember_userId_idx";
DROP INDEX IF EXISTS public."StaffChannelMember_channelId_userId_key";
DROP INDEX IF EXISTS public."StaffChannelMember_channelId_idx";
DROP INDEX IF EXISTS public."StaffAttendance_userId_date_key";
DROP INDEX IF EXISTS public."StaffAttendance_tenantId_idx";
DROP INDEX IF EXISTS public."StaffAttendance_date_idx";
DROP INDEX IF EXISTS public."ShiftTemplate_tenantId_idx";
DROP INDEX IF EXISTS public."Session_userId_idx";
DROP INDEX IF EXISTS public."Session_token_key";
DROP INDEX IF EXISTS public."Session_token_idx";
DROP INDEX IF EXISTS public."Session_refreshToken_key";
DROP INDEX IF EXISTS public."ServiceRequest_tenantId_idx";
DROP INDEX IF EXISTS public."ServiceRequest_status_idx";
DROP INDEX IF EXISTS public."ServiceRequest_propertyId_idx";
DROP INDEX IF EXISTS public."SegmentMembership_segmentId_guestId_key";
DROP INDEX IF EXISTS public."SecuritySettings_tenantId_key";
DROP INDEX IF EXISTS public."SecuritySettings_tenantId_idx";
DROP INDEX IF EXISTS public."SecurityIncident_tenantId_idx";
DROP INDEX IF EXISTS public."SecurityIncident_status_idx";
DROP INDEX IF EXISTS public."SecurityIncident_severity_idx";
DROP INDEX IF EXISTS public."SecurityIncident_incidentDate_idx";
DROP INDEX IF EXISTS public."SecurityEvent_timestamp_idx";
DROP INDEX IF EXISTS public."SecurityEvent_tenantId_idx";
DROP INDEX IF EXISTS public."SecurityEvent_severity_idx";
DROP INDEX IF EXISTS public."SecurityEvent_cameraId_idx";
DROP INDEX IF EXISTS public."SecurityEvent_acknowledged_idx";
DROP INDEX IF EXISTS public."ScheduledReport_tenantId_idx";
DROP INDEX IF EXISTS public."ScheduledNotification_tenantId_idx";
DROP INDEX IF EXISTS public."ScheduledNotification_status_idx";
DROP INDEX IF EXISTS public."ScheduledNotification_scheduledFor_idx";
DROP INDEX IF EXISTS public."ScheduledNotification_recipientId_idx";
DROP INDEX IF EXISTS public."ScheduledNotification_nextRetryAt_idx";
DROP INDEX IF EXISTS public."ScheduledCharge_tenantId_idx";
DROP INDEX IF EXISTS public."ScheduledCharge_propertyId_idx";
DROP INDEX IF EXISTS public."ScheduledCharge_nextExecutionAt_idx";
DROP INDEX IF EXISTS public."ScheduledCharge_isActive_idx";
DROP INDEX IF EXISTS public."ScheduledCharge_folioId_idx";
DROP INDEX IF EXISTS public."ScheduledCharge_bookingId_idx";
DROP INDEX IF EXISTS public."ScheduleAccess_tenantId_idx";
DROP INDEX IF EXISTS public."ScheduleAccess_propertyId_idx";
DROP INDEX IF EXISTS public."ScheduleAccess_enabled_idx";
DROP INDEX IF EXISTS public."SSOSession_userId_idx";
DROP INDEX IF EXISTS public."SSOSession_ssoProviderId_idx";
DROP INDEX IF EXISTS public."SSOSession_sessionId_idx";
DROP INDEX IF EXISTS public."SSOSession_expiresAt_idx";
DROP INDEX IF EXISTS public."SSOSession_connectionId_idx";
DROP INDEX IF EXISTS public."SSOConnection_type_idx";
DROP INDEX IF EXISTS public."SSOConnection_tenantId_idx";
DROP INDEX IF EXISTS public."SSOConnection_status_idx";
DROP INDEX IF EXISTS public."Room_status_idx";
DROP INDEX IF EXISTS public."Room_roomTypeId_idx";
DROP INDEX IF EXISTS public."Room_propertyId_status_idx";
DROP INDEX IF EXISTS public."Room_propertyId_number_key";
DROP INDEX IF EXISTS public."Room_propertyId_idx";
DROP INDEX IF EXISTS public."Room_housekeepingStatus_idx";
DROP INDEX IF EXISTS public."Room_currentTaskId_key";
DROP INDEX IF EXISTS public."Room_currentTaskId_idx";
DROP INDEX IF EXISTS public."RoomType_propertyId_idx";
DROP INDEX IF EXISTS public."RoomType_propertyId_code_key";
DROP INDEX IF EXISTS public."RoomMoveLog_tenantId_idx";
DROP INDEX IF EXISTS public."RoomMoveLog_propertyId_idx";
DROP INDEX IF EXISTS public."RoomMoveLog_guestId_idx";
DROP INDEX IF EXISTS public."RoomMoveLog_createdAt_idx";
DROP INDEX IF EXISTS public."RoomMoveLog_bookingId_idx";
DROP INDEX IF EXISTS public."Role_tenantId_name_key";
DROP INDEX IF EXISTS public."Role_tenantId_idx";
DROP INDEX IF EXISTS public."RestaurantTable_propertyId_number_key";
DROP INDEX IF EXISTS public."RestaurantTable_propertyId_idx";
DROP INDEX IF EXISTS public."Reservation_tableId_idx";
DROP INDEX IF EXISTS public."Reservation_status_idx";
DROP INDEX IF EXISTS public."Reservation_propertyId_idx";
DROP INDEX IF EXISTS public."Reservation_date_idx";
DROP INDEX IF EXISTS public."ReportHistory_type_idx";
DROP INDEX IF EXISTS public."ReportHistory_tenantId_idx";
DROP INDEX IF EXISTS public."ReportHistory_generatedAt_idx";
DROP INDEX IF EXISTS public."ReportCache_tenantId_reportType_periodStart_periodEnd_key";
DROP INDEX IF EXISTS public."ReportCache_tenantId_idx";
DROP INDEX IF EXISTS public."ReportCache_expiresAt_idx";
DROP INDEX IF EXISTS public."RegistrationPlan_sortOrder_idx";
DROP INDEX IF EXISTS public."RegistrationPlan_name_key";
DROP INDEX IF EXISTS public."RegistrationPlan_isActive_idx";
DROP INDEX IF EXISTS public."RegistrationCard_tenantId_idx";
DROP INDEX IF EXISTS public."RegistrationCard_propertyId_idx";
DROP INDEX IF EXISTS public."RegistrationCard_guestId_idx";
DROP INDEX IF EXISTS public."RegistrationCard_cardNumber_key";
DROP INDEX IF EXISTS public."RegistrationCard_cardNumber_idx";
DROP INDEX IF EXISTS public."RegistrationCard_bookingId_idx";
DROP INDEX IF EXISTS public."Reconciliation_tenantId_idx";
DROP INDEX IF EXISTS public."Reconciliation_status_idx";
DROP INDEX IF EXISTS public."Reconciliation_reconciledAt_idx";
DROP INDEX IF EXISTS public."Reconciliation_paymentId_idx";
DROP INDEX IF EXISTS public."Reconciliation_bankTransactionId_idx";
DROP INDEX IF EXISTS public."Reconciliation_bankAccountId_idx";
DROP INDEX IF EXISTS public."Recipe_tenantId_idx";
DROP INDEX IF EXISTS public."Recipe_menuItemId_key";
DROP INDEX IF EXISTS public."Recipe_menuItemId_idx";
DROP INDEX IF EXISTS public."RecipeIngredient_tenantId_idx";
DROP INDEX IF EXISTS public."RecipeIngredient_recipeId_idx";
DROP INDEX IF EXISTS public."RatePlan_tenantId_roomTypeId_code_key";
DROP INDEX IF EXISTS public."RatePlan_tenantId_idx";
DROP INDEX IF EXISTS public."RatePlan_roomTypeId_idx";
DROP INDEX IF EXISTS public."RatePlan_derivedFromId_idx";
DROP INDEX IF EXISTS public."RadiusServerConfig_tenantId_idx";
DROP INDEX IF EXISTS public."RadiusServerConfig_propertyId_key";
DROP INDEX IF EXISTS public."RadiusProvisioningLog_username_idx";
DROP INDEX IF EXISTS public."RadiusProvisioningLog_timestamp_idx";
DROP INDEX IF EXISTS public."RadiusProvisioningLog_result_idx";
DROP INDEX IF EXISTS public."RadiusProvisioningLog_propertyId_idx";
DROP INDEX IF EXISTS public."RadiusProvisioningLog_bookingId_idx";
DROP INDEX IF EXISTS public."RadiusProvisioningLog_action_idx";
DROP INDEX IF EXISTS public."RadiusNAS_tenantId_idx";
DROP INDEX IF EXISTS public."RadiusNAS_status_idx";
DROP INDEX IF EXISTS public."RadiusNAS_propertyId_shortname_key";
DROP INDEX IF EXISTS public."RadiusNAS_propertyId_ipAddress_key";
DROP INDEX IF EXISTS public."RadiusNAS_propertyId_idx";
DROP INDEX IF EXISTS public."RadiusMacAuth_status_idx";
DROP INDEX IF EXISTS public."RadiusMacAuth_propertyId_macAddress_key";
DROP INDEX IF EXISTS public."RadiusMacAuth_propertyId_idx";
DROP INDEX IF EXISTS public."RadiusMacAuth_planId_idx";
DROP INDEX IF EXISTS public."RadiusMacAuth_macAddress_idx";
DROP INDEX IF EXISTS public."RadiusMacAuth_guestId_idx";
DROP INDEX IF EXISTS public."RadiusEventUser_validUntil_idx";
DROP INDEX IF EXISTS public."RadiusEventUser_username_key";
DROP INDEX IF EXISTS public."RadiusEventUser_status_idx";
DROP INDEX IF EXISTS public."RadiusEventUser_propertyId_idx";
DROP INDEX IF EXISTS public."RadiusEventUser_eventId_idx";
DROP INDEX IF EXISTS public."RadiusCoaLog_username_idx";
DROP INDEX IF EXISTS public."RadiusCoaLog_timestamp_idx";
DROP INDEX IF EXISTS public."RadiusCoaLog_result_idx";
DROP INDEX IF EXISTS public."RadiusCoaLog_propertyId_idx";
DROP INDEX IF EXISTS public."RadiusCoaLog_action_idx";
DROP INDEX IF EXISTS public."RadiusAuthLog_username_idx";
DROP INDEX IF EXISTS public."RadiusAuthLog_timestamp_idx";
DROP INDEX IF EXISTS public."RadiusAuthLog_propertyId_idx";
DROP INDEX IF EXISTS public."RadiusAuthLog_callingStationId_idx";
DROP INDEX IF EXISTS public."RadiusAuthLog_authResult_idx";
DROP INDEX IF EXISTS public."PurchaseOrder_tenantId_idx";
DROP INDEX IF EXISTS public."PurchaseOrder_orderNumber_key";
DROP INDEX IF EXISTS public."PurchaseOrderItem_purchaseOrderId_idx";
DROP INDEX IF EXISTS public."Property_tenantId_slug_key";
DROP INDEX IF EXISTS public."Property_tenantId_idx";
DROP INDEX IF EXISTS public."Property_brandId_idx";
DROP INDEX IF EXISTS public."Promotion_tenantId_idx";
DROP INDEX IF EXISTS public."Promotion_code_key";
DROP INDEX IF EXISTS public."Promotion_code_idx";
DROP INDEX IF EXISTS public."PricingRule_type_idx";
DROP INDEX IF EXISTS public."PricingRule_tenantId_idx";
DROP INDEX IF EXISTS public."PricingRule_propertyId_idx";
DROP INDEX IF EXISTS public."PricingRule_isActive_idx";
DROP INDEX IF EXISTS public."PriceOverride_ratePlanId_date_key";
DROP INDEX IF EXISTS public."PreventiveMaintenance_tenantId_idx";
DROP INDEX IF EXISTS public."PreventiveMaintenance_status_idx";
DROP INDEX IF EXISTS public."PreventiveMaintenance_propertyId_idx";
DROP INDEX IF EXISTS public."PreventiveMaintenance_nextDueAt_idx";
DROP INDEX IF EXISTS public."PreventiveMaintenance_assetId_idx";
DROP INDEX IF EXISTS public."PortalWhitelist_status_idx";
DROP INDEX IF EXISTS public."PortalWhitelist_propertyId_idx";
DROP INDEX IF EXISTS public."PortalWhitelist_propertyId_domain_path_key";
DROP INDEX IF EXISTS public."PortalWhitelist_domain_idx";
DROP INDEX IF EXISTS public."PortalTemplate_tenantId_idx";
DROP INDEX IF EXISTS public."PortalTemplate_category_idx";
DROP INDEX IF EXISTS public."PortalPage_tenantId_idx";
DROP INDEX IF EXISTS public."PortalPage_portalId_language_key";
DROP INDEX IF EXISTS public."PortalPage_portalId_idx";
DROP INDEX IF EXISTS public."PortalMapping_tenantId_idx";
DROP INDEX IF EXISTS public."PortalMapping_ssid_idx";
DROP INDEX IF EXISTS public."PortalMapping_propertyId_idx";
DROP INDEX IF EXISTS public."PortalMapping_portalId_idx";
DROP INDEX IF EXISTS public."PortalMapping_enabled_idx";
DROP INDEX IF EXISTS public."PortalAuthentication_tenantId_idx";
DROP INDEX IF EXISTS public."PortalAuthentication_propertyId_idx";
DROP INDEX IF EXISTS public."PortalAuthentication_portalId_method_key";
DROP INDEX IF EXISTS public."PortalAuthentication_portalId_idx";
DROP INDEX IF EXISTS public."PortForwardRule_tenantId_idx";
DROP INDEX IF EXISTS public."PortForwardRule_propertyId_idx";
DROP INDEX IF EXISTS public."PortForwardRule_enabled_idx";
DROP INDEX IF EXISTS public."Payment_tenantId_status_idx";
DROP INDEX IF EXISTS public."Payment_tenantId_idx";
DROP INDEX IF EXISTS public."Payment_status_idx";
DROP INDEX IF EXISTS public."Payment_idempotencyKey_key";
DROP INDEX IF EXISTS public."Payment_gateway_idx";
DROP INDEX IF EXISTS public."Payment_gatewayRef_idx";
DROP INDEX IF EXISTS public."Payment_folioId_idx";
DROP INDEX IF EXISTS public."PaymentToken_tenantId_idx";
DROP INDEX IF EXISTS public."PaymentToken_status_idx";
DROP INDEX IF EXISTS public."PaymentToken_propertyId_idx";
DROP INDEX IF EXISTS public."PaymentToken_guestId_idx";
DROP INDEX IF EXISTS public."PaymentToken_folioId_idx";
DROP INDEX IF EXISTS public."PaymentSchedule_tenantId_idx";
DROP INDEX IF EXISTS public."PaymentSchedule_status_idx";
DROP INDEX IF EXISTS public."PaymentSchedule_propertyId_idx";
DROP INDEX IF EXISTS public."PaymentSchedule_folioId_idx";
DROP INDEX IF EXISTS public."PaymentSchedule_bookingId_idx";
DROP INDEX IF EXISTS public."PaymentGateway_tenantId_provider_key";
DROP INDEX IF EXISTS public."PaymentGateway_tenantId_idx";
DROP INDEX IF EXISTS public."PaymentGateway_status_idx";
DROP INDEX IF EXISTS public."ParkingSlot_tenantId_number_key";
DROP INDEX IF EXISTS public."ParkingSlot_tenantId_idx";
DROP INDEX IF EXISTS public."ParkingPass_tenantId_idx";
DROP INDEX IF EXISTS public."ParkingPass_status_idx";
DROP INDEX IF EXISTS public."ParkingPass_propertyId_idx";
DROP INDEX IF EXISTS public."ParkingPass_endDate_idx";
DROP INDEX IF EXISTS public."Order_tenantId_idx";
DROP INDEX IF EXISTS public."Order_status_idx";
DROP INDEX IF EXISTS public."Order_roomNumber_idx";
DROP INDEX IF EXISTS public."Order_propertyId_idx";
DROP INDEX IF EXISTS public."Order_orderNumber_key";
DROP INDEX IF EXISTS public."OrderItem_orderId_idx";
DROP INDEX IF EXISTS public."OrderDiscount_tenantId_idx";
DROP INDEX IF EXISTS public."OrderDiscount_orderId_idx";
DROP INDEX IF EXISTS public."OrderCategory_propertyId_idx";
DROP INDEX IF EXISTS public."Notification_userId_idx";
DROP INDEX IF EXISTS public."Notification_type_idx";
DROP INDEX IF EXISTS public."Notification_tenantId_idx";
DROP INDEX IF EXISTS public."Notification_readAt_idx";
DROP INDEX IF EXISTS public."Notification_expiresAt_idx";
DROP INDEX IF EXISTS public."Notification_createdAt_idx";
DROP INDEX IF EXISTS public."NotificationTemplate_tenantId_triggerEvent_type_key";
DROP INDEX IF EXISTS public."NotificationTemplate_tenantId_idx";
DROP INDEX IF EXISTS public."NotificationPreference_userId_idx";
DROP INDEX IF EXISTS public."NotificationPreference_userId_category_key";
DROP INDEX IF EXISTS public."NotificationPreference_tenantId_idx";
DROP INDEX IF EXISTS public."NotificationLog_tenantId_idx";
DROP INDEX IF EXISTS public."NotificationLog_status_idx";
DROP INDEX IF EXISTS public."NotificationLog_recipientId_idx";
DROP INDEX IF EXISTS public."NetworkInterface_tenantId_idx";
DROP INDEX IF EXISTS public."NetworkInterface_status_idx";
DROP INDEX IF EXISTS public."NetworkInterface_propertyId_name_key";
DROP INDEX IF EXISTS public."NetworkInterface_propertyId_idx";
DROP INDEX IF EXISTS public."NetworkConfigBackup_tenantId_idx";
DROP INDEX IF EXISTS public."NetworkConfigBackup_propertyId_idx";
DROP INDEX IF EXISTS public."NetworkConfigBackup_createdAt_idx";
DROP INDEX IF EXISTS public."NatLog_timestamp_idx";
DROP INDEX IF EXISTS public."NatLog_tenantId_idx";
DROP INDEX IF EXISTS public."NatLog_sourceIp_idx";
DROP INDEX IF EXISTS public."NatLog_sessionId_idx";
DROP INDEX IF EXISTS public."NatLog_propertyId_idx";
DROP INDEX IF EXISTS public."NatLog_destDomain_idx";
DROP INDEX IF EXISTS public."NasHealthLog_tenantId_idx";
DROP INDEX IF EXISTS public."NasHealthLog_propertyId_idx";
DROP INDEX IF EXISTS public."NasHealthLog_nasIpAddress_idx";
DROP INDEX IF EXISTS public."NasHealthLog_isOnline_idx";
DROP INDEX IF EXISTS public."NasHealthLog_createdAt_idx";
DROP INDEX IF EXISTS public."MultiWanConfig_tenantId_idx";
DROP INDEX IF EXISTS public."MultiWanConfig_propertyId_key";
DROP INDEX IF EXISTS public."MetasearchConnection_tenantId_propertyId_platform_key";
DROP INDEX IF EXISTS public."MetasearchConnection_tenantId_idx";
DROP INDEX IF EXISTS public."MetasearchConnection_status_idx";
DROP INDEX IF EXISTS public."MetasearchConnection_platform_idx";
DROP INDEX IF EXISTS public."MessageTemplate_tenantId_name_channel_key";
DROP INDEX IF EXISTS public."MessageTemplate_tenantId_idx";
DROP INDEX IF EXISTS public."MessageTemplate_channel_idx";
DROP INDEX IF EXISTS public."MessageTemplate_category_idx";
DROP INDEX IF EXISTS public."MenuVariant_propertyId_idx";
DROP INDEX IF EXISTS public."MenuVariant_menuItemId_idx";
DROP INDEX IF EXISTS public."MenuModifier_propertyId_idx";
DROP INDEX IF EXISTS public."MenuModifier_isAvailable_idx";
DROP INDEX IF EXISTS public."MenuModifierOption_propertyId_idx";
DROP INDEX IF EXISTS public."MenuModifierOption_modifierGroupId_idx";
DROP INDEX IF EXISTS public."MenuItem_propertyId_idx";
DROP INDEX IF EXISTS public."MenuItem_categoryId_idx";
DROP INDEX IF EXISTS public."ManualTransaction_tenantId_idx";
DROP INDEX IF EXISTS public."ManualTransaction_status_idx";
DROP INDEX IF EXISTS public."ManualTransaction_paymentId_idx";
DROP INDEX IF EXISTS public."MaintenanceBlock_tenantId_idx";
DROP INDEX IF EXISTS public."MaintenanceBlock_status_idx";
DROP INDEX IF EXISTS public."MaintenanceBlock_startDate_idx";
DROP INDEX IF EXISTS public."MaintenanceBlock_roomId_idx";
DROP INDEX IF EXISTS public."MaintenanceBlock_propertyId_idx";
DROP INDEX IF EXISTS public."MaintenanceBlock_endDate_idx";
DROP INDEX IF EXISTS public."MacFilter_tenantId_idx";
DROP INDEX IF EXISTS public."MacFilter_propertyId_macAddress_key";
DROP INDEX IF EXISTS public."MacFilter_propertyId_idx";
DROP INDEX IF EXISTS public."MacFilter_listType_idx";
DROP INDEX IF EXISTS public."MacFilter_enabled_idx";
DROP INDEX IF EXISTS public."LoyaltyTransaction_tenantId_idx";
DROP INDEX IF EXISTS public."LoyaltyTransaction_guestId_idx";
DROP INDEX IF EXISTS public."LoyaltyTier_tenantId_name_key";
DROP INDEX IF EXISTS public."LoyaltyTier_tenantId_idx";
DROP INDEX IF EXISTS public."LoyaltyTier_minPoints_idx";
DROP INDEX IF EXISTS public."LoyaltyReward_tenantId_idx";
DROP INDEX IF EXISTS public."LoyaltyReward_isAvailable_idx";
DROP INDEX IF EXISTS public."LoyaltyReward_category_idx";
DROP INDEX IF EXISTS public."LoyaltyRedemption_tenantId_idx";
DROP INDEX IF EXISTS public."LoyaltyRedemption_status_idx";
DROP INDEX IF EXISTS public."LoyaltyRedemption_rewardId_idx";
DROP INDEX IF EXISTS public."LoyaltyRedemption_redemptionCode_key";
DROP INDEX IF EXISTS public."LoyaltyRedemption_redemptionCode_idx";
DROP INDEX IF EXISTS public."LoyaltyRedemption_guestId_idx";
DROP INDEX IF EXISTS public."LoyaltyPointTransaction_type_idx";
DROP INDEX IF EXISTS public."LoyaltyPointTransaction_tenantId_idx";
DROP INDEX IF EXISTS public."LoyaltyPointTransaction_guestId_idx";
DROP INDEX IF EXISTS public."LoyaltyPointTransaction_expiresAt_idx";
DROP INDEX IF EXISTS public."LiveSession_username_key";
DROP INDEX IF EXISTS public."LiveSession_username_idx";
DROP INDEX IF EXISTS public."LiveSession_userId_idx";
DROP INDEX IF EXISTS public."LiveSession_tenantId_idx";
DROP INDEX IF EXISTS public."LiveSession_status_idx";
DROP INDEX IF EXISTS public."LiveSession_propertyId_idx";
DROP INDEX IF EXISTS public."LiveSession_nasIpAddress_idx";
DROP INDEX IF EXISTS public."LiveSession_macAddress_idx";
DROP INDEX IF EXISTS public."LiveSession_framedIpAddress_idx";
DROP INDEX IF EXISTS public."LiveSession_acctSessionId_key";
DROP INDEX IF EXISTS public."LicenseKey_tenantId_idx";
DROP INDEX IF EXISTS public."LicenseKey_status_idx";
DROP INDEX IF EXISTS public."LicenseKey_planId_idx";
DROP INDEX IF EXISTS public."LicenseKey_key_key";
DROP INDEX IF EXISTS public."LicenseKey_key_idx";
DROP INDEX IF EXISTS public."LicenseKey_batchId_idx";
DROP INDEX IF EXISTS public."LicenseKey_activatedBy_idx";
DROP INDEX IF EXISTS public."KioskSettings_tenantId_idx";
DROP INDEX IF EXISTS public."KioskSettings_propertyId_key";
DROP INDEX IF EXISTS public."KioskSettings_propertyId_idx";
DROP INDEX IF EXISTS public."KeyCard_validTo_idx";
DROP INDEX IF EXISTS public."KeyCard_validFrom_idx";
DROP INDEX IF EXISTS public."KeyCard_tenantId_idx";
DROP INDEX IF EXISTS public."KeyCard_status_idx";
DROP INDEX IF EXISTS public."KeyCard_roomId_idx";
DROP INDEX IF EXISTS public."KeyCard_propertyId_idx";
DROP INDEX IF EXISTS public."KeyCard_guestId_idx";
DROP INDEX IF EXISTS public."KeyCard_cardNumber_key";
DROP INDEX IF EXISTS public."KeyCard_cardNumber_idx";
DROP INDEX IF EXISTS public."KeyCard_bookingId_idx";
DROP INDEX IF EXISTS public."IpPool_tenantId_name_key";
DROP INDEX IF EXISTS public."IpPool_tenantId_idx";
DROP INDEX IF EXISTS public."IpPool_propertyId_idx";
DROP INDEX IF EXISTS public."IpPool_isDefault_idx";
DROP INDEX IF EXISTS public."IpPool_captivePortal_idx";
DROP INDEX IF EXISTS public."IpPoolRange_poolId_idx";
DROP INDEX IF EXISTS public."IoTReading_timestamp_idx";
DROP INDEX IF EXISTS public."IoTReading_deviceId_idx";
DROP INDEX IF EXISTS public."IoTDevice_tenantId_idx";
DROP INDEX IF EXISTS public."IoTDevice_roomId_idx";
DROP INDEX IF EXISTS public."IoTDevice_propertyId_idx";
DROP INDEX IF EXISTS public."IoTCommand_status_idx";
DROP INDEX IF EXISTS public."IoTCommand_deviceId_idx";
DROP INDEX IF EXISTS public."Invoice_tenantId_idx";
DROP INDEX IF EXISTS public."Invoice_isRecurring_recurringNextDate_idx";
DROP INDEX IF EXISTS public."Invoice_invoiceNumber_key";
DROP INDEX IF EXISTS public."InvoiceTemplate_tenantId_idx";
DROP INDEX IF EXISTS public."InventoryTransfer_toPropertyId_idx";
DROP INDEX IF EXISTS public."InventoryTransfer_tenantId_idx";
DROP INDEX IF EXISTS public."InventoryTransfer_status_idx";
DROP INDEX IF EXISTS public."InventoryTransfer_fromPropertyId_idx";
DROP INDEX IF EXISTS public."InventoryTransferItem_transferId_idx";
DROP INDEX IF EXISTS public."InventoryTransferItem_stockItemId_idx";
DROP INDEX IF EXISTS public."InventoryMovement_propertyId_idx";
DROP INDEX IF EXISTS public."InventoryMovement_inventoryItemId_idx";
DROP INDEX IF EXISTS public."InventoryLock_tenantId_idx";
DROP INDEX IF EXISTS public."InventoryLock_sessionId_idx";
DROP INDEX IF EXISTS public."InventoryLock_roomTypeId_idx";
DROP INDEX IF EXISTS public."InventoryLock_roomId_idx";
DROP INDEX IF EXISTS public."InventoryLock_propertyId_idx";
DROP INDEX IF EXISTS public."InventoryLock_expiresAt_idx";
DROP INDEX IF EXISTS public."InventoryItem_status_idx";
DROP INDEX IF EXISTS public."InventoryItem_propertyId_idx";
DROP INDEX IF EXISTS public."InterfaceRole_tenantId_idx";
DROP INDEX IF EXISTS public."InterfaceRole_role_idx";
DROP INDEX IF EXISTS public."InterfaceRole_propertyId_interfaceId_key";
DROP INDEX IF EXISTS public."InterfaceRole_propertyId_idx";
DROP INDEX IF EXISTS public."InterfaceConfig_tenantId_idx";
DROP INDEX IF EXISTS public."InterfaceConfig_propertyId_interfaceId_key";
DROP INDEX IF EXISTS public."InterfaceConfig_propertyId_idx";
DROP INDEX IF EXISTS public."InterfaceAlias_tenantId_idx";
DROP INDEX IF EXISTS public."InterfaceAlias_propertyId_interfaceId_ipAddress_key";
DROP INDEX IF EXISTS public."InterfaceAlias_propertyId_idx";
DROP INDEX IF EXISTS public."InterfaceAlias_interfaceId_idx";
DROP INDEX IF EXISTS public."Integration_tenantId_type_provider_key";
DROP INDEX IF EXISTS public."Integration_tenantId_idx";
DROP INDEX IF EXISTS public."InspectionTemplate_tenantId_idx";
DROP INDEX IF EXISTS public."InspectionTemplate_roomType_idx";
DROP INDEX IF EXISTS public."InspectionTemplate_propertyId_idx";
DROP INDEX IF EXISTS public."InspectionTemplate_isActive_idx";
DROP INDEX IF EXISTS public."InspectionResult_tenantId_idx";
DROP INDEX IF EXISTS public."InspectionResult_templateId_idx";
DROP INDEX IF EXISTS public."InspectionResult_taskId_idx";
DROP INDEX IF EXISTS public."InspectionResult_roomId_idx";
DROP INDEX IF EXISTS public."InspectionResult_propertyId_idx";
DROP INDEX IF EXISTS public."InspectionResult_inspectorId_idx";
DROP INDEX IF EXISTS public."InspectionResult_completedAt_idx";
DROP INDEX IF EXISTS public."IdempotencyKey_tenantId_idx";
DROP INDEX IF EXISTS public."IdempotencyKey_key_key";
DROP INDEX IF EXISTS public."IdempotencyKey_key_idx";
DROP INDEX IF EXISTS public."HelpCategory_slug_key";
DROP INDEX IF EXISTS public."HelpCategory_parentId_idx";
DROP INDEX IF EXISTS public."HelpArticle_status_idx";
DROP INDEX IF EXISTS public."HelpArticle_slug_key";
DROP INDEX IF EXISTS public."HelpArticle_category_idx";
DROP INDEX IF EXISTS public."Guest_tenantId_idx";
DROP INDEX IF EXISTS public."Guest_tenantId_email_idx";
DROP INDEX IF EXISTS public."Guest_phone_idx";
DROP INDEX IF EXISTS public."Guest_email_idx";
DROP INDEX IF EXISTS public."GuestStay_guestId_bookingId_key";
DROP INDEX IF EXISTS public."GuestSegment_tenantId_idx";
DROP INDEX IF EXISTS public."GuestReview_propertyId_idx";
DROP INDEX IF EXISTS public."GuestReview_guestId_idx";
DROP INDEX IF EXISTS public."GuestRecommendation_tenantId_idx";
DROP INDEX IF EXISTS public."GuestRecommendation_status_idx";
DROP INDEX IF EXISTS public."GuestRecommendation_guestId_idx";
DROP INDEX IF EXISTS public."GuestRecommendation_expiresAt_idx";
DROP INDEX IF EXISTS public."GuestJourney_tenantId_idx";
DROP INDEX IF EXISTS public."GuestJourney_stage_idx";
DROP INDEX IF EXISTS public."GuestJourney_occurredAt_idx";
DROP INDEX IF EXISTS public."GuestJourney_guestId_idx";
DROP INDEX IF EXISTS public."GuestFeedback_propertyId_idx";
DROP INDEX IF EXISTS public."GuestFeedback_guestId_idx";
DROP INDEX IF EXISTS public."GuestDocument_guestId_idx";
DROP INDEX IF EXISTS public."GuestBehavior_tenantId_idx";
DROP INDEX IF EXISTS public."GuestBehavior_isRepeatGuest_idx";
DROP INDEX IF EXISTS public."GuestBehavior_guestId_key";
DROP INDEX IF EXISTS public."GuestBehavior_guestId_idx";
DROP INDEX IF EXISTS public."GroupBooking_tenantId_idx";
DROP INDEX IF EXISTS public."GroupBooking_propertyId_idx";
DROP INDEX IF EXISTS public."GoogleHotelAdsConnection_tenantId_propertyId_key";
DROP INDEX IF EXISTS public."GoogleHotelAdsConnection_tenantId_idx";
DROP INDEX IF EXISTS public."GoogleHotelAdsConnection_status_idx";
DROP INDEX IF EXISTS public."Gateway_tenantId_idx";
DROP INDEX IF EXISTS public."Gateway_propertyId_idx";
DROP INDEX IF EXISTS public."Gateway_multiWanConfigId_interfaceName_key";
DROP INDEX IF EXISTS public."Gateway_multiWanConfigId_idx";
DROP INDEX IF EXISTS public."Gateway_backupGatewayId_idx";
DROP INDEX IF EXISTS public."GatewayHealthRule_tenantId_idx";
DROP INDEX IF EXISTS public."GatewayHealthRule_gatewayId_sortOrder_key";
DROP INDEX IF EXISTS public."GatewayHealthRule_gatewayId_idx";
DROP INDEX IF EXISTS public."GatewayFwmark_tenantId_idx";
DROP INDEX IF EXISTS public."GatewayFwmark_gatewayId_idx";
DROP INDEX IF EXISTS public."GatewayFwmark_gatewayId_fwmarkValue_key";
DROP INDEX IF EXISTS public."GatewayExplicitRoute_tenantId_idx";
DROP INDEX IF EXISTS public."GatewayExplicitRoute_propertyId_idx";
DROP INDEX IF EXISTS public."GatewayExplicitRoute_gatewayId_network_key";
DROP INDEX IF EXISTS public."GatewayExplicitRoute_gatewayId_idx";
DROP INDEX IF EXISTS public."GDPRRequest_tenantId_idx";
DROP INDEX IF EXISTS public."GDPRRequest_status_idx";
DROP INDEX IF EXISTS public."GDPRRequest_requestType_idx";
DROP INDEX IF EXISTS public."GDPRRequest_guestId_idx";
DROP INDEX IF EXISTS public."GDPRRequest_expiresAt_idx";
DROP INDEX IF EXISTS public."GDPRRequest_createdAt_idx";
DROP INDEX IF EXISTS public."Folio_tenantId_idx";
DROP INDEX IF EXISTS public."Folio_guestId_idx";
DROP INDEX IF EXISTS public."Folio_folioNumber_key";
DROP INDEX IF EXISTS public."Folio_bookingId_idx";
DROP INDEX IF EXISTS public."FolioTransfer_toFolioId_idx";
DROP INDEX IF EXISTS public."FolioTransfer_tenantId_idx";
DROP INDEX IF EXISTS public."FolioTransfer_propertyId_idx";
DROP INDEX IF EXISTS public."FolioTransfer_fromFolioId_idx";
DROP INDEX IF EXISTS public."FolioTransfer_bookingId_idx";
DROP INDEX IF EXISTS public."FolioLineItem_folioId_idx";
DROP INDEX IF EXISTS public."FolioLineItem_discountId_idx";
DROP INDEX IF EXISTS public."FolioLineItemAudit_tenantId_idx";
DROP INDEX IF EXISTS public."FolioLineItemAudit_lineItemId_idx";
DROP INDEX IF EXISTS public."FolioLineItemAudit_folioId_idx";
DROP INDEX IF EXISTS public."FolioLineItemAudit_createdAt_idx";
DROP INDEX IF EXISTS public."FloorPlan_propertyId_floor_key";
DROP INDEX IF EXISTS public."FloorPlanRoom_roomId_idx";
DROP INDEX IF EXISTS public."FloorPlanRoom_floorPlanId_roomId_key";
DROP INDEX IF EXISTS public."FloorPlanRoom_floorPlanId_idx";
DROP INDEX IF EXISTS public."FirewallZone_tenantId_idx";
DROP INDEX IF EXISTS public."FirewallZone_propertyId_name_key";
DROP INDEX IF EXISTS public."FirewallZone_propertyId_idx";
DROP INDEX IF EXISTS public."FirewallSchedule_tenantId_idx";
DROP INDEX IF EXISTS public."FirewallSchedule_propertyId_idx";
DROP INDEX IF EXISTS public."FirewallRule_zoneId_idx";
DROP INDEX IF EXISTS public."FirewallRule_tenantId_idx";
DROP INDEX IF EXISTS public."FirewallRule_propertyId_idx";
DROP INDEX IF EXISTS public."FirewallRule_priority_idx";
DROP INDEX IF EXISTS public."FirewallRule_enabled_idx";
DROP INDEX IF EXISTS public."FeatureAnnouncement_status_idx";
DROP INDEX IF EXISTS public."FairAccessPolicy_tenantId_idx";
DROP INDEX IF EXISTS public."FairAccessPolicy_propertyId_idx";
DROP INDEX IF EXISTS public."FairAccessPolicy_isEnabled_idx";
DROP INDEX IF EXISTS public."FairAccessPolicy_cycleType_idx";
DROP INDEX IF EXISTS public."ExternalReview_tenantId_idx";
DROP INDEX IF EXISTS public."ExternalReview_source_idx";
DROP INDEX IF EXISTS public."ExternalReview_reviewDate_idx";
DROP INDEX IF EXISTS public."ExternalReview_propertyId_idx";
DROP INDEX IF EXISTS public."Experience_tenantId_idx";
DROP INDEX IF EXISTS public."Experience_status_idx";
DROP INDEX IF EXISTS public."Experience_categoryId_idx";
DROP INDEX IF EXISTS public."ExperienceVendor_tenantId_idx";
DROP INDEX IF EXISTS public."ExperienceVendor_status_idx";
DROP INDEX IF EXISTS public."ExperiencePricing_type_idx";
DROP INDEX IF EXISTS public."ExperiencePricing_tenantId_idx";
DROP INDEX IF EXISTS public."ExperiencePricing_experienceId_idx";
DROP INDEX IF EXISTS public."ExperienceFeedback_tenantId_idx";
DROP INDEX IF EXISTS public."ExperienceFeedback_rating_idx";
DROP INDEX IF EXISTS public."ExperienceFeedback_experienceId_idx";
DROP INDEX IF EXISTS public."ExperienceBooking_tenantId_idx";
DROP INDEX IF EXISTS public."ExperienceBooking_status_idx";
DROP INDEX IF EXISTS public."ExperienceBooking_experienceId_idx";
DROP INDEX IF EXISTS public."ExperienceBooking_bookingDate_idx";
DROP INDEX IF EXISTS public."ExchangeRate_toCurrency_idx";
DROP INDEX IF EXISTS public."ExchangeRate_tenantId_idx";
DROP INDEX IF EXISTS public."ExchangeRate_tenantId_fromCurrency_toCurrency_validFrom_key";
DROP INDEX IF EXISTS public."ExchangeRate_isActive_idx";
DROP INDEX IF EXISTS public."ExchangeRate_fromCurrency_idx";
DROP INDEX IF EXISTS public."Event_tenantId_idx";
DROP INDEX IF EXISTS public."Event_startDate_idx";
DROP INDEX IF EXISTS public."Event_propertyId_idx";
DROP INDEX IF EXISTS public."EventSpace_propertyId_idx";
DROP INDEX IF EXISTS public."EventResource_status_idx";
DROP INDEX IF EXISTS public."EventResource_eventId_idx";
DROP INDEX IF EXISTS public."EventResource_category_idx";
DROP INDEX IF EXISTS public."EnergyMetric_tenantId_idx";
DROP INDEX IF EXISTS public."EnergyMetric_propertyId_date_key";
DROP INDEX IF EXISTS public."EnergyMetric_date_idx";
DROP INDEX IF EXISTS public."DnsZone_tenantId_idx";
DROP INDEX IF EXISTS public."DnsZone_propertyId_idx";
DROP INDEX IF EXISTS public."DnsZone_propertyId_domain_key";
DROP INDEX IF EXISTS public."DnsRedirectRule_tenantId_idx";
DROP INDEX IF EXISTS public."DnsRedirectRule_propertyId_idx";
DROP INDEX IF EXISTS public."DnsRedirectRule_priority_idx";
DROP INDEX IF EXISTS public."DnsRedirectRule_enabled_idx";
DROP INDEX IF EXISTS public."DnsRecord_zoneId_name_type_key";
DROP INDEX IF EXISTS public."DnsRecord_zoneId_idx";
DROP INDEX IF EXISTS public."DnsRecord_tenantId_idx";
DROP INDEX IF EXISTS public."Discount_tenantId_idx";
DROP INDEX IF EXISTS public."Discount_tenantId_code_key";
DROP INDEX IF EXISTS public."Discount_isActive_idx";
DROP INDEX IF EXISTS public."Discount_code_idx";
DROP INDEX IF EXISTS public."DigitalKeyAccessLog_tenantId_idx";
DROP INDEX IF EXISTS public."DigitalKeyAccessLog_roomId_idx";
DROP INDEX IF EXISTS public."DigitalKeyAccessLog_guestId_idx";
DROP INDEX IF EXISTS public."DigitalKeyAccessLog_accessedAt_idx";
DROP INDEX IF EXISTS public."DhcpTagRule_tenantId_idx";
DROP INDEX IF EXISTS public."DhcpTagRule_subnetId_idx";
DROP INDEX IF EXISTS public."DhcpTagRule_setTag_idx";
DROP INDEX IF EXISTS public."DhcpTagRule_propertyId_idx";
DROP INDEX IF EXISTS public."DhcpTagRule_matchType_idx";
DROP INDEX IF EXISTS public."DhcpSubnet_tenantId_idx";
DROP INDEX IF EXISTS public."DhcpSubnet_subnet_idx";
DROP INDEX IF EXISTS public."DhcpSubnet_propertyId_idx";
DROP INDEX IF EXISTS public."DhcpSubnet_enabled_idx";
DROP INDEX IF EXISTS public."DhcpReservation_tenantId_idx";
DROP INDEX IF EXISTS public."DhcpReservation_subnetId_macAddress_key";
DROP INDEX IF EXISTS public."DhcpReservation_subnetId_ipAddress_key";
DROP INDEX IF EXISTS public."DhcpReservation_propertyId_idx";
DROP INDEX IF EXISTS public."DhcpReservation_macAddress_idx";
DROP INDEX IF EXISTS public."DhcpOption_tenantId_idx";
DROP INDEX IF EXISTS public."DhcpOption_subnetId_idx";
DROP INDEX IF EXISTS public."DhcpOption_propertyId_idx";
DROP INDEX IF EXISTS public."DhcpOption_code_idx";
DROP INDEX IF EXISTS public."DhcpLease_tenantId_idx";
DROP INDEX IF EXISTS public."DhcpLease_subnetId_ipAddress_key";
DROP INDEX IF EXISTS public."DhcpLease_state_idx";
DROP INDEX IF EXISTS public."DhcpLease_propertyId_idx";
DROP INDEX IF EXISTS public."DhcpLease_macAddress_idx";
DROP INDEX IF EXISTS public."DhcpLease_leaseEnd_idx";
DROP INDEX IF EXISTS public."DhcpLeaseScript_tenantId_scriptPath_key";
DROP INDEX IF EXISTS public."DhcpLeaseScript_tenantId_idx";
DROP INDEX IF EXISTS public."DhcpLeaseScript_propertyId_idx";
DROP INDEX IF EXISTS public."DhcpLeaseScript_enabled_idx";
DROP INDEX IF EXISTS public."DhcpHostnameFilter_tenantId_idx";
DROP INDEX IF EXISTS public."DhcpHostnameFilter_subnetId_idx";
DROP INDEX IF EXISTS public."DhcpHostnameFilter_propertyId_idx";
DROP INDEX IF EXISTS public."DhcpBlacklist_tenantId_idx";
DROP INDEX IF EXISTS public."DhcpBlacklist_subnetId_idx";
DROP INDEX IF EXISTS public."DhcpBlacklist_propertyId_idx";
DROP INDEX IF EXISTS public."DhcpBlacklist_macAddress_idx";
DROP INDEX IF EXISTS public."DeviceProfile_wifiUserId_idx";
DROP INDEX IF EXISTS public."DeviceProfile_tenantId_propertyId_lastSeenAt_idx";
DROP INDEX IF EXISTS public."DeviceProfile_storageToken_propertyId_key";
DROP INDEX IF EXISTS public."DeviceProfile_isActive_idx";
DROP INDEX IF EXISTS public."DeviceProfile_guestId_idx";
DROP INDEX IF EXISTS public."DeviceProfile_fingerprintHash_propertyId_key";
DROP INDEX IF EXISTS public."DemandForecast_tenantId_idx";
DROP INDEX IF EXISTS public."DemandForecast_propertyId_idx";
DROP INDEX IF EXISTS public."DemandForecast_date_key";
DROP INDEX IF EXISTS public."DemandForecast_date_idx";
DROP INDEX IF EXISTS public."CreditNote_tenantId_idx";
DROP INDEX IF EXISTS public."CreditNote_status_idx";
DROP INDEX IF EXISTS public."CreditNote_propertyId_idx";
DROP INDEX IF EXISTS public."CreditNote_guestId_idx";
DROP INDEX IF EXISTS public."CreditNote_folioId_idx";
DROP INDEX IF EXISTS public."CreditNote_creditNoteNumber_key";
DROP INDEX IF EXISTS public."CreditNote_bookingId_idx";
DROP INDEX IF EXISTS public."ContentFilter_tenantId_idx";
DROP INDEX IF EXISTS public."ContentFilter_propertyId_idx";
DROP INDEX IF EXISTS public."ContentFilter_enabled_idx";
DROP INDEX IF EXISTS public."ContentFilter_category_idx";
DROP INDEX IF EXISTS public."ConsentRecord_userId_idx";
DROP INDEX IF EXISTS public."ConsentRecord_tenantId_idx";
DROP INDEX IF EXISTS public."ConsentRecord_guestId_idx";
DROP INDEX IF EXISTS public."ConsentRecord_granted_idx";
DROP INDEX IF EXISTS public."ConsentRecord_createdAt_idx";
DROP INDEX IF EXISTS public."ConsentRecord_consentType_idx";
DROP INDEX IF EXISTS public."CompetitorSyncLog_tenantId_idx";
DROP INDEX IF EXISTS public."CompetitorSyncLog_startedAt_idx";
DROP INDEX IF EXISTS public."CompetitorSyncLog_propertyId_idx";
DROP INDEX IF EXISTS public."CompetitorSyncLog_competitorName_idx";
DROP INDEX IF EXISTS public."CompetitorPrice_tenantId_idx";
DROP INDEX IF EXISTS public."CompetitorPrice_propertyId_idx";
DROP INDEX IF EXISTS public."CompetitorPrice_propertyId_competitorName_date_key";
DROP INDEX IF EXISTS public."CompetitorPrice_date_idx";
DROP INDEX IF EXISTS public."CommunicationChannel_tenantId_type_key";
DROP INDEX IF EXISTS public."CommunicationChannel_tenantId_idx";
DROP INDEX IF EXISTS public."CommunicationChannel_status_idx";
DROP INDEX IF EXISTS public."CoaSessionDetail_username_idx";
DROP INDEX IF EXISTS public."CoaSessionDetail_userId_idx";
DROP INDEX IF EXISTS public."CoaSessionDetail_tenantId_idx";
DROP INDEX IF EXISTS public."CoaSessionDetail_sessionId_idx";
DROP INDEX IF EXISTS public."CoaSessionDetail_propertyId_idx";
DROP INDEX IF EXISTS public."CoaSessionDetail_createdAt_idx";
DROP INDEX IF EXISTS public."CoaSessionDetail_coaType_idx";
DROP INDEX IF EXISTS public."ChatTransfer_tenantId_idx";
DROP INDEX IF EXISTS public."ChatTransfer_conversationId_idx";
DROP INDEX IF EXISTS public."ChatMessage_conversationId_idx";
DROP INDEX IF EXISTS public."ChatConversation_tenantId_idx";
DROP INDEX IF EXISTS public."ChatConversation_status_idx";
DROP INDEX IF EXISTS public."ChatConversation_propertyId_idx";
DROP INDEX IF EXISTS public."ChatConversation_guestId_idx";
DROP INDEX IF EXISTS public."ChatConversation_channel_idx";
DROP INDEX IF EXISTS public."ChatAttachment_tenantId_idx";
DROP INDEX IF EXISTS public."ChatAttachment_conversationId_idx";
DROP INDEX IF EXISTS public."ChannelSyncLog_createdAt_idx";
DROP INDEX IF EXISTS public."ChannelSyncLog_connectionId_idx";
DROP INDEX IF EXISTS public."ChannelRetryQueue_tenantId_idx";
DROP INDEX IF EXISTS public."ChannelRetryQueue_status_idx";
DROP INDEX IF EXISTS public."ChannelRetryQueue_nextRetryAt_idx";
DROP INDEX IF EXISTS public."ChannelRetryQueue_channelCode_idx";
DROP INDEX IF EXISTS public."ChannelRestriction_startDate_endDate_idx";
DROP INDEX IF EXISTS public."ChannelRestriction_roomTypeId_idx";
DROP INDEX IF EXISTS public."ChannelRestriction_connectionId_roomTypeId_startDate_key";
DROP INDEX IF EXISTS public."ChannelRestriction_connectionId_idx";
DROP INDEX IF EXISTS public."ChannelMapping_connectionId_roomTypeId_ratePlanId_key";
DROP INDEX IF EXISTS public."ChannelDeadLetterQueue_tenantId_idx";
DROP INDEX IF EXISTS public."ChannelDeadLetterQueue_createdAt_idx";
DROP INDEX IF EXISTS public."ChannelDeadLetterQueue_channelCode_idx";
DROP INDEX IF EXISTS public."ChannelConnection_tenantId_idx";
DROP INDEX IF EXISTS public."ChannelConnection_status_idx";
DROP INDEX IF EXISTS public."ChannelConnection_channel_idx";
DROP INDEX IF EXISTS public."CaptivePortal_tenantId_idx";
DROP INDEX IF EXISTS public."CaptivePortal_slug_key";
DROP INDEX IF EXISTS public."CaptivePortal_propertyId_idx";
DROP INDEX IF EXISTS public."CaptivePortal_enabled_idx";
DROP INDEX IF EXISTS public."CancellationPolicy_tenantId_idx";
DROP INDEX IF EXISTS public."CancellationPolicy_ratePlanId_idx";
DROP INDEX IF EXISTS public."CancellationPolicy_propertyId_idx";
DROP INDEX IF EXISTS public."CancellationPolicy_isActive_idx";
DROP INDEX IF EXISTS public."CancellationPenalty_tenantId_idx";
DROP INDEX IF EXISTS public."CancellationPenalty_status_idx";
DROP INDEX IF EXISTS public."CancellationPenalty_policyId_idx";
DROP INDEX IF EXISTS public."CancellationPenalty_folioId_idx";
DROP INDEX IF EXISTS public."CancellationPenalty_bookingId_idx";
DROP INDEX IF EXISTS public."Campaign_tenantId_idx";
DROP INDEX IF EXISTS public."Campaign_status_idx";
DROP INDEX IF EXISTS public."CampaignSegment_campaignId_segmentId_key";
DROP INDEX IF EXISTS public."CampaignAbTest_tenantId_idx";
DROP INDEX IF EXISTS public."CampaignAbTest_campaignId_variantLabel_key";
DROP INDEX IF EXISTS public."CampaignAbTest_campaignId_idx";
DROP INDEX IF EXISTS public."Camera_propertyId_idx";
DROP INDEX IF EXISTS public."CameraGroup_propertyId_idx";
DROP INDEX IF EXISTS public."CameraEvent_timestamp_idx";
DROP INDEX IF EXISTS public."CameraEvent_tenantId_idx";
DROP INDEX IF EXISTS public."CameraEvent_cameraId_idx";
DROP INDEX IF EXISTS public."BridgeConfig_tenantId_idx";
DROP INDEX IF EXISTS public."BridgeConfig_propertyId_name_key";
DROP INDEX IF EXISTS public."BridgeConfig_propertyId_idx";
DROP INDEX IF EXISTS public."Brand_tenantId_idx";
DROP INDEX IF EXISTS public."Brand_code_key";
DROP INDEX IF EXISTS public."Booking_tenantId_propertyId_status_idx";
DROP INDEX IF EXISTS public."Booking_tenantId_idx";
DROP INDEX IF EXISTS public."Booking_tenantId_checkOut_idx";
DROP INDEX IF EXISTS public."Booking_tenantId_checkIn_idx";
DROP INDEX IF EXISTS public."Booking_status_idx";
DROP INDEX IF EXISTS public."Booking_propertyId_idx";
DROP INDEX IF EXISTS public."Booking_primaryGuestId_idx";
DROP INDEX IF EXISTS public."Booking_portalToken_key";
DROP INDEX IF EXISTS public."Booking_idempotencyKey_key";
DROP INDEX IF EXISTS public."Booking_groupId_idx";
DROP INDEX IF EXISTS public."Booking_confirmationCode_key";
DROP INDEX IF EXISTS public."Booking_checkOut_idx";
DROP INDEX IF EXISTS public."Booking_checkIn_idx";
DROP INDEX IF EXISTS public."BookingAuditLog_bookingId_idx";
DROP INDEX IF EXISTS public."BondMember_bondConfigId_interfaceId_key";
DROP INDEX IF EXISTS public."BondMember_bondConfigId_idx";
DROP INDEX IF EXISTS public."BondConfig_tenantId_idx";
DROP INDEX IF EXISTS public."BondConfig_propertyId_name_key";
DROP INDEX IF EXISTS public."BondConfig_propertyId_idx";
DROP INDEX IF EXISTS public."BankTransaction_transactionType_idx";
DROP INDEX IF EXISTS public."BankTransaction_transactionDate_idx";
DROP INDEX IF EXISTS public."BankTransaction_tenantId_idx";
DROP INDEX IF EXISTS public."BankTransaction_isReconciled_idx";
DROP INDEX IF EXISTS public."BankTransaction_importBatchId_idx";
DROP INDEX IF EXISTS public."BankTransaction_bankAccountId_idx";
DROP INDEX IF EXISTS public."BankAccount_tenantId_idx";
DROP INDEX IF EXISTS public."BankAccount_status_idx";
DROP INDEX IF EXISTS public."BankAccount_bankName_idx";
DROP INDEX IF EXISTS public."BandwidthUsageSession_tenantId_idx";
DROP INDEX IF EXISTS public."BandwidthUsageSession_startedAt_idx";
DROP INDEX IF EXISTS public."BandwidthUsageSession_sessionId_idx";
DROP INDEX IF EXISTS public."BandwidthUsageSession_propertyId_idx";
DROP INDEX IF EXISTS public."BandwidthUsageSession_ipAddress_idx";
DROP INDEX IF EXISTS public."BandwidthUsageSession_endedAt_idx";
DROP INDEX IF EXISTS public."BandwidthUsageDaily_tenantId_idx";
DROP INDEX IF EXISTS public."BandwidthUsageDaily_propertyId_idx";
DROP INDEX IF EXISTS public."BandwidthUsageDaily_propertyId_date_key";
DROP INDEX IF EXISTS public."BandwidthUsageDaily_date_idx";
DROP INDEX IF EXISTS public."BandwidthTopup_tenantId_idx";
DROP INDEX IF EXISTS public."BandwidthTopup_propertyId_idx";
DROP INDEX IF EXISTS public."BandwidthTopup_enabled_idx";
DROP INDEX IF EXISTS public."BandwidthPool_vlanId_idx";
DROP INDEX IF EXISTS public."BandwidthPool_tenantId_idx";
DROP INDEX IF EXISTS public."BandwidthPool_propertyId_idx";
DROP INDEX IF EXISTS public."BandwidthPool_enabled_idx";
DROP INDEX IF EXISTS public."BandwidthPolicy_tenantId_idx";
DROP INDEX IF EXISTS public."BandwidthPolicy_propertyId_idx";
DROP INDEX IF EXISTS public."BandwidthPolicy_planId_idx";
DROP INDEX IF EXISTS public."BandwidthPolicy_enabled_idx";
DROP INDEX IF EXISTS public."BandwidthPolicyDetail_tenantId_idx";
DROP INDEX IF EXISTS public."BandwidthPolicyDetail_scheduleAccessId_idx";
DROP INDEX IF EXISTS public."BandwidthPolicyDetail_isEnabled_idx";
DROP INDEX IF EXISTS public."BandwidthPolicyDetail_bandwidthPolicyId_idx";
DROP INDEX IF EXISTS public."AutomationRule_triggerEvent_idx";
DROP INDEX IF EXISTS public."AutomationRule_tenantId_idx";
DROP INDEX IF EXISTS public."AutomationExecutionLog_ruleId_idx";
DROP INDEX IF EXISTS public."AutomationExecutionLog_executedAt_idx";
DROP INDEX IF EXISTS public."AuditLog_userId_idx";
DROP INDEX IF EXISTS public."AuditLog_tenantId_idx";
DROP INDEX IF EXISTS public."AuditLog_entityType_entityId_idx";
DROP INDEX IF EXISTS public."Asset_tenantId_idx";
DROP INDEX IF EXISTS public."Asset_status_idx";
DROP INDEX IF EXISTS public."Asset_roomId_idx";
DROP INDEX IF EXISTS public."Asset_propertyId_idx";
DROP INDEX IF EXISTS public."Asset_category_idx";
DROP INDEX IF EXISTS public."Amenity_tenantId_name_key";
DROP INDEX IF EXISTS public."Amenity_tenantId_idx";
DROP INDEX IF EXISTS public."Amenity_category_idx";
DROP INDEX IF EXISTS public."AiConversation_userId_idx";
DROP INDEX IF EXISTS public."AiConversation_tenantId_idx";
DROP INDEX IF EXISTS public."AiConversation_createdAt_idx";
DROP INDEX IF EXISTS public."AiConversationMessage_createdAt_idx";
DROP INDEX IF EXISTS public."AiConversationMessage_conversationId_idx";
DROP INDEX IF EXISTS public."AdPerformance_date_idx";
DROP INDEX IF EXISTS public."AdPerformance_campaignId_idx";
DROP INDEX IF EXISTS public."AdPerformance_campaignId_date_key";
DROP INDEX IF EXISTS public."AdCampaign_type_idx";
DROP INDEX IF EXISTS public."AdCampaign_tenantId_idx";
DROP INDEX IF EXISTS public."AdCampaign_status_idx";
DROP INDEX IF EXISTS public."AdCampaign_platform_idx";
DROP INDEX IF EXISTS public."AISuggestion_type_idx";
DROP INDEX IF EXISTS public."AISuggestion_tenantId_idx";
DROP INDEX IF EXISTS public."AISuggestion_status_idx";
ALTER TABLE IF EXISTS ONLY public.radusergroup DROP CONSTRAINT IF EXISTS radusergroup_pkey;
ALTER TABLE IF EXISTS ONLY public.radreply DROP CONSTRAINT IF EXISTS radreply_pkey;
ALTER TABLE IF EXISTS ONLY public.radpostauth DROP CONSTRAINT IF EXISTS radpostauth_pkey;
ALTER TABLE IF EXISTS ONLY public.radgroupreply DROP CONSTRAINT IF EXISTS radgroupreply_pkey;
ALTER TABLE IF EXISTS ONLY public.radgroupcheck DROP CONSTRAINT IF EXISTS radgroupcheck_pkey;
ALTER TABLE IF EXISTS ONLY public.radcheck DROP CONSTRAINT IF EXISTS radcheck_pkey;
ALTER TABLE IF EXISTS ONLY public.radacct DROP CONSTRAINT IF EXISTS radacct_pkey;
ALTER TABLE IF EXISTS ONLY public.nasreload DROP CONSTRAINT IF EXISTS nasreload_pkey;
ALTER TABLE IF EXISTS ONLY public.nas DROP CONSTRAINT IF EXISTS nas_pkey;
ALTER TABLE IF EXISTS ONLY public.fup_switch_log DROP CONSTRAINT IF EXISTS fup_switch_log_pkey;
ALTER TABLE IF EXISTS ONLY public.data_usage_by_period DROP CONSTRAINT IF EXISTS data_usage_by_period_pkey;
ALTER TABLE IF EXISTS ONLY public."_ModifierItems" DROP CONSTRAINT IF EXISTS "_ModifierItems_AB_pkey";
ALTER TABLE IF EXISTS ONLY public."_CaptivePortalToVlanConfig" DROP CONSTRAINT IF EXISTS "_CaptivePortalToVlanConfig_AB_pkey";
ALTER TABLE IF EXISTS ONLY public."WorkOrder" DROP CONSTRAINT IF EXISTS "WorkOrder_pkey";
ALTER TABLE IF EXISTS ONLY public."WiFiVoucher" DROP CONSTRAINT IF EXISTS "WiFiVoucher_pkey";
ALTER TABLE IF EXISTS ONLY public."WiFiUser" DROP CONSTRAINT IF EXISTS "WiFiUser_pkey";
ALTER TABLE IF EXISTS ONLY public."WiFiUserStatusHistory" DROP CONSTRAINT IF EXISTS "WiFiUserStatusHistory_pkey";
ALTER TABLE IF EXISTS ONLY public."WiFiSession" DROP CONSTRAINT IF EXISTS "WiFiSession_pkey";
ALTER TABLE IF EXISTS ONLY public."WiFiPlan" DROP CONSTRAINT IF EXISTS "WiFiPlan_pkey";
ALTER TABLE IF EXISTS ONLY public."WiFiGateway" DROP CONSTRAINT IF EXISTS "WiFiGateway_pkey";
ALTER TABLE IF EXISTS ONLY public."WiFiAccountingSync" DROP CONSTRAINT IF EXISTS "WiFiAccountingSync_pkey";
ALTER TABLE IF EXISTS ONLY public."WiFiAAAConfig" DROP CONSTRAINT IF EXISTS "WiFiAAAConfig_pkey";
ALTER TABLE IF EXISTS ONLY public."WebhookEndpoint" DROP CONSTRAINT IF EXISTS "WebhookEndpoint_pkey";
ALTER TABLE IF EXISTS ONLY public."WebhookDeliveryLog" DROP CONSTRAINT IF EXISTS "WebhookDeliveryLog_pkey";
ALTER TABLE IF EXISTS ONLY public."WebCategory" DROP CONSTRAINT IF EXISTS "WebCategory_pkey";
ALTER TABLE IF EXISTS ONLY public."WebCategorySchedule" DROP CONSTRAINT IF EXISTS "WebCategorySchedule_pkey";
ALTER TABLE IF EXISTS ONLY public."WanFailover" DROP CONSTRAINT IF EXISTS "WanFailover_pkey";
ALTER TABLE IF EXISTS ONLY public."WaitlistEntry" DROP CONSTRAINT IF EXISTS "WaitlistEntry_pkey";
ALTER TABLE IF EXISTS ONLY public."VlanConfig" DROP CONSTRAINT IF EXISTS "VlanConfig_pkey";
ALTER TABLE IF EXISTS ONLY public."Vendor" DROP CONSTRAINT IF EXISTS "Vendor_pkey";
ALTER TABLE IF EXISTS ONLY public."VendorPayment" DROP CONSTRAINT IF EXISTS "VendorPayment_pkey";
ALTER TABLE IF EXISTS ONLY public."Vehicle" DROP CONSTRAINT IF EXISTS "Vehicle_pkey";
ALTER TABLE IF EXISTS ONLY public."User" DROP CONSTRAINT IF EXISTS "User_pkey";
ALTER TABLE IF EXISTS ONLY public."UserTutorial" DROP CONSTRAINT IF EXISTS "UserTutorial_pkey";
ALTER TABLE IF EXISTS ONLY public."UserFcmToken" DROP CONSTRAINT IF EXISTS "UserFcmToken_pkey";
ALTER TABLE IF EXISTS ONLY public."UsageSummary" DROP CONSTRAINT IF EXISTS "UsageSummary_pkey";
ALTER TABLE IF EXISTS ONLY public."UsageLog" DROP CONSTRAINT IF EXISTS "UsageLog_pkey";
ALTER TABLE IF EXISTS ONLY public."Tenant" DROP CONSTRAINT IF EXISTS "Tenant_pkey";
ALTER TABLE IF EXISTS ONLY public."TaxReport" DROP CONSTRAINT IF EXISTS "TaxReport_pkey";
ALTER TABLE IF EXISTS ONLY public."Task" DROP CONSTRAINT IF EXISTS "Task_pkey";
ALTER TABLE IF EXISTS ONLY public."TaskAssignmentSuggestion" DROP CONSTRAINT IF EXISTS "TaskAssignmentSuggestion_pkey";
ALTER TABLE IF EXISTS ONLY public."TableMerge" DROP CONSTRAINT IF EXISTS "TableMerge_pkey";
ALTER TABLE IF EXISTS ONLY public."SystemNetworkHealth" DROP CONSTRAINT IF EXISTS "SystemNetworkHealth_pkey";
ALTER TABLE IF EXISTS ONLY public."SyslogServer" DROP CONSTRAINT IF EXISTS "SyslogServer_pkey";
ALTER TABLE IF EXISTS ONLY public."SurveillanceConfig" DROP CONSTRAINT IF EXISTS "SurveillanceConfig_pkey";
ALTER TABLE IF EXISTS ONLY public."Subscription" DROP CONSTRAINT IF EXISTS "Subscription_pkey";
ALTER TABLE IF EXISTS ONLY public."SubscriptionPlan" DROP CONSTRAINT IF EXISTS "SubscriptionPlan_pkey";
ALTER TABLE IF EXISTS ONLY public."SubscriptionInvoice" DROP CONSTRAINT IF EXISTS "SubscriptionInvoice_pkey";
ALTER TABLE IF EXISTS ONLY public."StockItem" DROP CONSTRAINT IF EXISTS "StockItem_pkey";
ALTER TABLE IF EXISTS ONLY public."StockConsumption" DROP CONSTRAINT IF EXISTS "StockConsumption_pkey";
ALTER TABLE IF EXISTS ONLY public."StaticRoute" DROP CONSTRAINT IF EXISTS "StaticRoute_pkey";
ALTER TABLE IF EXISTS ONLY public."StaffWorkload" DROP CONSTRAINT IF EXISTS "StaffWorkload_pkey";
ALTER TABLE IF EXISTS ONLY public."StaffSkill" DROP CONSTRAINT IF EXISTS "StaffSkill_pkey";
ALTER TABLE IF EXISTS ONLY public."StaffShift" DROP CONSTRAINT IF EXISTS "StaffShift_pkey";
ALTER TABLE IF EXISTS ONLY public."StaffSchedule" DROP CONSTRAINT IF EXISTS "StaffSchedule_pkey";
ALTER TABLE IF EXISTS ONLY public."StaffPerformance" DROP CONSTRAINT IF EXISTS "StaffPerformance_pkey";
ALTER TABLE IF EXISTS ONLY public."StaffLeave" DROP CONSTRAINT IF EXISTS "StaffLeave_pkey";
ALTER TABLE IF EXISTS ONLY public."StaffChatMessage" DROP CONSTRAINT IF EXISTS "StaffChatMessage_pkey";
ALTER TABLE IF EXISTS ONLY public."StaffChannel" DROP CONSTRAINT IF EXISTS "StaffChannel_pkey";
ALTER TABLE IF EXISTS ONLY public."StaffChannelMember" DROP CONSTRAINT IF EXISTS "StaffChannelMember_pkey";
ALTER TABLE IF EXISTS ONLY public."StaffAttendance" DROP CONSTRAINT IF EXISTS "StaffAttendance_pkey";
ALTER TABLE IF EXISTS ONLY public."ShiftTemplate" DROP CONSTRAINT IF EXISTS "ShiftTemplate_pkey";
ALTER TABLE IF EXISTS ONLY public."Session" DROP CONSTRAINT IF EXISTS "Session_pkey";
ALTER TABLE IF EXISTS ONLY public."ServiceRequest" DROP CONSTRAINT IF EXISTS "ServiceRequest_pkey";
ALTER TABLE IF EXISTS ONLY public."SegmentMembership" DROP CONSTRAINT IF EXISTS "SegmentMembership_pkey";
ALTER TABLE IF EXISTS ONLY public."SecuritySettings" DROP CONSTRAINT IF EXISTS "SecuritySettings_pkey";
ALTER TABLE IF EXISTS ONLY public."SecurityIncident" DROP CONSTRAINT IF EXISTS "SecurityIncident_pkey";
ALTER TABLE IF EXISTS ONLY public."SecurityEvent" DROP CONSTRAINT IF EXISTS "SecurityEvent_pkey";
ALTER TABLE IF EXISTS ONLY public."ScheduledReport" DROP CONSTRAINT IF EXISTS "ScheduledReport_pkey";
ALTER TABLE IF EXISTS ONLY public."ScheduledNotification" DROP CONSTRAINT IF EXISTS "ScheduledNotification_pkey";
ALTER TABLE IF EXISTS ONLY public."ScheduledCharge" DROP CONSTRAINT IF EXISTS "ScheduledCharge_pkey";
ALTER TABLE IF EXISTS ONLY public."ScheduleAccess" DROP CONSTRAINT IF EXISTS "ScheduleAccess_pkey";
ALTER TABLE IF EXISTS ONLY public."SSOSession" DROP CONSTRAINT IF EXISTS "SSOSession_pkey";
ALTER TABLE IF EXISTS ONLY public."SSOConnection" DROP CONSTRAINT IF EXISTS "SSOConnection_pkey";
ALTER TABLE IF EXISTS ONLY public."Room" DROP CONSTRAINT IF EXISTS "Room_pkey";
ALTER TABLE IF EXISTS ONLY public."RoomType" DROP CONSTRAINT IF EXISTS "RoomType_pkey";
ALTER TABLE IF EXISTS ONLY public."RoomMoveLog" DROP CONSTRAINT IF EXISTS "RoomMoveLog_pkey";
ALTER TABLE IF EXISTS ONLY public."Role" DROP CONSTRAINT IF EXISTS "Role_pkey";
ALTER TABLE IF EXISTS ONLY public."RestaurantTable" DROP CONSTRAINT IF EXISTS "RestaurantTable_pkey";
ALTER TABLE IF EXISTS ONLY public."Reservation" DROP CONSTRAINT IF EXISTS "Reservation_pkey";
ALTER TABLE IF EXISTS ONLY public."ReportHistory" DROP CONSTRAINT IF EXISTS "ReportHistory_pkey";
ALTER TABLE IF EXISTS ONLY public."ReportCache" DROP CONSTRAINT IF EXISTS "ReportCache_pkey";
ALTER TABLE IF EXISTS ONLY public."RegistrationPlan" DROP CONSTRAINT IF EXISTS "RegistrationPlan_pkey";
ALTER TABLE IF EXISTS ONLY public."RegistrationCard" DROP CONSTRAINT IF EXISTS "RegistrationCard_pkey";
ALTER TABLE IF EXISTS ONLY public."Reconciliation" DROP CONSTRAINT IF EXISTS "Reconciliation_pkey";
ALTER TABLE IF EXISTS ONLY public."Recipe" DROP CONSTRAINT IF EXISTS "Recipe_pkey";
ALTER TABLE IF EXISTS ONLY public."RecipeIngredient" DROP CONSTRAINT IF EXISTS "RecipeIngredient_pkey";
ALTER TABLE IF EXISTS ONLY public."RatePlan" DROP CONSTRAINT IF EXISTS "RatePlan_pkey";
ALTER TABLE IF EXISTS ONLY public."RadiusServerConfig" DROP CONSTRAINT IF EXISTS "RadiusServerConfig_pkey";
ALTER TABLE IF EXISTS ONLY public."RadiusProvisioningLog" DROP CONSTRAINT IF EXISTS "RadiusProvisioningLog_pkey";
ALTER TABLE IF EXISTS ONLY public."RadiusNAS" DROP CONSTRAINT IF EXISTS "RadiusNAS_pkey";
ALTER TABLE IF EXISTS ONLY public."RadiusMacAuth" DROP CONSTRAINT IF EXISTS "RadiusMacAuth_pkey";
ALTER TABLE IF EXISTS ONLY public."RadiusEventUser" DROP CONSTRAINT IF EXISTS "RadiusEventUser_pkey";
ALTER TABLE IF EXISTS ONLY public."RadiusCoaLog" DROP CONSTRAINT IF EXISTS "RadiusCoaLog_pkey";
ALTER TABLE IF EXISTS ONLY public."RadiusAuthLog" DROP CONSTRAINT IF EXISTS "RadiusAuthLog_pkey";
ALTER TABLE IF EXISTS ONLY public."PurchaseOrder" DROP CONSTRAINT IF EXISTS "PurchaseOrder_pkey";
ALTER TABLE IF EXISTS ONLY public."PurchaseOrderItem" DROP CONSTRAINT IF EXISTS "PurchaseOrderItem_pkey";
ALTER TABLE IF EXISTS ONLY public."Property" DROP CONSTRAINT IF EXISTS "Property_pkey";
ALTER TABLE IF EXISTS ONLY public."Promotion" DROP CONSTRAINT IF EXISTS "Promotion_pkey";
ALTER TABLE IF EXISTS ONLY public."PricingRule" DROP CONSTRAINT IF EXISTS "PricingRule_pkey";
ALTER TABLE IF EXISTS ONLY public."PriceOverride" DROP CONSTRAINT IF EXISTS "PriceOverride_pkey";
ALTER TABLE IF EXISTS ONLY public."PreventiveMaintenance" DROP CONSTRAINT IF EXISTS "PreventiveMaintenance_pkey";
ALTER TABLE IF EXISTS ONLY public."PortalWhitelist" DROP CONSTRAINT IF EXISTS "PortalWhitelist_pkey";
ALTER TABLE IF EXISTS ONLY public."PortalTemplate" DROP CONSTRAINT IF EXISTS "PortalTemplate_pkey";
ALTER TABLE IF EXISTS ONLY public."PortalPage" DROP CONSTRAINT IF EXISTS "PortalPage_pkey";
ALTER TABLE IF EXISTS ONLY public."PortalMapping" DROP CONSTRAINT IF EXISTS "PortalMapping_pkey";
ALTER TABLE IF EXISTS ONLY public."PortalAuthentication" DROP CONSTRAINT IF EXISTS "PortalAuthentication_pkey";
ALTER TABLE IF EXISTS ONLY public."PortForwardRule" DROP CONSTRAINT IF EXISTS "PortForwardRule_pkey";
ALTER TABLE IF EXISTS ONLY public."Payment" DROP CONSTRAINT IF EXISTS "Payment_pkey";
ALTER TABLE IF EXISTS ONLY public."PaymentToken" DROP CONSTRAINT IF EXISTS "PaymentToken_pkey";
ALTER TABLE IF EXISTS ONLY public."PaymentSchedule" DROP CONSTRAINT IF EXISTS "PaymentSchedule_pkey";
ALTER TABLE IF EXISTS ONLY public."PaymentGateway" DROP CONSTRAINT IF EXISTS "PaymentGateway_pkey";
ALTER TABLE IF EXISTS ONLY public."ParkingSlot" DROP CONSTRAINT IF EXISTS "ParkingSlot_pkey";
ALTER TABLE IF EXISTS ONLY public."ParkingPass" DROP CONSTRAINT IF EXISTS "ParkingPass_pkey";
ALTER TABLE IF EXISTS ONLY public."Order" DROP CONSTRAINT IF EXISTS "Order_pkey";
ALTER TABLE IF EXISTS ONLY public."OrderItem" DROP CONSTRAINT IF EXISTS "OrderItem_pkey";
ALTER TABLE IF EXISTS ONLY public."OrderDiscount" DROP CONSTRAINT IF EXISTS "OrderDiscount_pkey";
ALTER TABLE IF EXISTS ONLY public."OrderCategory" DROP CONSTRAINT IF EXISTS "OrderCategory_pkey";
ALTER TABLE IF EXISTS ONLY public."Notification" DROP CONSTRAINT IF EXISTS "Notification_pkey";
ALTER TABLE IF EXISTS ONLY public."NotificationTemplate" DROP CONSTRAINT IF EXISTS "NotificationTemplate_pkey";
ALTER TABLE IF EXISTS ONLY public."NotificationPreference" DROP CONSTRAINT IF EXISTS "NotificationPreference_pkey";
ALTER TABLE IF EXISTS ONLY public."NotificationLog" DROP CONSTRAINT IF EXISTS "NotificationLog_pkey";
ALTER TABLE IF EXISTS ONLY public."NetworkInterface" DROP CONSTRAINT IF EXISTS "NetworkInterface_pkey";
ALTER TABLE IF EXISTS ONLY public."NetworkConfigBackup" DROP CONSTRAINT IF EXISTS "NetworkConfigBackup_pkey";
ALTER TABLE IF EXISTS ONLY public."NatLog" DROP CONSTRAINT IF EXISTS "NatLog_pkey";
ALTER TABLE IF EXISTS ONLY public."NasHealthLog" DROP CONSTRAINT IF EXISTS "NasHealthLog_pkey";
ALTER TABLE IF EXISTS ONLY public."MultiWanConfig" DROP CONSTRAINT IF EXISTS "MultiWanConfig_pkey";
ALTER TABLE IF EXISTS ONLY public."MetasearchConnection" DROP CONSTRAINT IF EXISTS "MetasearchConnection_pkey";
ALTER TABLE IF EXISTS ONLY public."MessageTemplate" DROP CONSTRAINT IF EXISTS "MessageTemplate_pkey";
ALTER TABLE IF EXISTS ONLY public."MenuVariant" DROP CONSTRAINT IF EXISTS "MenuVariant_pkey";
ALTER TABLE IF EXISTS ONLY public."MenuModifier" DROP CONSTRAINT IF EXISTS "MenuModifier_pkey";
ALTER TABLE IF EXISTS ONLY public."MenuModifierOption" DROP CONSTRAINT IF EXISTS "MenuModifierOption_pkey";
ALTER TABLE IF EXISTS ONLY public."MenuItem" DROP CONSTRAINT IF EXISTS "MenuItem_pkey";
ALTER TABLE IF EXISTS ONLY public."ManualTransaction" DROP CONSTRAINT IF EXISTS "ManualTransaction_pkey";
ALTER TABLE IF EXISTS ONLY public."MaintenanceBlock" DROP CONSTRAINT IF EXISTS "MaintenanceBlock_pkey";
ALTER TABLE IF EXISTS ONLY public."MacFilter" DROP CONSTRAINT IF EXISTS "MacFilter_pkey";
ALTER TABLE IF EXISTS ONLY public."LoyaltyTransaction" DROP CONSTRAINT IF EXISTS "LoyaltyTransaction_pkey";
ALTER TABLE IF EXISTS ONLY public."LoyaltyTier" DROP CONSTRAINT IF EXISTS "LoyaltyTier_pkey";
ALTER TABLE IF EXISTS ONLY public."LoyaltyReward" DROP CONSTRAINT IF EXISTS "LoyaltyReward_pkey";
ALTER TABLE IF EXISTS ONLY public."LoyaltyRedemption" DROP CONSTRAINT IF EXISTS "LoyaltyRedemption_pkey";
ALTER TABLE IF EXISTS ONLY public."LoyaltyPointTransaction" DROP CONSTRAINT IF EXISTS "LoyaltyPointTransaction_pkey";
ALTER TABLE IF EXISTS ONLY public."LiveSession" DROP CONSTRAINT IF EXISTS "LiveSession_pkey";
ALTER TABLE IF EXISTS ONLY public."LicenseKey" DROP CONSTRAINT IF EXISTS "LicenseKey_pkey";
ALTER TABLE IF EXISTS ONLY public."KioskSettings" DROP CONSTRAINT IF EXISTS "KioskSettings_pkey";
ALTER TABLE IF EXISTS ONLY public."KeyCard" DROP CONSTRAINT IF EXISTS "KeyCard_pkey";
ALTER TABLE IF EXISTS ONLY public."IpPool" DROP CONSTRAINT IF EXISTS "IpPool_pkey";
ALTER TABLE IF EXISTS ONLY public."IpPoolRange" DROP CONSTRAINT IF EXISTS "IpPoolRange_pkey";
ALTER TABLE IF EXISTS ONLY public."IoTReading" DROP CONSTRAINT IF EXISTS "IoTReading_pkey";
ALTER TABLE IF EXISTS ONLY public."IoTDevice" DROP CONSTRAINT IF EXISTS "IoTDevice_pkey";
ALTER TABLE IF EXISTS ONLY public."IoTCommand" DROP CONSTRAINT IF EXISTS "IoTCommand_pkey";
ALTER TABLE IF EXISTS ONLY public."Invoice" DROP CONSTRAINT IF EXISTS "Invoice_pkey";
ALTER TABLE IF EXISTS ONLY public."InvoiceTemplate" DROP CONSTRAINT IF EXISTS "InvoiceTemplate_pkey";
ALTER TABLE IF EXISTS ONLY public."InventoryTransfer" DROP CONSTRAINT IF EXISTS "InventoryTransfer_pkey";
ALTER TABLE IF EXISTS ONLY public."InventoryTransferItem" DROP CONSTRAINT IF EXISTS "InventoryTransferItem_pkey";
ALTER TABLE IF EXISTS ONLY public."InventoryMovement" DROP CONSTRAINT IF EXISTS "InventoryMovement_pkey";
ALTER TABLE IF EXISTS ONLY public."InventoryLock" DROP CONSTRAINT IF EXISTS "InventoryLock_pkey";
ALTER TABLE IF EXISTS ONLY public."InventoryItem" DROP CONSTRAINT IF EXISTS "InventoryItem_pkey";
ALTER TABLE IF EXISTS ONLY public."InterfaceRole" DROP CONSTRAINT IF EXISTS "InterfaceRole_pkey";
ALTER TABLE IF EXISTS ONLY public."InterfaceConfig" DROP CONSTRAINT IF EXISTS "InterfaceConfig_pkey";
ALTER TABLE IF EXISTS ONLY public."InterfaceAlias" DROP CONSTRAINT IF EXISTS "InterfaceAlias_pkey";
ALTER TABLE IF EXISTS ONLY public."Integration" DROP CONSTRAINT IF EXISTS "Integration_pkey";
ALTER TABLE IF EXISTS ONLY public."InspectionTemplate" DROP CONSTRAINT IF EXISTS "InspectionTemplate_pkey";
ALTER TABLE IF EXISTS ONLY public."InspectionResult" DROP CONSTRAINT IF EXISTS "InspectionResult_pkey";
ALTER TABLE IF EXISTS ONLY public."IdempotencyKey" DROP CONSTRAINT IF EXISTS "IdempotencyKey_pkey";
ALTER TABLE IF EXISTS ONLY public."HelpCategory" DROP CONSTRAINT IF EXISTS "HelpCategory_pkey";
ALTER TABLE IF EXISTS ONLY public."HelpArticle" DROP CONSTRAINT IF EXISTS "HelpArticle_pkey";
ALTER TABLE IF EXISTS ONLY public."Guest" DROP CONSTRAINT IF EXISTS "Guest_pkey";
ALTER TABLE IF EXISTS ONLY public."GuestStay" DROP CONSTRAINT IF EXISTS "GuestStay_pkey";
ALTER TABLE IF EXISTS ONLY public."GuestSegment" DROP CONSTRAINT IF EXISTS "GuestSegment_pkey";
ALTER TABLE IF EXISTS ONLY public."GuestReview" DROP CONSTRAINT IF EXISTS "GuestReview_pkey";
ALTER TABLE IF EXISTS ONLY public."GuestRecommendation" DROP CONSTRAINT IF EXISTS "GuestRecommendation_pkey";
ALTER TABLE IF EXISTS ONLY public."GuestJourney" DROP CONSTRAINT IF EXISTS "GuestJourney_pkey";
ALTER TABLE IF EXISTS ONLY public."GuestFeedback" DROP CONSTRAINT IF EXISTS "GuestFeedback_pkey";
ALTER TABLE IF EXISTS ONLY public."GuestDocument" DROP CONSTRAINT IF EXISTS "GuestDocument_pkey";
ALTER TABLE IF EXISTS ONLY public."GuestBehavior" DROP CONSTRAINT IF EXISTS "GuestBehavior_pkey";
ALTER TABLE IF EXISTS ONLY public."GroupBooking" DROP CONSTRAINT IF EXISTS "GroupBooking_pkey";
ALTER TABLE IF EXISTS ONLY public."GoogleHotelAdsConnection" DROP CONSTRAINT IF EXISTS "GoogleHotelAdsConnection_pkey";
ALTER TABLE IF EXISTS ONLY public."Gateway" DROP CONSTRAINT IF EXISTS "Gateway_pkey";
ALTER TABLE IF EXISTS ONLY public."GatewayHealthRule" DROP CONSTRAINT IF EXISTS "GatewayHealthRule_pkey";
ALTER TABLE IF EXISTS ONLY public."GatewayFwmark" DROP CONSTRAINT IF EXISTS "GatewayFwmark_pkey";
ALTER TABLE IF EXISTS ONLY public."GatewayExplicitRoute" DROP CONSTRAINT IF EXISTS "GatewayExplicitRoute_pkey";
ALTER TABLE IF EXISTS ONLY public."GDPRRequest" DROP CONSTRAINT IF EXISTS "GDPRRequest_pkey";
ALTER TABLE IF EXISTS ONLY public."Folio" DROP CONSTRAINT IF EXISTS "Folio_pkey";
ALTER TABLE IF EXISTS ONLY public."FolioTransfer" DROP CONSTRAINT IF EXISTS "FolioTransfer_pkey";
ALTER TABLE IF EXISTS ONLY public."FolioLineItem" DROP CONSTRAINT IF EXISTS "FolioLineItem_pkey";
ALTER TABLE IF EXISTS ONLY public."FolioLineItemAudit" DROP CONSTRAINT IF EXISTS "FolioLineItemAudit_pkey";
ALTER TABLE IF EXISTS ONLY public."FloorPlan" DROP CONSTRAINT IF EXISTS "FloorPlan_pkey";
ALTER TABLE IF EXISTS ONLY public."FloorPlanRoom" DROP CONSTRAINT IF EXISTS "FloorPlanRoom_pkey";
ALTER TABLE IF EXISTS ONLY public."FirewallZone" DROP CONSTRAINT IF EXISTS "FirewallZone_pkey";
ALTER TABLE IF EXISTS ONLY public."FirewallSchedule" DROP CONSTRAINT IF EXISTS "FirewallSchedule_pkey";
ALTER TABLE IF EXISTS ONLY public."FirewallRule" DROP CONSTRAINT IF EXISTS "FirewallRule_pkey";
ALTER TABLE IF EXISTS ONLY public."FeatureAnnouncement" DROP CONSTRAINT IF EXISTS "FeatureAnnouncement_pkey";
ALTER TABLE IF EXISTS ONLY public."FairAccessPolicy" DROP CONSTRAINT IF EXISTS "FairAccessPolicy_pkey";
ALTER TABLE IF EXISTS ONLY public."ExternalReview" DROP CONSTRAINT IF EXISTS "ExternalReview_pkey";
ALTER TABLE IF EXISTS ONLY public."Experience" DROP CONSTRAINT IF EXISTS "Experience_pkey";
ALTER TABLE IF EXISTS ONLY public."ExperienceVendor" DROP CONSTRAINT IF EXISTS "ExperienceVendor_pkey";
ALTER TABLE IF EXISTS ONLY public."ExperiencePricing" DROP CONSTRAINT IF EXISTS "ExperiencePricing_pkey";
ALTER TABLE IF EXISTS ONLY public."ExperienceFeedback" DROP CONSTRAINT IF EXISTS "ExperienceFeedback_pkey";
ALTER TABLE IF EXISTS ONLY public."ExperienceBooking" DROP CONSTRAINT IF EXISTS "ExperienceBooking_pkey";
ALTER TABLE IF EXISTS ONLY public."ExchangeRate" DROP CONSTRAINT IF EXISTS "ExchangeRate_pkey";
ALTER TABLE IF EXISTS ONLY public."Event" DROP CONSTRAINT IF EXISTS "Event_pkey";
ALTER TABLE IF EXISTS ONLY public."EventSpace" DROP CONSTRAINT IF EXISTS "EventSpace_pkey";
ALTER TABLE IF EXISTS ONLY public."EventResource" DROP CONSTRAINT IF EXISTS "EventResource_pkey";
ALTER TABLE IF EXISTS ONLY public."EnergyMetric" DROP CONSTRAINT IF EXISTS "EnergyMetric_pkey";
ALTER TABLE IF EXISTS ONLY public."DnsZone" DROP CONSTRAINT IF EXISTS "DnsZone_pkey";
ALTER TABLE IF EXISTS ONLY public."DnsRedirectRule" DROP CONSTRAINT IF EXISTS "DnsRedirectRule_pkey";
ALTER TABLE IF EXISTS ONLY public."DnsRecord" DROP CONSTRAINT IF EXISTS "DnsRecord_pkey";
ALTER TABLE IF EXISTS ONLY public."Discount" DROP CONSTRAINT IF EXISTS "Discount_pkey";
ALTER TABLE IF EXISTS ONLY public."DigitalKeyAccessLog" DROP CONSTRAINT IF EXISTS "DigitalKeyAccessLog_pkey";
ALTER TABLE IF EXISTS ONLY public."DhcpTagRule" DROP CONSTRAINT IF EXISTS "DhcpTagRule_pkey";
ALTER TABLE IF EXISTS ONLY public."DhcpSubnet" DROP CONSTRAINT IF EXISTS "DhcpSubnet_pkey";
ALTER TABLE IF EXISTS ONLY public."DhcpReservation" DROP CONSTRAINT IF EXISTS "DhcpReservation_pkey";
ALTER TABLE IF EXISTS ONLY public."DhcpOption" DROP CONSTRAINT IF EXISTS "DhcpOption_pkey";
ALTER TABLE IF EXISTS ONLY public."DhcpLease" DROP CONSTRAINT IF EXISTS "DhcpLease_pkey";
ALTER TABLE IF EXISTS ONLY public."DhcpLeaseScript" DROP CONSTRAINT IF EXISTS "DhcpLeaseScript_pkey";
ALTER TABLE IF EXISTS ONLY public."DhcpHostnameFilter" DROP CONSTRAINT IF EXISTS "DhcpHostnameFilter_pkey";
ALTER TABLE IF EXISTS ONLY public."DhcpBlacklist" DROP CONSTRAINT IF EXISTS "DhcpBlacklist_pkey";
ALTER TABLE IF EXISTS ONLY public."DeviceProfile" DROP CONSTRAINT IF EXISTS "DeviceProfile_pkey";
ALTER TABLE IF EXISTS ONLY public."DemandForecast" DROP CONSTRAINT IF EXISTS "DemandForecast_pkey";
ALTER TABLE IF EXISTS ONLY public."CreditNote" DROP CONSTRAINT IF EXISTS "CreditNote_pkey";
ALTER TABLE IF EXISTS ONLY public."ContentFilter" DROP CONSTRAINT IF EXISTS "ContentFilter_pkey";
ALTER TABLE IF EXISTS ONLY public."ConsentRecord" DROP CONSTRAINT IF EXISTS "ConsentRecord_pkey";
ALTER TABLE IF EXISTS ONLY public."CompetitorSyncLog" DROP CONSTRAINT IF EXISTS "CompetitorSyncLog_pkey";
ALTER TABLE IF EXISTS ONLY public."CompetitorPrice" DROP CONSTRAINT IF EXISTS "CompetitorPrice_pkey";
ALTER TABLE IF EXISTS ONLY public."CommunicationChannel" DROP CONSTRAINT IF EXISTS "CommunicationChannel_pkey";
ALTER TABLE IF EXISTS ONLY public."CoaSessionDetail" DROP CONSTRAINT IF EXISTS "CoaSessionDetail_pkey";
ALTER TABLE IF EXISTS ONLY public."ChatTransfer" DROP CONSTRAINT IF EXISTS "ChatTransfer_pkey";
ALTER TABLE IF EXISTS ONLY public."ChatMessage" DROP CONSTRAINT IF EXISTS "ChatMessage_pkey";
ALTER TABLE IF EXISTS ONLY public."ChatConversation" DROP CONSTRAINT IF EXISTS "ChatConversation_pkey";
ALTER TABLE IF EXISTS ONLY public."ChatAttachment" DROP CONSTRAINT IF EXISTS "ChatAttachment_pkey";
ALTER TABLE IF EXISTS ONLY public."ChannelSyncLog" DROP CONSTRAINT IF EXISTS "ChannelSyncLog_pkey";
ALTER TABLE IF EXISTS ONLY public."ChannelRetryQueue" DROP CONSTRAINT IF EXISTS "ChannelRetryQueue_pkey";
ALTER TABLE IF EXISTS ONLY public."ChannelRestriction" DROP CONSTRAINT IF EXISTS "ChannelRestriction_pkey";
ALTER TABLE IF EXISTS ONLY public."ChannelMapping" DROP CONSTRAINT IF EXISTS "ChannelMapping_pkey";
ALTER TABLE IF EXISTS ONLY public."ChannelDeadLetterQueue" DROP CONSTRAINT IF EXISTS "ChannelDeadLetterQueue_pkey";
ALTER TABLE IF EXISTS ONLY public."ChannelConnection" DROP CONSTRAINT IF EXISTS "ChannelConnection_pkey";
ALTER TABLE IF EXISTS ONLY public."CaptivePortal" DROP CONSTRAINT IF EXISTS "CaptivePortal_pkey";
ALTER TABLE IF EXISTS ONLY public."CancellationPolicy" DROP CONSTRAINT IF EXISTS "CancellationPolicy_pkey";
ALTER TABLE IF EXISTS ONLY public."CancellationPenalty" DROP CONSTRAINT IF EXISTS "CancellationPenalty_pkey";
ALTER TABLE IF EXISTS ONLY public."Campaign" DROP CONSTRAINT IF EXISTS "Campaign_pkey";
ALTER TABLE IF EXISTS ONLY public."CampaignSegment" DROP CONSTRAINT IF EXISTS "CampaignSegment_pkey";
ALTER TABLE IF EXISTS ONLY public."CampaignAbTest" DROP CONSTRAINT IF EXISTS "CampaignAbTest_pkey";
ALTER TABLE IF EXISTS ONLY public."Camera" DROP CONSTRAINT IF EXISTS "Camera_pkey";
ALTER TABLE IF EXISTS ONLY public."CameraGroup" DROP CONSTRAINT IF EXISTS "CameraGroup_pkey";
ALTER TABLE IF EXISTS ONLY public."CameraEvent" DROP CONSTRAINT IF EXISTS "CameraEvent_pkey";
ALTER TABLE IF EXISTS ONLY public."BridgeConfig" DROP CONSTRAINT IF EXISTS "BridgeConfig_pkey";
ALTER TABLE IF EXISTS ONLY public."Brand" DROP CONSTRAINT IF EXISTS "Brand_pkey";
ALTER TABLE IF EXISTS ONLY public."Booking" DROP CONSTRAINT IF EXISTS "Booking_pkey";
ALTER TABLE IF EXISTS ONLY public."BookingAuditLog" DROP CONSTRAINT IF EXISTS "BookingAuditLog_pkey";
ALTER TABLE IF EXISTS ONLY public."BondMember" DROP CONSTRAINT IF EXISTS "BondMember_pkey";
ALTER TABLE IF EXISTS ONLY public."BondConfig" DROP CONSTRAINT IF EXISTS "BondConfig_pkey";
ALTER TABLE IF EXISTS ONLY public."BankTransaction" DROP CONSTRAINT IF EXISTS "BankTransaction_pkey";
ALTER TABLE IF EXISTS ONLY public."BankAccount" DROP CONSTRAINT IF EXISTS "BankAccount_pkey";
ALTER TABLE IF EXISTS ONLY public."BandwidthUsageSession" DROP CONSTRAINT IF EXISTS "BandwidthUsageSession_pkey";
ALTER TABLE IF EXISTS ONLY public."BandwidthUsageDaily" DROP CONSTRAINT IF EXISTS "BandwidthUsageDaily_pkey";
ALTER TABLE IF EXISTS ONLY public."BandwidthTopup" DROP CONSTRAINT IF EXISTS "BandwidthTopup_pkey";
ALTER TABLE IF EXISTS ONLY public."BandwidthPool" DROP CONSTRAINT IF EXISTS "BandwidthPool_pkey";
ALTER TABLE IF EXISTS ONLY public."BandwidthPolicy" DROP CONSTRAINT IF EXISTS "BandwidthPolicy_pkey";
ALTER TABLE IF EXISTS ONLY public."BandwidthPolicyDetail" DROP CONSTRAINT IF EXISTS "BandwidthPolicyDetail_pkey";
ALTER TABLE IF EXISTS ONLY public."AutomationRule" DROP CONSTRAINT IF EXISTS "AutomationRule_pkey";
ALTER TABLE IF EXISTS ONLY public."AutomationExecutionLog" DROP CONSTRAINT IF EXISTS "AutomationExecutionLog_pkey";
ALTER TABLE IF EXISTS ONLY public."AuditLog" DROP CONSTRAINT IF EXISTS "AuditLog_pkey";
ALTER TABLE IF EXISTS ONLY public."Asset" DROP CONSTRAINT IF EXISTS "Asset_pkey";
ALTER TABLE IF EXISTS ONLY public."Amenity" DROP CONSTRAINT IF EXISTS "Amenity_pkey";
ALTER TABLE IF EXISTS ONLY public."AiConversation" DROP CONSTRAINT IF EXISTS "AiConversation_pkey";
ALTER TABLE IF EXISTS ONLY public."AiConversationMessage" DROP CONSTRAINT IF EXISTS "AiConversationMessage_pkey";
ALTER TABLE IF EXISTS ONLY public."AdPerformance" DROP CONSTRAINT IF EXISTS "AdPerformance_pkey";
ALTER TABLE IF EXISTS ONLY public."AdCampaign" DROP CONSTRAINT IF EXISTS "AdCampaign_pkey";
ALTER TABLE IF EXISTS ONLY public."AISuggestion" DROP CONSTRAINT IF EXISTS "AISuggestion_pkey";
ALTER TABLE IF EXISTS public.radpostauth ALTER COLUMN id DROP DEFAULT;
ALTER TABLE IF EXISTS public.radacct ALTER COLUMN radacctid DROP DEFAULT;
ALTER TABLE IF EXISTS public.nas ALTER COLUMN id DROP DEFAULT;
ALTER TABLE IF EXISTS public.fup_switch_log ALTER COLUMN id DROP DEFAULT;
DROP VIEW IF EXISTS public.v_wifi_users;
DROP VIEW IF EXISTS public.v_user_usage;
DROP VIEW IF EXISTS public.v_fup_switch_logs;
DROP VIEW IF EXISTS public.v_auth_logs;
DROP VIEW IF EXISTS public.v_active_sessions;
DROP VIEW IF EXISTS public.v_session_history;
DROP TABLE IF EXISTS public.radusergroup;
DROP TABLE IF EXISTS public.radreply;
DROP SEQUENCE IF EXISTS public.radpostauth_id_seq;
DROP TABLE IF EXISTS public.radpostauth;
DROP TABLE IF EXISTS public.radgroupreply;
DROP TABLE IF EXISTS public.radgroupcheck;
DROP TABLE IF EXISTS public.radcheck;
DROP SEQUENCE IF EXISTS public.radacct_radacctid_seq;
DROP TABLE IF EXISTS public.radacct;
DROP TABLE IF EXISTS public.nasreload;
DROP SEQUENCE IF EXISTS public.nas_id_seq;
DROP TABLE IF EXISTS public.nas;
DROP SEQUENCE IF EXISTS public.fup_switch_log_id_seq;
DROP TABLE IF EXISTS public.fup_switch_log;
DROP TABLE IF EXISTS public.data_usage_by_period;
DROP TABLE IF EXISTS public."_ModifierItems";
DROP TABLE IF EXISTS public."_CaptivePortalToVlanConfig";
DROP TABLE IF EXISTS public."WorkOrder";
DROP TABLE IF EXISTS public."WiFiVoucher";
DROP TABLE IF EXISTS public."WiFiUserStatusHistory";
DROP TABLE IF EXISTS public."WiFiUser";
DROP TABLE IF EXISTS public."WiFiSession";
DROP TABLE IF EXISTS public."WiFiPlan";
DROP TABLE IF EXISTS public."WiFiGateway";
DROP TABLE IF EXISTS public."WiFiAccountingSync";
DROP TABLE IF EXISTS public."WiFiAAAConfig";
DROP TABLE IF EXISTS public."WebhookEndpoint";
DROP TABLE IF EXISTS public."WebhookDeliveryLog";
DROP TABLE IF EXISTS public."WebCategorySchedule";
DROP TABLE IF EXISTS public."WebCategory";
DROP TABLE IF EXISTS public."WanFailover";
DROP TABLE IF EXISTS public."WaitlistEntry";
DROP TABLE IF EXISTS public."VlanConfig";
DROP TABLE IF EXISTS public."VendorPayment";
DROP TABLE IF EXISTS public."Vendor";
DROP TABLE IF EXISTS public."Vehicle";
DROP TABLE IF EXISTS public."UserTutorial";
DROP TABLE IF EXISTS public."UserFcmToken";
DROP TABLE IF EXISTS public."User";
DROP TABLE IF EXISTS public."UsageSummary";
DROP TABLE IF EXISTS public."UsageLog";
DROP TABLE IF EXISTS public."Tenant";
DROP TABLE IF EXISTS public."TaxReport";
DROP TABLE IF EXISTS public."TaskAssignmentSuggestion";
DROP TABLE IF EXISTS public."Task";
DROP TABLE IF EXISTS public."TableMerge";
DROP TABLE IF EXISTS public."SystemNetworkHealth";
DROP TABLE IF EXISTS public."SyslogServer";
DROP TABLE IF EXISTS public."SurveillanceConfig";
DROP TABLE IF EXISTS public."SubscriptionPlan";
DROP TABLE IF EXISTS public."SubscriptionInvoice";
DROP TABLE IF EXISTS public."Subscription";
DROP TABLE IF EXISTS public."StockItem";
DROP TABLE IF EXISTS public."StockConsumption";
DROP TABLE IF EXISTS public."StaticRoute";
DROP TABLE IF EXISTS public."StaffWorkload";
DROP TABLE IF EXISTS public."StaffSkill";
DROP TABLE IF EXISTS public."StaffShift";
DROP TABLE IF EXISTS public."StaffSchedule";
DROP TABLE IF EXISTS public."StaffPerformance";
DROP TABLE IF EXISTS public."StaffLeave";
DROP TABLE IF EXISTS public."StaffChatMessage";
DROP TABLE IF EXISTS public."StaffChannelMember";
DROP TABLE IF EXISTS public."StaffChannel";
DROP TABLE IF EXISTS public."StaffAttendance";
DROP TABLE IF EXISTS public."ShiftTemplate";
DROP TABLE IF EXISTS public."Session";
DROP TABLE IF EXISTS public."ServiceRequest";
DROP TABLE IF EXISTS public."SegmentMembership";
DROP TABLE IF EXISTS public."SecuritySettings";
DROP TABLE IF EXISTS public."SecurityIncident";
DROP TABLE IF EXISTS public."SecurityEvent";
DROP TABLE IF EXISTS public."ScheduledReport";
DROP TABLE IF EXISTS public."ScheduledNotification";
DROP TABLE IF EXISTS public."ScheduledCharge";
DROP TABLE IF EXISTS public."ScheduleAccess";
DROP TABLE IF EXISTS public."SSOSession";
DROP TABLE IF EXISTS public."SSOConnection";
DROP TABLE IF EXISTS public."RoomType";
DROP TABLE IF EXISTS public."RoomMoveLog";
DROP TABLE IF EXISTS public."Room";
DROP TABLE IF EXISTS public."Role";
DROP TABLE IF EXISTS public."RestaurantTable";
DROP TABLE IF EXISTS public."Reservation";
DROP TABLE IF EXISTS public."ReportHistory";
DROP TABLE IF EXISTS public."ReportCache";
DROP TABLE IF EXISTS public."RegistrationPlan";
DROP TABLE IF EXISTS public."RegistrationCard";
DROP TABLE IF EXISTS public."Reconciliation";
DROP TABLE IF EXISTS public."RecipeIngredient";
DROP TABLE IF EXISTS public."Recipe";
DROP TABLE IF EXISTS public."RatePlan";
DROP TABLE IF EXISTS public."RadiusServerConfig";
DROP TABLE IF EXISTS public."RadiusProvisioningLog";
DROP TABLE IF EXISTS public."RadiusNAS";
DROP TABLE IF EXISTS public."RadiusMacAuth";
DROP TABLE IF EXISTS public."RadiusEventUser";
DROP TABLE IF EXISTS public."RadiusCoaLog";
DROP TABLE IF EXISTS public."RadiusAuthLog";
DROP TABLE IF EXISTS public."PurchaseOrderItem";
DROP TABLE IF EXISTS public."PurchaseOrder";
DROP TABLE IF EXISTS public."Property";
DROP TABLE IF EXISTS public."Promotion";
DROP TABLE IF EXISTS public."PricingRule";
DROP TABLE IF EXISTS public."PriceOverride";
DROP TABLE IF EXISTS public."PreventiveMaintenance";
DROP TABLE IF EXISTS public."PortalWhitelist";
DROP TABLE IF EXISTS public."PortalTemplate";
DROP TABLE IF EXISTS public."PortalPage";
DROP TABLE IF EXISTS public."PortalMapping";
DROP TABLE IF EXISTS public."PortalAuthentication";
DROP TABLE IF EXISTS public."PortForwardRule";
DROP TABLE IF EXISTS public."PaymentToken";
DROP TABLE IF EXISTS public."PaymentSchedule";
DROP TABLE IF EXISTS public."PaymentGateway";
DROP TABLE IF EXISTS public."Payment";
DROP TABLE IF EXISTS public."ParkingSlot";
DROP TABLE IF EXISTS public."ParkingPass";
DROP TABLE IF EXISTS public."OrderItem";
DROP TABLE IF EXISTS public."OrderDiscount";
DROP TABLE IF EXISTS public."OrderCategory";
DROP TABLE IF EXISTS public."Order";
DROP TABLE IF EXISTS public."NotificationTemplate";
DROP TABLE IF EXISTS public."NotificationPreference";
DROP TABLE IF EXISTS public."NotificationLog";
DROP TABLE IF EXISTS public."Notification";
DROP TABLE IF EXISTS public."NetworkInterface";
DROP TABLE IF EXISTS public."NetworkConfigBackup";
DROP TABLE IF EXISTS public."NatLog";
DROP TABLE IF EXISTS public."NasHealthLog";
DROP TABLE IF EXISTS public."MultiWanConfig";
DROP TABLE IF EXISTS public."MetasearchConnection";
DROP TABLE IF EXISTS public."MessageTemplate";
DROP TABLE IF EXISTS public."MenuVariant";
DROP TABLE IF EXISTS public."MenuModifierOption";
DROP TABLE IF EXISTS public."MenuModifier";
DROP TABLE IF EXISTS public."MenuItem";
DROP TABLE IF EXISTS public."ManualTransaction";
DROP TABLE IF EXISTS public."MaintenanceBlock";
DROP TABLE IF EXISTS public."MacFilter";
DROP TABLE IF EXISTS public."LoyaltyTransaction";
DROP TABLE IF EXISTS public."LoyaltyTier";
DROP TABLE IF EXISTS public."LoyaltyReward";
DROP TABLE IF EXISTS public."LoyaltyRedemption";
DROP TABLE IF EXISTS public."LoyaltyPointTransaction";
DROP TABLE IF EXISTS public."LiveSession";
DROP TABLE IF EXISTS public."LicenseKey";
DROP TABLE IF EXISTS public."KioskSettings";
DROP TABLE IF EXISTS public."KeyCard";
DROP TABLE IF EXISTS public."IpPoolRange";
DROP TABLE IF EXISTS public."IpPool";
DROP TABLE IF EXISTS public."IoTReading";
DROP TABLE IF EXISTS public."IoTDevice";
DROP TABLE IF EXISTS public."IoTCommand";
DROP TABLE IF EXISTS public."InvoiceTemplate";
DROP TABLE IF EXISTS public."Invoice";
DROP TABLE IF EXISTS public."InventoryTransferItem";
DROP TABLE IF EXISTS public."InventoryTransfer";
DROP TABLE IF EXISTS public."InventoryMovement";
DROP TABLE IF EXISTS public."InventoryLock";
DROP TABLE IF EXISTS public."InventoryItem";
DROP TABLE IF EXISTS public."InterfaceRole";
DROP TABLE IF EXISTS public."InterfaceConfig";
DROP TABLE IF EXISTS public."InterfaceAlias";
DROP TABLE IF EXISTS public."Integration";
DROP TABLE IF EXISTS public."InspectionTemplate";
DROP TABLE IF EXISTS public."InspectionResult";
DROP TABLE IF EXISTS public."IdempotencyKey";
DROP TABLE IF EXISTS public."HelpCategory";
DROP TABLE IF EXISTS public."HelpArticle";
DROP TABLE IF EXISTS public."GuestStay";
DROP TABLE IF EXISTS public."GuestSegment";
DROP TABLE IF EXISTS public."GuestReview";
DROP TABLE IF EXISTS public."GuestRecommendation";
DROP TABLE IF EXISTS public."GuestJourney";
DROP TABLE IF EXISTS public."GuestFeedback";
DROP TABLE IF EXISTS public."GuestDocument";
DROP TABLE IF EXISTS public."GuestBehavior";
DROP TABLE IF EXISTS public."Guest";
DROP TABLE IF EXISTS public."GroupBooking";
DROP TABLE IF EXISTS public."GoogleHotelAdsConnection";
DROP TABLE IF EXISTS public."GatewayHealthRule";
DROP TABLE IF EXISTS public."GatewayFwmark";
DROP TABLE IF EXISTS public."GatewayExplicitRoute";
DROP TABLE IF EXISTS public."Gateway";
DROP TABLE IF EXISTS public."GDPRRequest";
DROP TABLE IF EXISTS public."FolioTransfer";
DROP TABLE IF EXISTS public."FolioLineItemAudit";
DROP TABLE IF EXISTS public."FolioLineItem";
DROP TABLE IF EXISTS public."Folio";
DROP TABLE IF EXISTS public."FloorPlanRoom";
DROP TABLE IF EXISTS public."FloorPlan";
DROP TABLE IF EXISTS public."FirewallZone";
DROP TABLE IF EXISTS public."FirewallSchedule";
DROP TABLE IF EXISTS public."FirewallRule";
DROP TABLE IF EXISTS public."FeatureAnnouncement";
DROP TABLE IF EXISTS public."FairAccessPolicy";
DROP TABLE IF EXISTS public."ExternalReview";
DROP TABLE IF EXISTS public."ExperienceVendor";
DROP TABLE IF EXISTS public."ExperiencePricing";
DROP TABLE IF EXISTS public."ExperienceFeedback";
DROP TABLE IF EXISTS public."ExperienceBooking";
DROP TABLE IF EXISTS public."Experience";
DROP TABLE IF EXISTS public."ExchangeRate";
DROP TABLE IF EXISTS public."EventSpace";
DROP TABLE IF EXISTS public."EventResource";
DROP TABLE IF EXISTS public."Event";
DROP TABLE IF EXISTS public."EnergyMetric";
DROP TABLE IF EXISTS public."DnsZone";
DROP TABLE IF EXISTS public."DnsRedirectRule";
DROP TABLE IF EXISTS public."DnsRecord";
DROP TABLE IF EXISTS public."Discount";
DROP TABLE IF EXISTS public."DigitalKeyAccessLog";
DROP TABLE IF EXISTS public."DhcpTagRule";
DROP TABLE IF EXISTS public."DhcpSubnet";
DROP TABLE IF EXISTS public."DhcpReservation";
DROP TABLE IF EXISTS public."DhcpOption";
DROP TABLE IF EXISTS public."DhcpLeaseScript";
DROP TABLE IF EXISTS public."DhcpLease";
DROP TABLE IF EXISTS public."DhcpHostnameFilter";
DROP TABLE IF EXISTS public."DhcpBlacklist";
DROP TABLE IF EXISTS public."DeviceProfile";
DROP TABLE IF EXISTS public."DemandForecast";
DROP TABLE IF EXISTS public."CreditNote";
DROP TABLE IF EXISTS public."ContentFilter";
DROP TABLE IF EXISTS public."ConsentRecord";
DROP TABLE IF EXISTS public."CompetitorSyncLog";
DROP TABLE IF EXISTS public."CompetitorPrice";
DROP TABLE IF EXISTS public."CommunicationChannel";
DROP TABLE IF EXISTS public."CoaSessionDetail";
DROP TABLE IF EXISTS public."ChatTransfer";
DROP TABLE IF EXISTS public."ChatMessage";
DROP TABLE IF EXISTS public."ChatConversation";
DROP TABLE IF EXISTS public."ChatAttachment";
DROP TABLE IF EXISTS public."ChannelSyncLog";
DROP TABLE IF EXISTS public."ChannelRetryQueue";
DROP TABLE IF EXISTS public."ChannelRestriction";
DROP TABLE IF EXISTS public."ChannelMapping";
DROP TABLE IF EXISTS public."ChannelDeadLetterQueue";
DROP TABLE IF EXISTS public."ChannelConnection";
DROP TABLE IF EXISTS public."CaptivePortal";
DROP TABLE IF EXISTS public."CancellationPolicy";
DROP TABLE IF EXISTS public."CancellationPenalty";
DROP TABLE IF EXISTS public."CampaignSegment";
DROP TABLE IF EXISTS public."CampaignAbTest";
DROP TABLE IF EXISTS public."Campaign";
DROP TABLE IF EXISTS public."CameraGroup";
DROP TABLE IF EXISTS public."CameraEvent";
DROP TABLE IF EXISTS public."Camera";
DROP TABLE IF EXISTS public."BridgeConfig";
DROP TABLE IF EXISTS public."Brand";
DROP TABLE IF EXISTS public."BookingAuditLog";
DROP TABLE IF EXISTS public."Booking";
DROP TABLE IF EXISTS public."BondMember";
DROP TABLE IF EXISTS public."BondConfig";
DROP TABLE IF EXISTS public."BankTransaction";
DROP TABLE IF EXISTS public."BankAccount";
DROP TABLE IF EXISTS public."BandwidthUsageSession";
DROP TABLE IF EXISTS public."BandwidthUsageDaily";
DROP TABLE IF EXISTS public."BandwidthTopup";
DROP TABLE IF EXISTS public."BandwidthPool";
DROP TABLE IF EXISTS public."BandwidthPolicyDetail";
DROP TABLE IF EXISTS public."BandwidthPolicy";
DROP TABLE IF EXISTS public."AutomationRule";
DROP TABLE IF EXISTS public."AutomationExecutionLog";
DROP TABLE IF EXISTS public."AuditLog";
DROP TABLE IF EXISTS public."Asset";
DROP TABLE IF EXISTS public."Amenity";
DROP TABLE IF EXISTS public."AiConversationMessage";
DROP TABLE IF EXISTS public."AiConversation";
DROP TABLE IF EXISTS public."AdPerformance";
DROP TABLE IF EXISTS public."AdCampaign";
DROP TABLE IF EXISTS public."AISuggestion";
DROP FUNCTION IF EXISTS public.fn_is_fup_throttled(p_username text);
DROP FUNCTION IF EXISTS public.fn_get_user_pool_info(p_username text);
DROP FUNCTION IF EXISTS public.fn_get_pool_attr(p_username text, p_attr text);
DROP FUNCTION IF EXISTS public.fn_get_mikrotik_rate_limit(p_username text);
DROP FUNCTION IF EXISTS public.fn_get_effective_bandwidth(p_username text, p_direction text);
DROP FUNCTION IF EXISTS public.fn_check_login_limit(p_username text);
DROP FUNCTION IF EXISTS public.fn_check_ip_pool(p_username text, p_ip inet);
DROP FUNCTION IF EXISTS public.fn_check_fup(p_username text);
DROP EXTENSION IF EXISTS citext;
--
-- Name: citext; Type: EXTENSION; Schema: -; Owner: -
--

CREATE EXTENSION IF NOT EXISTS citext WITH SCHEMA public;


--
-- Name: EXTENSION citext; Type: COMMENT; Schema: -; Owner: -
--

COMMENT ON EXTENSION citext IS 'data type for case-insensitive character strings';


--
-- Name: fn_check_fup(text); Type: FUNCTION; Schema: public; Owner: -
--

CREATE FUNCTION public.fn_check_fup(p_username text) RETURNS TABLE(fup_triggered boolean, throttle_down integer, throttle_up integer, policy_name text, usage_mb double precision, limit_mb double precision)
    LANGUAGE plpgsql STABLE
    AS $$
DECLARE
  v_plan_id UUID; v_fup_id UUID; v_fup_name TEXT; v_fup_limit_mb FLOAT;
  v_usage_mb FLOAT; v_throttle_bp_id UUID; v_throttle_down INT; v_throttle_up INT;
BEGIN
  SELECT wp.id, wp."fupPolicyId" INTO v_plan_id, v_fup_id
  FROM "WiFiUser" wu LEFT JOIN "WiFiPlan" wp ON wu."planId" = wp.id
  WHERE wu.username = p_username AND wu.status = 'active' LIMIT 1;
  IF v_fup_id IS NULL THEN RETURN QUERY SELECT false, 0, 0, ''::text, 0.0::float, 0.0::float; RETURN; END IF;
  SELECT name, "dataLimitMb", "switchOverBwPolicyId" INTO v_fup_name, v_fup_limit_mb, v_throttle_bp_id
  FROM "FairAccessPolicy" WHERE id = v_fup_id AND "isEnabled" = true;
  IF v_fup_name IS NULL THEN RETURN QUERY SELECT false, 0, 0, ''::text, 0.0::float, 0.0::float; RETURN; END IF;
  SELECT (COALESCE(wu."totalBytesIn", 0)::bigint + COALESCE(wu."totalBytesOut", 0)::bigint) / (1024.0 * 1024.0) INTO v_usage_mb
  FROM "WiFiUser" wu WHERE wu.username = p_username LIMIT 1;
  IF v_usage_mb IS NULL OR v_usage_mb = 0 THEN
    SELECT COALESCE(SUM(COALESCE(acctinputoctets, 0) + COALESCE(acctoutputoctets, 0)), 0) / (1024.0 * 1024.0) INTO v_usage_mb
    FROM radacct WHERE username = p_username AND acctstarttime >= now() - interval '30 days';
  END IF;
  IF v_usage_mb >= v_fup_limit_mb THEN
    IF v_throttle_bp_id IS NOT NULL THEN
      SELECT "downloadKbps", "uploadKbps" INTO v_throttle_down, v_throttle_up FROM "BandwidthPolicy" WHERE id = v_throttle_bp_id LIMIT 1;
    END IF;
    v_throttle_down := COALESCE(v_throttle_down, 1024);
    v_throttle_up := COALESCE(v_throttle_up, 512);
    RETURN QUERY SELECT true, v_throttle_down, v_throttle_up, v_fup_name, v_usage_mb, v_fup_limit_mb; RETURN;
  END IF;
  RETURN QUERY SELECT false, 0, 0, v_fup_name, v_usage_mb, v_fup_limit_mb; RETURN;
END; $$;


--
-- Name: fn_check_ip_pool(text, inet); Type: FUNCTION; Schema: public; Owner: -
--

CREATE FUNCTION public.fn_check_ip_pool(p_username text, p_ip inet) RETURNS integer
    LANGUAGE plpgsql STABLE
    AS $$
DECLARE
    v_pool_id UUID;
    v_in_pool BOOLEAN;
BEGIN
    SELECT COALESCE(wu."ipPoolId", wp."ipPoolId")
    INTO v_pool_id
    FROM "WiFiUser" wu
    LEFT JOIN "WiFiPlan" wp ON wu."planId" = wp.id
    WHERE wu.username = p_username AND wu.status = 'active'
    LIMIT 1;
    IF v_pool_id IS NULL THEN
        SELECT id INTO v_pool_id FROM "IpPool"
        WHERE "isDefault" = true AND enabled = true LIMIT 1;
    END IF;
    IF v_pool_id IS NULL THEN RETURN 1; END IF;
    SELECT EXISTS (
        SELECT 1 FROM "IpPoolRange"
        WHERE "poolId" = v_pool_id AND p_ip >= "startIp" AND p_ip <= "endIp"
    ) INTO v_in_pool;
    IF v_in_pool THEN RETURN 1; ELSE RETURN 0; END IF;
END;
$$;


--
-- Name: fn_check_login_limit(text); Type: FUNCTION; Schema: public; Owner: -
--

CREATE FUNCTION public.fn_check_login_limit(p_username text) RETURNS integer
    LANGUAGE plpgsql STABLE
    AS $$
DECLARE v_max_sessions INT; v_current_count INT;
BEGIN
  SELECT COALESCE(wu."maxSessions", wp."maxDevices", 0) INTO v_max_sessions
  FROM "WiFiUser" wu LEFT JOIN "WiFiPlan" wp ON wu."planId" = wp.id
  WHERE wu.username = p_username AND wu.status = 'active' LIMIT 1;
  IF v_max_sessions IS NULL OR v_max_sessions = 0 THEN RETURN 0; END IF;
  SELECT COUNT(*) INTO v_current_count FROM radacct WHERE username = p_username AND acctstoptime IS NULL;
  IF v_current_count >= v_max_sessions THEN RETURN 1; END IF;
  RETURN 0;
END; $$;


--
-- Name: fn_get_effective_bandwidth(text, text); Type: FUNCTION; Schema: public; Owner: -
--

CREATE FUNCTION public.fn_get_effective_bandwidth(p_username text, p_direction text) RETURNS integer
    LANGUAGE plpgsql
    AS $$
DECLARE
    v_plan_id UUID; v_download_speed INTEGER; v_upload_speed INTEGER;
    v_fup_id UUID; v_fup_cycle TEXT; v_fup_limit_mb DOUBLE PRECISION;
    v_throttle_down INTEGER; v_throttle_up INTEGER;
    v_cycle_start TIMESTAMPTZ; v_usage_bytes BIGINT; v_usage_mb DOUBLE PRECISION;
    v_plan_name TEXT; v_fup_name TEXT;
BEGIN
    SELECT wp.id, wp."downloadSpeed", wp."uploadSpeed", wp."fupPolicyId",
           fp."cycleType", fp."dataLimitMb", bp."downloadKbps", bp."uploadKbps",
           wp.name, fp.name
    INTO v_plan_id, v_download_speed, v_upload_speed, v_fup_id, v_fup_cycle, v_fup_limit_mb,
         v_throttle_down, v_throttle_up, v_plan_name, v_fup_name
    FROM "WiFiUser" wu JOIN "WiFiPlan" wp ON wu."planId" = wp.id
    LEFT JOIN "FairAccessPolicy" fp ON wp."fupPolicyId" = fp.id AND fp."isEnabled" = true
    LEFT JOIN "BandwidthPolicy" bp ON fp."switchOverBwPolicyId" = bp.id
    WHERE wu.username = p_username AND wu.status = 'active' LIMIT 1;
    IF v_plan_id IS NULL THEN RETURN 0; END IF;
    IF v_fup_id IS NULL THEN
        RETURN CASE WHEN p_direction = 'down' THEN v_download_speed * 1000 ELSE v_upload_speed * 1000 END;
    END IF;
    v_cycle_start := CASE v_fup_cycle
        WHEN 'daily' THEN date_trunc('day', NOW())
        WHEN 'weekly' THEN date_trunc('week', NOW())
        WHEN 'monthly' THEN date_trunc('month', NOW())
        ELSE date_trunc('day', NOW()) END;
    SELECT COALESCE(SUM(COALESCE("acctinputoctets", 0) + COALESCE("acctoutputoctets", 0)), 0)
    INTO v_usage_bytes FROM radacct WHERE username = p_username AND "acctstarttime" >= v_cycle_start;
    v_usage_mb := v_usage_bytes / (1024.0 * 1024.0);
    IF v_usage_mb >= v_fup_limit_mb THEN
        IF NOT EXISTS (
            SELECT 1 FROM fup_switch_log WHERE username = p_username
            AND action = 'throttle' AND created_at > NOW() - INTERVAL '5 minutes'
        ) THEN
            INSERT INTO fup_switch_log (username, plan_name, fup_policy_name, cycle_type,
                usage_mb, limit_mb, action, original_down_kbps, original_up_kbps,
                throttle_down_kbps, throttle_up_kbps, nas_ip)
            VALUES (p_username, v_plan_name, v_fup_name, v_fup_cycle,
                   v_usage_mb, v_fup_limit_mb, 'throttle',
                   v_download_speed * 1000, v_upload_speed * 1000,
                   v_throttle_down, v_throttle_up, NULL);
        END IF;
        RETURN CASE WHEN p_direction = 'down' THEN COALESCE(v_throttle_down, 256)
               ELSE COALESCE(v_throttle_up, 128) END;
    ELSE
        RETURN CASE WHEN p_direction = 'down' THEN v_download_speed * 1000
               ELSE v_upload_speed * 1000 END;
    END IF;
END; $$;


--
-- Name: fn_get_mikrotik_rate_limit(text); Type: FUNCTION; Schema: public; Owner: -
--

CREATE FUNCTION public.fn_get_mikrotik_rate_limit(p_username text) RETURNS text
    LANGUAGE plpgsql
    AS $$
DECLARE v_down INTEGER; v_up INTEGER; v_plan_down INTEGER;
BEGIN
    v_down := fn_get_effective_bandwidth(p_username, 'down');
    v_up := fn_get_effective_bandwidth(p_username, 'up');
    SELECT wp."downloadSpeed" INTO v_plan_down
    FROM "WiFiUser" wu JOIN "WiFiPlan" wp ON wu."planId" = wp.id
    WHERE wu.username = p_username AND wu.status = 'active' LIMIT 1;
    IF v_plan_down IS NULL THEN RETURN v_down || 'K/' || v_up || 'K'; END IF;
    IF v_down < v_plan_down * 1000 THEN
        RETURN v_down || 'K/' || v_up || 'K';
    ELSE
        RETURN (v_down / 1000) || 'M/' || (v_up / 1000) || 'M';
    END IF;
END; $$;


--
-- Name: fn_get_pool_attr(text, text); Type: FUNCTION; Schema: public; Owner: -
--

CREATE FUNCTION public.fn_get_pool_attr(p_username text, p_attr text) RETURNS text
    LANGUAGE plpgsql STABLE
    AS $$
DECLARE
    v_pool_id UUID;
    v_value TEXT;
BEGIN
    SELECT COALESCE(wu."ipPoolId", wp."ipPoolId")
    INTO v_pool_id
    FROM "WiFiUser" wu LEFT JOIN "WiFiPlan" wp ON wu."planId" = wp.id
    WHERE wu.username = p_username LIMIT 1;
    IF v_pool_id IS NULL THEN
        SELECT id INTO v_pool_id FROM "IpPool" WHERE "isDefault" = true AND enabled = true LIMIT 1;
    END IF;
    IF v_pool_id IS NULL THEN RETURN NULL; END IF;
    IF p_attr = 'gateway' THEN
        SELECT host(gateway) INTO v_value FROM "IpPool" WHERE id = v_pool_id;
    END IF;
    RETURN v_value;
END;
$$;


--
-- Name: fn_get_user_pool_info(text); Type: FUNCTION; Schema: public; Owner: -
--

CREATE FUNCTION public.fn_get_user_pool_info(p_username text) RETURNS TABLE(pool_name text, pool_id uuid, is_override boolean, source text)
    LANGUAGE plpgsql STABLE
    AS $$
DECLARE
    v_user_pool_id UUID;
    v_plan_pool_id UUID;
    v_plan_name TEXT;
BEGIN
    SELECT wu."ipPoolId", wp."ipPoolId", wp.name
    INTO v_user_pool_id, v_plan_pool_id, v_plan_name
    FROM "WiFiUser" wu LEFT JOIN "WiFiPlan" wp ON wu."planId" = wp.id
    WHERE wu.username = p_username LIMIT 1;
    IF v_user_pool_id IS NOT NULL THEN
        RETURN QUERY SELECT ip.name, ip.id, true::boolean, 'User Override'::TEXT
        FROM "IpPool" ip WHERE ip.id = v_user_pool_id;
    ELSIF v_plan_pool_id IS NOT NULL THEN
        RETURN QUERY SELECT ip.name, ip.id, false::boolean, ('Plan: ' || v_plan_name)::TEXT
        FROM "IpPool" ip WHERE ip.id = v_plan_pool_id;
    ELSE
        RETURN QUERY SELECT ip.name, ip.id, false::boolean, 'Default Pool'::TEXT
        FROM "IpPool" ip WHERE ip."isDefault" = true LIMIT 1;
    END IF;
    RETURN;
END;
$$;


--
-- Name: fn_is_fup_throttled(text); Type: FUNCTION; Schema: public; Owner: -
--

CREATE FUNCTION public.fn_is_fup_throttled(p_username text) RETURNS integer
    LANGUAGE plpgsql
    AS $$
DECLARE
    v_plan_id UUID; v_download_speed INTEGER; v_fup_id UUID; v_fup_limit_mb DOUBLE PRECISION;
    v_cycle_start TIMESTAMPTZ; v_usage_bytes BIGINT; v_usage_mb DOUBLE PRECISION;
BEGIN
    SELECT wp.id, wp."downloadSpeed", wp."fupPolicyId", fp."dataLimitMb"
    INTO v_plan_id, v_download_speed, v_fup_id, v_fup_limit_mb
    FROM "WiFiUser" wu JOIN "WiFiPlan" wp ON wu."planId" = wp.id
    LEFT JOIN "FairAccessPolicy" fp ON wp."fupPolicyId" = fp.id AND fp."isEnabled" = true
    WHERE wu.username = p_username AND wu.status = 'active' LIMIT 1;
    IF v_plan_id IS NULL OR v_fup_id IS NULL THEN RETURN 0; END IF;
    v_cycle_start := CASE
        WHEN (SELECT "cycleType" FROM "FairAccessPolicy" WHERE id = v_fup_id) = 'weekly' THEN date_trunc('week', NOW())
        WHEN (SELECT "cycleType" FROM "FairAccessPolicy" WHERE id = v_fup_id) = 'monthly' THEN date_trunc('month', NOW())
        ELSE date_trunc('day', NOW()) END;
    SELECT COALESCE(SUM(COALESCE("acctinputoctets", 0) + COALESCE("acctoutputoctets", 0)), 0)
    INTO v_usage_bytes FROM radacct WHERE username = p_username AND "acctstarttime" >= v_cycle_start;
    v_usage_mb := v_usage_bytes / (1024.0 * 1024.0);
    IF v_usage_mb >= v_fup_limit_mb THEN RETURN 1; ELSE RETURN 0; END IF;
END; $$;


SET default_tablespace = '';

SET default_table_access_method = heap;

--
-- Name: AISuggestion; Type: TABLE; Schema: public; Owner: -
--

CREATE TABLE public."AISuggestion" (
    id uuid NOT NULL,
    "tenantId" uuid NOT NULL,
    type text NOT NULL,
    title text NOT NULL,
    description text,
    impact text DEFAULT 'medium'::text NOT NULL,
    "potentialRevenue" double precision DEFAULT 0 NOT NULL,
    confidence double precision DEFAULT 0.8 NOT NULL,
    status text DEFAULT 'pending'::text NOT NULL,
    data text DEFAULT '{}'::text NOT NULL,
    "appliedAt" timestamp with time zone,
    "dismissedAt" timestamp with time zone,
    "createdAt" timestamp with time zone DEFAULT CURRENT_TIMESTAMP NOT NULL,
    "updatedAt" timestamp with time zone NOT NULL
);


--
-- Name: AdCampaign; Type: TABLE; Schema: public; Owner: -
--

CREATE TABLE public."AdCampaign" (
    id uuid NOT NULL,
    "tenantId" uuid NOT NULL,
    "propertyId" uuid,
    name text NOT NULL,
    description text,
    type text DEFAULT 'search'::text NOT NULL,
    platform text DEFAULT 'google'::text NOT NULL,
    status text DEFAULT 'draft'::text NOT NULL,
    budget double precision DEFAULT 0 NOT NULL,
    "budgetType" text DEFAULT 'daily'::text NOT NULL,
    "spentAmount" double precision DEFAULT 0 NOT NULL,
    currency text DEFAULT 'USD'::text NOT NULL,
    "startDate" timestamp with time zone,
    "endDate" timestamp with time zone,
    "bidStrategy" text DEFAULT 'auto'::text NOT NULL,
    "bidAmount" double precision,
    "targetCpa" double precision,
    "targetRoas" double precision,
    targeting text DEFAULT '{}'::text NOT NULL,
    keywords text DEFAULT '[]'::text NOT NULL,
    "negativeKeywords" text DEFAULT '[]'::text NOT NULL,
    "roomTypes" text DEFAULT '[]'::text NOT NULL,
    "ratePlans" text DEFAULT '[]'::text NOT NULL,
    impressions integer DEFAULT 0 NOT NULL,
    clicks integer DEFAULT 0 NOT NULL,
    conversions integer DEFAULT 0 NOT NULL,
    revenue double precision DEFAULT 0 NOT NULL,
    ctr double precision DEFAULT 0 NOT NULL,
    cpc double precision DEFAULT 0 NOT NULL,
    "conversionRate" double precision DEFAULT 0 NOT NULL,
    roas double precision DEFAULT 0 NOT NULL,
    "externalId" uuid,
    "externalData" text DEFAULT '{}'::text NOT NULL,
    "lastSyncAt" timestamp with time zone,
    "createdAt" timestamp with time zone DEFAULT CURRENT_TIMESTAMP NOT NULL,
    "updatedAt" timestamp with time zone NOT NULL
);


--
-- Name: AdPerformance; Type: TABLE; Schema: public; Owner: -
--

CREATE TABLE public."AdPerformance" (
    id uuid NOT NULL,
    "campaignId" uuid NOT NULL,
    date timestamp with time zone NOT NULL,
    impressions integer DEFAULT 0 NOT NULL,
    clicks integer DEFAULT 0 NOT NULL,
    conversions integer DEFAULT 0 NOT NULL,
    cost double precision DEFAULT 0 NOT NULL,
    revenue double precision DEFAULT 0 NOT NULL,
    ctr double precision DEFAULT 0 NOT NULL,
    cpc double precision DEFAULT 0 NOT NULL,
    cpa double precision DEFAULT 0 NOT NULL,
    roas double precision DEFAULT 0 NOT NULL,
    "conversionRate" double precision DEFAULT 0 NOT NULL,
    "avgPosition" double precision,
    "qualityScore" double precision,
    "searchImpShare" double precision,
    "deviceBreakdown" text DEFAULT '{}'::text NOT NULL,
    "sourceBreakdown" text DEFAULT '{}'::text NOT NULL,
    "createdAt" timestamp with time zone DEFAULT CURRENT_TIMESTAMP NOT NULL,
    "updatedAt" timestamp with time zone NOT NULL
);


--
-- Name: AiConversation; Type: TABLE; Schema: public; Owner: -
--

CREATE TABLE public."AiConversation" (
    id uuid NOT NULL,
    "tenantId" uuid NOT NULL,
    "userId" uuid NOT NULL,
    title text NOT NULL,
    "createdAt" timestamp with time zone DEFAULT CURRENT_TIMESTAMP NOT NULL,
    "updatedAt" timestamp with time zone NOT NULL
);


--
-- Name: AiConversationMessage; Type: TABLE; Schema: public; Owner: -
--

CREATE TABLE public."AiConversationMessage" (
    id uuid NOT NULL,
    "conversationId" uuid NOT NULL,
    role text NOT NULL,
    content text NOT NULL,
    "createdAt" timestamp with time zone DEFAULT CURRENT_TIMESTAMP NOT NULL
);


--
-- Name: Amenity; Type: TABLE; Schema: public; Owner: -
--

CREATE TABLE public."Amenity" (
    id uuid NOT NULL,
    "tenantId" uuid NOT NULL,
    name text NOT NULL,
    icon text,
    category text DEFAULT 'general'::text NOT NULL,
    "isDefault" boolean DEFAULT false NOT NULL,
    "isActive" boolean DEFAULT true NOT NULL,
    "sortOrder" integer DEFAULT 0 NOT NULL,
    "createdAt" timestamp with time zone DEFAULT CURRENT_TIMESTAMP NOT NULL,
    "updatedAt" timestamp with time zone NOT NULL
);


--
-- Name: Asset; Type: TABLE; Schema: public; Owner: -
--

CREATE TABLE public."Asset" (
    id uuid NOT NULL,
    "tenantId" uuid NOT NULL,
    "propertyId" uuid NOT NULL,
    name text NOT NULL,
    category text NOT NULL,
    description text,
    "roomId" uuid,
    location text,
    "purchasePrice" double precision,
    "purchaseDate" timestamp with time zone,
    "currentValue" double precision,
    "warrantyExpiry" timestamp with time zone,
    "warrantyProvider" text,
    "lastMaintenanceAt" timestamp with time zone,
    "nextMaintenanceAt" timestamp with time zone,
    "maintenanceIntervalDays" integer,
    status text DEFAULT 'active'::text NOT NULL,
    "serialNumber" text,
    "modelNumber" text,
    manufacturer text,
    "conditionScore" integer,
    "createdAt" timestamp with time zone DEFAULT CURRENT_TIMESTAMP NOT NULL,
    "updatedAt" timestamp with time zone NOT NULL,
    "deletedAt" timestamp with time zone
);


--
-- Name: AuditLog; Type: TABLE; Schema: public; Owner: -
--

CREATE TABLE public."AuditLog" (
    id uuid NOT NULL,
    "tenantId" uuid NOT NULL,
    "userId" uuid,
    module text NOT NULL,
    action text NOT NULL,
    "entityType" text NOT NULL,
    "entityId" uuid,
    "oldValue" text,
    "newValue" text,
    "ipAddress" text,
    "userAgent" text,
    "correlationId" uuid,
    "createdAt" timestamp with time zone DEFAULT CURRENT_TIMESTAMP NOT NULL
);


--
-- Name: AutomationExecutionLog; Type: TABLE; Schema: public; Owner: -
--

CREATE TABLE public."AutomationExecutionLog" (
    id uuid NOT NULL,
    "ruleId" uuid NOT NULL,
    "triggerData" text,
    status text NOT NULL,
    "errorMessage" text,
    "actionsResult" text,
    "executedAt" timestamp with time zone DEFAULT CURRENT_TIMESTAMP NOT NULL
);


--
-- Name: AutomationRule; Type: TABLE; Schema: public; Owner: -
--

CREATE TABLE public."AutomationRule" (
    id uuid NOT NULL,
    "tenantId" uuid NOT NULL,
    name text NOT NULL,
    description text,
    "triggerEvent" text NOT NULL,
    "triggerConditions" text,
    actions text NOT NULL,
    "isActive" boolean DEFAULT true NOT NULL,
    "executionCount" integer DEFAULT 0 NOT NULL,
    "lastExecutedAt" timestamp with time zone,
    "createdAt" timestamp with time zone DEFAULT CURRENT_TIMESTAMP NOT NULL,
    "updatedAt" timestamp with time zone NOT NULL
);


--
-- Name: BandwidthPolicy; Type: TABLE; Schema: public; Owner: -
--

CREATE TABLE public."BandwidthPolicy" (
    id uuid NOT NULL,
    "tenantId" uuid NOT NULL,
    "propertyId" uuid NOT NULL,
    name text NOT NULL,
    "downloadKbps" integer DEFAULT 10240 NOT NULL,
    "uploadKbps" integer DEFAULT 10240 NOT NULL,
    "burstDownloadKbps" integer,
    "burstUploadKbps" integer,
    priority integer DEFAULT 5 NOT NULL,
    "planId" uuid,
    description text,
    enabled boolean DEFAULT true NOT NULL,
    "createdAt" timestamp with time zone DEFAULT CURRENT_TIMESTAMP NOT NULL,
    "updatedAt" timestamp with time zone NOT NULL
);


--
-- Name: BandwidthPolicyDetail; Type: TABLE; Schema: public; Owner: -
--

CREATE TABLE public."BandwidthPolicyDetail" (
    id uuid NOT NULL,
    "tenantId" uuid NOT NULL,
    "bandwidthPolicyId" uuid NOT NULL,
    "scheduleAccessId" uuid,
    "downloadLimitBps" integer DEFAULT 0 NOT NULL,
    "uploadLimitBps" integer DEFAULT 0 NOT NULL,
    "guaranteedDownBps" integer DEFAULT 0 NOT NULL,
    "guaranteedUpBps" integer DEFAULT 0 NOT NULL,
    "burstTimeSeconds" integer DEFAULT 0 NOT NULL,
    "burstThresholdBytes" integer DEFAULT 0 NOT NULL,
    "burstUpTimeSeconds" integer DEFAULT 0 NOT NULL,
    "burstUpThresholdBytes" integer DEFAULT 0 NOT NULL,
    "contentionRatio" integer DEFAULT 1 NOT NULL,
    priority integer DEFAULT 0 NOT NULL,
    "isEnabled" boolean DEFAULT true NOT NULL,
    "createdAt" timestamp with time zone DEFAULT CURRENT_TIMESTAMP NOT NULL,
    "updatedAt" timestamp with time zone NOT NULL
);


--
-- Name: BandwidthPool; Type: TABLE; Schema: public; Owner: -
--

CREATE TABLE public."BandwidthPool" (
    id uuid NOT NULL,
    "tenantId" uuid NOT NULL,
    "propertyId" uuid NOT NULL,
    name text NOT NULL,
    subnet text,
    "vlanId" integer,
    "totalDownloadKbps" integer DEFAULT 100000 NOT NULL,
    "totalUploadKbps" integer DEFAULT 100000 NOT NULL,
    "perUserDownloadKbps" integer,
    "perUserUploadKbps" integer,
    enabled boolean DEFAULT true NOT NULL,
    "createdAt" timestamp with time zone DEFAULT CURRENT_TIMESTAMP NOT NULL,
    "updatedAt" timestamp with time zone NOT NULL
);


--
-- Name: BandwidthTopup; Type: TABLE; Schema: public; Owner: -
--

CREATE TABLE public."BandwidthTopup" (
    id uuid NOT NULL,
    "tenantId" uuid NOT NULL,
    "propertyId" uuid NOT NULL,
    name text NOT NULL,
    description text,
    "allottedUploadMb" double precision DEFAULT 0 NOT NULL,
    "allottedDownloadMb" double precision DEFAULT 0 NOT NULL,
    "allottedTotalMb" double precision DEFAULT 0 NOT NULL,
    "applicableType" text DEFAULT 'total'::text NOT NULL,
    "bandwidthPolicyId" uuid,
    price double precision DEFAULT 0 NOT NULL,
    currency text DEFAULT 'USD'::text NOT NULL,
    "validityMinutes" integer DEFAULT 60 NOT NULL,
    enabled boolean DEFAULT true NOT NULL,
    "createdAt" timestamp with time zone DEFAULT CURRENT_TIMESTAMP NOT NULL,
    "updatedAt" timestamp with time zone NOT NULL
);


--
-- Name: BandwidthUsageDaily; Type: TABLE; Schema: public; Owner: -
--

CREATE TABLE public."BandwidthUsageDaily" (
    id uuid NOT NULL,
    "tenantId" uuid NOT NULL,
    "propertyId" uuid NOT NULL,
    date timestamp with time zone NOT NULL,
    "totalDownloadMb" double precision DEFAULT 0 NOT NULL,
    "totalUploadMb" double precision DEFAULT 0 NOT NULL,
    "uniqueUsers" integer DEFAULT 0 NOT NULL,
    "peakUsers" integer DEFAULT 0 NOT NULL,
    "peakTime" text,
    "createdAt" timestamp with time zone DEFAULT CURRENT_TIMESTAMP NOT NULL,
    "updatedAt" timestamp with time zone NOT NULL
);


--
-- Name: BandwidthUsageSession; Type: TABLE; Schema: public; Owner: -
--

CREATE TABLE public."BandwidthUsageSession" (
    id uuid NOT NULL,
    "tenantId" uuid NOT NULL,
    "propertyId" uuid NOT NULL,
    "sessionId" uuid NOT NULL,
    username text,
    "ipAddress" text NOT NULL,
    "macAddress" text,
    "planId" uuid,
    "policyId" uuid,
    "downloadBytes" integer DEFAULT 0 NOT NULL,
    "uploadBytes" integer DEFAULT 0 NOT NULL,
    "durationSeconds" integer DEFAULT 0 NOT NULL,
    "startedAt" timestamp with time zone DEFAULT CURRENT_TIMESTAMP NOT NULL,
    "endedAt" timestamp with time zone
);


--
-- Name: BankAccount; Type: TABLE; Schema: public; Owner: -
--

CREATE TABLE public."BankAccount" (
    id uuid NOT NULL,
    "tenantId" uuid NOT NULL,
    "propertyId" uuid,
    "accountName" text NOT NULL,
    "accountNumber" text NOT NULL,
    "bankName" text NOT NULL,
    "bankCode" text,
    "accountType" text DEFAULT 'checking'::text NOT NULL,
    currency text DEFAULT 'USD'::text NOT NULL,
    "openingBalance" double precision DEFAULT 0 NOT NULL,
    "currentBalance" double precision DEFAULT 0 NOT NULL,
    "lastReconciledAt" timestamp with time zone,
    "lastStatementDate" timestamp with time zone,
    status text DEFAULT 'active'::text NOT NULL,
    "isDefault" boolean DEFAULT false NOT NULL,
    notes text,
    "createdAt" timestamp with time zone DEFAULT CURRENT_TIMESTAMP NOT NULL,
    "updatedAt" timestamp with time zone NOT NULL,
    "deletedAt" timestamp with time zone
);


--
-- Name: BankTransaction; Type: TABLE; Schema: public; Owner: -
--

CREATE TABLE public."BankTransaction" (
    id uuid NOT NULL,
    "tenantId" uuid NOT NULL,
    "bankAccountId" uuid NOT NULL,
    "transactionDate" timestamp with time zone NOT NULL,
    "valueDate" timestamp with time zone,
    "transactionType" text NOT NULL,
    amount double precision NOT NULL,
    currency text DEFAULT 'USD'::text NOT NULL,
    balance double precision,
    description text,
    reference text,
    "chequeNumber" text,
    "payeeName" text,
    "payeeAccount" text,
    category text,
    "subCategory" text,
    "isReconciled" boolean DEFAULT false NOT NULL,
    "reconciledAt" timestamp with time zone,
    "importSource" text DEFAULT 'manual'::text NOT NULL,
    "importBatchId" uuid,
    "rawLine" text,
    notes text,
    "createdAt" timestamp with time zone DEFAULT CURRENT_TIMESTAMP NOT NULL,
    "updatedAt" timestamp with time zone NOT NULL,
    "deletedAt" timestamp with time zone
);


--
-- Name: BondConfig; Type: TABLE; Schema: public; Owner: -
--

CREATE TABLE public."BondConfig" (
    id uuid NOT NULL,
    "tenantId" uuid NOT NULL,
    "propertyId" uuid NOT NULL,
    name text NOT NULL,
    mode text DEFAULT 'active-backup'::text NOT NULL,
    miimon integer DEFAULT 100 NOT NULL,
    "lacpRate" text DEFAULT 'slow'::text NOT NULL,
    "primaryMember" text,
    enabled boolean DEFAULT true NOT NULL,
    "createdAt" timestamp with time zone DEFAULT CURRENT_TIMESTAMP NOT NULL,
    "updatedAt" timestamp with time zone NOT NULL
);


--
-- Name: BondMember; Type: TABLE; Schema: public; Owner: -
--

CREATE TABLE public."BondMember" (
    id uuid NOT NULL,
    "bondConfigId" uuid NOT NULL,
    "interfaceId" uuid NOT NULL,
    priority integer DEFAULT 0 NOT NULL,
    "createdAt" timestamp with time zone DEFAULT CURRENT_TIMESTAMP NOT NULL
);


--
-- Name: Booking; Type: TABLE; Schema: public; Owner: -
--

CREATE TABLE public."Booking" (
    id uuid NOT NULL,
    "tenantId" uuid NOT NULL,
    "propertyId" uuid NOT NULL,
    "confirmationCode" text NOT NULL,
    "externalRef" text,
    "primaryGuestId" uuid NOT NULL,
    "roomId" uuid,
    "roomTypeId" uuid NOT NULL,
    "checkIn" timestamp with time zone NOT NULL,
    "checkOut" timestamp with time zone NOT NULL,
    adults integer DEFAULT 1 NOT NULL,
    children integer DEFAULT 0 NOT NULL,
    infants integer DEFAULT 0 NOT NULL,
    "roomRate" double precision DEFAULT 0 NOT NULL,
    taxes double precision DEFAULT 0 NOT NULL,
    fees double precision DEFAULT 0 NOT NULL,
    discount double precision DEFAULT 0 NOT NULL,
    "totalAmount" double precision DEFAULT 0 NOT NULL,
    currency text DEFAULT 'USD'::text NOT NULL,
    "ratePlanId" uuid,
    "promoCode" text,
    source text DEFAULT 'direct'::text NOT NULL,
    "channelId" uuid,
    status text DEFAULT 'draft'::text NOT NULL,
    "actualCheckIn" timestamp with time zone,
    "actualCheckOut" timestamp with time zone,
    "checkedInBy" text,
    "checkedOutBy" text,
    "cancelledAt" timestamp with time zone,
    "cancelledBy" text,
    "cancellationReason" text,
    "specialRequests" text,
    notes text,
    "internalNotes" text,
    "groupId" uuid,
    "isGroupLeader" boolean DEFAULT false NOT NULL,
    "preArrivalSent" boolean DEFAULT false NOT NULL,
    "preArrivalCompleted" boolean DEFAULT false NOT NULL,
    "preArrivalLink" text,
    "preArrivalExpires" timestamp with time zone,
    "kycRequired" boolean DEFAULT false NOT NULL,
    "kycCompleted" boolean DEFAULT false NOT NULL,
    "kycStatus" text DEFAULT 'pending'::text NOT NULL,
    "portalToken" text,
    "portalTokenExpires" timestamp with time zone,
    "eSignature" text,
    "eSignedAt" timestamp with time zone,
    preferences text DEFAULT '{}'::text NOT NULL,
    "idempotencyKey" text,
    "createdAt" timestamp with time zone DEFAULT CURRENT_TIMESTAMP NOT NULL,
    "updatedAt" timestamp with time zone NOT NULL,
    "deletedAt" timestamp with time zone
);


--
-- Name: BookingAuditLog; Type: TABLE; Schema: public; Owner: -
--

CREATE TABLE public."BookingAuditLog" (
    id uuid NOT NULL,
    "bookingId" uuid NOT NULL,
    action text NOT NULL,
    "oldStatus" text,
    "newStatus" text,
    notes text,
    "performedBy" text,
    "performedAt" timestamp with time zone DEFAULT CURRENT_TIMESTAMP NOT NULL
);


--
-- Name: Brand; Type: TABLE; Schema: public; Owner: -
--

CREATE TABLE public."Brand" (
    id uuid NOT NULL,
    "tenantId" uuid NOT NULL,
    name text NOT NULL,
    code text NOT NULL,
    description text,
    logo text,
    "primaryColor" text,
    "secondaryColor" text,
    standards text DEFAULT '{}'::text NOT NULL,
    status text DEFAULT 'active'::text NOT NULL,
    "createdAt" timestamp with time zone DEFAULT CURRENT_TIMESTAMP NOT NULL,
    "updatedAt" timestamp with time zone NOT NULL
);


--
-- Name: BridgeConfig; Type: TABLE; Schema: public; Owner: -
--

CREATE TABLE public."BridgeConfig" (
    id uuid NOT NULL,
    "tenantId" uuid NOT NULL,
    "propertyId" uuid NOT NULL,
    name text NOT NULL,
    "memberInterfaces" text DEFAULT '[]'::text NOT NULL,
    "stpEnabled" boolean DEFAULT false NOT NULL,
    "forwardDelay" integer DEFAULT 15 NOT NULL,
    "helloTime" integer DEFAULT 2 NOT NULL,
    "maxAge" integer DEFAULT 20 NOT NULL,
    enabled boolean DEFAULT true NOT NULL,
    "createdAt" timestamp with time zone DEFAULT CURRENT_TIMESTAMP NOT NULL,
    "updatedAt" timestamp with time zone NOT NULL
);


--
-- Name: Camera; Type: TABLE; Schema: public; Owner: -
--

CREATE TABLE public."Camera" (
    id uuid NOT NULL,
    "propertyId" uuid NOT NULL,
    "groupId" uuid,
    name text NOT NULL,
    location text,
    "streamUrl" text,
    "streamType" text DEFAULT 'rtsp'::text NOT NULL,
    "isRecording" boolean DEFAULT false NOT NULL,
    "recordingUrl" text,
    status text DEFAULT 'online'::text NOT NULL,
    "posX" integer,
    "posY" integer,
    "createdAt" timestamp with time zone DEFAULT CURRENT_TIMESTAMP NOT NULL,
    "updatedAt" timestamp with time zone NOT NULL
);


--
-- Name: CameraEvent; Type: TABLE; Schema: public; Owner: -
--

CREATE TABLE public."CameraEvent" (
    id uuid NOT NULL,
    "tenantId" uuid NOT NULL,
    "cameraId" uuid NOT NULL,
    type text NOT NULL,
    "timestamp" timestamp with time zone DEFAULT CURRENT_TIMESTAMP NOT NULL,
    "thumbnailUrl" text,
    "clipUrl" text,
    description text,
    confidence double precision,
    "isAlert" boolean DEFAULT false NOT NULL,
    "alertType" text,
    "acknowledgedBy" text,
    "acknowledgedAt" timestamp with time zone,
    "createdAt" timestamp with time zone DEFAULT CURRENT_TIMESTAMP NOT NULL
);


--
-- Name: CameraGroup; Type: TABLE; Schema: public; Owner: -
--

CREATE TABLE public."CameraGroup" (
    id uuid NOT NULL,
    "propertyId" uuid NOT NULL,
    name text NOT NULL,
    description text,
    "createdAt" timestamp with time zone DEFAULT CURRENT_TIMESTAMP NOT NULL,
    "updatedAt" timestamp with time zone NOT NULL
);


--
-- Name: Campaign; Type: TABLE; Schema: public; Owner: -
--

CREATE TABLE public."Campaign" (
    id uuid NOT NULL,
    "tenantId" uuid NOT NULL,
    name text NOT NULL,
    description text,
    type text NOT NULL,
    subject text,
    content text NOT NULL,
    "templateId" uuid,
    "targetSegments" text DEFAULT '[]'::text NOT NULL,
    "scheduledAt" timestamp with time zone,
    "sentAt" timestamp with time zone,
    "totalRecipients" integer DEFAULT 0 NOT NULL,
    "sentCount" integer DEFAULT 0 NOT NULL,
    "openedCount" integer DEFAULT 0 NOT NULL,
    "clickedCount" integer DEFAULT 0 NOT NULL,
    "bouncedCount" integer DEFAULT 0 NOT NULL,
    "unsubscribedCount" integer DEFAULT 0 NOT NULL,
    status text DEFAULT 'draft'::text NOT NULL,
    "createdAt" timestamp with time zone DEFAULT CURRENT_TIMESTAMP NOT NULL,
    "updatedAt" timestamp with time zone NOT NULL
);


--
-- Name: CampaignAbTest; Type: TABLE; Schema: public; Owner: -
--

CREATE TABLE public."CampaignAbTest" (
    id uuid NOT NULL,
    "tenantId" uuid NOT NULL,
    "campaignId" uuid NOT NULL,
    "variantLabel" text NOT NULL,
    "variantName" text NOT NULL,
    subject text,
    content text NOT NULL,
    "splitPercentage" double precision DEFAULT 50 NOT NULL,
    "sentCount" integer DEFAULT 0 NOT NULL,
    "openedCount" integer DEFAULT 0 NOT NULL,
    "clickedCount" integer DEFAULT 0 NOT NULL,
    "conversionCount" integer DEFAULT 0 NOT NULL,
    "isWinner" boolean DEFAULT false NOT NULL,
    "declaredAt" timestamp with time zone,
    "createdAt" timestamp with time zone DEFAULT CURRENT_TIMESTAMP NOT NULL,
    "updatedAt" timestamp with time zone NOT NULL
);


--
-- Name: CampaignSegment; Type: TABLE; Schema: public; Owner: -
--

CREATE TABLE public."CampaignSegment" (
    id uuid NOT NULL,
    "campaignId" uuid NOT NULL,
    "segmentId" uuid NOT NULL,
    "createdAt" timestamp with time zone DEFAULT CURRENT_TIMESTAMP NOT NULL
);


--
-- Name: CancellationPenalty; Type: TABLE; Schema: public; Owner: -
--

CREATE TABLE public."CancellationPenalty" (
    id uuid NOT NULL,
    "tenantId" uuid NOT NULL,
    "bookingId" uuid NOT NULL,
    "folioId" uuid,
    "policyId" uuid NOT NULL,
    "policyName" text NOT NULL,
    "penaltyType" text NOT NULL,
    "penaltyAmount" double precision DEFAULT 0 NOT NULL,
    "originalAmount" double precision DEFAULT 0 NOT NULL,
    "penaltyPercent" double precision,
    "penaltyNights" integer,
    "refundAmount" double precision DEFAULT 0 NOT NULL,
    reason text,
    "exemptionType" text,
    "exemptionDetails" text,
    status text DEFAULT 'applied'::text NOT NULL,
    "createdAt" timestamp with time zone DEFAULT CURRENT_TIMESTAMP NOT NULL,
    "updatedAt" timestamp with time zone NOT NULL
);


--
-- Name: CancellationPolicy; Type: TABLE; Schema: public; Owner: -
--

CREATE TABLE public."CancellationPolicy" (
    id uuid NOT NULL,
    "tenantId" uuid NOT NULL,
    "propertyId" uuid,
    "ratePlanId" uuid,
    name text NOT NULL,
    description text,
    "freeCancelHoursBefore" integer DEFAULT 48 NOT NULL,
    "penaltyPercent" double precision DEFAULT 50 NOT NULL,
    "noShowPenaltyPercent" double precision DEFAULT 100 NOT NULL,
    "penaltyType" text DEFAULT 'percentage'::text NOT NULL,
    "penaltyFixedAmount" double precision,
    "penaltyNights" integer,
    exceptions text DEFAULT '[]'::text NOT NULL,
    "isActive" boolean DEFAULT true NOT NULL,
    "sortOrder" integer DEFAULT 0 NOT NULL,
    "createdAt" timestamp with time zone DEFAULT CURRENT_TIMESTAMP NOT NULL,
    "updatedAt" timestamp with time zone NOT NULL
);


--
-- Name: CaptivePortal; Type: TABLE; Schema: public; Owner: -
--

CREATE TABLE public."CaptivePortal" (
    id uuid NOT NULL,
    "tenantId" uuid NOT NULL,
    "propertyId" uuid NOT NULL,
    name text NOT NULL,
    description text,
    "listenIp" text DEFAULT '0.0.0.0'::text NOT NULL,
    "listenPort" integer DEFAULT 80 NOT NULL,
    "useSsl" boolean DEFAULT false NOT NULL,
    "sslCertPath" text,
    "sslKeyPath" text,
    enabled boolean DEFAULT true NOT NULL,
    "isDefault" boolean DEFAULT false NOT NULL,
    "maxConcurrent" integer DEFAULT 1000 NOT NULL,
    "sessionTimeout" integer DEFAULT 86400 NOT NULL,
    "idleTimeout" integer DEFAULT 3600 NOT NULL,
    "redirectUrl" text,
    "successMessage" text,
    "failMessage" text,
    slug text DEFAULT 'default-zone'::text NOT NULL,
    "roamingMode" text DEFAULT 'auth_origin'::text NOT NULL,
    "allowsRoamingFrom" text DEFAULT '[]'::text NOT NULL,
    "authMethod" text DEFAULT 'voucher'::text NOT NULL,
    "maxBandwidthDown" integer DEFAULT 5242880 NOT NULL,
    "maxBandwidthUp" integer DEFAULT 1048576 NOT NULL,
    "bandwidthPolicy" text DEFAULT 'zone'::text NOT NULL,
    "nasIdentifier" text DEFAULT ''::text NOT NULL,
    "ssidList" text DEFAULT '[]'::text NOT NULL,
    "createdAt" timestamp with time zone DEFAULT CURRENT_TIMESTAMP NOT NULL,
    "updatedAt" timestamp with time zone NOT NULL
);


--
-- Name: ChannelConnection; Type: TABLE; Schema: public; Owner: -
--

CREATE TABLE public."ChannelConnection" (
    id uuid NOT NULL,
    "tenantId" uuid NOT NULL,
    channel text NOT NULL,
    "displayName" text,
    "apiKey" text,
    "apiSecret" text,
    username text,
    password text,
    "clientId" text,
    "clientSecret" text,
    "accessToken" text,
    "refreshToken" text,
    "tokenExpiresAt" timestamp with time zone,
    "hotelId" uuid,
    "propertyId" uuid,
    "listingId" uuid,
    "endpointUrl" text,
    credentials text,
    status text DEFAULT 'pending'::text NOT NULL,
    "lastSyncAt" timestamp with time zone,
    "lastError" text,
    "autoSync" boolean DEFAULT true NOT NULL,
    "syncInterval" integer DEFAULT 60 NOT NULL,
    "createdAt" timestamp with time zone DEFAULT CURRENT_TIMESTAMP NOT NULL,
    "updatedAt" timestamp with time zone NOT NULL
);


--
-- Name: ChannelDeadLetterQueue; Type: TABLE; Schema: public; Owner: -
--

CREATE TABLE public."ChannelDeadLetterQueue" (
    id uuid NOT NULL,
    "tenantId" uuid NOT NULL,
    "propertyId" uuid,
    "syncLogId" uuid,
    "channelCode" text NOT NULL,
    operation text NOT NULL,
    payload text DEFAULT '{}'::text NOT NULL,
    error text NOT NULL,
    "attemptCount" integer DEFAULT 0 NOT NULL,
    "originalCreatedAt" timestamp with time zone NOT NULL,
    "createdAt" timestamp with time zone DEFAULT CURRENT_TIMESTAMP NOT NULL,
    "updatedAt" timestamp with time zone NOT NULL
);


--
-- Name: ChannelMapping; Type: TABLE; Schema: public; Owner: -
--

CREATE TABLE public."ChannelMapping" (
    id uuid NOT NULL,
    "connectionId" uuid NOT NULL,
    "roomTypeId" uuid NOT NULL,
    "ratePlanId" uuid,
    "externalRoomId" uuid NOT NULL,
    "externalRoomName" text,
    "externalRateId" uuid,
    "externalRateName" text,
    "syncInventory" boolean DEFAULT true NOT NULL,
    "syncRates" boolean DEFAULT true NOT NULL,
    "syncRestrictions" boolean DEFAULT true NOT NULL,
    status text DEFAULT 'active'::text NOT NULL,
    "createdAt" timestamp with time zone DEFAULT CURRENT_TIMESTAMP NOT NULL,
    "updatedAt" timestamp with time zone NOT NULL
);


--
-- Name: ChannelRestriction; Type: TABLE; Schema: public; Owner: -
--

CREATE TABLE public."ChannelRestriction" (
    id uuid NOT NULL,
    "connectionId" uuid NOT NULL,
    "roomTypeId" uuid NOT NULL,
    "startDate" timestamp with time zone NOT NULL,
    "endDate" timestamp with time zone NOT NULL,
    "closedToArrival" boolean DEFAULT false NOT NULL,
    "closedToDeparture" boolean DEFAULT false NOT NULL,
    closed boolean DEFAULT false NOT NULL,
    "minStay" integer,
    "maxStay" integer,
    "minStayArrival" integer,
    "maxStayArrival" integer,
    "rateMin" double precision,
    "rateMax" double precision,
    source text DEFAULT 'manual'::text NOT NULL,
    "syncStatus" text DEFAULT 'pending'::text NOT NULL,
    "lastSyncedAt" timestamp with time zone,
    "createdAt" timestamp with time zone DEFAULT CURRENT_TIMESTAMP NOT NULL,
    "updatedAt" timestamp with time zone NOT NULL
);


--
-- Name: ChannelRetryQueue; Type: TABLE; Schema: public; Owner: -
--

CREATE TABLE public."ChannelRetryQueue" (
    id uuid NOT NULL,
    "tenantId" uuid NOT NULL,
    "propertyId" uuid,
    "syncLogId" uuid,
    "channelCode" text NOT NULL,
    operation text NOT NULL,
    payload text DEFAULT '{}'::text NOT NULL,
    "attemptCount" integer DEFAULT 0 NOT NULL,
    "nextRetryAt" timestamp with time zone NOT NULL,
    status text DEFAULT 'pending'::text NOT NULL,
    "lastError" text,
    "lastAttemptAt" timestamp with time zone,
    priority integer DEFAULT 0 NOT NULL,
    "createdAt" timestamp with time zone DEFAULT CURRENT_TIMESTAMP NOT NULL,
    "updatedAt" timestamp with time zone NOT NULL
);


--
-- Name: ChannelSyncLog; Type: TABLE; Schema: public; Owner: -
--

CREATE TABLE public."ChannelSyncLog" (
    id uuid NOT NULL,
    "connectionId" uuid NOT NULL,
    "syncType" text NOT NULL,
    direction text NOT NULL,
    "requestPayload" text,
    "responsePayload" text,
    "statusCode" integer,
    status text NOT NULL,
    "errorMessage" text,
    "attemptCount" integer DEFAULT 1 NOT NULL,
    "correlationId" uuid,
    "createdAt" timestamp with time zone DEFAULT CURRENT_TIMESTAMP NOT NULL
);


--
-- Name: ChatAttachment; Type: TABLE; Schema: public; Owner: -
--

CREATE TABLE public."ChatAttachment" (
    id uuid NOT NULL,
    "tenantId" uuid NOT NULL,
    "conversationId" uuid NOT NULL,
    "fileName" text NOT NULL,
    "fileSize" integer NOT NULL,
    "mimeType" text NOT NULL,
    "fileUrl" text NOT NULL,
    "uploadedBy" uuid,
    "createdAt" timestamp with time zone DEFAULT CURRENT_TIMESTAMP NOT NULL
);


--
-- Name: ChatConversation; Type: TABLE; Schema: public; Owner: -
--

CREATE TABLE public."ChatConversation" (
    id uuid NOT NULL,
    "tenantId" uuid NOT NULL,
    "propertyId" uuid NOT NULL,
    "guestId" uuid,
    "bookingId" uuid,
    channel text NOT NULL,
    "externalId" uuid,
    "channelRef" text,
    subject text,
    "assignedTo" uuid,
    status text DEFAULT 'open'::text NOT NULL,
    priority text DEFAULT 'normal'::text NOT NULL,
    "lastMessageAt" timestamp with time zone,
    "lastMessage" text,
    "unreadCount" integer DEFAULT 0 NOT NULL,
    tags text DEFAULT '[]'::text NOT NULL,
    "createdAt" timestamp with time zone DEFAULT CURRENT_TIMESTAMP NOT NULL,
    "updatedAt" timestamp with time zone NOT NULL
);


--
-- Name: ChatMessage; Type: TABLE; Schema: public; Owner: -
--

CREATE TABLE public."ChatMessage" (
    id uuid NOT NULL,
    "conversationId" uuid NOT NULL,
    "senderId" uuid,
    content text NOT NULL,
    "messageType" text DEFAULT 'text'::text NOT NULL,
    attachments text DEFAULT '[]'::text NOT NULL,
    "senderType" text NOT NULL,
    status text DEFAULT 'sent'::text NOT NULL,
    "sentAt" timestamp with time zone DEFAULT CURRENT_TIMESTAMP NOT NULL,
    "readAt" timestamp with time zone,
    "createdAt" timestamp with time zone DEFAULT CURRENT_TIMESTAMP NOT NULL
);


--
-- Name: ChatTransfer; Type: TABLE; Schema: public; Owner: -
--

CREATE TABLE public."ChatTransfer" (
    id uuid NOT NULL,
    "tenantId" uuid NOT NULL,
    "conversationId" uuid NOT NULL,
    "fromUserId" uuid NOT NULL,
    "toUserId" uuid NOT NULL,
    reason text,
    notes text,
    "createdAt" timestamp with time zone DEFAULT CURRENT_TIMESTAMP NOT NULL
);


--
-- Name: CoaSessionDetail; Type: TABLE; Schema: public; Owner: -
--

CREATE TABLE public."CoaSessionDetail" (
    id uuid NOT NULL,
    "tenantId" uuid NOT NULL,
    "propertyId" uuid NOT NULL,
    "sessionId" uuid NOT NULL,
    username text NOT NULL,
    "userId" uuid,
    "coaType" text NOT NULL,
    "policyName" text,
    "bandwidthPercent" double precision,
    "triggeredBy" text DEFAULT 'system'::text NOT NULL,
    "nasIpAddress" text,
    "actualSessionTime" integer DEFAULT 0 NOT NULL,
    "effectiveSessionTime" integer DEFAULT 0 NOT NULL,
    "actualDownloadBytes" integer DEFAULT 0 NOT NULL,
    "actualUploadBytes" integer DEFAULT 0 NOT NULL,
    "effectiveDownloadBytes" integer DEFAULT 0 NOT NULL,
    "effectiveUploadBytes" integer DEFAULT 0 NOT NULL,
    result text DEFAULT 'pending'::text NOT NULL,
    "errorMessage" text,
    "createdAt" timestamp with time zone DEFAULT CURRENT_TIMESTAMP NOT NULL
);


--
-- Name: CommunicationChannel; Type: TABLE; Schema: public; Owner: -
--

CREATE TABLE public."CommunicationChannel" (
    id uuid NOT NULL,
    "tenantId" uuid NOT NULL,
    type text NOT NULL,
    name text NOT NULL,
    provider text,
    config text NOT NULL,
    status text DEFAULT 'active'::text NOT NULL,
    capabilities text DEFAULT '[]'::text NOT NULL,
    "webhookUrl" text,
    "webhookSecret" text,
    "messagesSent" integer DEFAULT 0 NOT NULL,
    "messagesReceived" integer DEFAULT 0 NOT NULL,
    "lastMessageAt" timestamp with time zone,
    "lastError" text,
    "lastErrorAt" timestamp with time zone,
    "createdAt" timestamp with time zone DEFAULT CURRENT_TIMESTAMP NOT NULL,
    "updatedAt" timestamp with time zone NOT NULL
);


--
-- Name: CompetitorPrice; Type: TABLE; Schema: public; Owner: -
--

CREATE TABLE public."CompetitorPrice" (
    id uuid NOT NULL,
    "tenantId" uuid NOT NULL,
    "propertyId" uuid NOT NULL,
    "roomTypeId" uuid,
    "competitorName" text NOT NULL,
    "competitorType" text DEFAULT 'direct'::text NOT NULL,
    "competitorUrl" text,
    rating double precision,
    date timestamp with time zone NOT NULL,
    price double precision NOT NULL,
    currency text DEFAULT 'USD'::text NOT NULL,
    "roomTypeName" text,
    "ratePlanName" text,
    source text DEFAULT 'manual'::text NOT NULL,
    "createdAt" timestamp with time zone DEFAULT CURRENT_TIMESTAMP NOT NULL,
    "updatedAt" timestamp with time zone NOT NULL
);


--
-- Name: CompetitorSyncLog; Type: TABLE; Schema: public; Owner: -
--

CREATE TABLE public."CompetitorSyncLog" (
    id uuid NOT NULL,
    "tenantId" uuid NOT NULL,
    "propertyId" uuid NOT NULL,
    "competitorName" text NOT NULL,
    "syncType" text DEFAULT 'manual'::text NOT NULL,
    status text DEFAULT 'success'::text NOT NULL,
    "pricesCollected" integer DEFAULT 0 NOT NULL,
    "errorMessage" text,
    "startedAt" timestamp with time zone NOT NULL,
    "completedAt" timestamp with time zone,
    "createdAt" timestamp with time zone DEFAULT CURRENT_TIMESTAMP NOT NULL
);


--
-- Name: ConsentRecord; Type: TABLE; Schema: public; Owner: -
--

CREATE TABLE public."ConsentRecord" (
    id uuid NOT NULL,
    "tenantId" uuid NOT NULL,
    "guestId" uuid,
    "userId" uuid,
    "consentType" text NOT NULL,
    "consentCategory" text DEFAULT 'preferences'::text NOT NULL,
    granted boolean DEFAULT false NOT NULL,
    "grantedAt" timestamp with time zone,
    "grantedVia" text,
    "ipAddress" text,
    "userAgent" text,
    "consentText" text,
    "consentVersion" text,
    revoked boolean DEFAULT false NOT NULL,
    "revokedAt" timestamp with time zone,
    "revokedVia" text,
    "revocationReason" text,
    "expiresAt" timestamp with time zone,
    metadata text DEFAULT '{}'::text NOT NULL,
    "createdAt" timestamp with time zone DEFAULT CURRENT_TIMESTAMP NOT NULL,
    "updatedAt" timestamp with time zone NOT NULL
);


--
-- Name: ContentFilter; Type: TABLE; Schema: public; Owner: -
--

CREATE TABLE public."ContentFilter" (
    id uuid NOT NULL,
    "tenantId" uuid NOT NULL,
    "propertyId" uuid NOT NULL,
    name text NOT NULL,
    category text NOT NULL,
    domains text DEFAULT '[]'::text NOT NULL,
    enabled boolean DEFAULT true NOT NULL,
    "scheduleId" uuid,
    "createdAt" timestamp with time zone DEFAULT CURRENT_TIMESTAMP NOT NULL,
    "updatedAt" timestamp with time zone NOT NULL
);


--
-- Name: CreditNote; Type: TABLE; Schema: public; Owner: -
--

CREATE TABLE public."CreditNote" (
    id uuid NOT NULL,
    "tenantId" uuid NOT NULL,
    "propertyId" uuid NOT NULL,
    "folioId" uuid NOT NULL,
    "creditNoteNumber" text NOT NULL,
    "guestId" uuid NOT NULL,
    "bookingId" uuid,
    reason text NOT NULL,
    description text,
    items text DEFAULT '[]'::text NOT NULL,
    subtotal double precision DEFAULT 0 NOT NULL,
    "taxAmount" double precision DEFAULT 0 NOT NULL,
    "totalAmount" double precision NOT NULL,
    currency text DEFAULT 'USD'::text NOT NULL,
    status text DEFAULT 'issued'::text NOT NULL,
    "appliedAmount" double precision DEFAULT 0 NOT NULL,
    "remainingAmount" double precision NOT NULL,
    "issuedBy" text,
    "approvedBy" text,
    "approvedAt" timestamp with time zone,
    "validUntil" timestamp with time zone,
    "refundedTo" text,
    "createdAt" timestamp with time zone DEFAULT CURRENT_TIMESTAMP NOT NULL,
    "updatedAt" timestamp with time zone NOT NULL
);


--
-- Name: DemandForecast; Type: TABLE; Schema: public; Owner: -
--

CREATE TABLE public."DemandForecast" (
    id uuid NOT NULL,
    "tenantId" uuid NOT NULL,
    "propertyId" uuid NOT NULL,
    "roomTypeId" uuid,
    date timestamp with time zone NOT NULL,
    "demandScore" integer DEFAULT 0 NOT NULL,
    "occupancyForecast" double precision,
    "adrForecast" double precision,
    "revparForecast" double precision,
    "localEvents" text DEFAULT '[]'::text NOT NULL,
    "eventsImpact" double precision DEFAULT 0 NOT NULL,
    "seasonalFactor" double precision DEFAULT 1.0 NOT NULL,
    "dayOfWeekFactor" double precision DEFAULT 1.0 NOT NULL,
    confidence double precision DEFAULT 0.5 NOT NULL,
    "generatedBy" text DEFAULT 'algorithm'::text NOT NULL,
    "modelVersion" text,
    "createdAt" timestamp with time zone DEFAULT CURRENT_TIMESTAMP NOT NULL,
    "updatedAt" timestamp with time zone NOT NULL
);


--
-- Name: DeviceProfile; Type: TABLE; Schema: public; Owner: -
--

CREATE TABLE public."DeviceProfile" (
    id uuid NOT NULL,
    "tenantId" uuid NOT NULL,
    "propertyId" uuid NOT NULL,
    "wifiUserId" uuid NOT NULL,
    "guestId" uuid,
    "fingerprintHash" text NOT NULL,
    "storageToken" text,
    "macAddress" text,
    "ipAddress" text,
    "userAgent" text,
    "deviceName" text,
    "deviceType" text,
    "fingerprintData" text,
    "authCount" integer DEFAULT 0 NOT NULL,
    "lastAuthAt" timestamp with time zone,
    "firstSeenAt" timestamp with time zone DEFAULT CURRENT_TIMESTAMP NOT NULL,
    "lastSeenAt" timestamp with time zone NOT NULL,
    "isActive" boolean DEFAULT true NOT NULL
);


--
-- Name: DhcpBlacklist; Type: TABLE; Schema: public; Owner: -
--

CREATE TABLE public."DhcpBlacklist" (
    id uuid NOT NULL,
    "tenantId" uuid NOT NULL,
    "propertyId" uuid NOT NULL,
    "subnetId" uuid,
    "macAddress" text NOT NULL,
    reason text,
    enabled boolean DEFAULT true NOT NULL,
    "createdAt" timestamp with time zone DEFAULT CURRENT_TIMESTAMP NOT NULL,
    "updatedAt" timestamp with time zone NOT NULL
);


--
-- Name: DhcpHostnameFilter; Type: TABLE; Schema: public; Owner: -
--

CREATE TABLE public."DhcpHostnameFilter" (
    id uuid NOT NULL,
    "tenantId" uuid NOT NULL,
    "propertyId" uuid NOT NULL,
    "subnetId" uuid,
    pattern text NOT NULL,
    action text DEFAULT 'ignore'::text NOT NULL,
    enabled boolean DEFAULT true NOT NULL,
    description text,
    "createdAt" timestamp with time zone DEFAULT CURRENT_TIMESTAMP NOT NULL,
    "updatedAt" timestamp with time zone NOT NULL
);


--
-- Name: DhcpLease; Type: TABLE; Schema: public; Owner: -
--

CREATE TABLE public."DhcpLease" (
    id uuid NOT NULL,
    "tenantId" uuid NOT NULL,
    "propertyId" uuid NOT NULL,
    "subnetId" uuid NOT NULL,
    "macAddress" text NOT NULL,
    "ipAddress" text NOT NULL,
    hostname text,
    "clientId" text,
    "leaseStart" timestamp with time zone DEFAULT CURRENT_TIMESTAMP NOT NULL,
    "leaseEnd" timestamp with time zone NOT NULL,
    state text DEFAULT 'active'::text NOT NULL,
    "lastSeenAt" timestamp with time zone DEFAULT CURRENT_TIMESTAMP NOT NULL
);


--
-- Name: DhcpLeaseScript; Type: TABLE; Schema: public; Owner: -
--

CREATE TABLE public."DhcpLeaseScript" (
    id uuid NOT NULL,
    "tenantId" uuid NOT NULL,
    "propertyId" uuid NOT NULL,
    name text NOT NULL,
    "scriptPath" text NOT NULL,
    events text DEFAULT '["add","del","old"]'::text NOT NULL,
    enabled boolean DEFAULT true NOT NULL,
    description text,
    "createdAt" timestamp with time zone DEFAULT CURRENT_TIMESTAMP NOT NULL,
    "updatedAt" timestamp with time zone NOT NULL
);


--
-- Name: DhcpOption; Type: TABLE; Schema: public; Owner: -
--

CREATE TABLE public."DhcpOption" (
    id uuid NOT NULL,
    "tenantId" uuid NOT NULL,
    "propertyId" uuid NOT NULL,
    "subnetId" uuid,
    code integer NOT NULL,
    name text NOT NULL,
    value text NOT NULL,
    type text DEFAULT 'string'::text NOT NULL,
    enabled boolean DEFAULT true NOT NULL,
    description text,
    "createdAt" timestamp with time zone DEFAULT CURRENT_TIMESTAMP NOT NULL,
    "updatedAt" timestamp with time zone NOT NULL
);


--
-- Name: DhcpReservation; Type: TABLE; Schema: public; Owner: -
--

CREATE TABLE public."DhcpReservation" (
    id uuid NOT NULL,
    "tenantId" uuid NOT NULL,
    "propertyId" uuid NOT NULL,
    "subnetId" uuid NOT NULL,
    "macAddress" text NOT NULL,
    "ipAddress" text NOT NULL,
    hostname text,
    "leaseTime" integer,
    "linkedType" text,
    "linkedId" uuid,
    description text,
    enabled boolean DEFAULT true NOT NULL,
    "createdAt" timestamp with time zone DEFAULT CURRENT_TIMESTAMP NOT NULL,
    "updatedAt" timestamp with time zone NOT NULL
);


--
-- Name: DhcpSubnet; Type: TABLE; Schema: public; Owner: -
--

CREATE TABLE public."DhcpSubnet" (
    id uuid NOT NULL,
    "tenantId" uuid NOT NULL,
    "propertyId" uuid NOT NULL,
    name text NOT NULL,
    subnet text NOT NULL,
    gateway text,
    "poolStart" text NOT NULL,
    "poolEnd" text NOT NULL,
    "leaseTime" integer DEFAULT 3600 NOT NULL,
    "vlanId" integer,
    "vlanConfigId" uuid,
    "domainName" text,
    "dnsServers" text DEFAULT '[]'::text NOT NULL,
    "ntpServers" text DEFAULT '[]'::text NOT NULL,
    "bootFileName" text,
    "nextServer" text,
    "ipv6Enabled" boolean DEFAULT false NOT NULL,
    "ipv6Prefix" text,
    "ipv6PoolStart" text,
    "ipv6PoolEnd" text,
    "ipv6LeaseTime" integer DEFAULT 3600 NOT NULL,
    "ipv6RAType" text DEFAULT 'slaac'::text NOT NULL,
    enabled boolean DEFAULT true NOT NULL,
    description text,
    "createdAt" timestamp with time zone DEFAULT CURRENT_TIMESTAMP NOT NULL,
    "updatedAt" timestamp with time zone NOT NULL
);


--
-- Name: DhcpTagRule; Type: TABLE; Schema: public; Owner: -
--

CREATE TABLE public."DhcpTagRule" (
    id uuid NOT NULL,
    "tenantId" uuid NOT NULL,
    "propertyId" uuid NOT NULL,
    "subnetId" uuid,
    name text NOT NULL,
    "matchType" text NOT NULL,
    "matchPattern" text NOT NULL,
    "setTag" text NOT NULL,
    enabled boolean DEFAULT true NOT NULL,
    description text,
    "createdAt" timestamp with time zone DEFAULT CURRENT_TIMESTAMP NOT NULL,
    "updatedAt" timestamp with time zone NOT NULL
);


--
-- Name: DigitalKeyAccessLog; Type: TABLE; Schema: public; Owner: -
--

CREATE TABLE public."DigitalKeyAccessLog" (
    id uuid NOT NULL,
    "tenantId" uuid NOT NULL,
    "roomId" uuid NOT NULL,
    "guestId" uuid,
    "accessType" text NOT NULL,
    method text NOT NULL,
    success boolean NOT NULL,
    "failureReason" text,
    "deviceId" uuid,
    "deviceType" text,
    "ipAddress" text,
    "accessedAt" timestamp with time zone DEFAULT CURRENT_TIMESTAMP NOT NULL
);


--
-- Name: Discount; Type: TABLE; Schema: public; Owner: -
--

CREATE TABLE public."Discount" (
    id uuid NOT NULL,
    "tenantId" uuid NOT NULL,
    name text NOT NULL,
    code text NOT NULL,
    type text NOT NULL,
    value double precision NOT NULL,
    "minAmount" double precision DEFAULT 0,
    "maxDiscount" double precision,
    "applicableTo" text DEFAULT 'room'::text,
    "validFrom" timestamp with time zone DEFAULT CURRENT_TIMESTAMP NOT NULL,
    "validUntil" timestamp with time zone,
    "maxUses" integer,
    "usedCount" integer DEFAULT 0 NOT NULL,
    "isActive" boolean DEFAULT true NOT NULL,
    "createdAt" timestamp with time zone DEFAULT CURRENT_TIMESTAMP NOT NULL,
    "updatedAt" timestamp with time zone NOT NULL,
    "deletedAt" timestamp with time zone
);


--
-- Name: DnsRecord; Type: TABLE; Schema: public; Owner: -
--

CREATE TABLE public."DnsRecord" (
    id uuid NOT NULL,
    "tenantId" uuid NOT NULL,
    "zoneId" uuid NOT NULL,
    name text NOT NULL,
    type text DEFAULT 'A'::text NOT NULL,
    value text NOT NULL,
    ttl integer DEFAULT 300 NOT NULL,
    priority integer,
    enabled boolean DEFAULT true NOT NULL,
    "createdAt" timestamp with time zone DEFAULT CURRENT_TIMESTAMP NOT NULL,
    "updatedAt" timestamp with time zone NOT NULL
);


--
-- Name: DnsRedirectRule; Type: TABLE; Schema: public; Owner: -
--

CREATE TABLE public."DnsRedirectRule" (
    id uuid NOT NULL,
    "tenantId" uuid NOT NULL,
    "propertyId" uuid NOT NULL,
    name text NOT NULL,
    "matchPattern" text NOT NULL,
    "targetIp" text NOT NULL,
    "applyTo" text DEFAULT 'unauthenticated'::text NOT NULL,
    priority integer DEFAULT 0 NOT NULL,
    enabled boolean DEFAULT true NOT NULL,
    description text,
    "createdAt" timestamp with time zone DEFAULT CURRENT_TIMESTAMP NOT NULL,
    "updatedAt" timestamp with time zone NOT NULL
);


--
-- Name: DnsZone; Type: TABLE; Schema: public; Owner: -
--

CREATE TABLE public."DnsZone" (
    id uuid NOT NULL,
    "tenantId" uuid NOT NULL,
    "propertyId" uuid NOT NULL,
    domain text NOT NULL,
    description text,
    "vlanId" integer,
    enabled boolean DEFAULT true NOT NULL,
    "createdAt" timestamp with time zone DEFAULT CURRENT_TIMESTAMP NOT NULL,
    "updatedAt" timestamp with time zone NOT NULL
);


--
-- Name: EnergyMetric; Type: TABLE; Schema: public; Owner: -
--

CREATE TABLE public."EnergyMetric" (
    id uuid NOT NULL,
    "tenantId" uuid NOT NULL,
    "propertyId" uuid NOT NULL,
    date timestamp with time zone NOT NULL,
    "electricityKwh" double precision DEFAULT 0 NOT NULL,
    "gasM3" double precision DEFAULT 0 NOT NULL,
    "waterM3" double precision DEFAULT 0 NOT NULL,
    "electricityCost" double precision DEFAULT 0 NOT NULL,
    "gasCost" double precision DEFAULT 0 NOT NULL,
    "waterCost" double precision DEFAULT 0 NOT NULL,
    "carbonFootprint" double precision DEFAULT 0 NOT NULL,
    "createdAt" timestamp with time zone DEFAULT CURRENT_TIMESTAMP NOT NULL
);


--
-- Name: Event; Type: TABLE; Schema: public; Owner: -
--

CREATE TABLE public."Event" (
    id uuid NOT NULL,
    "tenantId" uuid NOT NULL,
    "propertyId" uuid NOT NULL,
    "spaceId" uuid,
    name text NOT NULL,
    type text NOT NULL,
    description text,
    "organizerName" text NOT NULL,
    "organizerEmail" text NOT NULL,
    "organizerPhone" text NOT NULL,
    "startDate" timestamp with time zone NOT NULL,
    "endDate" timestamp with time zone NOT NULL,
    "setupStart" timestamp with time zone,
    "teardownEnd" timestamp with time zone,
    "expectedAttendance" integer NOT NULL,
    "actualAttendance" integer,
    "spaceCharge" double precision DEFAULT 0 NOT NULL,
    "cateringCharge" double precision DEFAULT 0 NOT NULL,
    "avCharge" double precision DEFAULT 0 NOT NULL,
    "otherCharges" double precision DEFAULT 0 NOT NULL,
    "totalAmount" double precision DEFAULT 0 NOT NULL,
    currency text DEFAULT 'USD'::text NOT NULL,
    "depositAmount" double precision DEFAULT 0 NOT NULL,
    "depositPaid" boolean DEFAULT false NOT NULL,
    status text DEFAULT 'inquiry'::text NOT NULL,
    "contractUrl" text,
    "contractSignedAt" timestamp with time zone,
    notes text,
    "createdAt" timestamp with time zone DEFAULT CURRENT_TIMESTAMP NOT NULL,
    "updatedAt" timestamp with time zone NOT NULL
);


--
-- Name: EventResource; Type: TABLE; Schema: public; Owner: -
--

CREATE TABLE public."EventResource" (
    id uuid NOT NULL,
    "eventId" uuid NOT NULL,
    name text NOT NULL,
    category text NOT NULL,
    description text,
    quantity integer DEFAULT 1 NOT NULL,
    "unitPrice" double precision DEFAULT 0 NOT NULL,
    "totalAmount" double precision DEFAULT 0 NOT NULL,
    "vendorId" uuid,
    "vendorName" text,
    "staffId" uuid,
    "staffName" text,
    status text DEFAULT 'pending'::text NOT NULL,
    "setupTime" timestamp with time zone,
    "teardownTime" timestamp with time zone,
    notes text,
    "createdAt" timestamp with time zone DEFAULT CURRENT_TIMESTAMP NOT NULL,
    "updatedAt" timestamp with time zone NOT NULL
);


--
-- Name: EventSpace; Type: TABLE; Schema: public; Owner: -
--

CREATE TABLE public."EventSpace" (
    id uuid NOT NULL,
    "propertyId" uuid NOT NULL,
    name text NOT NULL,
    description text,
    "minCapacity" integer NOT NULL,
    "maxCapacity" integer NOT NULL,
    "sizeSqMeters" double precision,
    "sizeSqFeet" double precision,
    "hourlyRate" double precision,
    "dailyRate" double precision,
    amenities text DEFAULT '[]'::text NOT NULL,
    images text DEFAULT '[]'::text NOT NULL,
    status text DEFAULT 'active'::text NOT NULL,
    "createdAt" timestamp with time zone DEFAULT CURRENT_TIMESTAMP NOT NULL,
    "updatedAt" timestamp with time zone NOT NULL
);


--
-- Name: ExchangeRate; Type: TABLE; Schema: public; Owner: -
--

CREATE TABLE public."ExchangeRate" (
    id uuid NOT NULL,
    "tenantId" uuid NOT NULL,
    "fromCurrency" text NOT NULL,
    "toCurrency" text NOT NULL,
    rate double precision NOT NULL,
    source text DEFAULT 'manual'::text NOT NULL,
    "validFrom" timestamp with time zone DEFAULT CURRENT_TIMESTAMP NOT NULL,
    "validUntil" timestamp with time zone,
    "isActive" boolean DEFAULT true NOT NULL,
    "createdAt" timestamp with time zone DEFAULT CURRENT_TIMESTAMP NOT NULL,
    "updatedAt" timestamp with time zone NOT NULL
);


--
-- Name: Experience; Type: TABLE; Schema: public; Owner: -
--

CREATE TABLE public."Experience" (
    id uuid NOT NULL,
    "tenantId" uuid NOT NULL,
    "propertyId" uuid,
    name text NOT NULL,
    description text,
    "categoryId" text,
    category text,
    duration integer DEFAULT 60 NOT NULL,
    "maxParticipants" integer DEFAULT 10 NOT NULL,
    "basePrice" double precision DEFAULT 0 NOT NULL,
    "imageUrl" text,
    status text DEFAULT 'active'::text NOT NULL,
    tags text,
    highlights text,
    "whatToBring" text,
    "cancellationPolicy" text,
    rating double precision DEFAULT 0 NOT NULL,
    "totalReviews" integer DEFAULT 0 NOT NULL,
    "totalBookings" integer DEFAULT 0 NOT NULL,
    "createdAt" timestamp with time zone DEFAULT CURRENT_TIMESTAMP NOT NULL,
    "updatedAt" timestamp with time zone NOT NULL,
    "deletedAt" timestamp with time zone
);


--
-- Name: ExperienceBooking; Type: TABLE; Schema: public; Owner: -
--

CREATE TABLE public."ExperienceBooking" (
    id uuid NOT NULL,
    "tenantId" uuid NOT NULL,
    "propertyId" uuid,
    "experienceId" uuid NOT NULL,
    "guestId" uuid,
    "guestName" text NOT NULL,
    "guestEmail" text,
    "guestPhone" text,
    "bookingDate" timestamp with time zone NOT NULL,
    "bookingTime" text NOT NULL,
    "numberOfGuests" integer DEFAULT 1 NOT NULL,
    "totalPrice" double precision DEFAULT 0 NOT NULL,
    "specialRequests" text,
    status text DEFAULT 'pending'::text NOT NULL,
    "confirmedAt" timestamp with time zone,
    "completedAt" timestamp with time zone,
    "cancelledAt" timestamp with time zone,
    "cancellationReason" text,
    "createdAt" timestamp with time zone DEFAULT CURRENT_TIMESTAMP NOT NULL,
    "updatedAt" timestamp with time zone NOT NULL,
    "deletedAt" timestamp with time zone
);


--
-- Name: ExperienceFeedback; Type: TABLE; Schema: public; Owner: -
--

CREATE TABLE public."ExperienceFeedback" (
    id uuid NOT NULL,
    "tenantId" uuid NOT NULL,
    "experienceBookingId" uuid,
    "experienceId" uuid NOT NULL,
    "guestId" uuid,
    "guestName" text NOT NULL,
    rating integer NOT NULL,
    "reviewText" text,
    category text,
    "staffResponse" text,
    status text DEFAULT 'published'::text NOT NULL,
    "createdAt" timestamp with time zone DEFAULT CURRENT_TIMESTAMP NOT NULL,
    "updatedAt" timestamp with time zone NOT NULL
);


--
-- Name: ExperiencePricing; Type: TABLE; Schema: public; Owner: -
--

CREATE TABLE public."ExperiencePricing" (
    id uuid NOT NULL,
    "tenantId" uuid NOT NULL,
    "experienceId" uuid NOT NULL,
    type text DEFAULT 'rule'::text NOT NULL,
    "seasonName" text,
    "startTime" text,
    "endTime" text,
    capacity integer,
    "startDate" timestamp with time zone,
    "endDate" timestamp with time zone,
    "priceMultiplier" double precision DEFAULT 1 NOT NULL,
    "minGuests" integer DEFAULT 1 NOT NULL,
    "maxGuests" integer,
    "isAvailable" boolean DEFAULT true NOT NULL,
    "createdAt" timestamp with time zone DEFAULT CURRENT_TIMESTAMP NOT NULL,
    "updatedAt" timestamp with time zone NOT NULL
);


--
-- Name: ExperienceVendor; Type: TABLE; Schema: public; Owner: -
--

CREATE TABLE public."ExperienceVendor" (
    id uuid NOT NULL,
    "tenantId" uuid NOT NULL,
    "propertyId" uuid,
    "companyName" text NOT NULL,
    "contactPerson" text NOT NULL,
    email text NOT NULL,
    phone text,
    address text,
    category text,
    "commissionRate" double precision DEFAULT 0 NOT NULL,
    "bankAccountName" text,
    "bankAccountNumber" text,
    "bankIfsc" text,
    status text DEFAULT 'active'::text NOT NULL,
    notes text,
    "createdAt" timestamp with time zone DEFAULT CURRENT_TIMESTAMP NOT NULL,
    "updatedAt" timestamp with time zone NOT NULL,
    "deletedAt" timestamp with time zone
);


--
-- Name: ExternalReview; Type: TABLE; Schema: public; Owner: -
--

CREATE TABLE public."ExternalReview" (
    id uuid NOT NULL,
    "tenantId" uuid NOT NULL,
    "propertyId" uuid,
    source text DEFAULT 'unknown'::text NOT NULL,
    "externalId" uuid,
    content text NOT NULL,
    rating integer NOT NULL,
    "reviewerName" text,
    "reviewDate" timestamp with time zone DEFAULT CURRENT_TIMESTAMP NOT NULL,
    "sentimentScore" double precision,
    "sentimentLabel" text,
    "sentimentAspects" text,
    "sentimentKeywords" text,
    "responseText" text,
    "respondedAt" timestamp with time zone,
    "createdAt" timestamp with time zone DEFAULT CURRENT_TIMESTAMP NOT NULL,
    "updatedAt" timestamp with time zone NOT NULL
);


--
-- Name: FairAccessPolicy; Type: TABLE; Schema: public; Owner: -
--

CREATE TABLE public."FairAccessPolicy" (
    id uuid NOT NULL,
    "tenantId" uuid NOT NULL,
    "propertyId" uuid NOT NULL,
    name text NOT NULL,
    description text,
    "cycleType" text DEFAULT 'daily'::text NOT NULL,
    "limitType" text DEFAULT 'total'::text NOT NULL,
    "dataLimitMb" double precision NOT NULL,
    "dataLimitUnit" text DEFAULT 'mb'::text NOT NULL,
    "switchOverBwPolicyId" uuid,
    "cycleResetHour" integer DEFAULT 23 NOT NULL,
    "cycleResetMinute" integer DEFAULT 59 NOT NULL,
    "applicableOn" text DEFAULT 'total'::text NOT NULL,
    "isEnabled" boolean DEFAULT true NOT NULL,
    priority integer DEFAULT 0 NOT NULL,
    "createdAt" timestamp with time zone DEFAULT CURRENT_TIMESTAMP NOT NULL,
    "updatedAt" timestamp with time zone NOT NULL,
    "throttleDownKbps" integer DEFAULT 256,
    "throttleUpKbps" integer DEFAULT 128
);


--
-- Name: FeatureAnnouncement; Type: TABLE; Schema: public; Owner: -
--

CREATE TABLE public."FeatureAnnouncement" (
    id uuid NOT NULL,
    title text NOT NULL,
    content text NOT NULL,
    type text DEFAULT 'info'::text NOT NULL,
    "targetRoles" text DEFAULT '[]'::text NOT NULL,
    "startsAt" timestamp with time zone,
    "endsAt" timestamp with time zone,
    dismissible boolean DEFAULT true NOT NULL,
    status text DEFAULT 'draft'::text NOT NULL,
    "createdAt" timestamp with time zone DEFAULT CURRENT_TIMESTAMP NOT NULL,
    "updatedAt" timestamp with time zone NOT NULL
);


--
-- Name: FirewallRule; Type: TABLE; Schema: public; Owner: -
--

CREATE TABLE public."FirewallRule" (
    id uuid NOT NULL,
    "tenantId" uuid NOT NULL,
    "propertyId" uuid NOT NULL,
    "zoneId" uuid NOT NULL,
    chain text DEFAULT 'input'::text NOT NULL,
    protocol text,
    "sourceIp" text,
    "sourcePort" integer,
    "destIp" text,
    "destPort" integer,
    action text DEFAULT 'accept'::text NOT NULL,
    "jumpTarget" text,
    "logPrefix" text,
    enabled boolean DEFAULT true NOT NULL,
    comment text,
    priority integer DEFAULT 0 NOT NULL,
    "scheduleId" uuid,
    "createdAt" timestamp with time zone DEFAULT CURRENT_TIMESTAMP NOT NULL,
    "updatedAt" timestamp with time zone NOT NULL
);


--
-- Name: FirewallSchedule; Type: TABLE; Schema: public; Owner: -
--

CREATE TABLE public."FirewallSchedule" (
    id uuid NOT NULL,
    "tenantId" uuid NOT NULL,
    "propertyId" uuid NOT NULL,
    name text NOT NULL,
    "daysOfWeek" text DEFAULT '1,2,3,4,5,6,7'::text NOT NULL,
    "startTime" text DEFAULT '00:00'::text NOT NULL,
    "endTime" text DEFAULT '23:59'::text NOT NULL,
    timezone text DEFAULT 'UTC'::text NOT NULL,
    enabled boolean DEFAULT true NOT NULL,
    "createdAt" timestamp with time zone DEFAULT CURRENT_TIMESTAMP NOT NULL,
    "updatedAt" timestamp with time zone NOT NULL
);


--
-- Name: FirewallZone; Type: TABLE; Schema: public; Owner: -
--

CREATE TABLE public."FirewallZone" (
    id uuid NOT NULL,
    "tenantId" uuid NOT NULL,
    "propertyId" uuid NOT NULL,
    name text NOT NULL,
    interfaces text DEFAULT '[]'::text NOT NULL,
    "inputPolicy" text DEFAULT 'accept'::text NOT NULL,
    "forwardPolicy" text DEFAULT 'accept'::text NOT NULL,
    "outputPolicy" text DEFAULT 'accept'::text NOT NULL,
    masquerade boolean DEFAULT false NOT NULL,
    description text,
    "createdAt" timestamp with time zone DEFAULT CURRENT_TIMESTAMP NOT NULL,
    "updatedAt" timestamp with time zone NOT NULL
);


--
-- Name: FloorPlan; Type: TABLE; Schema: public; Owner: -
--

CREATE TABLE public."FloorPlan" (
    id uuid NOT NULL,
    "propertyId" uuid NOT NULL,
    floor integer NOT NULL,
    name text NOT NULL,
    "imageUrl" text,
    "svgData" text,
    "roomPositions" text DEFAULT '[]'::text NOT NULL,
    width integer DEFAULT 800 NOT NULL,
    height integer DEFAULT 600 NOT NULL,
    "gridSize" integer DEFAULT 20 NOT NULL,
    "createdAt" timestamp with time zone DEFAULT CURRENT_TIMESTAMP NOT NULL,
    "updatedAt" timestamp with time zone NOT NULL
);


--
-- Name: FloorPlanRoom; Type: TABLE; Schema: public; Owner: -
--

CREATE TABLE public."FloorPlanRoom" (
    id uuid NOT NULL,
    "floorPlanId" uuid NOT NULL,
    "roomId" uuid NOT NULL,
    x integer NOT NULL,
    y integer NOT NULL,
    width integer DEFAULT 80 NOT NULL,
    height integer DEFAULT 60 NOT NULL,
    rotation integer DEFAULT 0 NOT NULL,
    "createdAt" timestamp with time zone DEFAULT CURRENT_TIMESTAMP NOT NULL,
    "updatedAt" timestamp with time zone NOT NULL
);


--
-- Name: Folio; Type: TABLE; Schema: public; Owner: -
--

CREATE TABLE public."Folio" (
    id uuid NOT NULL,
    "tenantId" uuid NOT NULL,
    "propertyId" uuid NOT NULL,
    "bookingId" uuid NOT NULL,
    "folioNumber" text NOT NULL,
    "guestId" uuid NOT NULL,
    subtotal double precision DEFAULT 0 NOT NULL,
    taxes double precision DEFAULT 0 NOT NULL,
    discount double precision DEFAULT 0 NOT NULL,
    "totalAmount" double precision DEFAULT 0 NOT NULL,
    "paidAmount" double precision DEFAULT 0 NOT NULL,
    balance double precision DEFAULT 0 NOT NULL,
    currency text DEFAULT 'USD'::text NOT NULL,
    status text DEFAULT 'open'::text NOT NULL,
    "openedAt" timestamp with time zone DEFAULT CURRENT_TIMESTAMP NOT NULL,
    "closedAt" timestamp with time zone,
    "invoiceNumber" text,
    "invoiceUrl" text,
    "invoiceIssuedAt" timestamp with time zone,
    "createdAt" timestamp with time zone DEFAULT CURRENT_TIMESTAMP NOT NULL,
    "updatedAt" timestamp with time zone NOT NULL
);


--
-- Name: FolioLineItem; Type: TABLE; Schema: public; Owner: -
--

CREATE TABLE public."FolioLineItem" (
    id uuid NOT NULL,
    "folioId" uuid NOT NULL,
    description text NOT NULL,
    category text NOT NULL,
    quantity integer DEFAULT 1 NOT NULL,
    "unitPrice" double precision NOT NULL,
    "totalAmount" double precision NOT NULL,
    "serviceDate" timestamp with time zone DEFAULT CURRENT_TIMESTAMP NOT NULL,
    "referenceType" text,
    "referenceId" uuid,
    "taxRate" double precision DEFAULT 0 NOT NULL,
    "taxAmount" double precision DEFAULT 0 NOT NULL,
    "itemCurrency" text DEFAULT 'USD'::text NOT NULL,
    "exchangeRate" double precision DEFAULT 1 NOT NULL,
    "baseAmount" double precision DEFAULT 0 NOT NULL,
    "postedBy" text,
    "createdAt" timestamp with time zone DEFAULT CURRENT_TIMESTAMP NOT NULL,
    "updatedAt" timestamp with time zone NOT NULL,
    "discountId" uuid
);


--
-- Name: FolioLineItemAudit; Type: TABLE; Schema: public; Owner: -
--

CREATE TABLE public."FolioLineItemAudit" (
    id uuid NOT NULL,
    "tenantId" uuid NOT NULL,
    "folioId" uuid NOT NULL,
    "lineItemId" uuid,
    action text NOT NULL,
    description text NOT NULL,
    category text,
    amount double precision,
    quantity integer,
    "userId" uuid,
    "userName" text,
    source text DEFAULT 'frontdesk'::text NOT NULL,
    "createdAt" timestamp with time zone DEFAULT CURRENT_TIMESTAMP NOT NULL
);


--
-- Name: FolioTransfer; Type: TABLE; Schema: public; Owner: -
--

CREATE TABLE public."FolioTransfer" (
    id uuid NOT NULL,
    "tenantId" uuid NOT NULL,
    "propertyId" uuid NOT NULL,
    "fromFolioId" uuid NOT NULL,
    "toFolioId" uuid NOT NULL,
    "folioLineItemId" uuid,
    "bookingId" uuid,
    amount double precision NOT NULL,
    currency text DEFAULT 'USD'::text NOT NULL,
    reason text NOT NULL,
    description text,
    status text DEFAULT 'completed'::text NOT NULL,
    "transferredBy" text,
    "approvedBy" text,
    "createdAt" timestamp with time zone DEFAULT CURRENT_TIMESTAMP NOT NULL
);


--
-- Name: GDPRRequest; Type: TABLE; Schema: public; Owner: -
--

CREATE TABLE public."GDPRRequest" (
    id uuid NOT NULL,
    "tenantId" uuid NOT NULL,
    "guestId" uuid,
    "requestType" text NOT NULL,
    status text DEFAULT 'pending'::text NOT NULL,
    "requestSource" text DEFAULT 'guest'::text NOT NULL,
    "requesterEmail" text,
    "requesterName" text,
    "verificationToken" text,
    "verifiedAt" timestamp with time zone,
    "expiresAt" timestamp with time zone,
    priority text DEFAULT 'normal'::text NOT NULL,
    notes text,
    "rejectionReason" text,
    "completedAt" timestamp with time zone,
    "completedBy" text,
    "downloadUrl" text,
    "downloadExpiresAt" timestamp with time zone,
    "dataSnapshot" text,
    metadata text DEFAULT '{}'::text NOT NULL,
    "createdAt" timestamp with time zone DEFAULT CURRENT_TIMESTAMP NOT NULL,
    "updatedAt" timestamp with time zone NOT NULL
);


--
-- Name: Gateway; Type: TABLE; Schema: public; Owner: -
--

CREATE TABLE public."Gateway" (
    id uuid NOT NULL,
    "tenantId" uuid NOT NULL,
    "propertyId" uuid NOT NULL,
    "multiWanConfigId" uuid NOT NULL,
    name text DEFAULT 'WAN'::text NOT NULL,
    "ipAddress" text NOT NULL,
    "interfaceName" text NOT NULL,
    "interfaceId" uuid,
    weight integer DEFAULT 1 NOT NULL,
    "isBackup" boolean DEFAULT false NOT NULL,
    "backupGatewayId" uuid,
    "routingTableId" integer DEFAULT 0 NOT NULL,
    "healthStatus" text DEFAULT 'unknown'::text NOT NULL,
    "lastHealthCheck" timestamp with time zone,
    enabled boolean DEFAULT true NOT NULL,
    "createdAt" timestamp with time zone DEFAULT CURRENT_TIMESTAMP NOT NULL,
    "updatedAt" timestamp with time zone NOT NULL
);


--
-- Name: GatewayExplicitRoute; Type: TABLE; Schema: public; Owner: -
--

CREATE TABLE public."GatewayExplicitRoute" (
    id uuid NOT NULL,
    "gatewayId" uuid NOT NULL,
    "tenantId" uuid NOT NULL,
    "propertyId" uuid NOT NULL,
    network text NOT NULL,
    description text,
    "createdAt" timestamp with time zone DEFAULT CURRENT_TIMESTAMP NOT NULL,
    "updatedAt" timestamp with time zone NOT NULL
);


--
-- Name: GatewayFwmark; Type: TABLE; Schema: public; Owner: -
--

CREATE TABLE public."GatewayFwmark" (
    id uuid NOT NULL,
    "gatewayId" uuid NOT NULL,
    "tenantId" uuid NOT NULL,
    "fwmarkValue" text DEFAULT '0x1'::text NOT NULL,
    description text,
    "createdAt" timestamp with time zone DEFAULT CURRENT_TIMESTAMP NOT NULL,
    "updatedAt" timestamp with time zone NOT NULL
);


--
-- Name: GatewayHealthRule; Type: TABLE; Schema: public; Owner: -
--

CREATE TABLE public."GatewayHealthRule" (
    id uuid NOT NULL,
    "gatewayId" uuid NOT NULL,
    "tenantId" uuid NOT NULL,
    protocol text DEFAULT 'PING'::text NOT NULL,
    host text NOT NULL,
    port integer DEFAULT 0 NOT NULL,
    operator text DEFAULT '&'::text NOT NULL,
    "sortOrder" integer DEFAULT 0 NOT NULL,
    "createdAt" timestamp with time zone DEFAULT CURRENT_TIMESTAMP NOT NULL,
    "updatedAt" timestamp with time zone NOT NULL
);


--
-- Name: GoogleHotelAdsConnection; Type: TABLE; Schema: public; Owner: -
--

CREATE TABLE public."GoogleHotelAdsConnection" (
    id uuid NOT NULL,
    "tenantId" uuid NOT NULL,
    "propertyId" uuid NOT NULL,
    "accountId" uuid,
    "subAccountId" uuid,
    "hotelId" uuid,
    status text DEFAULT 'pending'::text NOT NULL,
    "connectionMode" text DEFAULT 'live'::text NOT NULL,
    "partnerId" uuid,
    "hotelCenterId" uuid,
    "priceFeedUrl" text,
    "priceFeedFormat" text DEFAULT 'xml'::text NOT NULL,
    "lastPriceFeedAt" timestamp with time zone,
    "lastBookingFeedAt" timestamp with time zone,
    "lastError" text,
    "lastErrorAt" timestamp with time zone,
    "totalBookings" integer DEFAULT 0 NOT NULL,
    "totalRevenue" double precision DEFAULT 0 NOT NULL,
    "totalSpend" double precision DEFAULT 0 NOT NULL,
    "avgRoas" double precision DEFAULT 0 NOT NULL,
    "bidStrategy" text DEFAULT 'auto'::text NOT NULL,
    "baseBidModifier" double precision DEFAULT 1.0 NOT NULL,
    "occupancyBidModifier" text DEFAULT '{}'::text NOT NULL,
    "dayOfWeekBidModifier" text DEFAULT '{}'::text NOT NULL,
    "advanceBookingModifier" text DEFAULT '{}'::text NOT NULL,
    "lengthOfStayModifier" text DEFAULT '{}'::text NOT NULL,
    "autoBidEnabled" boolean DEFAULT true NOT NULL,
    "autoBidRules" text DEFAULT '[]'::text NOT NULL,
    "createdAt" timestamp with time zone DEFAULT CURRENT_TIMESTAMP NOT NULL,
    "updatedAt" timestamp with time zone NOT NULL
);


--
-- Name: GroupBooking; Type: TABLE; Schema: public; Owner: -
--

CREATE TABLE public."GroupBooking" (
    id uuid NOT NULL,
    "tenantId" uuid NOT NULL,
    "propertyId" uuid NOT NULL,
    name text NOT NULL,
    description text,
    "contactName" text,
    "contactEmail" text,
    "contactPhone" text,
    "checkIn" timestamp with time zone NOT NULL,
    "checkOut" timestamp with time zone NOT NULL,
    "totalRooms" integer DEFAULT 1 NOT NULL,
    "bookedRooms" integer DEFAULT 0 NOT NULL,
    "totalAmount" double precision DEFAULT 0 NOT NULL,
    "depositAmount" double precision DEFAULT 0 NOT NULL,
    "depositPaid" boolean DEFAULT false NOT NULL,
    status text DEFAULT 'inquiry'::text NOT NULL,
    "contractUrl" text,
    "contractSignedAt" timestamp with time zone,
    notes text,
    "createdAt" timestamp with time zone DEFAULT CURRENT_TIMESTAMP NOT NULL,
    "updatedAt" timestamp with time zone NOT NULL
);


--
-- Name: Guest; Type: TABLE; Schema: public; Owner: -
--

CREATE TABLE public."Guest" (
    id uuid NOT NULL,
    "tenantId" uuid NOT NULL,
    "firstName" text NOT NULL,
    "lastName" text NOT NULL,
    email public.citext,
    phone text,
    "alternatePhone" text,
    nationality text,
    "dateOfBirth" timestamp with time zone,
    gender text,
    "idType" text,
    "idNumber" text,
    "idExpiry" timestamp with time zone,
    "idCountry" text,
    address text,
    city text,
    state text,
    country text,
    "postalCode" text,
    preferences text DEFAULT '{}'::text NOT NULL,
    "dietaryRequirements" text,
    "specialRequests" text,
    avatar text,
    notes text,
    tags text DEFAULT '[]'::text NOT NULL,
    "loyaltyTier" text DEFAULT 'bronze'::text NOT NULL,
    "loyaltyPoints" integer DEFAULT 0 NOT NULL,
    "totalStays" integer DEFAULT 0 NOT NULL,
    "totalSpent" double precision DEFAULT 0 NOT NULL,
    "isVip" boolean DEFAULT false NOT NULL,
    "vipLevel" text,
    source text DEFAULT 'direct'::text NOT NULL,
    "sourceId" uuid,
    "emailOptIn" boolean DEFAULT false NOT NULL,
    "smsOptIn" boolean DEFAULT false NOT NULL,
    status text DEFAULT 'active'::text NOT NULL,
    "kycStatus" text DEFAULT 'pending'::text NOT NULL,
    "kycVerifiedAt" timestamp with time zone,
    "createdAt" timestamp with time zone DEFAULT CURRENT_TIMESTAMP NOT NULL,
    "updatedAt" timestamp with time zone NOT NULL,
    "deletedAt" timestamp with time zone
);


--
-- Name: GuestBehavior; Type: TABLE; Schema: public; Owner: -
--

CREATE TABLE public."GuestBehavior" (
    id uuid NOT NULL,
    "tenantId" uuid NOT NULL,
    "guestId" uuid NOT NULL,
    "visitCount" integer DEFAULT 0 NOT NULL,
    "firstVisitAt" timestamp with time zone,
    "lastVisitAt" timestamp with time zone,
    "totalBookings" integer DEFAULT 0 NOT NULL,
    "cancelledBookings" integer DEFAULT 0 NOT NULL,
    "noShowCount" integer DEFAULT 0 NOT NULL,
    "totalSpent" double precision DEFAULT 0 NOT NULL,
    "avgBookingValue" double precision DEFAULT 0 NOT NULL,
    "lifetimeValue" double precision DEFAULT 0 NOT NULL,
    "totalNights" integer DEFAULT 0 NOT NULL,
    "avgStayLength" double precision DEFAULT 0 NOT NULL,
    "preferredRoomTypes" text DEFAULT '[]'::text NOT NULL,
    "bookingSources" text DEFAULT '{}'::text NOT NULL,
    "serviceRequests" integer DEFAULT 0 NOT NULL,
    "foodOrders" integer DEFAULT 0 NOT NULL,
    "spaBookings" integer DEFAULT 0 NOT NULL,
    "learnedPreferences" text DEFAULT '{}'::text NOT NULL,
    "emailOpens" integer DEFAULT 0 NOT NULL,
    "emailClicks" integer DEFAULT 0 NOT NULL,
    "smsResponses" integer DEFAULT 0 NOT NULL,
    "engagementScore" double precision DEFAULT 0 NOT NULL,
    "vipScore" double precision DEFAULT 0 NOT NULL,
    "vipDetectedAt" timestamp with time zone,
    "isRepeatGuest" boolean DEFAULT false NOT NULL,
    "repeatGuestSince" timestamp with time zone,
    "createdAt" timestamp with time zone DEFAULT CURRENT_TIMESTAMP NOT NULL,
    "updatedAt" timestamp with time zone NOT NULL
);


--
-- Name: GuestDocument; Type: TABLE; Schema: public; Owner: -
--

CREATE TABLE public."GuestDocument" (
    id uuid NOT NULL,
    "guestId" uuid NOT NULL,
    type text NOT NULL,
    name text NOT NULL,
    "fileUrl" text NOT NULL,
    status text DEFAULT 'pending'::text NOT NULL,
    "verifiedAt" timestamp with time zone,
    "verifiedBy" text,
    "rejectionReason" text,
    "expiryDate" timestamp with time zone,
    "createdAt" timestamp with time zone DEFAULT CURRENT_TIMESTAMP NOT NULL,
    "updatedAt" timestamp with time zone NOT NULL
);


--
-- Name: GuestFeedback; Type: TABLE; Schema: public; Owner: -
--

CREATE TABLE public."GuestFeedback" (
    id uuid NOT NULL,
    "guestId" uuid NOT NULL,
    "propertyId" uuid NOT NULL,
    type text NOT NULL,
    category text NOT NULL,
    subject text NOT NULL,
    description text NOT NULL,
    priority text DEFAULT 'medium'::text NOT NULL,
    status text DEFAULT 'open'::text NOT NULL,
    "resolvedAt" timestamp with time zone,
    "resolvedBy" text,
    resolution text,
    "createdAt" timestamp with time zone DEFAULT CURRENT_TIMESTAMP NOT NULL,
    "updatedAt" timestamp with time zone NOT NULL
);


--
-- Name: GuestJourney; Type: TABLE; Schema: public; Owner: -
--

CREATE TABLE public."GuestJourney" (
    id uuid NOT NULL,
    "tenantId" uuid NOT NULL,
    "guestId" uuid NOT NULL,
    "bookingId" uuid,
    stage text NOT NULL,
    "eventType" text NOT NULL,
    title text NOT NULL,
    description text,
    metadata text DEFAULT '{}'::text NOT NULL,
    source text DEFAULT 'system'::text NOT NULL,
    "occurredAt" timestamp with time zone DEFAULT CURRENT_TIMESTAMP NOT NULL,
    "createdAt" timestamp with time zone DEFAULT CURRENT_TIMESTAMP NOT NULL,
    "updatedAt" timestamp with time zone NOT NULL
);


--
-- Name: GuestRecommendation; Type: TABLE; Schema: public; Owner: -
--

CREATE TABLE public."GuestRecommendation" (
    id uuid NOT NULL,
    "tenantId" uuid NOT NULL,
    "guestId" uuid NOT NULL,
    type text NOT NULL,
    category text NOT NULL,
    title text NOT NULL,
    description text,
    reason text,
    "estimatedValue" double precision,
    "relevanceScore" double precision DEFAULT 0 NOT NULL,
    status text DEFAULT 'active'::text NOT NULL,
    "shownAt" timestamp with time zone,
    "acceptedAt" timestamp with time zone,
    "rejectedAt" timestamp with time zone,
    "expiresAt" timestamp with time zone,
    "actionType" text,
    "actionData" text,
    "isAiGenerated" boolean DEFAULT false NOT NULL,
    "aiConfidence" double precision,
    "createdAt" timestamp with time zone DEFAULT CURRENT_TIMESTAMP NOT NULL,
    "updatedAt" timestamp with time zone NOT NULL
);


--
-- Name: GuestReview; Type: TABLE; Schema: public; Owner: -
--

CREATE TABLE public."GuestReview" (
    id uuid NOT NULL,
    "guestId" uuid NOT NULL,
    "propertyId" uuid NOT NULL,
    "overallRating" integer NOT NULL,
    "cleanlinessRating" integer,
    "serviceRating" integer,
    "locationRating" integer,
    "valueRating" integer,
    title text,
    comment text,
    source text DEFAULT 'internal'::text NOT NULL,
    "responseText" text,
    "respondedAt" timestamp with time zone,
    "respondedBy" text,
    "sentimentScore" double precision,
    "sentimentLabel" text,
    "createdAt" timestamp with time zone DEFAULT CURRENT_TIMESTAMP NOT NULL,
    "updatedAt" timestamp with time zone NOT NULL
);


--
-- Name: GuestSegment; Type: TABLE; Schema: public; Owner: -
--

CREATE TABLE public."GuestSegment" (
    id uuid NOT NULL,
    "tenantId" uuid NOT NULL,
    name text NOT NULL,
    description text,
    rules text NOT NULL,
    "memberCount" integer DEFAULT 0 NOT NULL,
    "createdAt" timestamp with time zone DEFAULT CURRENT_TIMESTAMP NOT NULL,
    "updatedAt" timestamp with time zone NOT NULL
);


--
-- Name: GuestStay; Type: TABLE; Schema: public; Owner: -
--

CREATE TABLE public."GuestStay" (
    id uuid NOT NULL,
    "guestId" uuid NOT NULL,
    "bookingId" uuid NOT NULL,
    "totalAmount" double precision DEFAULT 0 NOT NULL,
    "roomNights" integer DEFAULT 1 NOT NULL,
    "feedbackGiven" boolean DEFAULT false NOT NULL,
    "reviewGiven" boolean DEFAULT false NOT NULL,
    "createdAt" timestamp with time zone DEFAULT CURRENT_TIMESTAMP NOT NULL
);


--
-- Name: HelpArticle; Type: TABLE; Schema: public; Owner: -
--

CREATE TABLE public."HelpArticle" (
    id uuid NOT NULL,
    "tenantId" uuid,
    title text NOT NULL,
    slug text NOT NULL,
    content text NOT NULL,
    excerpt text,
    category text NOT NULL,
    tags text DEFAULT '[]'::text NOT NULL,
    "featuredImage" text,
    "videoUrl" text,
    "viewCount" integer DEFAULT 0 NOT NULL,
    "helpfulCount" integer DEFAULT 0 NOT NULL,
    "notHelpfulCount" integer DEFAULT 0 NOT NULL,
    status text DEFAULT 'draft'::text NOT NULL,
    "authorId" uuid,
    "metaTitle" text,
    "metaDescription" text,
    "createdAt" timestamp with time zone DEFAULT CURRENT_TIMESTAMP NOT NULL,
    "updatedAt" timestamp with time zone NOT NULL,
    "publishedAt" timestamp with time zone
);


--
-- Name: HelpCategory; Type: TABLE; Schema: public; Owner: -
--

CREATE TABLE public."HelpCategory" (
    id uuid NOT NULL,
    name text NOT NULL,
    slug text NOT NULL,
    description text,
    icon text,
    "sortOrder" integer DEFAULT 0 NOT NULL,
    "parentId" uuid,
    "createdAt" timestamp with time zone DEFAULT CURRENT_TIMESTAMP NOT NULL,
    "updatedAt" timestamp with time zone NOT NULL
);


--
-- Name: IdempotencyKey; Type: TABLE; Schema: public; Owner: -
--

CREATE TABLE public."IdempotencyKey" (
    id uuid NOT NULL,
    "tenantId" uuid NOT NULL,
    key text NOT NULL,
    "entityType" text NOT NULL,
    "entityId" uuid,
    "requestHash" text,
    "responseSnapshot" text,
    status text DEFAULT 'processing'::text NOT NULL,
    "expiresAt" timestamp with time zone NOT NULL,
    "createdAt" timestamp with time zone DEFAULT CURRENT_TIMESTAMP NOT NULL
);


--
-- Name: InspectionResult; Type: TABLE; Schema: public; Owner: -
--

CREATE TABLE public."InspectionResult" (
    id uuid NOT NULL,
    "tenantId" uuid NOT NULL,
    "propertyId" uuid NOT NULL,
    "roomId" uuid NOT NULL,
    "taskId" uuid,
    "templateId" uuid NOT NULL,
    "inspectorId" uuid NOT NULL,
    score integer,
    passed boolean DEFAULT false NOT NULL,
    items text DEFAULT '[]'::text NOT NULL,
    notes text,
    "completedAt" timestamp with time zone,
    "reAssigned" boolean DEFAULT false NOT NULL,
    "createdAt" timestamp with time zone DEFAULT CURRENT_TIMESTAMP NOT NULL,
    "updatedAt" timestamp with time zone NOT NULL
);


--
-- Name: InspectionTemplate; Type: TABLE; Schema: public; Owner: -
--

CREATE TABLE public."InspectionTemplate" (
    id uuid NOT NULL,
    "tenantId" uuid NOT NULL,
    "propertyId" uuid,
    name text NOT NULL,
    description text,
    "roomType" text,
    category text DEFAULT 'room'::text NOT NULL,
    items text DEFAULT '[]'::text NOT NULL,
    "isActive" boolean DEFAULT true NOT NULL,
    "sortOrder" integer DEFAULT 0 NOT NULL,
    "createdAt" timestamp with time zone DEFAULT CURRENT_TIMESTAMP NOT NULL,
    "updatedAt" timestamp with time zone NOT NULL
);


--
-- Name: Integration; Type: TABLE; Schema: public; Owner: -
--

CREATE TABLE public."Integration" (
    id uuid NOT NULL,
    "tenantId" uuid NOT NULL,
    type text NOT NULL,
    provider text NOT NULL,
    name text,
    config text NOT NULL,
    status text DEFAULT 'pending'::text NOT NULL,
    "lastSyncAt" timestamp with time zone,
    "lastError" text,
    "createdAt" timestamp with time zone DEFAULT CURRENT_TIMESTAMP NOT NULL,
    "updatedAt" timestamp with time zone NOT NULL
);


--
-- Name: InterfaceAlias; Type: TABLE; Schema: public; Owner: -
--

CREATE TABLE public."InterfaceAlias" (
    id uuid NOT NULL,
    "tenantId" uuid NOT NULL,
    "propertyId" uuid NOT NULL,
    "interfaceId" uuid NOT NULL,
    "interfaceName" text NOT NULL,
    "ipAddress" text NOT NULL,
    netmask text NOT NULL,
    description text,
    enabled boolean DEFAULT true NOT NULL,
    "createdAt" timestamp with time zone DEFAULT CURRENT_TIMESTAMP NOT NULL,
    "updatedAt" timestamp with time zone NOT NULL
);


--
-- Name: InterfaceConfig; Type: TABLE; Schema: public; Owner: -
--

CREATE TABLE public."InterfaceConfig" (
    id uuid NOT NULL,
    "tenantId" uuid NOT NULL,
    "propertyId" uuid NOT NULL,
    "interfaceId" uuid NOT NULL,
    mode text DEFAULT 'static'::text NOT NULL,
    "ipAddress" text,
    netmask text,
    gateway text,
    "dnsPrimary" text,
    "dnsSecondary" text,
    enabled boolean DEFAULT true NOT NULL,
    "createdAt" timestamp with time zone DEFAULT CURRENT_TIMESTAMP NOT NULL,
    "updatedAt" timestamp with time zone NOT NULL
);


--
-- Name: InterfaceRole; Type: TABLE; Schema: public; Owner: -
--

CREATE TABLE public."InterfaceRole" (
    id uuid NOT NULL,
    "tenantId" uuid NOT NULL,
    "propertyId" uuid NOT NULL,
    "interfaceId" uuid NOT NULL,
    role text DEFAULT 'lan'::text NOT NULL,
    priority integer DEFAULT 0 NOT NULL,
    "isPrimary" boolean DEFAULT false NOT NULL,
    enabled boolean DEFAULT true NOT NULL,
    "createdAt" timestamp with time zone DEFAULT CURRENT_TIMESTAMP NOT NULL,
    "updatedAt" timestamp with time zone NOT NULL
);


--
-- Name: InventoryItem; Type: TABLE; Schema: public; Owner: -
--

CREATE TABLE public."InventoryItem" (
    id uuid NOT NULL,
    "propertyId" uuid NOT NULL,
    name text NOT NULL,
    category text,
    "currentStock" double precision DEFAULT 0 NOT NULL,
    unit text DEFAULT 'pcs'::text NOT NULL,
    "unitCost" double precision DEFAULT 0 NOT NULL,
    "lowStockThreshold" double precision DEFAULT 10 NOT NULL,
    "reorderLevel" double precision DEFAULT 5 NOT NULL,
    "supplierName" text,
    "supplierContact" text,
    status text DEFAULT 'in_stock'::text NOT NULL,
    "lastRestocked" timestamp with time zone,
    "createdAt" timestamp with time zone DEFAULT CURRENT_TIMESTAMP NOT NULL,
    "updatedAt" timestamp with time zone NOT NULL,
    "deletedAt" timestamp with time zone
);


--
-- Name: InventoryLock; Type: TABLE; Schema: public; Owner: -
--

CREATE TABLE public."InventoryLock" (
    id uuid NOT NULL,
    "tenantId" uuid NOT NULL,
    "propertyId" uuid NOT NULL,
    "roomId" uuid,
    "roomTypeId" uuid,
    "startDate" timestamp with time zone NOT NULL,
    "endDate" timestamp with time zone NOT NULL,
    reason text NOT NULL,
    "lockType" text DEFAULT 'maintenance'::text NOT NULL,
    "sessionId" uuid,
    "expiresAt" timestamp with time zone,
    "createdBy" uuid,
    "createdAt" timestamp with time zone DEFAULT CURRENT_TIMESTAMP NOT NULL,
    "updatedAt" timestamp with time zone NOT NULL
);


--
-- Name: InventoryMovement; Type: TABLE; Schema: public; Owner: -
--

CREATE TABLE public."InventoryMovement" (
    id uuid NOT NULL,
    "propertyId" uuid NOT NULL,
    "inventoryItemId" uuid NOT NULL,
    quantity double precision NOT NULL,
    "previousStock" double precision NOT NULL,
    "newStock" double precision NOT NULL,
    reason text NOT NULL,
    note text,
    "performedBy" uuid,
    "createdAt" timestamp with time zone DEFAULT CURRENT_TIMESTAMP NOT NULL
);


--
-- Name: InventoryTransfer; Type: TABLE; Schema: public; Owner: -
--

CREATE TABLE public."InventoryTransfer" (
    id uuid NOT NULL,
    "tenantId" uuid NOT NULL,
    "fromPropertyId" uuid NOT NULL,
    "toPropertyId" uuid NOT NULL,
    status text DEFAULT 'requested'::text NOT NULL,
    "requestedBy" uuid,
    "approvedBy" uuid,
    "completedBy" uuid,
    reason text,
    notes text,
    "approvedAt" timestamp with time zone,
    "completedAt" timestamp with time zone,
    "rejectedAt" timestamp with time zone,
    "rejectionReason" text,
    "createdAt" timestamp with time zone DEFAULT CURRENT_TIMESTAMP NOT NULL,
    "updatedAt" timestamp with time zone NOT NULL
);


--
-- Name: InventoryTransferItem; Type: TABLE; Schema: public; Owner: -
--

CREATE TABLE public."InventoryTransferItem" (
    id uuid NOT NULL,
    "transferId" uuid NOT NULL,
    "stockItemId" uuid NOT NULL,
    "stockItemName" text NOT NULL,
    quantity double precision NOT NULL,
    unit text DEFAULT 'piece'::text NOT NULL,
    "unitCost" double precision DEFAULT 0 NOT NULL,
    "createdAt" timestamp with time zone DEFAULT CURRENT_TIMESTAMP NOT NULL,
    "updatedAt" timestamp with time zone NOT NULL
);


--
-- Name: Invoice; Type: TABLE; Schema: public; Owner: -
--

CREATE TABLE public."Invoice" (
    id uuid NOT NULL,
    "tenantId" uuid NOT NULL,
    "invoiceNumber" text NOT NULL,
    "folioId" uuid,
    "customerName" text NOT NULL,
    "customerEmail" text,
    "customerAddress" text,
    "customerPhone" text,
    subtotal double precision NOT NULL,
    taxes double precision DEFAULT 0 NOT NULL,
    discount double precision DEFAULT 0 NOT NULL,
    "totalAmount" double precision NOT NULL,
    currency text DEFAULT 'USD'::text NOT NULL,
    "issuedAt" timestamp with time zone DEFAULT CURRENT_TIMESTAMP NOT NULL,
    "dueAt" timestamp with time zone,
    "paidAt" timestamp with time zone,
    status text DEFAULT 'draft'::text NOT NULL,
    "pdfUrl" text,
    notes text,
    "lineItems" text DEFAULT '[]'::text NOT NULL,
    "templateId" uuid,
    "isRecurring" boolean DEFAULT false NOT NULL,
    "recurringFrequency" text,
    "recurringNextDate" timestamp with time zone,
    "recurringEndDate" timestamp with time zone,
    "parentInvoiceId" uuid,
    "createdAt" timestamp with time zone DEFAULT CURRENT_TIMESTAMP NOT NULL,
    "updatedAt" timestamp with time zone NOT NULL
);


--
-- Name: InvoiceTemplate; Type: TABLE; Schema: public; Owner: -
--

CREATE TABLE public."InvoiceTemplate" (
    id uuid NOT NULL,
    "tenantId" uuid NOT NULL,
    name text NOT NULL,
    description text,
    "isDefault" boolean DEFAULT false NOT NULL,
    "logoUrl" text,
    "primaryColor" text DEFAULT '#10b981'::text NOT NULL,
    "footerText" text,
    "createdAt" timestamp with time zone DEFAULT CURRENT_TIMESTAMP NOT NULL,
    "updatedAt" timestamp with time zone NOT NULL
);


--
-- Name: IoTCommand; Type: TABLE; Schema: public; Owner: -
--

CREATE TABLE public."IoTCommand" (
    id uuid NOT NULL,
    "deviceId" uuid NOT NULL,
    command text NOT NULL,
    parameters text DEFAULT '{}'::text NOT NULL,
    status text DEFAULT 'pending'::text NOT NULL,
    "executedAt" timestamp with time zone,
    error text,
    source text DEFAULT 'manual'::text NOT NULL,
    "triggeredBy" text,
    "createdAt" timestamp with time zone DEFAULT CURRENT_TIMESTAMP NOT NULL
);


--
-- Name: IoTDevice; Type: TABLE; Schema: public; Owner: -
--

CREATE TABLE public."IoTDevice" (
    id uuid NOT NULL,
    "tenantId" uuid NOT NULL,
    "propertyId" uuid NOT NULL,
    "roomId" uuid,
    name text NOT NULL,
    type text NOT NULL,
    manufacturer text,
    model text,
    "serialNumber" text,
    protocol text DEFAULT 'wifi'::text NOT NULL,
    "ipAddress" text,
    "macAddress" text,
    status text DEFAULT 'offline'::text NOT NULL,
    "lastHeartbeat" timestamp with time zone,
    "firmwareVersion" text,
    config text DEFAULT '{}'::text NOT NULL,
    "currentState" text DEFAULT '{}'::text NOT NULL,
    "createdAt" timestamp with time zone DEFAULT CURRENT_TIMESTAMP NOT NULL,
    "updatedAt" timestamp with time zone NOT NULL
);


--
-- Name: IoTReading; Type: TABLE; Schema: public; Owner: -
--

CREATE TABLE public."IoTReading" (
    id uuid NOT NULL,
    "deviceId" uuid NOT NULL,
    type text NOT NULL,
    value double precision NOT NULL,
    unit text,
    "timestamp" timestamp with time zone DEFAULT CURRENT_TIMESTAMP NOT NULL
);


--
-- Name: IpPool; Type: TABLE; Schema: public; Owner: -
--

CREATE TABLE public."IpPool" (
    id uuid NOT NULL,
    "tenantId" uuid NOT NULL,
    "propertyId" uuid,
    name text NOT NULL,
    description text,
    gateway inet,
    subnet inet,
    "isDefault" boolean DEFAULT false NOT NULL,
    "captivePortal" boolean DEFAULT false NOT NULL,
    enabled boolean DEFAULT true NOT NULL,
    "createdAt" timestamp with time zone DEFAULT CURRENT_TIMESTAMP NOT NULL,
    "updatedAt" timestamp with time zone NOT NULL
);


--
-- Name: IpPoolRange; Type: TABLE; Schema: public; Owner: -
--

CREATE TABLE public."IpPoolRange" (
    id uuid NOT NULL,
    "poolId" uuid NOT NULL,
    "startIp" inet NOT NULL,
    "endIp" inet NOT NULL,
    comment text,
    "createdAt" timestamp with time zone DEFAULT CURRENT_TIMESTAMP NOT NULL
);


--
-- Name: KeyCard; Type: TABLE; Schema: public; Owner: -
--

CREATE TABLE public."KeyCard" (
    id uuid NOT NULL,
    "tenantId" uuid NOT NULL,
    "propertyId" uuid NOT NULL,
    "roomId" uuid NOT NULL,
    "guestId" uuid,
    "bookingId" uuid,
    "cardNumber" text NOT NULL,
    "cardType" text DEFAULT 'physical'::text NOT NULL,
    "issuerName" text,
    status text DEFAULT 'issued'::text NOT NULL,
    "issuedAt" timestamp with time zone DEFAULT CURRENT_TIMESTAMP NOT NULL,
    "activatedAt" timestamp with time zone,
    "deactivatedAt" timestamp with time zone,
    "returnedAt" timestamp with time zone,
    "returnReason" text,
    "accessLevel" text DEFAULT 'standard'::text NOT NULL,
    "validFrom" timestamp with time zone NOT NULL,
    "validTo" timestamp with time zone,
    notes text,
    "createdAt" timestamp with time zone DEFAULT CURRENT_TIMESTAMP NOT NULL,
    "updatedAt" timestamp with time zone NOT NULL
);


--
-- Name: KioskSettings; Type: TABLE; Schema: public; Owner: -
--

CREATE TABLE public."KioskSettings" (
    id text NOT NULL,
    "propertyId" uuid NOT NULL,
    "tenantId" uuid NOT NULL,
    "hotelName" text DEFAULT 'StaySuite'::text NOT NULL,
    "welcomeMessage" text DEFAULT 'Welcome! Please select an option below.'::text NOT NULL,
    "primaryColor" text DEFAULT '#10b981'::text NOT NULL,
    "logoUrl" text,
    "backgroundStyle" text DEFAULT 'gradient'::text NOT NULL,
    "idleTimeout" integer DEFAULT 120 NOT NULL,
    "showClock" boolean DEFAULT true NOT NULL,
    "showLanguageSwitch" boolean DEFAULT true NOT NULL,
    "enableCheckIn" boolean DEFAULT true NOT NULL,
    "enableCheckOut" boolean DEFAULT true NOT NULL,
    "enablePayment" boolean DEFAULT false NOT NULL,
    "termsContent" text DEFAULT 'By using this kiosk, I agree to the hotel''s terms and conditions.'::text NOT NULL,
    "requirePaymentOnCheckout" boolean DEFAULT false NOT NULL,
    "createdAt" timestamp with time zone DEFAULT CURRENT_TIMESTAMP NOT NULL,
    "updatedAt" timestamp with time zone NOT NULL
);


--
-- Name: LicenseKey; Type: TABLE; Schema: public; Owner: -
--

CREATE TABLE public."LicenseKey" (
    id uuid NOT NULL,
    key text NOT NULL,
    "planId" uuid NOT NULL,
    status text DEFAULT 'active'::text NOT NULL,
    "generatedBy" uuid,
    "generatedFor" text,
    "activatedBy" uuid,
    "activatedAt" timestamp with time zone,
    "tenantId" uuid,
    "expiresAt" timestamp with time zone,
    note text,
    "batchId" text,
    "createdAt" timestamp with time zone DEFAULT CURRENT_TIMESTAMP NOT NULL,
    "updatedAt" timestamp with time zone NOT NULL
);


--
-- Name: LiveSession; Type: TABLE; Schema: public; Owner: -
--

CREATE TABLE public."LiveSession" (
    id uuid NOT NULL,
    "tenantId" uuid NOT NULL,
    "propertyId" uuid NOT NULL,
    "acctSessionId" uuid NOT NULL,
    username text NOT NULL,
    "userId" uuid,
    "planId" uuid,
    "nasIpAddress" text NOT NULL,
    "nasIdentifier" text,
    "nasPortType" text,
    "framedIpAddress" text DEFAULT ''::text NOT NULL,
    "macAddress" text DEFAULT ''::text NOT NULL,
    "clientIpAddress" text DEFAULT ''::text NOT NULL,
    "deviceType" text,
    "operatingSystem" text,
    manufacturer text,
    "bandwidthPolicyId" uuid,
    "bandwidthDown" integer DEFAULT 0 NOT NULL,
    "bandwidthUp" integer DEFAULT 0 NOT NULL,
    "maxInputOctets" integer DEFAULT 0 NOT NULL,
    "maxOutputOctets" integer DEFAULT 0 NOT NULL,
    "maxTotalOctets" integer DEFAULT 0 NOT NULL,
    "sessionTimeout" integer DEFAULT 0 NOT NULL,
    "idleTimeout" integer DEFAULT 0 NOT NULL,
    "lastInterimUpdate" timestamp with time zone,
    "currentInputBytes" integer DEFAULT 0 NOT NULL,
    "currentOutputBytes" integer DEFAULT 0 NOT NULL,
    "currentSessionTime" integer DEFAULT 0 NOT NULL,
    status text DEFAULT 'active'::text NOT NULL,
    "roomNo" text,
    "hotelId" uuid,
    "urlFilterPolicy" text,
    "authMethod" text,
    "startedAt" timestamp with time zone DEFAULT CURRENT_TIMESTAMP NOT NULL,
    "updatedAt" timestamp with time zone NOT NULL
);


--
-- Name: LoyaltyPointTransaction; Type: TABLE; Schema: public; Owner: -
--

CREATE TABLE public."LoyaltyPointTransaction" (
    id uuid NOT NULL,
    "tenantId" uuid NOT NULL,
    "guestId" uuid NOT NULL,
    points integer NOT NULL,
    balance integer NOT NULL,
    type text NOT NULL,
    source text,
    "referenceId" uuid,
    "referenceType" text,
    description text,
    "expiresAt" timestamp with time zone,
    "createdAt" timestamp with time zone DEFAULT CURRENT_TIMESTAMP NOT NULL
);


--
-- Name: LoyaltyRedemption; Type: TABLE; Schema: public; Owner: -
--

CREATE TABLE public."LoyaltyRedemption" (
    id uuid NOT NULL,
    "tenantId" uuid NOT NULL,
    "guestId" uuid NOT NULL,
    "rewardId" uuid NOT NULL,
    "pointsSpent" integer NOT NULL,
    status text DEFAULT 'completed'::text NOT NULL,
    "redemptionCode" text,
    "redeemedAt" timestamp with time zone DEFAULT CURRENT_TIMESTAMP NOT NULL,
    "expiresAt" timestamp with time zone,
    "cancelledAt" timestamp with time zone,
    "cancelledReason" text,
    notes text,
    "createdAt" timestamp with time zone DEFAULT CURRENT_TIMESTAMP NOT NULL,
    "updatedAt" timestamp with time zone NOT NULL
);


--
-- Name: LoyaltyReward; Type: TABLE; Schema: public; Owner: -
--

CREATE TABLE public."LoyaltyReward" (
    id uuid NOT NULL,
    "tenantId" uuid NOT NULL,
    name text NOT NULL,
    description text,
    category text DEFAULT 'general'::text NOT NULL,
    "pointsCost" integer NOT NULL,
    "monetaryValue" double precision DEFAULT 0 NOT NULL,
    currency text DEFAULT 'USD'::text NOT NULL,
    "imageUrl" text,
    "isAvailable" boolean DEFAULT true NOT NULL,
    "availableFrom" timestamp with time zone,
    "availableUntil" timestamp with time zone,
    "maxRedemptions" integer,
    "currentRedemptions" integer DEFAULT 0 NOT NULL,
    "minTierRequired" text,
    "termsConditions" text,
    "sortOrder" integer DEFAULT 0 NOT NULL,
    "createdAt" timestamp with time zone DEFAULT CURRENT_TIMESTAMP NOT NULL,
    "updatedAt" timestamp with time zone NOT NULL
);


--
-- Name: LoyaltyTier; Type: TABLE; Schema: public; Owner: -
--

CREATE TABLE public."LoyaltyTier" (
    id uuid NOT NULL,
    "tenantId" uuid NOT NULL,
    name text NOT NULL,
    "displayName" text NOT NULL,
    "minPoints" integer DEFAULT 0 NOT NULL,
    "maxPoints" integer,
    "pointsMultiplier" double precision DEFAULT 1.0 NOT NULL,
    benefits text DEFAULT '[]'::text NOT NULL,
    color text DEFAULT '#cd7f32'::text NOT NULL,
    icon text,
    "sortOrder" integer DEFAULT 0 NOT NULL,
    "isActive" boolean DEFAULT true NOT NULL,
    "createdAt" timestamp with time zone DEFAULT CURRENT_TIMESTAMP NOT NULL,
    "updatedAt" timestamp with time zone NOT NULL
);


--
-- Name: LoyaltyTransaction; Type: TABLE; Schema: public; Owner: -
--

CREATE TABLE public."LoyaltyTransaction" (
    id uuid NOT NULL,
    "tenantId" uuid NOT NULL,
    "guestId" uuid NOT NULL,
    points integer NOT NULL,
    type text NOT NULL,
    reason text NOT NULL,
    "referenceType" text,
    "referenceId" uuid,
    "balanceAfter" integer NOT NULL,
    "createdAt" timestamp with time zone DEFAULT CURRENT_TIMESTAMP NOT NULL
);


--
-- Name: MacFilter; Type: TABLE; Schema: public; Owner: -
--

CREATE TABLE public."MacFilter" (
    id uuid NOT NULL,
    "tenantId" uuid NOT NULL,
    "propertyId" uuid NOT NULL,
    "macAddress" text NOT NULL,
    action text DEFAULT 'allow'::text NOT NULL,
    "listType" text DEFAULT 'blacklist'::text NOT NULL,
    description text,
    "linkedType" text,
    "linkedId" uuid,
    "expiresAt" timestamp with time zone,
    enabled boolean DEFAULT true NOT NULL,
    "createdAt" timestamp with time zone DEFAULT CURRENT_TIMESTAMP NOT NULL,
    "updatedAt" timestamp with time zone NOT NULL
);


--
-- Name: MaintenanceBlock; Type: TABLE; Schema: public; Owner: -
--

CREATE TABLE public."MaintenanceBlock" (
    id uuid NOT NULL,
    "tenantId" uuid NOT NULL,
    "propertyId" uuid NOT NULL,
    "roomId" uuid NOT NULL,
    "roomNumber" text NOT NULL,
    reason text NOT NULL,
    description text,
    "startDate" timestamp with time zone NOT NULL,
    "endDate" timestamp with time zone,
    "blockedBy" text,
    status text DEFAULT 'scheduled'::text NOT NULL,
    priority text DEFAULT 'normal'::text NOT NULL,
    "vendorId" uuid,
    "estimatedCost" double precision,
    "actualCost" double precision,
    notes text,
    "createdAt" timestamp with time zone DEFAULT CURRENT_TIMESTAMP NOT NULL,
    "updatedAt" timestamp with time zone NOT NULL
);


--
-- Name: ManualTransaction; Type: TABLE; Schema: public; Owner: -
--

CREATE TABLE public."ManualTransaction" (
    id uuid NOT NULL,
    "tenantId" uuid NOT NULL,
    "paymentId" uuid NOT NULL,
    amount double precision NOT NULL,
    currency text NOT NULL,
    status text DEFAULT 'completed'::text NOT NULL,
    "refundAmount" double precision DEFAULT 0 NOT NULL,
    "refundId" uuid,
    metadata text DEFAULT '{}'::text NOT NULL,
    "createdAt" timestamp with time zone DEFAULT CURRENT_TIMESTAMP NOT NULL,
    "updatedAt" timestamp with time zone NOT NULL
);


--
-- Name: MenuItem; Type: TABLE; Schema: public; Owner: -
--

CREATE TABLE public."MenuItem" (
    id uuid NOT NULL,
    "propertyId" uuid NOT NULL,
    "categoryId" uuid NOT NULL,
    name text NOT NULL,
    description text,
    "imageUrl" text,
    price double precision NOT NULL,
    currency text DEFAULT 'USD'::text NOT NULL,
    options text DEFAULT '[]'::text NOT NULL,
    "isVegetarian" boolean DEFAULT false NOT NULL,
    "isVegan" boolean DEFAULT false NOT NULL,
    "isGlutenFree" boolean DEFAULT false NOT NULL,
    allergens text DEFAULT '[]'::text NOT NULL,
    "isAvailable" boolean DEFAULT true NOT NULL,
    "availableTimes" text,
    "preparationTime" integer,
    "kitchenStation" text,
    "sortOrder" integer DEFAULT 0 NOT NULL,
    status text DEFAULT 'active'::text NOT NULL,
    "createdAt" timestamp with time zone DEFAULT CURRENT_TIMESTAMP NOT NULL,
    "updatedAt" timestamp with time zone NOT NULL,
    "deletedAt" timestamp with time zone
);


--
-- Name: MenuModifier; Type: TABLE; Schema: public; Owner: -
--

CREATE TABLE public."MenuModifier" (
    id uuid NOT NULL,
    "propertyId" uuid NOT NULL,
    name text NOT NULL,
    "selectionType" text DEFAULT 'optional'::text NOT NULL,
    "minSelections" integer DEFAULT 0 NOT NULL,
    "maxSelections" integer DEFAULT 1 NOT NULL,
    "isAvailable" boolean DEFAULT true NOT NULL,
    "createdAt" timestamp with time zone DEFAULT CURRENT_TIMESTAMP NOT NULL,
    "updatedAt" timestamp with time zone NOT NULL,
    "deletedAt" timestamp with time zone
);


--
-- Name: MenuModifierOption; Type: TABLE; Schema: public; Owner: -
--

CREATE TABLE public."MenuModifierOption" (
    id uuid NOT NULL,
    "propertyId" uuid NOT NULL,
    "modifierGroupId" uuid NOT NULL,
    name text NOT NULL,
    "priceAdjustment" double precision DEFAULT 0 NOT NULL,
    "isAvailable" boolean DEFAULT true NOT NULL,
    "isDefault" boolean DEFAULT false NOT NULL,
    "sortOrder" integer DEFAULT 0 NOT NULL,
    "createdAt" timestamp with time zone DEFAULT CURRENT_TIMESTAMP NOT NULL,
    "updatedAt" timestamp with time zone NOT NULL
);


--
-- Name: MenuVariant; Type: TABLE; Schema: public; Owner: -
--

CREATE TABLE public."MenuVariant" (
    id uuid NOT NULL,
    "propertyId" uuid NOT NULL,
    "menuItemId" uuid NOT NULL,
    name text NOT NULL,
    price double precision NOT NULL,
    sku text,
    calories integer,
    "isAvailable" boolean DEFAULT true NOT NULL,
    "isDefault" boolean DEFAULT false NOT NULL,
    "sortOrder" integer DEFAULT 0 NOT NULL,
    "createdAt" timestamp with time zone DEFAULT CURRENT_TIMESTAMP NOT NULL,
    "updatedAt" timestamp with time zone NOT NULL
);


--
-- Name: MessageTemplate; Type: TABLE; Schema: public; Owner: -
--

CREATE TABLE public."MessageTemplate" (
    id uuid NOT NULL,
    "tenantId" uuid NOT NULL,
    name text NOT NULL,
    category text NOT NULL,
    channel text NOT NULL,
    subject text,
    body text NOT NULL,
    variables text DEFAULT '[]'::text NOT NULL,
    "isQuickReply" boolean DEFAULT false NOT NULL,
    shortcut text,
    "whatsappTemplateId" uuid,
    "whatsappCategory" text,
    "isActive" boolean DEFAULT true NOT NULL,
    "usageCount" integer DEFAULT 0 NOT NULL,
    "createdAt" timestamp with time zone DEFAULT CURRENT_TIMESTAMP NOT NULL,
    "updatedAt" timestamp with time zone NOT NULL
);


--
-- Name: MetasearchConnection; Type: TABLE; Schema: public; Owner: -
--

CREATE TABLE public."MetasearchConnection" (
    id uuid NOT NULL,
    "tenantId" uuid NOT NULL,
    "propertyId" uuid NOT NULL,
    platform text NOT NULL,
    "externalId" uuid,
    status text DEFAULT 'pending'::text NOT NULL,
    "connectionUrl" text,
    "feedFormat" text DEFAULT 'xml'::text NOT NULL,
    "lastSyncAt" timestamp with time zone,
    "lastError" text,
    "lastErrorAt" timestamp with time zone,
    impressions integer DEFAULT 0 NOT NULL,
    clicks integer DEFAULT 0 NOT NULL,
    bookings integer DEFAULT 0 NOT NULL,
    revenue double precision DEFAULT 0 NOT NULL,
    cost double precision DEFAULT 0 NOT NULL,
    ctr double precision DEFAULT 0 NOT NULL,
    config text DEFAULT '{}'::text NOT NULL,
    "createdAt" timestamp with time zone DEFAULT CURRENT_TIMESTAMP NOT NULL,
    "updatedAt" timestamp with time zone NOT NULL
);


--
-- Name: MultiWanConfig; Type: TABLE; Schema: public; Owner: -
--

CREATE TABLE public."MultiWanConfig" (
    id uuid NOT NULL,
    "tenantId" uuid NOT NULL,
    "propertyId" uuid NOT NULL,
    enabled boolean DEFAULT false NOT NULL,
    mode text DEFAULT 'weighted'::text NOT NULL,
    "checkInterval" integer DEFAULT 20 NOT NULL,
    "pingCount" integer DEFAULT 3 NOT NULL,
    "pingTimeout" integer DEFAULT 2 NOT NULL,
    "tcpTimeout" integer DEFAULT 5 NOT NULL,
    "autoSwitchback" boolean DEFAULT true NOT NULL,
    "switchbackDelay" integer DEFAULT 300 NOT NULL,
    "flushConntrackOnFailover" boolean DEFAULT true NOT NULL,
    "createdAt" timestamp with time zone DEFAULT CURRENT_TIMESTAMP NOT NULL,
    "updatedAt" timestamp with time zone NOT NULL
);


--
-- Name: NasHealthLog; Type: TABLE; Schema: public; Owner: -
--

CREATE TABLE public."NasHealthLog" (
    id uuid NOT NULL,
    "tenantId" uuid NOT NULL,
    "propertyId" uuid NOT NULL,
    "nasIpAddress" text NOT NULL,
    "nasName" text,
    "isOnline" boolean DEFAULT false NOT NULL,
    "liveUsers" integer DEFAULT 0 NOT NULL,
    "totalAuths" integer DEFAULT 0 NOT NULL,
    "totalAccts" integer DEFAULT 0 NOT NULL,
    "avgLatencyMs" double precision,
    "lastSeenAt" timestamp with time zone,
    "checkIntervalSec" integer DEFAULT 60 NOT NULL,
    "createdAt" timestamp with time zone DEFAULT CURRENT_TIMESTAMP NOT NULL,
    "updatedAt" timestamp with time zone NOT NULL
);


--
-- Name: NatLog; Type: TABLE; Schema: public; Owner: -
--

CREATE TABLE public."NatLog" (
    id uuid NOT NULL,
    "tenantId" uuid NOT NULL,
    "propertyId" uuid NOT NULL,
    "timestamp" timestamp with time zone DEFAULT CURRENT_TIMESTAMP NOT NULL,
    "sourceIp" text NOT NULL,
    "sourcePort" integer NOT NULL,
    "destIp" text NOT NULL,
    "destPort" integer NOT NULL,
    protocol text NOT NULL,
    "destDomain" text,
    action text DEFAULT 'allow'::text NOT NULL,
    bytes integer DEFAULT 0 NOT NULL,
    "sessionId" uuid
);


--
-- Name: NetworkConfigBackup; Type: TABLE; Schema: public; Owner: -
--

CREATE TABLE public."NetworkConfigBackup" (
    id uuid NOT NULL,
    "tenantId" uuid NOT NULL,
    "propertyId" uuid NOT NULL,
    name text NOT NULL,
    "configData" text NOT NULL,
    version integer DEFAULT 1 NOT NULL,
    "autoBackup" boolean DEFAULT false NOT NULL,
    "createdAt" timestamp with time zone DEFAULT CURRENT_TIMESTAMP NOT NULL
);


--
-- Name: NetworkInterface; Type: TABLE; Schema: public; Owner: -
--

CREATE TABLE public."NetworkInterface" (
    id uuid NOT NULL,
    "tenantId" uuid NOT NULL,
    "propertyId" uuid NOT NULL,
    name text NOT NULL,
    type text DEFAULT 'ethernet'::text NOT NULL,
    "hwAddress" text,
    mtu integer DEFAULT 1500 NOT NULL,
    speed text,
    status text DEFAULT 'down'::text NOT NULL,
    carrier boolean DEFAULT false NOT NULL,
    "isManagement" boolean DEFAULT false NOT NULL,
    description text,
    "createdAt" timestamp with time zone DEFAULT CURRENT_TIMESTAMP NOT NULL,
    "updatedAt" timestamp with time zone NOT NULL
);


--
-- Name: Notification; Type: TABLE; Schema: public; Owner: -
--

CREATE TABLE public."Notification" (
    id uuid NOT NULL,
    "tenantId" uuid NOT NULL,
    "userId" uuid NOT NULL,
    type text NOT NULL,
    category text NOT NULL,
    title text NOT NULL,
    message text NOT NULL,
    data text DEFAULT '{}'::text NOT NULL,
    link text,
    icon text,
    image text,
    priority text DEFAULT 'normal'::text NOT NULL,
    "readAt" timestamp with time zone,
    "dismissedAt" timestamp with time zone,
    "actionType" text,
    "actionData" text,
    "expiresAt" timestamp with time zone,
    "createdAt" timestamp with time zone DEFAULT CURRENT_TIMESTAMP NOT NULL,
    "updatedAt" timestamp with time zone NOT NULL
);


--
-- Name: NotificationLog; Type: TABLE; Schema: public; Owner: -
--

CREATE TABLE public."NotificationLog" (
    id uuid NOT NULL,
    "tenantId" uuid NOT NULL,
    "templateId" uuid,
    "recipientType" text NOT NULL,
    "recipientId" uuid NOT NULL,
    "recipientEmail" text,
    "recipientPhone" text,
    channel text NOT NULL,
    subject text,
    body text NOT NULL,
    status text DEFAULT 'pending'::text NOT NULL,
    "errorMessage" text,
    "externalId" uuid,
    "retryCount" integer DEFAULT 0 NOT NULL,
    "sentAt" timestamp with time zone,
    "deliveredAt" timestamp with time zone,
    "createdAt" timestamp with time zone DEFAULT CURRENT_TIMESTAMP NOT NULL
);


--
-- Name: NotificationPreference; Type: TABLE; Schema: public; Owner: -
--

CREATE TABLE public."NotificationPreference" (
    id uuid NOT NULL,
    "tenantId" uuid NOT NULL,
    "userId" uuid NOT NULL,
    category text NOT NULL,
    "emailEnabled" boolean DEFAULT true NOT NULL,
    "smsEnabled" boolean DEFAULT true NOT NULL,
    "pushEnabled" boolean DEFAULT true NOT NULL,
    "inAppEnabled" boolean DEFAULT true NOT NULL,
    "quietHoursStart" text DEFAULT '22:00'::text,
    "quietHoursEnd" text DEFAULT '08:00'::text,
    "quietHoursEnabled" boolean DEFAULT true NOT NULL,
    "createdAt" timestamp with time zone DEFAULT CURRENT_TIMESTAMP NOT NULL,
    "updatedAt" timestamp with time zone NOT NULL
);


--
-- Name: NotificationTemplate; Type: TABLE; Schema: public; Owner: -
--

CREATE TABLE public."NotificationTemplate" (
    id uuid NOT NULL,
    "tenantId" uuid NOT NULL,
    name text NOT NULL,
    type text NOT NULL,
    "triggerEvent" text NOT NULL,
    subject text,
    body text NOT NULL,
    variables text DEFAULT '[]'::text NOT NULL,
    "isActive" boolean DEFAULT true NOT NULL,
    "createdAt" timestamp with time zone DEFAULT CURRENT_TIMESTAMP NOT NULL,
    "updatedAt" timestamp with time zone NOT NULL
);


--
-- Name: Order; Type: TABLE; Schema: public; Owner: -
--

CREATE TABLE public."Order" (
    id uuid NOT NULL,
    "tenantId" uuid NOT NULL,
    "propertyId" uuid NOT NULL,
    "tableId" uuid,
    "orderNumber" text NOT NULL,
    "guestId" uuid,
    "bookingId" uuid,
    "guestName" text,
    "orderType" text DEFAULT 'dine_in'::text NOT NULL,
    subtotal double precision DEFAULT 0 NOT NULL,
    taxes double precision DEFAULT 0 NOT NULL,
    discount double precision DEFAULT 0 NOT NULL,
    "totalAmount" double precision DEFAULT 0 NOT NULL,
    currency text DEFAULT 'USD'::text NOT NULL,
    status text DEFAULT 'pending'::text NOT NULL,
    "kitchenStatus" text DEFAULT 'pending'::text NOT NULL,
    "kitchenStartedAt" timestamp with time zone,
    "kitchenCompletedAt" timestamp with time zone,
    "folioId" uuid,
    "addToFolio" boolean DEFAULT false NOT NULL,
    "roomNumber" text,
    "orderCategory" text,
    priority text DEFAULT 'normal'::text NOT NULL,
    "estimatedDelivery" integer,
    notes text,
    "specialInstructions" text,
    "confirmedAt" timestamp with time zone,
    "completedAt" timestamp with time zone,
    "cancelledAt" timestamp with time zone,
    "cancelledReason" text,
    "createdAt" timestamp with time zone DEFAULT CURRENT_TIMESTAMP NOT NULL,
    "updatedAt" timestamp with time zone NOT NULL
);


--
-- Name: OrderCategory; Type: TABLE; Schema: public; Owner: -
--

CREATE TABLE public."OrderCategory" (
    id uuid NOT NULL,
    "propertyId" uuid NOT NULL,
    name text NOT NULL,
    description text,
    "imageUrl" text,
    "sortOrder" integer DEFAULT 0 NOT NULL,
    status text DEFAULT 'active'::text NOT NULL,
    "createdAt" timestamp with time zone DEFAULT CURRENT_TIMESTAMP NOT NULL,
    "updatedAt" timestamp with time zone NOT NULL
);


--
-- Name: OrderDiscount; Type: TABLE; Schema: public; Owner: -
--

CREATE TABLE public."OrderDiscount" (
    id uuid NOT NULL,
    "tenantId" uuid NOT NULL,
    "orderId" uuid NOT NULL,
    type text NOT NULL,
    value double precision DEFAULT 0 NOT NULL,
    reason text NOT NULL,
    "couponCode" text,
    "authorizedBy" text,
    "createdAt" timestamp with time zone DEFAULT CURRENT_TIMESTAMP NOT NULL
);


--
-- Name: OrderItem; Type: TABLE; Schema: public; Owner: -
--

CREATE TABLE public."OrderItem" (
    id uuid NOT NULL,
    "orderId" uuid NOT NULL,
    "menuItemId" uuid NOT NULL,
    quantity integer DEFAULT 1 NOT NULL,
    "unitPrice" double precision NOT NULL,
    "totalAmount" double precision NOT NULL,
    notes text,
    options text,
    status text DEFAULT 'pending'::text NOT NULL,
    "createdAt" timestamp with time zone DEFAULT CURRENT_TIMESTAMP NOT NULL,
    "updatedAt" timestamp with time zone NOT NULL
);


--
-- Name: ParkingPass; Type: TABLE; Schema: public; Owner: -
--

CREATE TABLE public."ParkingPass" (
    id uuid NOT NULL,
    "tenantId" uuid NOT NULL,
    "propertyId" uuid NOT NULL,
    "vehicleId" uuid,
    "slotId" uuid,
    "holderName" text NOT NULL,
    "holderEmail" text,
    "holderPhone" text,
    "licensePlate" text NOT NULL,
    "startDate" timestamp with time zone NOT NULL,
    "endDate" timestamp with time zone NOT NULL,
    duration text DEFAULT 'monthly'::text NOT NULL,
    amount double precision DEFAULT 0 NOT NULL,
    currency text DEFAULT 'USD'::text NOT NULL,
    status text DEFAULT 'active'::text NOT NULL,
    "autoRenew" boolean DEFAULT false NOT NULL,
    "paymentStatus" text DEFAULT 'paid'::text NOT NULL,
    notes text,
    "createdAt" timestamp with time zone DEFAULT CURRENT_TIMESTAMP NOT NULL,
    "updatedAt" timestamp with time zone NOT NULL
);


--
-- Name: ParkingSlot; Type: TABLE; Schema: public; Owner: -
--

CREATE TABLE public."ParkingSlot" (
    id uuid NOT NULL,
    "tenantId" uuid NOT NULL,
    "propertyId" uuid,
    number text NOT NULL,
    floor integer DEFAULT 1 NOT NULL,
    type text DEFAULT 'standard'::text NOT NULL,
    "vehicleType" text DEFAULT 'car'::text NOT NULL,
    width double precision,
    length double precision,
    "hasCharging" boolean DEFAULT false NOT NULL,
    "chargerType" text,
    status text DEFAULT 'available'::text NOT NULL,
    "posX" integer,
    "posY" integer,
    "createdAt" timestamp with time zone DEFAULT CURRENT_TIMESTAMP NOT NULL,
    "updatedAt" timestamp with time zone NOT NULL
);


--
-- Name: Payment; Type: TABLE; Schema: public; Owner: -
--

CREATE TABLE public."Payment" (
    id uuid NOT NULL,
    "tenantId" uuid NOT NULL,
    "folioId" uuid NOT NULL,
    amount double precision NOT NULL,
    currency text DEFAULT 'USD'::text NOT NULL,
    method text NOT NULL,
    gateway text,
    "gatewayRef" text,
    "gatewayFee" double precision,
    "gatewayStatus" text,
    "retryCount" integer DEFAULT 0 NOT NULL,
    "failoverTo" text,
    "routingDecision" text,
    "cardType" text,
    "cardLast4" text,
    "cardExpiry" text,
    "transactionId" uuid,
    reference text,
    status text DEFAULT 'pending'::text NOT NULL,
    "refundAmount" double precision DEFAULT 0 NOT NULL,
    "refundedAt" timestamp with time zone,
    "refundReason" text,
    "guestId" uuid,
    "idempotencyKey" text,
    "processedAt" timestamp with time zone,
    "createdAt" timestamp with time zone DEFAULT CURRENT_TIMESTAMP NOT NULL,
    "updatedAt" timestamp with time zone NOT NULL
);


--
-- Name: PaymentGateway; Type: TABLE; Schema: public; Owner: -
--

CREATE TABLE public."PaymentGateway" (
    id uuid NOT NULL,
    "tenantId" uuid NOT NULL,
    name text NOT NULL,
    provider text NOT NULL,
    priority integer DEFAULT 1 NOT NULL,
    "isPrimary" boolean DEFAULT false NOT NULL,
    status text DEFAULT 'inactive'::text NOT NULL,
    mode text DEFAULT 'test'::text NOT NULL,
    "apiKey" text,
    "secretKey" text,
    "merchantId" uuid,
    "webhookSecret" text,
    "feePercentage" double precision DEFAULT 0 NOT NULL,
    "feeFixed" double precision DEFAULT 0 NOT NULL,
    "supportedCurrencies" text DEFAULT 'USD'::text NOT NULL,
    "totalTransactions" integer DEFAULT 0 NOT NULL,
    "totalVolume" double precision DEFAULT 0 NOT NULL,
    "lastSyncAt" timestamp with time zone,
    "createdAt" timestamp with time zone DEFAULT CURRENT_TIMESTAMP NOT NULL,
    "updatedAt" timestamp with time zone NOT NULL
);


--
-- Name: PaymentSchedule; Type: TABLE; Schema: public; Owner: -
--

CREATE TABLE public."PaymentSchedule" (
    id uuid NOT NULL,
    "tenantId" uuid NOT NULL,
    "propertyId" uuid NOT NULL,
    "folioId" uuid NOT NULL,
    "bookingId" uuid NOT NULL,
    "guestId" uuid NOT NULL,
    "scheduleName" text NOT NULL,
    "totalAmount" double precision NOT NULL,
    "depositAmount" double precision DEFAULT 0 NOT NULL,
    "depositDueDate" timestamp with time zone,
    installments text DEFAULT '[]'::text NOT NULL,
    currency text DEFAULT 'USD'::text NOT NULL,
    status text DEFAULT 'active'::text NOT NULL,
    "paidAmount" double precision DEFAULT 0 NOT NULL,
    "remainingAmount" double precision NOT NULL,
    "createdAt" timestamp with time zone DEFAULT CURRENT_TIMESTAMP NOT NULL,
    "updatedAt" timestamp with time zone NOT NULL
);


--
-- Name: PaymentToken; Type: TABLE; Schema: public; Owner: -
--

CREATE TABLE public."PaymentToken" (
    id uuid NOT NULL,
    "tenantId" uuid NOT NULL,
    "propertyId" uuid,
    "guestId" uuid NOT NULL,
    "folioId" uuid,
    "tokenType" text NOT NULL,
    "gatewayTokenId" text NOT NULL,
    "cardType" text,
    "cardLast4" text,
    "cardExpiryMonth" integer,
    "cardExpiryYear" integer,
    "cardBrand" text,
    "isDefault" boolean DEFAULT false NOT NULL,
    status text DEFAULT 'active'::text NOT NULL,
    metadata text,
    "createdAt" timestamp with time zone DEFAULT CURRENT_TIMESTAMP NOT NULL,
    "updatedAt" timestamp with time zone NOT NULL
);


--
-- Name: PortForwardRule; Type: TABLE; Schema: public; Owner: -
--

CREATE TABLE public."PortForwardRule" (
    id uuid NOT NULL,
    "tenantId" uuid NOT NULL,
    "propertyId" uuid NOT NULL,
    name text NOT NULL,
    protocol text DEFAULT 'tcp'::text NOT NULL,
    "externalPort" integer NOT NULL,
    "internalIp" text NOT NULL,
    "internalPort" integer NOT NULL,
    "interfaceId" uuid,
    enabled boolean DEFAULT true NOT NULL,
    description text,
    "createdAt" timestamp with time zone DEFAULT CURRENT_TIMESTAMP NOT NULL,
    "updatedAt" timestamp with time zone NOT NULL
);


--
-- Name: PortalAuthentication; Type: TABLE; Schema: public; Owner: -
--

CREATE TABLE public."PortalAuthentication" (
    id uuid NOT NULL,
    "tenantId" uuid NOT NULL,
    "propertyId" uuid NOT NULL,
    "portalId" uuid NOT NULL,
    method text DEFAULT 'voucher'::text NOT NULL,
    enabled boolean DEFAULT true NOT NULL,
    priority integer DEFAULT 0 NOT NULL,
    config text DEFAULT '{}'::text NOT NULL,
    "createdAt" timestamp with time zone DEFAULT CURRENT_TIMESTAMP NOT NULL,
    "updatedAt" timestamp with time zone NOT NULL
);


--
-- Name: PortalMapping; Type: TABLE; Schema: public; Owner: -
--

CREATE TABLE public."PortalMapping" (
    id uuid NOT NULL,
    "tenantId" uuid NOT NULL,
    "propertyId" uuid NOT NULL,
    "portalId" uuid NOT NULL,
    "vlanId" integer,
    "vlanConfigId" uuid,
    ssid text,
    subnet text,
    priority integer DEFAULT 0 NOT NULL,
    "fallbackPortalId" uuid,
    enabled boolean DEFAULT true NOT NULL,
    "createdAt" timestamp with time zone DEFAULT CURRENT_TIMESTAMP NOT NULL,
    "updatedAt" timestamp with time zone NOT NULL
);


--
-- Name: PortalPage; Type: TABLE; Schema: public; Owner: -
--

CREATE TABLE public."PortalPage" (
    id uuid NOT NULL,
    "tenantId" uuid NOT NULL,
    "portalId" uuid NOT NULL,
    language text DEFAULT 'en'::text NOT NULL,
    title text,
    subtitle text,
    "logoUrl" text,
    "backgroundImage" text,
    "backgroundColor" text DEFAULT '#ffffff'::text NOT NULL,
    "textColor" text DEFAULT '#1f2937'::text NOT NULL,
    "accentColor" text DEFAULT '#0d9488'::text NOT NULL,
    "termsText" text,
    "termsUrl" text,
    "customCss" text DEFAULT ''::text NOT NULL,
    "customHtml" text DEFAULT ''::text NOT NULL,
    "showSocial" boolean DEFAULT false NOT NULL,
    "showBranding" boolean DEFAULT true NOT NULL,
    "formFields" text DEFAULT '{"username":true,"password":true,"roomNumber":false,"phone":false,"voucherCode":false,"termsCheckbox":true}'::text NOT NULL,
    "authFlow" text DEFAULT 'pms_credentials'::text NOT NULL,
    "socialProviders" text DEFAULT '{"google":false,"facebook":false,"apple":false}'::text NOT NULL,
    "voucherTemplate" text DEFAULT 'default'::text NOT NULL,
    "designSettings" text DEFAULT '{}'::text NOT NULL,
    "createdAt" timestamp with time zone DEFAULT CURRENT_TIMESTAMP NOT NULL,
    "updatedAt" timestamp with time zone NOT NULL
);


--
-- Name: PortalTemplate; Type: TABLE; Schema: public; Owner: -
--

CREATE TABLE public."PortalTemplate" (
    id uuid NOT NULL,
    "tenantId" uuid NOT NULL,
    name text NOT NULL,
    description text,
    category text DEFAULT 'hotel'::text NOT NULL,
    thumbnail text,
    "htmlContent" text NOT NULL,
    "cssContent" text NOT NULL,
    "isBuiltIn" boolean DEFAULT false NOT NULL,
    "createdAt" timestamp with time zone DEFAULT CURRENT_TIMESTAMP NOT NULL,
    "updatedAt" timestamp with time zone NOT NULL
);


--
-- Name: PortalWhitelist; Type: TABLE; Schema: public; Owner: -
--

CREATE TABLE public."PortalWhitelist" (
    id uuid NOT NULL,
    "propertyId" uuid NOT NULL,
    domain text NOT NULL,
    path text,
    description text,
    protocol text DEFAULT 'https'::text NOT NULL,
    "bypassAuth" boolean DEFAULT true NOT NULL,
    priority integer DEFAULT 0 NOT NULL,
    status text DEFAULT 'active'::text NOT NULL,
    "createdAt" timestamp with time zone DEFAULT CURRENT_TIMESTAMP NOT NULL,
    "updatedAt" timestamp with time zone NOT NULL
);


--
-- Name: PreventiveMaintenance; Type: TABLE; Schema: public; Owner: -
--

CREATE TABLE public."PreventiveMaintenance" (
    id uuid NOT NULL,
    "tenantId" uuid NOT NULL,
    "propertyId" uuid NOT NULL,
    title text NOT NULL,
    description text,
    "assetId" uuid,
    frequency text NOT NULL,
    "frequencyValue" integer,
    "assignedRoleId" uuid,
    checklist text DEFAULT '[]'::text NOT NULL,
    "lastCompletedAt" timestamp with time zone,
    "nextDueAt" timestamp with time zone,
    status text DEFAULT 'active'::text NOT NULL,
    "estimatedDuration" integer,
    "estimatedCost" double precision,
    priority text DEFAULT 'medium'::text NOT NULL,
    "createdAt" timestamp with time zone DEFAULT CURRENT_TIMESTAMP NOT NULL,
    "updatedAt" timestamp with time zone NOT NULL,
    "deletedAt" timestamp with time zone
);


--
-- Name: PriceOverride; Type: TABLE; Schema: public; Owner: -
--

CREATE TABLE public."PriceOverride" (
    id uuid NOT NULL,
    "ratePlanId" uuid NOT NULL,
    date timestamp with time zone NOT NULL,
    price double precision NOT NULL,
    reason text,
    "minStay" integer,
    "closedToArrival" boolean DEFAULT false NOT NULL,
    "closedToDeparture" boolean DEFAULT false NOT NULL,
    "createdAt" timestamp with time zone DEFAULT CURRENT_TIMESTAMP NOT NULL,
    "updatedAt" timestamp with time zone NOT NULL
);


--
-- Name: PricingRule; Type: TABLE; Schema: public; Owner: -
--

CREATE TABLE public."PricingRule" (
    id uuid NOT NULL,
    "tenantId" uuid NOT NULL,
    "propertyId" uuid,
    name text NOT NULL,
    type text NOT NULL,
    description text,
    value double precision NOT NULL,
    "valueType" text DEFAULT 'percentage'::text NOT NULL,
    conditions text DEFAULT '{}'::text NOT NULL,
    priority integer DEFAULT 1 NOT NULL,
    "isActive" boolean DEFAULT true NOT NULL,
    "effectiveFrom" timestamp with time zone NOT NULL,
    "effectiveTo" timestamp with time zone,
    "roomTypes" text DEFAULT '[]'::text NOT NULL,
    "appliedCount" integer DEFAULT 0 NOT NULL,
    "lastAppliedAt" timestamp with time zone,
    "createdAt" timestamp with time zone DEFAULT CURRENT_TIMESTAMP NOT NULL,
    "updatedAt" timestamp with time zone NOT NULL
);


--
-- Name: Promotion; Type: TABLE; Schema: public; Owner: -
--

CREATE TABLE public."Promotion" (
    id uuid NOT NULL,
    "tenantId" uuid NOT NULL,
    "propertyId" uuid,
    name text NOT NULL,
    code text NOT NULL,
    description text,
    "discountType" text NOT NULL,
    "discountValue" double precision NOT NULL,
    "maxDiscount" double precision,
    "minBookingValue" double precision,
    "minNights" integer,
    "applicableRoomTypes" text DEFAULT '[]'::text NOT NULL,
    "startsAt" timestamp with time zone NOT NULL,
    "endsAt" timestamp with time zone NOT NULL,
    "maxUses" integer,
    "usedCount" integer DEFAULT 0 NOT NULL,
    "maxUsesPerUser" integer,
    status text DEFAULT 'active'::text NOT NULL,
    "createdAt" timestamp with time zone DEFAULT CURRENT_TIMESTAMP NOT NULL,
    "updatedAt" timestamp with time zone NOT NULL
);


--
-- Name: Property; Type: TABLE; Schema: public; Owner: -
--

CREATE TABLE public."Property" (
    id uuid NOT NULL,
    "tenantId" uuid NOT NULL,
    name text NOT NULL,
    slug text NOT NULL,
    description text,
    type text DEFAULT 'hotel'::text NOT NULL,
    address text NOT NULL,
    city text NOT NULL,
    state text,
    country text NOT NULL,
    "postalCode" text,
    latitude double precision,
    longitude double precision,
    email text,
    phone text,
    website text,
    logo text,
    "primaryColor" text,
    "secondaryColor" text,
    "checkInTime" text DEFAULT '14:00'::text NOT NULL,
    "checkOutTime" text DEFAULT '11:00'::text NOT NULL,
    timezone text DEFAULT 'UTC'::text NOT NULL,
    currency text DEFAULT 'USD'::text NOT NULL,
    "taxId" uuid,
    "taxType" text DEFAULT 'gst'::text NOT NULL,
    "defaultTaxRate" double precision DEFAULT 0 NOT NULL,
    "taxComponents" text DEFAULT '[]'::text NOT NULL,
    "serviceChargePercent" double precision DEFAULT 0 NOT NULL,
    "includeTaxInPrice" boolean DEFAULT false NOT NULL,
    "totalRooms" integer DEFAULT 0 NOT NULL,
    "totalFloors" integer DEFAULT 0 NOT NULL,
    "noShowSettings" text DEFAULT '{"noShowBufferHours":1,"autoProcessNoShows":false,"noShowNotificationEnabled":true}'::text NOT NULL,
    status text DEFAULT 'active'::text NOT NULL,
    "createdAt" timestamp with time zone DEFAULT CURRENT_TIMESTAMP NOT NULL,
    "updatedAt" timestamp with time zone NOT NULL,
    "deletedAt" timestamp with time zone,
    "brandId" uuid
);


--
-- Name: PurchaseOrder; Type: TABLE; Schema: public; Owner: -
--

CREATE TABLE public."PurchaseOrder" (
    id uuid NOT NULL,
    "tenantId" uuid NOT NULL,
    "vendorId" uuid NOT NULL,
    "orderNumber" text NOT NULL,
    "orderDate" timestamp with time zone DEFAULT CURRENT_TIMESTAMP NOT NULL,
    "expectedDate" timestamp with time zone,
    "receivedDate" timestamp with time zone,
    subtotal double precision DEFAULT 0 NOT NULL,
    taxes double precision DEFAULT 0 NOT NULL,
    "totalAmount" double precision DEFAULT 0 NOT NULL,
    status text DEFAULT 'draft'::text NOT NULL,
    "approvedBy" text,
    "approvedAt" timestamp with time zone,
    notes text,
    "createdAt" timestamp with time zone DEFAULT CURRENT_TIMESTAMP NOT NULL,
    "updatedAt" timestamp with time zone NOT NULL
);


--
-- Name: PurchaseOrderItem; Type: TABLE; Schema: public; Owner: -
--

CREATE TABLE public."PurchaseOrderItem" (
    id uuid NOT NULL,
    "purchaseOrderId" uuid NOT NULL,
    "stockItemId" uuid NOT NULL,
    quantity double precision NOT NULL,
    "unitPrice" double precision NOT NULL,
    "totalAmount" double precision NOT NULL,
    "receivedQuantity" double precision,
    "createdAt" timestamp with time zone DEFAULT CURRENT_TIMESTAMP NOT NULL,
    "updatedAt" timestamp with time zone NOT NULL
);


--
-- Name: RadiusAuthLog; Type: TABLE; Schema: public; Owner: -
--

CREATE TABLE public."RadiusAuthLog" (
    id uuid NOT NULL,
    "propertyId" uuid NOT NULL,
    username text NOT NULL,
    "authResult" text NOT NULL,
    "authType" text,
    "nasIpAddress" text,
    "nasIdentifier" text,
    "callingStationId" uuid,
    "calledStationId" uuid,
    "clientIpAddress" text,
    "replyMessage" text,
    "terminateReason" text,
    "timestamp" timestamp with time zone DEFAULT CURRENT_TIMESTAMP NOT NULL
);


--
-- Name: RadiusCoaLog; Type: TABLE; Schema: public; Owner: -
--

CREATE TABLE public."RadiusCoaLog" (
    id uuid NOT NULL,
    "propertyId" uuid NOT NULL,
    action text NOT NULL,
    username text NOT NULL,
    "sessionId" uuid,
    "nasIpAddress" text,
    "sharedSecret" text,
    attributes text,
    result text NOT NULL,
    "responseCode" text,
    "errorMessage" text,
    "triggeredBy" text NOT NULL,
    "triggeredById" uuid,
    "timestamp" timestamp with time zone DEFAULT CURRENT_TIMESTAMP NOT NULL
);


--
-- Name: RadiusEventUser; Type: TABLE; Schema: public; Owner: -
--

CREATE TABLE public."RadiusEventUser" (
    id uuid NOT NULL,
    "propertyId" uuid NOT NULL,
    "eventId" uuid NOT NULL,
    "eventName" text NOT NULL,
    username text NOT NULL,
    password text NOT NULL,
    "planId" uuid,
    "bandwidthDown" integer DEFAULT 5 NOT NULL,
    "bandwidthUp" integer DEFAULT 2 NOT NULL,
    "dataLimitMb" integer,
    "validFrom" timestamp with time zone NOT NULL,
    "validUntil" timestamp with time zone NOT NULL,
    "maxSessions" integer DEFAULT 1 NOT NULL,
    "guestName" text,
    "guestEmail" text,
    "guestCompany" text,
    status text DEFAULT 'active'::text NOT NULL,
    "usedAt" timestamp with time zone,
    "firstUsedAt" timestamp with time zone,
    "createdAt" timestamp with time zone DEFAULT CURRENT_TIMESTAMP NOT NULL,
    "updatedAt" timestamp with time zone NOT NULL
);


--
-- Name: RadiusMacAuth; Type: TABLE; Schema: public; Owner: -
--

CREATE TABLE public."RadiusMacAuth" (
    id uuid NOT NULL,
    "propertyId" uuid NOT NULL,
    "macAddress" text NOT NULL,
    username text,
    "guestId" uuid,
    "guestName" text,
    description text,
    "autoLogin" boolean DEFAULT true NOT NULL,
    "validFrom" timestamp with time zone DEFAULT CURRENT_TIMESTAMP NOT NULL,
    "validUntil" timestamp with time zone,
    "lastSeenAt" timestamp with time zone,
    "loginCount" integer DEFAULT 0 NOT NULL,
    status text DEFAULT 'active'::text NOT NULL,
    "bandwidthDown" integer,
    "bandwidthUp" integer,
    "sessionTimeout" integer,
    "dataLimitMB" integer,
    "groupName" text,
    "planId" uuid,
    "createdAt" timestamp with time zone DEFAULT CURRENT_TIMESTAMP NOT NULL,
    "updatedAt" timestamp with time zone NOT NULL
);


--
-- Name: RadiusNAS; Type: TABLE; Schema: public; Owner: -
--

CREATE TABLE public."RadiusNAS" (
    id uuid NOT NULL,
    "tenantId" uuid NOT NULL,
    "propertyId" uuid NOT NULL,
    name text NOT NULL,
    shortname text NOT NULL,
    "ipAddress" text NOT NULL,
    type text DEFAULT 'other'::text NOT NULL,
    ports text,
    secret text NOT NULL,
    server text,
    community text,
    description text,
    "coaEnabled" boolean DEFAULT true NOT NULL,
    "coaPort" integer DEFAULT 3799 NOT NULL,
    "authPort" integer DEFAULT 1812 NOT NULL,
    "acctPort" integer DEFAULT 1813 NOT NULL,
    status text DEFAULT 'active'::text NOT NULL,
    "lastSeenAt" timestamp with time zone,
    "lastWentOnlineAt" timestamp with time zone,
    "lastWentOfflineAt" timestamp with time zone,
    "totalAuths" integer DEFAULT 0 NOT NULL,
    "totalAccts" integer DEFAULT 0 NOT NULL,
    "createdAt" timestamp with time zone DEFAULT CURRENT_TIMESTAMP NOT NULL,
    "updatedAt" timestamp with time zone NOT NULL
);


--
-- Name: RadiusProvisioningLog; Type: TABLE; Schema: public; Owner: -
--

CREATE TABLE public."RadiusProvisioningLog" (
    id uuid NOT NULL,
    "propertyId" uuid NOT NULL,
    action text NOT NULL,
    username text NOT NULL,
    "guestId" uuid,
    "bookingId" uuid,
    "userId" uuid,
    result text NOT NULL,
    details text,
    error text,
    "durationMs" integer,
    "timestamp" timestamp with time zone DEFAULT CURRENT_TIMESTAMP NOT NULL
);


--
-- Name: RadiusServerConfig; Type: TABLE; Schema: public; Owner: -
--

CREATE TABLE public."RadiusServerConfig" (
    id uuid NOT NULL,
    "tenantId" uuid NOT NULL,
    "propertyId" uuid NOT NULL,
    "serverIp" text DEFAULT '127.0.0.1'::text NOT NULL,
    "serverHostname" text,
    "authPort" integer DEFAULT 1812 NOT NULL,
    "acctPort" integer DEFAULT 1813 NOT NULL,
    "coaPort" integer DEFAULT 3799 NOT NULL,
    "listenAllInterfaces" boolean DEFAULT true NOT NULL,
    "bindAddress" text DEFAULT '0.0.0.0'::text NOT NULL,
    "maxAuthWait" integer DEFAULT 30 NOT NULL,
    "maxAcctWait" integer DEFAULT 30 NOT NULL,
    "cleanupSessions" boolean DEFAULT true NOT NULL,
    "sessionCleanupInterval" integer DEFAULT 3600 NOT NULL,
    "logAuth" boolean DEFAULT true NOT NULL,
    "logAuthBadpass" boolean DEFAULT false NOT NULL,
    "logAuthGoodpass" boolean DEFAULT false NOT NULL,
    "logDestination" text DEFAULT 'files'::text NOT NULL,
    "logLevel" text DEFAULT 'info'::text NOT NULL,
    status text DEFAULT 'active'::text NOT NULL,
    "createdAt" timestamp with time zone DEFAULT CURRENT_TIMESTAMP NOT NULL,
    "updatedAt" timestamp with time zone NOT NULL,
    "interimUpdateInterval" integer DEFAULT 60 NOT NULL,
    "dataCapAction" text DEFAULT 'disconnect'::text NOT NULL,
    "dataCapThrottleRate" text DEFAULT '1M/1M'::text NOT NULL,
    "macAuthEnabled" boolean DEFAULT false NOT NULL,
    "macAuthBypassPortal" boolean DEFAULT true NOT NULL,
    "portalWhitelistEnabled" boolean DEFAULT false NOT NULL,
    "concurrentSessionAction" text DEFAULT 'reject'::text NOT NULL
);


--
-- Name: RatePlan; Type: TABLE; Schema: public; Owner: -
--

CREATE TABLE public."RatePlan" (
    id uuid NOT NULL,
    "tenantId" uuid NOT NULL,
    "roomTypeId" uuid NOT NULL,
    name text NOT NULL,
    code text NOT NULL,
    description text,
    "basePrice" double precision NOT NULL,
    currency text DEFAULT 'USD'::text NOT NULL,
    "mealPlan" text DEFAULT 'room_only'::text NOT NULL,
    "minStay" integer DEFAULT 1 NOT NULL,
    "maxStay" integer,
    "advanceBookingDays" integer,
    "cancellationPolicy" text,
    "cancellationHours" integer,
    "bookingStartDays" integer,
    "bookingEndDays" integer,
    "promoCode" text,
    "discountPercent" double precision,
    "discountAmount" double precision,
    "promoStart" timestamp with time zone,
    "promoEnd" timestamp with time zone,
    status text DEFAULT 'active'::text NOT NULL,
    "derivedFromId" uuid,
    "derivationType" text,
    "derivationValue" double precision,
    "createdAt" timestamp with time zone DEFAULT CURRENT_TIMESTAMP NOT NULL,
    "updatedAt" timestamp with time zone NOT NULL,
    "deletedAt" timestamp with time zone
);


--
-- Name: Recipe; Type: TABLE; Schema: public; Owner: -
--

CREATE TABLE public."Recipe" (
    id uuid NOT NULL,
    "tenantId" uuid NOT NULL,
    "menuItemId" uuid NOT NULL,
    instructions text,
    "prepTime" integer DEFAULT 0 NOT NULL,
    "cookTime" integer DEFAULT 0 NOT NULL,
    yield integer DEFAULT 1 NOT NULL,
    "costPerServing" double precision DEFAULT 0 NOT NULL,
    "createdAt" timestamp with time zone DEFAULT CURRENT_TIMESTAMP NOT NULL,
    "updatedAt" timestamp with time zone NOT NULL,
    "deletedAt" timestamp with time zone
);


--
-- Name: RecipeIngredient; Type: TABLE; Schema: public; Owner: -
--

CREATE TABLE public."RecipeIngredient" (
    id uuid NOT NULL,
    "tenantId" uuid NOT NULL,
    "recipeId" uuid NOT NULL,
    name text NOT NULL,
    quantity double precision DEFAULT 0 NOT NULL,
    unit text DEFAULT 'g'::text NOT NULL,
    "costPerUnit" double precision DEFAULT 0 NOT NULL,
    "sortOrder" integer DEFAULT 0 NOT NULL,
    "createdAt" timestamp with time zone DEFAULT CURRENT_TIMESTAMP NOT NULL,
    "updatedAt" timestamp with time zone NOT NULL
);


--
-- Name: Reconciliation; Type: TABLE; Schema: public; Owner: -
--

CREATE TABLE public."Reconciliation" (
    id uuid NOT NULL,
    "tenantId" uuid NOT NULL,
    "bankAccountId" uuid NOT NULL,
    "bankTransactionId" uuid NOT NULL,
    "paymentId" uuid,
    "folioId" uuid,
    "matchType" text DEFAULT 'manual'::text NOT NULL,
    "matchConfidence" double precision,
    "matchCriteria" text DEFAULT '{}'::text NOT NULL,
    status text DEFAULT 'matched'::text NOT NULL,
    "reconciledAmount" double precision NOT NULL,
    "adjustmentAmount" double precision DEFAULT 0 NOT NULL,
    "adjustmentReason" text,
    "reconciledBy" text,
    "reconciledAt" timestamp with time zone DEFAULT CURRENT_TIMESTAMP NOT NULL,
    notes text,
    "createdAt" timestamp with time zone DEFAULT CURRENT_TIMESTAMP NOT NULL,
    "updatedAt" timestamp with time zone NOT NULL
);


--
-- Name: RegistrationCard; Type: TABLE; Schema: public; Owner: -
--

CREATE TABLE public."RegistrationCard" (
    id uuid NOT NULL,
    "tenantId" uuid NOT NULL,
    "propertyId" uuid NOT NULL,
    "bookingId" uuid NOT NULL,
    "guestId" uuid NOT NULL,
    "cardNumber" text NOT NULL,
    "checkInDate" timestamp with time zone NOT NULL,
    "checkOutDate" timestamp with time zone NOT NULL,
    "roomNumber" text NOT NULL,
    "roomType" text NOT NULL,
    "guestName" text NOT NULL,
    "guestNationality" text,
    "guestIdType" text,
    "guestIdNumber" text,
    "guestAddress" text,
    "guestPhone" text,
    "guestEmail" text,
    purpose text,
    "vehiclePlate" text,
    companions text DEFAULT '[]'::text NOT NULL,
    "specialRequests" text,
    "termsAccepted" boolean DEFAULT true NOT NULL,
    "acceptedAt" timestamp with time zone,
    "printedAt" timestamp with time zone,
    "printedBy" text,
    "createdAt" timestamp with time zone DEFAULT CURRENT_TIMESTAMP NOT NULL,
    "updatedAt" timestamp with time zone NOT NULL
);


--
-- Name: RegistrationPlan; Type: TABLE; Schema: public; Owner: -
--

CREATE TABLE public."RegistrationPlan" (
    id uuid NOT NULL,
    name text NOT NULL,
    "displayName" text NOT NULL,
    description text,
    price double precision DEFAULT 0 NOT NULL,
    currency text DEFAULT 'USD'::text NOT NULL,
    "maxProperties" integer DEFAULT 1 NOT NULL,
    "maxRoomsPerProperty" integer DEFAULT 50 NOT NULL,
    "maxUsers" integer DEFAULT 5 NOT NULL,
    "maxStaff" integer DEFAULT 10 NOT NULL,
    features text DEFAULT '[]'::text NOT NULL,
    "sortOrder" integer DEFAULT 0 NOT NULL,
    "isActive" boolean DEFAULT true NOT NULL,
    highlighted boolean DEFAULT false NOT NULL,
    "trialDays" integer,
    "createdAt" timestamp with time zone DEFAULT CURRENT_TIMESTAMP NOT NULL,
    "updatedAt" timestamp with time zone NOT NULL
);


--
-- Name: ReportCache; Type: TABLE; Schema: public; Owner: -
--

CREATE TABLE public."ReportCache" (
    id uuid NOT NULL,
    "tenantId" uuid NOT NULL,
    "reportType" text NOT NULL,
    "periodStart" timestamp with time zone NOT NULL,
    "periodEnd" timestamp with time zone NOT NULL,
    data text NOT NULL,
    "generatedAt" timestamp with time zone DEFAULT CURRENT_TIMESTAMP NOT NULL,
    "expiresAt" timestamp with time zone NOT NULL
);


--
-- Name: ReportHistory; Type: TABLE; Schema: public; Owner: -
--

CREATE TABLE public."ReportHistory" (
    id uuid NOT NULL,
    "tenantId" uuid NOT NULL,
    "scheduledReportId" uuid,
    name text NOT NULL,
    type text NOT NULL,
    format text DEFAULT 'pdf'::text NOT NULL,
    "generatedAt" timestamp with time zone DEFAULT CURRENT_TIMESTAMP NOT NULL,
    "generatedBy" text,
    "periodStart" timestamp with time zone,
    "periodEnd" timestamp with time zone,
    "fileUrl" text,
    "fileSize" integer,
    status text DEFAULT 'completed'::text NOT NULL,
    "errorMessage" text,
    "recipientCount" integer DEFAULT 0 NOT NULL,
    "sentAt" timestamp with time zone,
    metadata text DEFAULT '{}'::text NOT NULL
);


--
-- Name: Reservation; Type: TABLE; Schema: public; Owner: -
--

CREATE TABLE public."Reservation" (
    id uuid NOT NULL,
    "propertyId" uuid NOT NULL,
    "tableId" uuid,
    "guestId" uuid,
    "guestName" text NOT NULL,
    "guestPhone" text NOT NULL,
    "guestEmail" text,
    "partySize" integer NOT NULL,
    date timestamp with time zone NOT NULL,
    "time" text NOT NULL,
    duration integer DEFAULT 90 NOT NULL,
    "specialRequests" text,
    occasion text,
    status text DEFAULT 'confirmed'::text NOT NULL,
    source text DEFAULT 'phone'::text NOT NULL,
    notes text,
    "seatedAt" timestamp with time zone,
    "completedAt" timestamp with time zone,
    "cancelledAt" timestamp with time zone,
    "createdAt" timestamp with time zone DEFAULT CURRENT_TIMESTAMP NOT NULL,
    "updatedAt" timestamp with time zone NOT NULL,
    "deletedAt" timestamp with time zone
);


--
-- Name: RestaurantTable; Type: TABLE; Schema: public; Owner: -
--

CREATE TABLE public."RestaurantTable" (
    id uuid NOT NULL,
    "propertyId" uuid NOT NULL,
    number text NOT NULL,
    name text,
    capacity integer DEFAULT 4 NOT NULL,
    area text,
    floor integer DEFAULT 1 NOT NULL,
    "posX" integer,
    "posY" integer,
    width integer,
    height integer,
    status text DEFAULT 'available'::text NOT NULL,
    "createdAt" timestamp with time zone DEFAULT CURRENT_TIMESTAMP NOT NULL,
    "updatedAt" timestamp with time zone NOT NULL,
    shape text DEFAULT 'round'::text NOT NULL
);


--
-- Name: Role; Type: TABLE; Schema: public; Owner: -
--

CREATE TABLE public."Role" (
    id uuid NOT NULL,
    "tenantId" uuid NOT NULL,
    name text NOT NULL,
    "displayName" text NOT NULL,
    description text,
    permissions text DEFAULT '[]'::text NOT NULL,
    "isSystem" boolean DEFAULT false NOT NULL,
    "createdAt" timestamp with time zone DEFAULT CURRENT_TIMESTAMP NOT NULL,
    "updatedAt" timestamp with time zone NOT NULL
);


--
-- Name: Room; Type: TABLE; Schema: public; Owner: -
--

CREATE TABLE public."Room" (
    id uuid NOT NULL,
    "propertyId" uuid NOT NULL,
    "roomTypeId" uuid NOT NULL,
    number text NOT NULL,
    name text,
    floor integer DEFAULT 1 NOT NULL,
    "isAccessible" boolean DEFAULT false NOT NULL,
    "isSmoking" boolean DEFAULT false NOT NULL,
    "hasBalcony" boolean DEFAULT false NOT NULL,
    "hasSeaView" boolean DEFAULT false NOT NULL,
    "hasMountainView" boolean DEFAULT false NOT NULL,
    status text DEFAULT 'available'::text NOT NULL,
    "smartRoomConfig" text,
    "digitalKeyEnabled" boolean DEFAULT true NOT NULL,
    "digitalKeySecret" text,
    "housekeepingStatus" text DEFAULT 'clean'::text NOT NULL,
    "lastCleanedAt" timestamp with time zone,
    "lastInspectedAt" timestamp with time zone,
    "inspectedBy" text,
    "hkPriority" text DEFAULT 'normal'::text NOT NULL,
    "hkNotes" text,
    dnd boolean DEFAULT false NOT NULL,
    "currentTaskId" uuid,
    images text DEFAULT '[]'::text NOT NULL,
    "createdAt" timestamp with time zone DEFAULT CURRENT_TIMESTAMP NOT NULL,
    "updatedAt" timestamp with time zone NOT NULL,
    "deletedAt" timestamp with time zone
);


--
-- Name: RoomMoveLog; Type: TABLE; Schema: public; Owner: -
--

CREATE TABLE public."RoomMoveLog" (
    id uuid NOT NULL,
    "tenantId" uuid NOT NULL,
    "propertyId" uuid NOT NULL,
    "bookingId" uuid NOT NULL,
    "guestId" uuid NOT NULL,
    "fromRoomId" uuid NOT NULL,
    "fromRoomNumber" text NOT NULL,
    "toRoomId" uuid NOT NULL,
    "toRoomNumber" text NOT NULL,
    reason text NOT NULL,
    "movedBy" text,
    "previousRate" double precision NOT NULL,
    "newRate" double precision NOT NULL,
    "rateDifference" double precision NOT NULL,
    notes text,
    "createdAt" timestamp with time zone DEFAULT CURRENT_TIMESTAMP NOT NULL
);


--
-- Name: RoomType; Type: TABLE; Schema: public; Owner: -
--

CREATE TABLE public."RoomType" (
    id uuid NOT NULL,
    "propertyId" uuid NOT NULL,
    name text NOT NULL,
    code text NOT NULL,
    description text,
    "maxAdults" integer DEFAULT 2 NOT NULL,
    "maxChildren" integer DEFAULT 0 NOT NULL,
    "maxOccupancy" integer DEFAULT 2 NOT NULL,
    "sizeSqMeters" double precision,
    "sizeSqFeet" double precision,
    amenities text DEFAULT '[]'::text NOT NULL,
    "basePrice" double precision NOT NULL,
    currency text DEFAULT 'USD'::text NOT NULL,
    images text DEFAULT '[]'::text NOT NULL,
    "sortOrder" integer DEFAULT 0 NOT NULL,
    "totalRooms" integer DEFAULT 0 NOT NULL,
    "overbookingEnabled" boolean DEFAULT false NOT NULL,
    "overbookingPercentage" double precision DEFAULT 0 NOT NULL,
    "overbookingLimit" integer DEFAULT 0 NOT NULL,
    "wifiPlanId" uuid,
    status text DEFAULT 'active'::text NOT NULL,
    "createdAt" timestamp with time zone DEFAULT CURRENT_TIMESTAMP NOT NULL,
    "updatedAt" timestamp with time zone NOT NULL,
    "deletedAt" timestamp with time zone
);


--
-- Name: SSOConnection; Type: TABLE; Schema: public; Owner: -
--

CREATE TABLE public."SSOConnection" (
    id uuid NOT NULL,
    "tenantId" uuid NOT NULL,
    name text NOT NULL,
    type text NOT NULL,
    status text DEFAULT 'active'::text NOT NULL,
    "samlEntityId" uuid,
    "samlSsoUrl" text,
    "samlSloUrl" text,
    "samlCertificate" text,
    "samlPrivateKey" text,
    "samlNameIdFormat" text DEFAULT 'urn:oasis:names:tc:SAML:1.1:nameid-format:emailAddress'::text,
    "samlSignRequest" boolean DEFAULT true NOT NULL,
    "samlWantAssertionSigned" boolean DEFAULT true NOT NULL,
    "ldapUrl" text,
    "ldapBaseDn" text,
    "ldapBindDn" text,
    "ldapBindPassword" text,
    "ldapSearchFilter" text DEFAULT '(mail={email})'::text,
    "ldapUseStartTls" boolean DEFAULT false NOT NULL,
    "ldapUseSsl" boolean DEFAULT true NOT NULL,
    "ldapTimeout" integer DEFAULT 30 NOT NULL,
    "oidcClientId" uuid,
    "oidcClientSecret" text,
    "oidcDiscoveryUrl" text,
    "oidcAuthorizationUrl" text,
    "oidcTokenUrl" text,
    "oidcUserInfoUrl" text,
    "oidcJwksUrl" text,
    "oidcScopes" text DEFAULT 'openid profile email'::text NOT NULL,
    "oidcUsePkce" boolean DEFAULT true NOT NULL,
    "emailAttribute" text DEFAULT 'email'::text NOT NULL,
    "firstNameAttribute" text DEFAULT 'givenName'::text NOT NULL,
    "lastNameAttribute" text DEFAULT 'sn'::text NOT NULL,
    "nameAttribute" text DEFAULT 'name'::text NOT NULL,
    "roleAttribute" text,
    "departmentAttribute" text,
    "phoneAttribute" text DEFAULT 'telephoneNumber'::text,
    "autoProvision" boolean DEFAULT true NOT NULL,
    "autoProvisionRole" text,
    "syncRoles" boolean DEFAULT false NOT NULL,
    "syncOnLogin" boolean DEFAULT true NOT NULL,
    "allowedDomains" text,
    "lastSyncAt" timestamp with time zone,
    "lastSyncStatus" text,
    "lastSyncError" text,
    "testConnectionAt" timestamp with time zone,
    "testConnectionStatus" text,
    "createdAt" timestamp with time zone DEFAULT CURRENT_TIMESTAMP NOT NULL,
    "updatedAt" timestamp with time zone NOT NULL
);


--
-- Name: SSOSession; Type: TABLE; Schema: public; Owner: -
--

CREATE TABLE public."SSOSession" (
    id uuid NOT NULL,
    "connectionId" uuid NOT NULL,
    "userId" uuid,
    "ssoProviderId" uuid,
    attributes text DEFAULT '{}'::text NOT NULL,
    "sessionId" uuid,
    "ipAddress" text,
    "userAgent" text,
    "initiatedAt" timestamp with time zone DEFAULT CURRENT_TIMESTAMP NOT NULL,
    "authenticatedAt" timestamp with time zone,
    "expiresAt" timestamp with time zone NOT NULL,
    "terminatedAt" timestamp with time zone,
    "terminatedReason" text,
    "createdAt" timestamp with time zone DEFAULT CURRENT_TIMESTAMP NOT NULL,
    "updatedAt" timestamp with time zone NOT NULL
);


--
-- Name: ScheduleAccess; Type: TABLE; Schema: public; Owner: -
--

CREATE TABLE public."ScheduleAccess" (
    id uuid NOT NULL,
    "tenantId" uuid NOT NULL,
    "propertyId" uuid NOT NULL,
    name text NOT NULL,
    "daysOfWeek" text DEFAULT '1,2,3,4,5,6,7'::text NOT NULL,
    "startTime" text DEFAULT '00:00'::text NOT NULL,
    "endTime" text DEFAULT '23:59'::text NOT NULL,
    "downloadMbps" integer DEFAULT 0 NOT NULL,
    "uploadMbps" integer DEFAULT 0 NOT NULL,
    "applyTo" text DEFAULT 'all'::text NOT NULL,
    "applyToPlanId" uuid,
    "bandwidthPolicyId" uuid,
    action text DEFAULT 'limit'::text NOT NULL,
    description text,
    enabled boolean DEFAULT true NOT NULL,
    "createdAt" timestamp with time zone DEFAULT CURRENT_TIMESTAMP NOT NULL,
    "updatedAt" timestamp with time zone NOT NULL
);


--
-- Name: ScheduledCharge; Type: TABLE; Schema: public; Owner: -
--

CREATE TABLE public."ScheduledCharge" (
    id uuid NOT NULL,
    "tenantId" uuid NOT NULL,
    "propertyId" uuid NOT NULL,
    "folioId" uuid NOT NULL,
    "bookingId" uuid NOT NULL,
    "chargeType" text NOT NULL,
    description text NOT NULL,
    category text,
    amount double precision DEFAULT 0 NOT NULL,
    currency text DEFAULT 'USD'::text NOT NULL,
    frequency text NOT NULL,
    "startDate" timestamp with time zone NOT NULL,
    "endDate" timestamp with time zone,
    "nextExecutionAt" timestamp with time zone NOT NULL,
    "lastExecutedAt" timestamp with time zone,
    "isActive" boolean DEFAULT true NOT NULL,
    "maxAmount" double precision,
    "executedCount" integer DEFAULT 0 NOT NULL,
    "createdAt" timestamp with time zone DEFAULT CURRENT_TIMESTAMP NOT NULL,
    "updatedAt" timestamp with time zone NOT NULL
);


--
-- Name: ScheduledNotification; Type: TABLE; Schema: public; Owner: -
--

CREATE TABLE public."ScheduledNotification" (
    id uuid NOT NULL,
    "tenantId" uuid NOT NULL,
    "templateId" uuid,
    "recipientType" text NOT NULL,
    "recipientId" uuid NOT NULL,
    "recipientEmail" text,
    "recipientPhone" text,
    channels text DEFAULT '[]'::text NOT NULL,
    subject text,
    body text NOT NULL,
    data text DEFAULT '{}'::text NOT NULL,
    "scheduledFor" timestamp with time zone NOT NULL,
    status text DEFAULT 'pending'::text NOT NULL,
    "processedAt" timestamp with time zone,
    "sentAt" timestamp with time zone,
    "errorMessage" text,
    "retryCount" integer DEFAULT 0 NOT NULL,
    "maxRetries" integer DEFAULT 3 NOT NULL,
    "nextRetryAt" timestamp with time zone,
    "createdAt" timestamp with time zone DEFAULT CURRENT_TIMESTAMP NOT NULL,
    "updatedAt" timestamp with time zone NOT NULL
);


--
-- Name: ScheduledReport; Type: TABLE; Schema: public; Owner: -
--

CREATE TABLE public."ScheduledReport" (
    id uuid NOT NULL,
    "tenantId" uuid NOT NULL,
    name text NOT NULL,
    type text NOT NULL,
    frequency text NOT NULL,
    "dayOfWeek" integer,
    "dayOfMonth" integer,
    "time" text NOT NULL,
    recipients text NOT NULL,
    format text DEFAULT 'pdf'::text NOT NULL,
    "deliveryMethod" text DEFAULT 'email'::text NOT NULL,
    filters text DEFAULT '{}'::text NOT NULL,
    "lastRunAt" timestamp with time zone,
    "nextRunAt" timestamp with time zone,
    "isActive" boolean DEFAULT true NOT NULL,
    "createdAt" timestamp with time zone DEFAULT CURRENT_TIMESTAMP NOT NULL,
    "updatedAt" timestamp with time zone NOT NULL
);


--
-- Name: SecurityEvent; Type: TABLE; Schema: public; Owner: -
--

CREATE TABLE public."SecurityEvent" (
    id uuid NOT NULL,
    "tenantId" uuid NOT NULL,
    "cameraId" uuid NOT NULL,
    type text NOT NULL,
    severity text DEFAULT 'medium'::text NOT NULL,
    description text,
    thumbnail text,
    "recordingId" uuid,
    metadata text DEFAULT '{}'::text NOT NULL,
    "timestamp" timestamp with time zone DEFAULT CURRENT_TIMESTAMP NOT NULL,
    acknowledged boolean DEFAULT false NOT NULL,
    "acknowledgedAt" timestamp with time zone,
    "acknowledgedBy" text,
    notes text,
    "createdAt" timestamp with time zone DEFAULT CURRENT_TIMESTAMP NOT NULL,
    "updatedAt" timestamp with time zone NOT NULL
);


--
-- Name: SecurityIncident; Type: TABLE; Schema: public; Owner: -
--

CREATE TABLE public."SecurityIncident" (
    id uuid NOT NULL,
    "tenantId" uuid NOT NULL,
    "propertyId" uuid,
    type text NOT NULL,
    severity text DEFAULT 'medium'::text NOT NULL,
    title text NOT NULL,
    description text,
    location text NOT NULL,
    "reportedBy" text,
    "assignedTo" uuid,
    "cameraId" uuid,
    status text DEFAULT 'open'::text NOT NULL,
    resolution text,
    "resolvedAt" timestamp with time zone,
    "resolvedBy" text,
    "incidentDate" timestamp with time zone DEFAULT CURRENT_TIMESTAMP NOT NULL,
    "createdAt" timestamp with time zone DEFAULT CURRENT_TIMESTAMP NOT NULL,
    "updatedAt" timestamp with time zone NOT NULL
);


--
-- Name: SecuritySettings; Type: TABLE; Schema: public; Owner: -
--

CREATE TABLE public."SecuritySettings" (
    id uuid NOT NULL,
    "tenantId" uuid NOT NULL,
    "maxConcurrentSessions" integer DEFAULT 3 NOT NULL,
    "sessionTimeoutMinutes" integer DEFAULT 30 NOT NULL,
    "passwordExpiryDays" integer DEFAULT 90 NOT NULL,
    "minPasswordLength" integer DEFAULT 8 NOT NULL,
    "requireUppercase" boolean DEFAULT false NOT NULL,
    "requireLowercase" boolean DEFAULT false NOT NULL,
    "requireNumbers" boolean DEFAULT false NOT NULL,
    "requireSpecialChars" boolean DEFAULT false NOT NULL,
    "enable2FA" boolean DEFAULT false NOT NULL,
    "createdAt" timestamp with time zone DEFAULT CURRENT_TIMESTAMP NOT NULL,
    "updatedAt" timestamp with time zone NOT NULL
);


--
-- Name: SegmentMembership; Type: TABLE; Schema: public; Owner: -
--

CREATE TABLE public."SegmentMembership" (
    id uuid NOT NULL,
    "segmentId" uuid NOT NULL,
    "guestId" uuid NOT NULL,
    "addedAt" timestamp with time zone DEFAULT CURRENT_TIMESTAMP NOT NULL
);


--
-- Name: ServiceRequest; Type: TABLE; Schema: public; Owner: -
--

CREATE TABLE public."ServiceRequest" (
    id uuid NOT NULL,
    "tenantId" uuid NOT NULL,
    "propertyId" uuid NOT NULL,
    "guestId" uuid,
    "bookingId" uuid,
    "roomId" uuid,
    type text NOT NULL,
    category text,
    subject text NOT NULL,
    description text,
    priority text DEFAULT 'medium'::text NOT NULL,
    "assignedTo" uuid,
    "assignedAt" timestamp with time zone,
    status text DEFAULT 'pending'::text NOT NULL,
    "requestedAt" timestamp with time zone DEFAULT CURRENT_TIMESTAMP NOT NULL,
    "startedAt" timestamp with time zone,
    "completedAt" timestamp with time zone,
    rating integer,
    feedback text,
    source text DEFAULT 'app'::text NOT NULL,
    "createdAt" timestamp with time zone DEFAULT CURRENT_TIMESTAMP NOT NULL,
    "updatedAt" timestamp with time zone NOT NULL
);


--
-- Name: Session; Type: TABLE; Schema: public; Owner: -
--

CREATE TABLE public."Session" (
    id uuid NOT NULL,
    "userId" uuid NOT NULL,
    token text NOT NULL,
    "refreshToken" text NOT NULL,
    "userAgent" text,
    "ipAddress" text,
    "expiresAt" timestamp with time zone NOT NULL,
    "lastActive" timestamp with time zone,
    "createdAt" timestamp with time zone DEFAULT CURRENT_TIMESTAMP NOT NULL
);


--
-- Name: ShiftTemplate; Type: TABLE; Schema: public; Owner: -
--

CREATE TABLE public."ShiftTemplate" (
    id uuid NOT NULL,
    "tenantId" uuid NOT NULL,
    name text NOT NULL,
    code text,
    "startTime" text NOT NULL,
    "endTime" text NOT NULL,
    "breakMinutes" integer DEFAULT 0 NOT NULL,
    "shiftType" text DEFAULT 'regular'::text NOT NULL,
    "activeDays" text DEFAULT '[1,2,3,4,5]'::text NOT NULL,
    department text,
    "minStaff" integer DEFAULT 1 NOT NULL,
    "maxStaff" integer,
    color text DEFAULT '#0d9488'::text NOT NULL,
    "isActive" boolean DEFAULT true NOT NULL,
    "createdAt" timestamp with time zone DEFAULT CURRENT_TIMESTAMP NOT NULL,
    "updatedAt" timestamp with time zone NOT NULL
);


--
-- Name: StaffAttendance; Type: TABLE; Schema: public; Owner: -
--

CREATE TABLE public."StaffAttendance" (
    id uuid NOT NULL,
    "tenantId" uuid NOT NULL,
    "userId" uuid NOT NULL,
    date timestamp with time zone NOT NULL,
    status text DEFAULT 'present'::text NOT NULL,
    "checkIn" timestamp with time zone,
    "checkOut" timestamp with time zone,
    "lateMinutes" integer DEFAULT 0 NOT NULL,
    "earlyLeaveMinutes" integer DEFAULT 0 NOT NULL,
    notes text,
    "createdAt" timestamp with time zone DEFAULT CURRENT_TIMESTAMP NOT NULL,
    "updatedAt" timestamp with time zone NOT NULL
);


--
-- Name: StaffChannel; Type: TABLE; Schema: public; Owner: -
--

CREATE TABLE public."StaffChannel" (
    id uuid NOT NULL,
    "tenantId" uuid NOT NULL,
    name text NOT NULL,
    description text,
    type text DEFAULT 'team'::text NOT NULL,
    department text,
    "createdBy" uuid,
    "isArchived" boolean DEFAULT false NOT NULL,
    "lastMessageAt" timestamp with time zone,
    "lastMessage" text,
    "createdAt" timestamp with time zone DEFAULT CURRENT_TIMESTAMP NOT NULL,
    "updatedAt" timestamp with time zone NOT NULL
);


--
-- Name: StaffChannelMember; Type: TABLE; Schema: public; Owner: -
--

CREATE TABLE public."StaffChannelMember" (
    id uuid NOT NULL,
    "channelId" uuid NOT NULL,
    "userId" uuid NOT NULL,
    role text DEFAULT 'member'::text NOT NULL,
    "lastReadAt" timestamp with time zone,
    muted boolean DEFAULT false NOT NULL,
    "joinedAt" timestamp with time zone DEFAULT CURRENT_TIMESTAMP NOT NULL
);


--
-- Name: StaffChatMessage; Type: TABLE; Schema: public; Owner: -
--

CREATE TABLE public."StaffChatMessage" (
    id uuid NOT NULL,
    "channelId" uuid NOT NULL,
    "senderId" uuid NOT NULL,
    content text NOT NULL,
    "messageType" text DEFAULT 'text'::text NOT NULL,
    attachments text DEFAULT '[]'::text NOT NULL,
    "replyToId" uuid,
    "isEdited" boolean DEFAULT false NOT NULL,
    "editedAt" timestamp with time zone,
    "isDeleted" boolean DEFAULT false NOT NULL,
    "deletedAt" timestamp with time zone,
    "sentAt" timestamp with time zone DEFAULT CURRENT_TIMESTAMP NOT NULL,
    "readBy" text DEFAULT '[]'::text NOT NULL,
    "createdAt" timestamp with time zone DEFAULT CURRENT_TIMESTAMP NOT NULL,
    "updatedAt" timestamp with time zone NOT NULL
);


--
-- Name: StaffLeave; Type: TABLE; Schema: public; Owner: -
--

CREATE TABLE public."StaffLeave" (
    id uuid NOT NULL,
    "tenantId" uuid NOT NULL,
    "userId" uuid NOT NULL,
    "leaveType" text NOT NULL,
    "startDate" timestamp with time zone NOT NULL,
    "endDate" timestamp with time zone NOT NULL,
    "totalDays" double precision NOT NULL,
    reason text,
    status text DEFAULT 'pending'::text NOT NULL,
    "approvedBy" text,
    "approvedAt" timestamp with time zone,
    "rejectionReason" text,
    "attachmentUrl" text,
    notes text,
    "createdAt" timestamp with time zone DEFAULT CURRENT_TIMESTAMP NOT NULL,
    "updatedAt" timestamp with time zone NOT NULL
);


--
-- Name: StaffPerformance; Type: TABLE; Schema: public; Owner: -
--

CREATE TABLE public."StaffPerformance" (
    id uuid NOT NULL,
    "tenantId" uuid NOT NULL,
    "userId" uuid NOT NULL,
    "reviewPeriod" text NOT NULL,
    "reviewYear" integer NOT NULL,
    "reviewDate" timestamp with time zone DEFAULT CURRENT_TIMESTAMP NOT NULL,
    "overallRating" double precision,
    "punctualityRating" double precision,
    "qualityRating" double precision,
    "teamworkRating" double precision,
    "communicationRating" double precision,
    "initiativeRating" double precision,
    "tasksCompleted" integer DEFAULT 0 NOT NULL,
    "avgResponseTime" double precision,
    "attendanceRate" double precision,
    "customerRating" double precision,
    "goalsSet" integer DEFAULT 0 NOT NULL,
    "goalsAchieved" integer DEFAULT 0 NOT NULL,
    "goalsComments" text,
    strengths text,
    "areasOfImprovement" text,
    achievements text,
    "reviewedBy" text,
    status text DEFAULT 'draft'::text NOT NULL,
    "acknowledgedAt" timestamp with time zone,
    "employeeComments" text,
    "nextReviewDate" timestamp with time zone,
    "createdAt" timestamp with time zone DEFAULT CURRENT_TIMESTAMP NOT NULL,
    "updatedAt" timestamp with time zone NOT NULL
);


--
-- Name: StaffSchedule; Type: TABLE; Schema: public; Owner: -
--

CREATE TABLE public."StaffSchedule" (
    id uuid NOT NULL,
    "tenantId" uuid NOT NULL,
    "propertyId" uuid,
    "userId" uuid NOT NULL,
    "shiftTemplateId" uuid,
    date timestamp with time zone NOT NULL,
    "startTime" text NOT NULL,
    "endTime" text NOT NULL,
    department text,
    status text DEFAULT 'scheduled'::text NOT NULL,
    "assignedBy" text,
    notes text,
    "createdAt" timestamp with time zone DEFAULT CURRENT_TIMESTAMP NOT NULL,
    "updatedAt" timestamp with time zone NOT NULL
);


--
-- Name: StaffShift; Type: TABLE; Schema: public; Owner: -
--

CREATE TABLE public."StaffShift" (
    id uuid NOT NULL,
    "tenantId" uuid NOT NULL,
    "userId" uuid NOT NULL,
    date timestamp with time zone NOT NULL,
    "startTime" text NOT NULL,
    "endTime" text NOT NULL,
    "shiftType" text DEFAULT 'regular'::text NOT NULL,
    status text DEFAULT 'scheduled'::text NOT NULL,
    "clockIn" timestamp with time zone,
    "clockOut" timestamp with time zone,
    notes text,
    "createdAt" timestamp with time zone DEFAULT CURRENT_TIMESTAMP NOT NULL,
    "updatedAt" timestamp with time zone NOT NULL
);


--
-- Name: StaffSkill; Type: TABLE; Schema: public; Owner: -
--

CREATE TABLE public."StaffSkill" (
    id uuid NOT NULL,
    "tenantId" uuid NOT NULL,
    "userId" uuid NOT NULL,
    "skillName" text NOT NULL,
    "skillLevel" integer DEFAULT 1 NOT NULL,
    category text DEFAULT 'general'::text NOT NULL,
    certified boolean DEFAULT false NOT NULL,
    "certifiedAt" timestamp with time zone,
    "certifiedBy" text,
    notes text,
    "createdAt" timestamp with time zone DEFAULT CURRENT_TIMESTAMP NOT NULL,
    "updatedAt" timestamp with time zone NOT NULL
);


--
-- Name: StaffWorkload; Type: TABLE; Schema: public; Owner: -
--

CREATE TABLE public."StaffWorkload" (
    id uuid NOT NULL,
    "tenantId" uuid NOT NULL,
    "userId" uuid NOT NULL,
    "propertyId" uuid,
    date timestamp with time zone NOT NULL,
    "totalTasks" integer DEFAULT 0 NOT NULL,
    "completedTasks" integer DEFAULT 0 NOT NULL,
    "totalMinutes" integer DEFAULT 0 NOT NULL,
    "workedMinutes" integer DEFAULT 0 NOT NULL,
    "capacityMinutes" integer DEFAULT 480 NOT NULL,
    efficiency double precision DEFAULT 1.0 NOT NULL,
    "createdAt" timestamp with time zone DEFAULT CURRENT_TIMESTAMP NOT NULL,
    "updatedAt" timestamp with time zone NOT NULL
);


--
-- Name: StaticRoute; Type: TABLE; Schema: public; Owner: -
--

CREATE TABLE public."StaticRoute" (
    id uuid NOT NULL,
    "tenantId" uuid NOT NULL,
    "propertyId" uuid NOT NULL,
    name text NOT NULL,
    destination text NOT NULL,
    gateway text NOT NULL,
    metric integer DEFAULT 100 NOT NULL,
    "interfaceName" text,
    protocol text DEFAULT 'static'::text NOT NULL,
    "isDefault" boolean DEFAULT false NOT NULL,
    enabled boolean DEFAULT true NOT NULL,
    description text,
    "createdAt" timestamp with time zone DEFAULT CURRENT_TIMESTAMP NOT NULL,
    "updatedAt" timestamp with time zone NOT NULL
);


--
-- Name: StockConsumption; Type: TABLE; Schema: public; Owner: -
--

CREATE TABLE public."StockConsumption" (
    id uuid NOT NULL,
    "stockItemId" uuid NOT NULL,
    quantity double precision NOT NULL,
    type text NOT NULL,
    reference text,
    cost double precision,
    notes text,
    "recordedBy" text,
    "createdAt" timestamp with time zone DEFAULT CURRENT_TIMESTAMP NOT NULL
);


--
-- Name: StockItem; Type: TABLE; Schema: public; Owner: -
--

CREATE TABLE public."StockItem" (
    id uuid NOT NULL,
    "tenantId" uuid NOT NULL,
    "propertyId" uuid,
    name text NOT NULL,
    sku text,
    category text,
    description text,
    unit text DEFAULT 'piece'::text NOT NULL,
    "unitCost" double precision DEFAULT 0 NOT NULL,
    quantity double precision DEFAULT 0 NOT NULL,
    "minQuantity" double precision DEFAULT 0 NOT NULL,
    "maxQuantity" double precision,
    "reorderPoint" double precision,
    location text,
    status text DEFAULT 'active'::text NOT NULL,
    "lowStockAlert" boolean DEFAULT true NOT NULL,
    "expiryDate" timestamp with time zone,
    "createdAt" timestamp with time zone DEFAULT CURRENT_TIMESTAMP NOT NULL,
    "updatedAt" timestamp with time zone NOT NULL,
    "deletedAt" timestamp with time zone
);


--
-- Name: Subscription; Type: TABLE; Schema: public; Owner: -
--

CREATE TABLE public."Subscription" (
    id uuid NOT NULL,
    "tenantId" uuid NOT NULL,
    "planId" uuid NOT NULL,
    "planName" text NOT NULL,
    "billingCycle" text NOT NULL,
    amount double precision NOT NULL,
    currency text DEFAULT 'USD'::text NOT NULL,
    status text DEFAULT 'active'::text NOT NULL,
    "currentPeriodStart" timestamp with time zone NOT NULL,
    "currentPeriodEnd" timestamp with time zone NOT NULL,
    "cancelledAt" timestamp with time zone,
    "paymentMethodId" uuid,
    "createdAt" timestamp with time zone DEFAULT CURRENT_TIMESTAMP NOT NULL,
    "updatedAt" timestamp with time zone NOT NULL
);


--
-- Name: SubscriptionInvoice; Type: TABLE; Schema: public; Owner: -
--

CREATE TABLE public."SubscriptionInvoice" (
    id uuid NOT NULL,
    "subscriptionId" uuid NOT NULL,
    "invoiceNumber" text NOT NULL,
    amount double precision NOT NULL,
    currency text DEFAULT 'USD'::text NOT NULL,
    status text DEFAULT 'draft'::text NOT NULL,
    "issuedAt" timestamp with time zone,
    "dueAt" timestamp with time zone,
    "paidAt" timestamp with time zone,
    "pdfUrl" text,
    "paymentId" uuid,
    "createdAt" timestamp with time zone DEFAULT CURRENT_TIMESTAMP NOT NULL,
    "updatedAt" timestamp with time zone NOT NULL
);


--
-- Name: SubscriptionPlan; Type: TABLE; Schema: public; Owner: -
--

CREATE TABLE public."SubscriptionPlan" (
    id uuid NOT NULL,
    name text NOT NULL,
    "displayName" text NOT NULL,
    description text,
    "monthlyPrice" double precision NOT NULL,
    "yearlyPrice" double precision NOT NULL,
    currency text DEFAULT 'USD'::text NOT NULL,
    "maxProperties" integer,
    "maxUsers" integer,
    "maxRooms" integer,
    "storageLimitMb" integer,
    features text DEFAULT '{}'::text NOT NULL,
    "sortOrder" integer DEFAULT 0 NOT NULL,
    "isPopular" boolean DEFAULT false NOT NULL,
    "isActive" boolean DEFAULT true NOT NULL,
    "createdAt" timestamp with time zone DEFAULT CURRENT_TIMESTAMP NOT NULL,
    "updatedAt" timestamp with time zone NOT NULL
);


--
-- Name: SurveillanceConfig; Type: TABLE; Schema: public; Owner: -
--

CREATE TABLE public."SurveillanceConfig" (
    id uuid NOT NULL,
    "tenantId" uuid NOT NULL,
    "propertyId" uuid NOT NULL,
    "configType" text NOT NULL,
    settings text NOT NULL,
    "updatedAt" timestamp with time zone NOT NULL
);


--
-- Name: SyslogServer; Type: TABLE; Schema: public; Owner: -
--

CREATE TABLE public."SyslogServer" (
    id uuid NOT NULL,
    "tenantId" uuid NOT NULL,
    "propertyId" uuid NOT NULL,
    name text NOT NULL,
    protocol text DEFAULT 'udp'::text NOT NULL,
    host text NOT NULL,
    port integer DEFAULT 514 NOT NULL,
    format text DEFAULT 'ietf'::text NOT NULL,
    facility text DEFAULT 'local1'::text NOT NULL,
    severity text DEFAULT 'info'::text NOT NULL,
    categories text DEFAULT '[]'::text NOT NULL,
    enabled boolean DEFAULT false NOT NULL,
    "tlsCertPath" text,
    "tlsVerify" boolean DEFAULT true NOT NULL,
    "createdAt" timestamp with time zone DEFAULT CURRENT_TIMESTAMP NOT NULL,
    "updatedAt" timestamp with time zone NOT NULL
);


--
-- Name: SystemNetworkHealth; Type: TABLE; Schema: public; Owner: -
--

CREATE TABLE public."SystemNetworkHealth" (
    id uuid NOT NULL,
    "tenantId" uuid NOT NULL,
    "propertyId" uuid NOT NULL,
    hostname text,
    "kernelVersion" text,
    uptime integer DEFAULT 0 NOT NULL,
    "cpuUsage" double precision DEFAULT 0 NOT NULL,
    "ramTotal" integer DEFAULT 0 NOT NULL,
    "ramUsed" integer DEFAULT 0 NOT NULL,
    "diskTotal" integer DEFAULT 0 NOT NULL,
    "diskUsed" integer DEFAULT 0 NOT NULL,
    "cpuTemperature" double precision,
    services text DEFAULT '{}'::text NOT NULL,
    "lastUpdated" timestamp with time zone DEFAULT CURRENT_TIMESTAMP NOT NULL,
    "createdAt" timestamp with time zone DEFAULT CURRENT_TIMESTAMP NOT NULL,
    "updatedAt" timestamp with time zone NOT NULL
);


--
-- Name: TableMerge; Type: TABLE; Schema: public; Owner: -
--

CREATE TABLE public."TableMerge" (
    id uuid NOT NULL,
    "tenantId" uuid NOT NULL,
    "propertyId" uuid NOT NULL,
    "tableIds" text NOT NULL,
    "partySize" integer NOT NULL,
    "mergedAt" timestamp with time zone DEFAULT CURRENT_TIMESTAMP NOT NULL,
    "splitAt" timestamp with time zone,
    status text DEFAULT 'merged'::text NOT NULL,
    "createdAt" timestamp with time zone DEFAULT CURRENT_TIMESTAMP NOT NULL,
    "updatedAt" timestamp with time zone NOT NULL
);


--
-- Name: Task; Type: TABLE; Schema: public; Owner: -
--

CREATE TABLE public."Task" (
    id uuid NOT NULL,
    "tenantId" uuid NOT NULL,
    "propertyId" uuid NOT NULL,
    "roomId" uuid,
    "assignedTo" uuid,
    type text NOT NULL,
    category text NOT NULL,
    title text NOT NULL,
    description text,
    priority text DEFAULT 'medium'::text NOT NULL,
    status text DEFAULT 'pending'::text NOT NULL,
    "scheduledAt" timestamp with time zone,
    "startedAt" timestamp with time zone,
    "completedAt" timestamp with time zone,
    "estimatedDuration" integer,
    "actualDuration" integer,
    "roomStatusBefore" text,
    "roomStatusAfter" text,
    notes text,
    "completionNotes" text,
    attachments text DEFAULT '[]'::text NOT NULL,
    "isRecurring" boolean DEFAULT false NOT NULL,
    "recurrenceRule" text,
    deadline timestamp with time zone,
    "createdBy" uuid,
    "qualityScore" integer,
    subtasks text DEFAULT '[]'::text NOT NULL,
    "serviceRequestId" uuid,
    "createdAt" timestamp with time zone DEFAULT CURRENT_TIMESTAMP NOT NULL,
    "updatedAt" timestamp with time zone NOT NULL
);


--
-- Name: TaskAssignmentSuggestion; Type: TABLE; Schema: public; Owner: -
--

CREATE TABLE public."TaskAssignmentSuggestion" (
    id uuid NOT NULL,
    "tenantId" uuid NOT NULL,
    "taskId" uuid NOT NULL,
    "suggestedUserId" uuid NOT NULL,
    score double precision DEFAULT 0 NOT NULL,
    reason text NOT NULL,
    factors text DEFAULT '{}'::text NOT NULL,
    status text DEFAULT 'pending'::text NOT NULL,
    "rejectedBy" text,
    "createdAt" timestamp with time zone DEFAULT CURRENT_TIMESTAMP NOT NULL,
    "expiresAt" timestamp with time zone,
    "acceptedAt" timestamp with time zone,
    "rejectedAt" timestamp with time zone
);


--
-- Name: TaxReport; Type: TABLE; Schema: public; Owner: -
--

CREATE TABLE public."TaxReport" (
    id uuid NOT NULL,
    "tenantId" uuid NOT NULL,
    "propertyId" uuid,
    "reportNumber" text NOT NULL,
    "reportType" text NOT NULL,
    jurisdiction text DEFAULT 'india'::text NOT NULL,
    "periodStart" timestamp with time zone NOT NULL,
    "periodEnd" timestamp with time zone NOT NULL,
    "filingDueDate" timestamp with time zone,
    "grossRevenue" double precision DEFAULT 0 NOT NULL,
    "taxableRevenue" double precision DEFAULT 0 NOT NULL,
    "taxCollected" double precision DEFAULT 0 NOT NULL,
    "taxPaid" double precision DEFAULT 0 NOT NULL,
    "taxDue" double precision DEFAULT 0 NOT NULL,
    "taxRefundable" double precision DEFAULT 0 NOT NULL,
    adjustments double precision DEFAULT 0 NOT NULL,
    "adjustmentReason" text,
    "cgstAmount" double precision DEFAULT 0 NOT NULL,
    "sgstAmount" double precision DEFAULT 0 NOT NULL,
    "igstAmount" double precision DEFAULT 0 NOT NULL,
    "cessAmount" double precision DEFAULT 0 NOT NULL,
    "stateTaxAmount" double precision DEFAULT 0 NOT NULL,
    "localTaxAmount" double precision DEFAULT 0 NOT NULL,
    "vatOutput" double precision DEFAULT 0 NOT NULL,
    "vatInput" double precision DEFAULT 0 NOT NULL,
    "transactionCount" integer DEFAULT 0 NOT NULL,
    "exemptTransactions" integer DEFAULT 0 NOT NULL,
    "exportTransactions" integer DEFAULT 0 NOT NULL,
    status text DEFAULT 'draft'::text NOT NULL,
    "filedAt" timestamp with time zone,
    "filedBy" text,
    "filingReference" text,
    "paymentReference" text,
    "paidAt" timestamp with time zone,
    "attachmentUrl" text,
    notes text,
    "internalNotes" text,
    "createdAt" timestamp with time zone DEFAULT CURRENT_TIMESTAMP NOT NULL,
    "updatedAt" timestamp with time zone NOT NULL
);


--
-- Name: Tenant; Type: TABLE; Schema: public; Owner: -
--

CREATE TABLE public."Tenant" (
    id uuid NOT NULL,
    name text NOT NULL,
    slug text NOT NULL,
    logo text,
    email public.citext NOT NULL,
    phone text,
    address text,
    city text,
    country text,
    timezone text DEFAULT 'UTC'::text NOT NULL,
    currency text DEFAULT 'USD'::text NOT NULL,
    language text DEFAULT 'en'::text NOT NULL,
    plan text DEFAULT 'trial'::text NOT NULL,
    status text DEFAULT 'trial'::text NOT NULL,
    "trialEndsAt" timestamp with time zone,
    "subscriptionStartsAt" timestamp with time zone,
    "subscriptionEndsAt" timestamp with time zone,
    "maxProperties" integer DEFAULT 1 NOT NULL,
    "maxUsers" integer DEFAULT 5 NOT NULL,
    "maxRooms" integer DEFAULT 50 NOT NULL,
    "storageLimitMb" integer DEFAULT 500 NOT NULL,
    features text DEFAULT '{}'::text NOT NULL,
    settings text DEFAULT '{}'::text NOT NULL,
    "createdAt" timestamp with time zone DEFAULT CURRENT_TIMESTAMP NOT NULL,
    "updatedAt" timestamp with time zone NOT NULL,
    "deletedAt" timestamp with time zone
);


--
-- Name: UsageLog; Type: TABLE; Schema: public; Owner: -
--

CREATE TABLE public."UsageLog" (
    id uuid NOT NULL,
    "tenantId" uuid NOT NULL,
    type text NOT NULL,
    endpoint text,
    method text,
    "statusCode" integer,
    "dataSize" integer DEFAULT 0 NOT NULL,
    duration integer,
    "ipAddress" text,
    "userAgent" text,
    "userId" uuid,
    metadata text DEFAULT '{}'::text NOT NULL,
    "createdAt" timestamp with time zone DEFAULT CURRENT_TIMESTAMP NOT NULL
);


--
-- Name: UsageSummary; Type: TABLE; Schema: public; Owner: -
--

CREATE TABLE public."UsageSummary" (
    id uuid NOT NULL,
    "tenantId" uuid NOT NULL,
    "apiCalls" integer DEFAULT 0 NOT NULL,
    "apiCallsMonth" integer DEFAULT 0 NOT NULL,
    "messagesSent" integer DEFAULT 0 NOT NULL,
    "messagesMonth" integer DEFAULT 0 NOT NULL,
    "emailsSent" integer DEFAULT 0 NOT NULL,
    "emailsMonth" integer DEFAULT 0 NOT NULL,
    "smsSent" integer DEFAULT 0 NOT NULL,
    "smsMonth" integer DEFAULT 0 NOT NULL,
    "storageUsedMb" double precision DEFAULT 0 NOT NULL,
    "storageFiles" integer DEFAULT 0 NOT NULL,
    "webhooksSent" integer DEFAULT 0 NOT NULL,
    "webhooksMonth" integer DEFAULT 0 NOT NULL,
    "lastApiCallAt" timestamp with time zone,
    "lastMessageAt" timestamp with time zone,
    "lastStorageUploadAt" timestamp with time zone,
    "lastResetAt" timestamp with time zone DEFAULT CURRENT_TIMESTAMP NOT NULL,
    "updatedAt" timestamp with time zone NOT NULL
);


--
-- Name: User; Type: TABLE; Schema: public; Owner: -
--

CREATE TABLE public."User" (
    id uuid NOT NULL,
    "tenantId" uuid NOT NULL,
    email public.citext NOT NULL,
    "passwordHash" text NOT NULL,
    "isVerified" boolean DEFAULT false NOT NULL,
    "verifiedAt" timestamp with time zone,
    "firstName" text NOT NULL,
    "lastName" text NOT NULL,
    avatar text,
    phone text,
    "jobTitle" text,
    department text,
    "roleId" uuid,
    "lastLoginAt" timestamp with time zone,
    "lastLoginIp" text,
    "passwordChangedAt" timestamp with time zone,
    "failedAttempts" integer DEFAULT 0 NOT NULL,
    "lockedUntil" timestamp with time zone,
    "twoFactorEnabled" boolean DEFAULT false NOT NULL,
    "twoFactorSecret" text,
    "backupCodes" text,
    preferences text DEFAULT '{}'::text NOT NULL,
    "isPlatformAdmin" boolean DEFAULT false NOT NULL,
    status text DEFAULT 'active'::text NOT NULL,
    "invitedAt" timestamp with time zone,
    "invitedBy" text,
    "createdAt" timestamp with time zone DEFAULT CURRENT_TIMESTAMP NOT NULL,
    "updatedAt" timestamp with time zone NOT NULL,
    "deletedAt" timestamp with time zone
);


--
-- Name: UserFcmToken; Type: TABLE; Schema: public; Owner: -
--

CREATE TABLE public."UserFcmToken" (
    id uuid NOT NULL,
    "tenantId" uuid NOT NULL,
    "userId" uuid NOT NULL,
    token text NOT NULL,
    "deviceId" uuid,
    "deviceType" text DEFAULT 'web'::text NOT NULL,
    "deviceName" text,
    "userAgent" text,
    "isActive" boolean DEFAULT true NOT NULL,
    "lastUsedAt" timestamp with time zone,
    "createdAt" timestamp with time zone DEFAULT CURRENT_TIMESTAMP NOT NULL,
    "updatedAt" timestamp with time zone NOT NULL
);


--
-- Name: UserTutorial; Type: TABLE; Schema: public; Owner: -
--

CREATE TABLE public."UserTutorial" (
    id uuid NOT NULL,
    "tenantId" uuid NOT NULL,
    "userId" uuid NOT NULL,
    "tutorialKey" text NOT NULL,
    completed boolean DEFAULT false NOT NULL,
    "completedAt" timestamp with time zone,
    "currentStep" integer DEFAULT 0 NOT NULL,
    "totalSteps" integer DEFAULT 0 NOT NULL,
    "createdAt" timestamp with time zone DEFAULT CURRENT_TIMESTAMP NOT NULL,
    "updatedAt" timestamp with time zone NOT NULL
);


--
-- Name: Vehicle; Type: TABLE; Schema: public; Owner: -
--

CREATE TABLE public."Vehicle" (
    id uuid NOT NULL,
    "tenantId" uuid NOT NULL,
    "guestId" uuid,
    "bookingId" uuid,
    "licensePlate" text NOT NULL,
    make text,
    model text,
    color text,
    year integer,
    "slotId" uuid,
    "entryTime" timestamp with time zone,
    "exitTime" timestamp with time zone,
    "parkingFee" double precision DEFAULT 0 NOT NULL,
    "isPaid" boolean DEFAULT false NOT NULL,
    status text DEFAULT 'parked'::text NOT NULL,
    "createdAt" timestamp with time zone DEFAULT CURRENT_TIMESTAMP NOT NULL,
    "updatedAt" timestamp with time zone NOT NULL
);


--
-- Name: Vendor; Type: TABLE; Schema: public; Owner: -
--

CREATE TABLE public."Vendor" (
    id uuid NOT NULL,
    "tenantId" uuid NOT NULL,
    name text NOT NULL,
    "contactPerson" text,
    email text,
    phone text,
    address text,
    type text NOT NULL,
    "paymentTerms" text,
    status text DEFAULT 'active'::text NOT NULL,
    notes text,
    "portalEmail" text,
    "portalPassword" text,
    "portalToken" text,
    "portalTokenExpires" timestamp with time zone,
    "lastPortalLogin" timestamp with time zone,
    "createdAt" timestamp with time zone DEFAULT CURRENT_TIMESTAMP NOT NULL,
    "updatedAt" timestamp with time zone NOT NULL,
    "deletedAt" timestamp with time zone
);


--
-- Name: VendorPayment; Type: TABLE; Schema: public; Owner: -
--

CREATE TABLE public."VendorPayment" (
    id uuid NOT NULL,
    "tenantId" uuid NOT NULL,
    "vendorId" uuid NOT NULL,
    "workOrderId" uuid,
    "paymentNumber" text NOT NULL,
    amount double precision NOT NULL,
    currency text DEFAULT 'USD'::text NOT NULL,
    status text DEFAULT 'pending'::text NOT NULL,
    "paymentMethod" text DEFAULT 'bank_transfer'::text NOT NULL,
    "paymentDate" timestamp with time zone,
    "dueDate" timestamp with time zone,
    "bankName" text,
    "bankAccount" text,
    "checkNumber" text,
    "transactionRef" text,
    notes text,
    "paidAt" timestamp with time zone,
    "cancelledAt" timestamp with time zone,
    "cancelReason" text,
    "createdAt" timestamp with time zone DEFAULT CURRENT_TIMESTAMP NOT NULL,
    "updatedAt" timestamp with time zone NOT NULL
);


--
-- Name: VlanConfig; Type: TABLE; Schema: public; Owner: -
--

CREATE TABLE public."VlanConfig" (
    id uuid NOT NULL,
    "tenantId" uuid NOT NULL,
    "propertyId" uuid NOT NULL,
    "parentInterfaceId" uuid NOT NULL,
    "vlanId" integer NOT NULL,
    "subInterface" text NOT NULL,
    description text,
    mtu integer DEFAULT 1500 NOT NULL,
    enabled boolean DEFAULT true NOT NULL,
    "createdAt" timestamp with time zone DEFAULT CURRENT_TIMESTAMP NOT NULL,
    "updatedAt" timestamp with time zone NOT NULL
);


--
-- Name: WaitlistEntry; Type: TABLE; Schema: public; Owner: -
--

CREATE TABLE public."WaitlistEntry" (
    id uuid NOT NULL,
    "tenantId" uuid NOT NULL,
    "propertyId" uuid NOT NULL,
    "guestId" uuid NOT NULL,
    "roomTypeId" uuid NOT NULL,
    "checkIn" timestamp with time zone NOT NULL,
    "checkOut" timestamp with time zone NOT NULL,
    adults integer DEFAULT 1 NOT NULL,
    children integer DEFAULT 0 NOT NULL,
    priority integer DEFAULT 0 NOT NULL,
    status text DEFAULT 'waiting'::text NOT NULL,
    notes text,
    "bookingId" uuid,
    "convertedAt" timestamp with time zone,
    "createdAt" timestamp with time zone DEFAULT CURRENT_TIMESTAMP NOT NULL,
    "updatedAt" timestamp with time zone NOT NULL
);


--
-- Name: WanFailover; Type: TABLE; Schema: public; Owner: -
--

CREATE TABLE public."WanFailover" (
    id uuid NOT NULL,
    "tenantId" uuid NOT NULL,
    "propertyId" uuid NOT NULL,
    "primaryWanId" uuid NOT NULL,
    "backupWanId" uuid NOT NULL,
    "healthCheckUrl" text DEFAULT 'https://1.1.1.1'::text NOT NULL,
    "healthCheckInterval" integer DEFAULT 30 NOT NULL,
    "failoverThreshold" integer DEFAULT 3 NOT NULL,
    "autoSwitchback" boolean DEFAULT true NOT NULL,
    "switchbackDelay" integer DEFAULT 300 NOT NULL,
    enabled boolean DEFAULT false NOT NULL,
    "createdAt" timestamp with time zone DEFAULT CURRENT_TIMESTAMP NOT NULL,
    "updatedAt" timestamp with time zone NOT NULL
);


--
-- Name: WebCategory; Type: TABLE; Schema: public; Owner: -
--

CREATE TABLE public."WebCategory" (
    id uuid NOT NULL,
    "tenantId" uuid NOT NULL,
    "propertyId" uuid NOT NULL,
    name text NOT NULL,
    description text,
    "categoryType" text DEFAULT 'custom'::text NOT NULL,
    "isUploadRestricted" boolean DEFAULT false NOT NULL,
    "isDefault" boolean DEFAULT false NOT NULL,
    "implementationOn" text DEFAULT 'block'::text NOT NULL,
    "sortOrder" integer DEFAULT 0 NOT NULL,
    enabled boolean DEFAULT true NOT NULL,
    "createdAt" timestamp with time zone DEFAULT CURRENT_TIMESTAMP NOT NULL,
    "updatedAt" timestamp with time zone NOT NULL
);


--
-- Name: WebCategorySchedule; Type: TABLE; Schema: public; Owner: -
--

CREATE TABLE public."WebCategorySchedule" (
    id uuid NOT NULL,
    "tenantId" uuid NOT NULL,
    "propertyId" uuid NOT NULL,
    "webCategoryId" uuid NOT NULL,
    "scheduleAccessId" uuid,
    "isAllow" boolean DEFAULT false NOT NULL,
    "orderIndex" integer DEFAULT 0 NOT NULL,
    "startTime" text DEFAULT '00:00'::text NOT NULL,
    "endTime" text DEFAULT '23:59'::text NOT NULL,
    "daysOfWeek" text DEFAULT '1,2,3,4,5,6,7'::text NOT NULL,
    enabled boolean DEFAULT true NOT NULL,
    "createdAt" timestamp with time zone DEFAULT CURRENT_TIMESTAMP NOT NULL,
    "updatedAt" timestamp with time zone NOT NULL
);


--
-- Name: WebhookDeliveryLog; Type: TABLE; Schema: public; Owner: -
--

CREATE TABLE public."WebhookDeliveryLog" (
    id uuid NOT NULL,
    "endpointId" uuid NOT NULL,
    "eventType" text NOT NULL,
    payload text NOT NULL,
    "statusCode" integer,
    response text,
    status text DEFAULT 'pending'::text NOT NULL,
    "attemptCount" integer DEFAULT 1 NOT NULL,
    "nextRetryAt" timestamp with time zone,
    "createdAt" timestamp with time zone DEFAULT CURRENT_TIMESTAMP NOT NULL
);


--
-- Name: WebhookEndpoint; Type: TABLE; Schema: public; Owner: -
--

CREATE TABLE public."WebhookEndpoint" (
    id uuid NOT NULL,
    "tenantId" uuid NOT NULL,
    name text NOT NULL,
    url text NOT NULL,
    events text DEFAULT '[]'::text NOT NULL,
    secret text NOT NULL,
    "isActive" boolean DEFAULT true NOT NULL,
    "totalCalls" integer DEFAULT 0 NOT NULL,
    "failedCalls" integer DEFAULT 0 NOT NULL,
    "lastCalledAt" timestamp with time zone,
    "createdAt" timestamp with time zone DEFAULT CURRENT_TIMESTAMP NOT NULL,
    "updatedAt" timestamp with time zone NOT NULL
);


--
-- Name: WiFiAAAConfig; Type: TABLE; Schema: public; Owner: -
--

CREATE TABLE public."WiFiAAAConfig" (
    id uuid NOT NULL,
    "tenantId" uuid NOT NULL,
    "propertyId" uuid NOT NULL,
    "defaultPlanId" uuid,
    "defaultDownloadSpeed" integer DEFAULT 10 NOT NULL,
    "defaultUploadSpeed" integer DEFAULT 10 NOT NULL,
    "defaultSessionLimit" integer,
    "defaultDataLimit" integer,
    "autoProvisionOnCheckin" boolean DEFAULT true NOT NULL,
    "autoDeprovisionOnCheckout" boolean DEFAULT true NOT NULL,
    "autoDeprovisionDelay" integer DEFAULT 0 NOT NULL,
    "authMethod" text DEFAULT 'pap'::text NOT NULL,
    "allowMacAuth" boolean DEFAULT false NOT NULL,
    "accountingSyncInterval" integer DEFAULT 5 NOT NULL,
    "lastSyncAt" timestamp with time zone,
    "lastSyncId" uuid,
    "maxConcurrentSessions" integer DEFAULT 3 NOT NULL,
    "sessionTimeoutPolicy" text DEFAULT 'hard'::text NOT NULL,
    "portalEnabled" boolean DEFAULT true NOT NULL,
    "portalTitle" text,
    "portalLogo" text,
    "portalTerms" text,
    "portalRedirectUrl" text,
    "portalBrandColor" text DEFAULT '#0d9488'::text NOT NULL,
    "voucherPortalUrl" text,
    "usernameFormat" text DEFAULT 'room_random'::text NOT NULL,
    "usernamePrefix" text,
    "usernameCase" text DEFAULT 'lowercase'::text NOT NULL,
    "usernameMinLength" integer DEFAULT 4 NOT NULL,
    "usernameMaxLength" integer DEFAULT 32 NOT NULL,
    "passwordFormat" text DEFAULT 'random_alphanumeric'::text NOT NULL,
    "passwordFixedValue" text,
    "passwordLength" integer DEFAULT 8 NOT NULL,
    "passwordIncludeUppercase" boolean DEFAULT true NOT NULL,
    "passwordIncludeNumbers" boolean DEFAULT true NOT NULL,
    "passwordIncludeSymbols" boolean DEFAULT false NOT NULL,
    "credentialSeparator" text DEFAULT '_'::text NOT NULL,
    "credentialPrintOnVoucher" boolean DEFAULT true NOT NULL,
    "credentialShowInPortal" boolean DEFAULT true NOT NULL,
    "duplicateUsernameAction" text DEFAULT 'append_random'::text NOT NULL,
    status text DEFAULT 'active'::text NOT NULL,
    "createdAt" timestamp with time zone DEFAULT CURRENT_TIMESTAMP NOT NULL,
    "updatedAt" timestamp with time zone NOT NULL
);


--
-- Name: WiFiAccountingSync; Type: TABLE; Schema: public; Owner: -
--

CREATE TABLE public."WiFiAccountingSync" (
    id uuid NOT NULL,
    "lastRadAcctId" text NOT NULL,
    "lastSyncedAt" timestamp with time zone DEFAULT CURRENT_TIMESTAMP NOT NULL,
    "recordsProcessed" integer DEFAULT 0 NOT NULL,
    errors integer DEFAULT 0 NOT NULL,
    "lastError" text,
    "createdAt" timestamp with time zone DEFAULT CURRENT_TIMESTAMP NOT NULL,
    "updatedAt" timestamp with time zone NOT NULL
);


--
-- Name: WiFiGateway; Type: TABLE; Schema: public; Owner: -
--

CREATE TABLE public."WiFiGateway" (
    id uuid NOT NULL,
    "tenantId" uuid NOT NULL,
    "propertyId" uuid NOT NULL,
    name text NOT NULL,
    description text,
    "ipAddress" text NOT NULL,
    "macAddress" text,
    vendor text NOT NULL,
    model text,
    version text,
    "radiusSecret" text NOT NULL,
    "radiusAuthPort" integer DEFAULT 1812 NOT NULL,
    "radiusAcctPort" integer DEFAULT 1813 NOT NULL,
    "coaEnabled" boolean DEFAULT false NOT NULL,
    "coaPort" integer DEFAULT 3799 NOT NULL,
    "coaSecret" text,
    "captivePortalEnabled" boolean DEFAULT false NOT NULL,
    "captivePortalUrl" text,
    "splashPageId" uuid,
    "defaultVlan" integer,
    "guestVlan" integer,
    "staffVlan" integer,
    "managementUrl" text,
    "apiUsername" text,
    "apiPassword" text,
    "apiPort" integer,
    status text DEFAULT 'active'::text NOT NULL,
    "lastSeenAt" timestamp with time zone,
    "firmwareVersion" text,
    "totalClients" integer DEFAULT 0 NOT NULL,
    "totalSessions" integer DEFAULT 0 NOT NULL,
    "createdAt" timestamp with time zone DEFAULT CURRENT_TIMESTAMP NOT NULL,
    "updatedAt" timestamp with time zone NOT NULL
);


--
-- Name: WiFiPlan; Type: TABLE; Schema: public; Owner: -
--

CREATE TABLE public."WiFiPlan" (
    id uuid NOT NULL,
    "tenantId" uuid NOT NULL,
    name text NOT NULL,
    description text,
    "downloadSpeed" integer NOT NULL,
    "uploadSpeed" integer NOT NULL,
    "dataLimit" integer,
    "sessionLimit" integer,
    "sessionTimeoutSec" integer,
    "idleTimeoutSec" integer,
    "maxDevices" integer DEFAULT 1 NOT NULL,
    "fupPolicyId" uuid,
    "ipPoolId" uuid,
    price double precision DEFAULT 0 NOT NULL,
    currency text DEFAULT 'USD'::text NOT NULL,
    priority integer DEFAULT 0 NOT NULL,
    "validityDays" integer DEFAULT 1 NOT NULL,
    "validityMinutes" integer DEFAULT 1440 NOT NULL,
    status text DEFAULT 'active'::text NOT NULL,
    "createdAt" timestamp with time zone DEFAULT CURRENT_TIMESTAMP NOT NULL,
    "updatedAt" timestamp with time zone NOT NULL
);


--
-- Name: WiFiSession; Type: TABLE; Schema: public; Owner: -
--

CREATE TABLE public."WiFiSession" (
    id uuid NOT NULL,
    "tenantId" uuid NOT NULL,
    "planId" uuid,
    "guestId" uuid,
    "bookingId" uuid,
    username text,
    "acctUniqueId" text,
    "macAddress" text NOT NULL,
    "ipAddress" text,
    "deviceName" text,
    "deviceType" text,
    "startTime" timestamp with time zone DEFAULT CURRENT_TIMESTAMP NOT NULL,
    "endTime" timestamp with time zone,
    "dataUsed" bigint DEFAULT 0 NOT NULL,
    duration integer DEFAULT 0 NOT NULL,
    "authMethod" text DEFAULT 'voucher'::text NOT NULL,
    status text DEFAULT 'active'::text NOT NULL,
    "createdAt" timestamp with time zone DEFAULT CURRENT_TIMESTAMP NOT NULL,
    "updatedAt" timestamp with time zone NOT NULL
);


--
-- Name: WiFiUser; Type: TABLE; Schema: public; Owner: -
--

CREATE TABLE public."WiFiUser" (
    id uuid NOT NULL,
    "tenantId" uuid NOT NULL,
    "propertyId" uuid NOT NULL,
    username text NOT NULL,
    password text NOT NULL,
    "guestId" uuid,
    "bookingId" uuid,
    "userType" text DEFAULT 'guest'::text NOT NULL,
    "planId" uuid,
    "ipPoolId" uuid,
    "validFrom" timestamp with time zone NOT NULL,
    "validUntil" timestamp with time zone NOT NULL,
    "maxSessions" integer DEFAULT 1 NOT NULL,
    "sessionCount" integer DEFAULT 0 NOT NULL,
    "totalBytesIn" bigint DEFAULT 0 NOT NULL,
    "totalBytesOut" bigint DEFAULT 0 NOT NULL,
    status text DEFAULT 'active'::text NOT NULL,
    "radiusSynced" boolean DEFAULT false NOT NULL,
    "radiusSyncedAt" timestamp with time zone,
    "lastAccountingAt" timestamp with time zone,
    "createdAt" timestamp with time zone DEFAULT CURRENT_TIMESTAMP NOT NULL,
    "updatedAt" timestamp with time zone NOT NULL
);


--
-- Name: WiFiUserStatusHistory; Type: TABLE; Schema: public; Owner: -
--

CREATE TABLE public."WiFiUserStatusHistory" (
    id uuid NOT NULL,
    "tenantId" uuid NOT NULL,
    "propertyId" uuid NOT NULL,
    username text NOT NULL,
    "userId" uuid,
    "oldStatus" text,
    "newStatus" text NOT NULL,
    "changedBy" text,
    "changeReason" text,
    "ipAddress" text,
    "createdAt" timestamp with time zone DEFAULT CURRENT_TIMESTAMP NOT NULL
);


--
-- Name: WiFiVoucher; Type: TABLE; Schema: public; Owner: -
--

CREATE TABLE public."WiFiVoucher" (
    id uuid NOT NULL,
    "tenantId" uuid NOT NULL,
    "planId" uuid NOT NULL,
    code text NOT NULL,
    "guestId" uuid,
    "bookingId" uuid,
    "isUsed" boolean DEFAULT false NOT NULL,
    "usedAt" timestamp with time zone,
    "validFrom" timestamp with time zone NOT NULL,
    "validUntil" timestamp with time zone NOT NULL,
    status text DEFAULT 'active'::text NOT NULL,
    notes text,
    "issuedTo" text,
    "issuedAt" timestamp with time zone,
    "createdAt" timestamp with time zone DEFAULT CURRENT_TIMESTAMP NOT NULL,
    "updatedAt" timestamp with time zone NOT NULL
);


--
-- Name: WorkOrder; Type: TABLE; Schema: public; Owner: -
--

CREATE TABLE public."WorkOrder" (
    id uuid NOT NULL,
    "tenantId" uuid NOT NULL,
    "propertyId" uuid NOT NULL,
    "vendorId" uuid,
    "roomId" uuid,
    "assetId" uuid,
    "workOrderNumber" text NOT NULL,
    title text NOT NULL,
    description text,
    type text DEFAULT 'general'::text NOT NULL,
    priority text DEFAULT 'medium'::text NOT NULL,
    status text DEFAULT 'pending'::text NOT NULL,
    "requestedBy" text,
    "assignedAt" timestamp with time zone,
    "scheduledDate" timestamp with time zone,
    "startedAt" timestamp with time zone,
    "completedAt" timestamp with time zone,
    "estimatedCost" double precision,
    "actualCost" double precision,
    "estimatedHours" double precision,
    "actualHours" double precision,
    notes text,
    "completionNotes" text,
    attachments text DEFAULT '[]'::text NOT NULL,
    "vendorNotes" text,
    rating integer,
    feedback text,
    "createdAt" timestamp with time zone DEFAULT CURRENT_TIMESTAMP NOT NULL,
    "updatedAt" timestamp with time zone NOT NULL,
    "deletedAt" timestamp with time zone
);


--
-- Name: _CaptivePortalToVlanConfig; Type: TABLE; Schema: public; Owner: -
--

CREATE TABLE public."_CaptivePortalToVlanConfig" (
    "A" uuid NOT NULL,
    "B" uuid NOT NULL
);


--
-- Name: _ModifierItems; Type: TABLE; Schema: public; Owner: -
--

CREATE TABLE public."_ModifierItems" (
    "A" uuid NOT NULL,
    "B" uuid NOT NULL
);


--
-- Name: data_usage_by_period; Type: TABLE; Schema: public; Owner: -
--

CREATE TABLE public.data_usage_by_period (
    username text NOT NULL,
    period_start timestamp with time zone NOT NULL,
    period_end timestamp with time zone,
    acctinputoctets bigint DEFAULT 0 NOT NULL,
    acctoutputoctets bigint DEFAULT 0 NOT NULL
);


--
-- Name: fup_switch_log; Type: TABLE; Schema: public; Owner: -
--

CREATE TABLE public.fup_switch_log (
    id bigint NOT NULL,
    username text NOT NULL,
    fup_policy_name text,
    usage_mb double precision DEFAULT 0 NOT NULL,
    limit_mb double precision DEFAULT 0 NOT NULL,
    throttle_down_kbps integer DEFAULT 0 NOT NULL,
    throttle_up_kbps integer DEFAULT 0 NOT NULL,
    triggered_at timestamp with time zone DEFAULT CURRENT_TIMESTAMP NOT NULL,
    property_id uuid,
    plan_name text,
    cycle_type text,
    action text DEFAULT 'throttle'::text NOT NULL,
    original_down_kbps integer DEFAULT 0 NOT NULL,
    original_up_kbps integer DEFAULT 0 NOT NULL,
    nas_ip text,
    created_at timestamp with time zone DEFAULT CURRENT_TIMESTAMP NOT NULL
);


--
-- Name: fup_switch_log_id_seq; Type: SEQUENCE; Schema: public; Owner: -
--

CREATE SEQUENCE public.fup_switch_log_id_seq
    START WITH 1
    INCREMENT BY 1
    NO MINVALUE
    NO MAXVALUE
    CACHE 1;


--
-- Name: fup_switch_log_id_seq; Type: SEQUENCE OWNED BY; Schema: public; Owner: -
--

ALTER SEQUENCE public.fup_switch_log_id_seq OWNED BY public.fup_switch_log.id;


--
-- Name: nas; Type: TABLE; Schema: public; Owner: -
--

CREATE TABLE public.nas (
    id integer NOT NULL,
    nasname text NOT NULL,
    shortname text NOT NULL,
    type text DEFAULT 'other'::text NOT NULL,
    ports integer,
    secret text NOT NULL,
    server text,
    community text,
    description text
);


--
-- Name: nas_id_seq; Type: SEQUENCE; Schema: public; Owner: -
--

CREATE SEQUENCE public.nas_id_seq
    AS integer
    START WITH 1
    INCREMENT BY 1
    NO MINVALUE
    NO MAXVALUE
    CACHE 1;


--
-- Name: nas_id_seq; Type: SEQUENCE OWNED BY; Schema: public; Owner: -
--

ALTER SEQUENCE public.nas_id_seq OWNED BY public.nas.id;


--
-- Name: nasreload; Type: TABLE; Schema: public; Owner: -
--

CREATE TABLE public.nasreload (
    nasipaddress text NOT NULL,
    reloadtime timestamp with time zone NOT NULL
);


--
-- Name: radacct; Type: TABLE; Schema: public; Owner: -
--

CREATE TABLE public.radacct (
    radacctid bigint NOT NULL,
    acctsessionid text DEFAULT ''::text NOT NULL,
    acctuniqueid text NOT NULL,
    username text,
    realm text,
    nasipaddress text NOT NULL,
    nasportid text,
    nasporttype text,
    acctstarttime timestamp with time zone,
    acctupdatetime timestamp with time zone,
    acctstoptime timestamp with time zone,
    acctinterval bigint,
    acctsessiontime bigint,
    acctauthentic text,
    connectinfo_start text,
    connectinfo_stop text,
    acctinputoctets bigint DEFAULT 0,
    acctoutputoctets bigint DEFAULT 0,
    acctinputgigawords bigint DEFAULT 0,
    acctoutputgigawords bigint DEFAULT 0,
    calledstationid text,
    callingstationid text,
    acctterminatecause text,
    servicetype text,
    framedprotocol text,
    framedipaddress text,
    framedipv6address text,
    framedipv6prefix text,
    framedinterfaceid text,
    delegatedipv6prefix text,
    acctinputpackets integer DEFAULT 0,
    acctoutputpackets integer DEFAULT 0,
    acctstatus text DEFAULT 'start'::text,
    "loginType" text DEFAULT 'portal'::text,
    "createdAt" timestamp with time zone DEFAULT CURRENT_TIMESTAMP NOT NULL,
    "updatedAt" timestamp with time zone NOT NULL,
    class text
);


--
-- Name: radacct_radacctid_seq; Type: SEQUENCE; Schema: public; Owner: -
--

CREATE SEQUENCE public.radacct_radacctid_seq
    START WITH 1
    INCREMENT BY 1
    NO MINVALUE
    NO MAXVALUE
    CACHE 1;


--
-- Name: radacct_radacctid_seq; Type: SEQUENCE OWNED BY; Schema: public; Owner: -
--

ALTER SEQUENCE public.radacct_radacctid_seq OWNED BY public.radacct.radacctid;


--
-- Name: radcheck; Type: TABLE; Schema: public; Owner: -
--

CREATE TABLE public.radcheck (
    id uuid NOT NULL,
    "wifiUserId" uuid,
    username text NOT NULL,
    attribute text NOT NULL,
    op text DEFAULT ':='::text NOT NULL,
    value text NOT NULL,
    priority integer DEFAULT 0 NOT NULL,
    "isActive" boolean DEFAULT true NOT NULL,
    "createdAt" timestamp with time zone DEFAULT CURRENT_TIMESTAMP NOT NULL,
    "updatedAt" timestamp with time zone NOT NULL
);


--
-- Name: radgroupcheck; Type: TABLE; Schema: public; Owner: -
--

CREATE TABLE public.radgroupcheck (
    id uuid NOT NULL,
    groupname text NOT NULL,
    attribute text NOT NULL,
    op text DEFAULT ':='::text NOT NULL,
    value text NOT NULL,
    priority integer DEFAULT 0 NOT NULL,
    "createdAt" timestamp with time zone DEFAULT CURRENT_TIMESTAMP NOT NULL
);


--
-- Name: radgroupreply; Type: TABLE; Schema: public; Owner: -
--

CREATE TABLE public.radgroupreply (
    id uuid NOT NULL,
    groupname text NOT NULL,
    attribute text NOT NULL,
    op text DEFAULT ':='::text NOT NULL,
    value text NOT NULL,
    priority integer DEFAULT 0 NOT NULL,
    "createdAt" timestamp with time zone DEFAULT CURRENT_TIMESTAMP NOT NULL
);


--
-- Name: radpostauth; Type: TABLE; Schema: public; Owner: -
--

CREATE TABLE public.radpostauth (
    id bigint NOT NULL,
    username text NOT NULL,
    pass text,
    reply text,
    calledstationid text,
    callingstationid text,
    authdate timestamp with time zone DEFAULT CURRENT_TIMESTAMP NOT NULL,
    "propertyId" uuid,
    "nasIpAddress" text,
    clientipaddress text,
    class text
);


--
-- Name: radpostauth_id_seq; Type: SEQUENCE; Schema: public; Owner: -
--

CREATE SEQUENCE public.radpostauth_id_seq
    START WITH 1
    INCREMENT BY 1
    NO MINVALUE
    NO MAXVALUE
    CACHE 1;


--
-- Name: radpostauth_id_seq; Type: SEQUENCE OWNED BY; Schema: public; Owner: -
--

ALTER SEQUENCE public.radpostauth_id_seq OWNED BY public.radpostauth.id;


--
-- Name: radreply; Type: TABLE; Schema: public; Owner: -
--

CREATE TABLE public.radreply (
    id uuid NOT NULL,
    "wifiUserId" uuid,
    username text NOT NULL,
    attribute text NOT NULL,
    op text DEFAULT ':='::text NOT NULL,
    value text NOT NULL,
    priority integer DEFAULT 0 NOT NULL,
    "isActive" boolean DEFAULT true NOT NULL,
    "createdAt" timestamp with time zone DEFAULT CURRENT_TIMESTAMP NOT NULL,
    "updatedAt" timestamp with time zone NOT NULL
);


--
-- Name: radusergroup; Type: TABLE; Schema: public; Owner: -
--

CREATE TABLE public.radusergroup (
    id uuid NOT NULL,
    username text NOT NULL,
    groupname text NOT NULL,
    priority integer DEFAULT 0 NOT NULL,
    "createdAt" timestamp with time zone DEFAULT CURRENT_TIMESTAMP NOT NULL
);


--
-- Name: v_session_history; Type: VIEW; Schema: public; Owner: -
--

CREATE VIEW public.v_session_history AS
 SELECT COALESCE((s.id)::text, r.acctuniqueid) AS session_id,
    COALESCE((s.id)::text, (r.radacctid)::text) AS radacctid,
    COALESCE((s.id)::text, r.acctsessionid) AS acctsessionid,
    COALESCE(s."tenantId", '00000000-0000-0000-0000-000000000000'::uuid) AS "tenantId",
    COALESCE(s."planId", '00000000-0000-0000-0000-000000000000'::uuid) AS "planId",
    COALESCE(s."guestId", '00000000-0000-0000-0000-000000000000'::uuid) AS "guestId",
    COALESCE(s."bookingId", '00000000-0000-0000-0000-000000000000'::uuid) AS "bookingId",
    COALESCE(s."macAddress", r.callingstationid) AS callingstationid,
    COALESCE(s."macAddress", r.callingstationid) AS wifi_mac,
    COALESCE(s."ipAddress", r.framedipaddress) AS "ipAddress",
    COALESCE(s."ipAddress", r.framedipaddress) AS framedipaddress,
    COALESCE(dp."deviceName", s."deviceName") AS "deviceName",
    COALESCE(dp."deviceType", s."deviceType") AS "deviceType",
    COALESCE(s."startTime", r.acctstarttime) AS acctstarttime,
    COALESCE(s."startTime", r.acctupdatetime) AS acctupdatetime,
    COALESCE(s."endTime", r.acctstoptime) AS acctstoptime,
    ((COALESCE(s."dataUsed", (0)::bigint) + COALESCE(r.acctinputoctets, (0)::bigint)) + COALESCE(r.acctoutputoctets, (0)::bigint)) AS total_data_used,
    COALESCE((s.duration)::bigint, r.acctsessiontime, (0)::bigint) AS acctsessiontime,
    COALESCE(
        CASE
            WHEN (s."dataUsed" IS NOT NULL) THEN (((s."dataUsed")::numeric * 0.7))::bigint
            ELSE r.acctoutputoctets
        END, (0)::bigint) AS acctoutputoctets,
    COALESCE(
        CASE
            WHEN (s."dataUsed" IS NOT NULL) THEN (((s."dataUsed")::numeric * 0.3))::bigint
            ELSE r.acctinputoctets
        END, (0)::bigint) AS acctinputoctets,
    s."authMethod",
    COALESCE(s.status,
        CASE
            WHEN (r.acctstoptime IS NULL) THEN 'active'::text
            ELSE 'completed'::text
        END) AS session_status,
    COALESCE(s.status,
        CASE
            WHEN (r.acctstoptime IS NULL) THEN 'active'::text
            ELSE 'completed'::text
        END) AS wifi_user_status,
    COALESCE(s.status,
        CASE
            WHEN (r.acctstoptime IS NULL) THEN 'active'::text
            ELSE 'completed'::text
        END) AS status,
    COALESCE(r.acctterminatecause,
        CASE
            WHEN (s.status = 'active'::text) THEN 'User-Request'::text
            ELSE 'NAS-Request'::text
        END) AS acctterminatecause,
    s."createdAt",
    s."updatedAt",
    COALESCE(wu.username, r.username, ''::text) AS username,
    COALESCE(g."firstName", ''::text) AS guest_first_name,
    COALESCE(g."lastName", ''::text) AS guest_last_name,
    COALESCE(g.email, ''::public.citext) AS guest_email,
    COALESCE(g.phone, ''::text) AS guest_phone,
    COALESCE(g."loyaltyTier", ''::text) AS guest_loyalty_tier,
        CASE
            WHEN (g."isVip" = true) THEN 1
            ELSE 0
        END AS guest_is_vip,
    COALESCE(rm.number, ''::text) AS room_number,
    COALESCE(rm.name, ''::text) AS room_name,
    COALESCE(rm.floor, 0) AS room_floor,
    COALESCE(p.name, ''::text) AS property_name,
    COALESCE(wp.name, ''::text) AS plan_name,
    wp."downloadSpeed" AS downloadspeed,
    wp."downloadSpeed" AS plan_download_speed,
    wp."uploadSpeed" AS uploadspeed,
    wp."uploadSpeed" AS plan_upload_speed,
    wp."dataLimit" AS datalimit,
    wp."dataLimit" AS plan_data_limit,
    wp."sessionTimeoutSec",
    wp."idleTimeoutSec",
    COALESCE(b."confirmationCode", ''::text) AS booking_code,
    COALESCE(b.status, ''::text) AS booking_status,
    COALESCE((s.id)::text, r.acctuniqueid) AS acctuniqueid,
    r.framedipv6address,
    COALESCE(r.nasipaddress, '0.0.0.0'::text) AS nasipaddress,
    ''::text AS nasidentifier,
    r.nasportid,
    COALESCE(r.nasporttype, 'Wireless-802.11'::text) AS nasporttype,
    COALESCE(r.calledstationid, ''::text) AS calledstationid,
    r.connectinfo_start,
    r.connectinfo_stop,
    COALESCE(r."loginType", 'portal'::text) AS "loginType",
    dp."userAgent",
    dp."macAddress" AS "dp_macAddress",
    COALESCE(dp."authCount", 0) AS "dp_authCount"
   FROM ((((((((public."WiFiSession" s
     FULL JOIN ( SELECT DISTINCT ON (radacct.username, radacct.acctsessionid) radacct.radacctid,
            radacct.acctsessionid,
            radacct.acctuniqueid,
            radacct.username,
            radacct.realm,
            radacct.nasipaddress,
            radacct.nasportid,
            radacct.nasporttype,
            radacct.acctstarttime,
            radacct.acctupdatetime,
            radacct.acctstoptime,
            radacct.acctinterval,
            radacct.acctsessiontime,
            radacct.acctauthentic,
            radacct.connectinfo_start,
            radacct.connectinfo_stop,
            radacct.acctinputoctets,
            radacct.acctoutputoctets,
            radacct.acctinputgigawords,
            radacct.acctoutputgigawords,
            radacct.calledstationid,
            radacct.callingstationid,
            radacct.acctterminatecause,
            radacct.servicetype,
            radacct.framedprotocol,
            radacct.framedipaddress,
            radacct.framedipv6address,
            radacct.framedipv6prefix,
            radacct.framedinterfaceid,
            radacct.delegatedipv6prefix,
            radacct.acctinputpackets,
            radacct.acctoutputpackets,
            radacct.acctstatus,
            radacct."createdAt",
            radacct."updatedAt",
            radacct.class,
            radacct."loginType"
           FROM public.radacct
          ORDER BY radacct.username, radacct.acctsessionid, radacct.radacctid DESC) r ON (((s.id)::text = r.acctuniqueid)))
     LEFT JOIN LATERAL ( SELECT "WiFiUser".id,
            "WiFiUser"."tenantId",
            "WiFiUser"."propertyId",
            "WiFiUser".username,
            "WiFiUser".password,
            "WiFiUser"."guestId",
            "WiFiUser"."bookingId",
            "WiFiUser"."userType",
            "WiFiUser"."planId",
            "WiFiUser"."ipPoolId",
            "WiFiUser"."validFrom",
            "WiFiUser"."validUntil",
            "WiFiUser"."maxSessions",
            "WiFiUser"."sessionCount",
            "WiFiUser"."totalBytesIn",
            "WiFiUser"."totalBytesOut",
            "WiFiUser".status,
            "WiFiUser"."radiusSynced",
            "WiFiUser"."radiusSyncedAt",
            "WiFiUser"."lastAccountingAt",
            "WiFiUser"."createdAt",
            "WiFiUser"."updatedAt"
           FROM public."WiFiUser"
          WHERE (("WiFiUser".username = r.username) OR ((r.username IS NULL) AND ("WiFiUser"."guestId" IS NOT NULL) AND ("WiFiUser"."guestId" = s."guestId")))
         LIMIT 1) wu ON (true))
     LEFT JOIN LATERAL ( SELECT "DeviceProfile"."deviceName",
            "DeviceProfile"."deviceType",
            "DeviceProfile"."macAddress",
            "DeviceProfile"."userAgent",
            "DeviceProfile"."authCount",
            "DeviceProfile"."wifiUserId"
           FROM public."DeviceProfile"
          WHERE (("DeviceProfile"."wifiUserId" = wu.id) AND ("DeviceProfile"."isActive" = true))
          ORDER BY "DeviceProfile"."lastSeenAt" DESC
         LIMIT 1) dp ON (true))
     LEFT JOIN public."Guest" g ON (((COALESCE(wu."guestId", s."guestId") IS NOT NULL) AND (COALESCE(wu."guestId", s."guestId") = g.id))))
     LEFT JOIN public."Booking" b ON (((COALESCE(wu."bookingId", s."bookingId") IS NOT NULL) AND (COALESCE(wu."bookingId", s."bookingId") = b.id))))
     LEFT JOIN public."Room" rm ON ((b."roomId" = rm.id)))
     LEFT JOIN public."Property" p ON (((COALESCE(wu."propertyId", b."propertyId") IS NOT NULL) AND (COALESCE(wu."propertyId", b."propertyId") = p.id))))
     LEFT JOIN public."WiFiPlan" wp ON ((COALESCE(s."planId", wu."planId") = wp.id)));


--
-- Name: v_active_sessions; Type: VIEW; Schema: public; Owner: -
--

CREATE VIEW public.v_active_sessions AS
 SELECT session_id,
    radacctid,
    acctsessionid,
    "tenantId",
    "planId",
    "guestId",
    "bookingId",
    callingstationid,
    wifi_mac,
    "ipAddress",
    framedipaddress,
    "deviceName",
    "deviceType",
    acctstarttime,
    acctupdatetime,
    acctstoptime,
    total_data_used,
    acctsessiontime,
    acctoutputoctets,
    acctinputoctets,
    "authMethod",
    session_status,
    wifi_user_status,
    status,
    acctterminatecause,
    "createdAt",
    "updatedAt",
    username,
    guest_first_name,
    guest_last_name,
    guest_email,
    guest_phone,
    guest_loyalty_tier,
    guest_is_vip,
    room_number,
    room_name,
    room_floor,
    property_name,
    plan_name,
    downloadspeed,
    plan_download_speed,
    uploadspeed,
    plan_upload_speed,
    datalimit,
    plan_data_limit,
    booking_code,
    booking_status,
    acctuniqueid,
    framedipv6address,
    nasipaddress,
    nasidentifier,
    nasportid,
    nasporttype,
    calledstationid,
    connectinfo_start,
    connectinfo_stop,
    "loginType",
    "userAgent",
    "dp_macAddress",
    "dp_authCount",
    "sessionTimeoutSec",
    "idleTimeoutSec"
   FROM public.v_session_history
  WHERE (session_status = 'active'::text);


--
-- Name: v_auth_logs; Type: VIEW; Schema: public; Owner: -
--

CREATE VIEW public.v_auth_logs AS
 SELECT (pa.id)::text AS id,
    pa.username,
    pa.reply AS auth_result,
    pa.authdate AS "timestamp",
    COALESCE(replace(acct.framedipaddress, '/32'::text, ''::text), ''::text) AS client_ip_address,
    COALESCE(pa."nasIpAddress", ''::text) AS nas_ip_address,
    COALESCE(NULLIF(pa.clientipaddress, ''::text), COALESCE(pa."nasIpAddress", ''::text), ''::text) AS source_ip_address,
    COALESCE(pa.callingstationid, ''::text) AS calling_station_id,
    COALESCE(pa.calledstationid, ''::text) AS called_station_id,
    'PAP'::text AS auth_type,
        CASE
            WHEN (pa.reply = 'Access-Accept'::text) THEN
            CASE
                WHEN (COALESCE(replace(acct.framedipaddress, '/32'::text, ''::text), ''::text) <> ''::text) THEN ('Authenticated — client IP: '::text || replace(acct.framedipaddress, '/32'::text, ''::text))
                WHEN (COALESCE(pa."nasIpAddress", ''::text) <> ''::text) THEN ('Authenticated from NAS '::text || pa."nasIpAddress")
                ELSE 'Authenticated successfully'::text
            END
            ELSE
            CASE
                WHEN (pa.pass ~~ 'IP_NOT_IN_POOL:%%'::text) THEN (('Rejected — IP not in managed pool: '::text || replace(pa.pass, 'IP_NOT_IN_POOL:'::text, ''::text)) || COALESCE((' — user: '::text || pa.username), ''::text))
                WHEN (pa.pass ~~ 'IP_NOT_DETERMINED'::text) THEN ('Rejected — could not determine client IP'::text || COALESCE((' — user: '::text || pa.username), ''::text))
                WHEN (pa.pass ~~ 'MAX_SESSIONS%%'::text) THEN (('Rejected — max concurrent sessions reached'::text || COALESCE((' — user: '::text || pa.username), ''::text)) || COALESCE((' — from: '::text || COALESCE(pa.clientipaddress, pa."nasIpAddress")), ''::text))
                WHEN (pa.pass ~~ 'RADIUS_UNREACHABLE'::text) THEN ('Rejected — RADIUS server unreachable'::text || COALESCE((' — user: '::text || pa.username), ''::text))
                WHEN (pa.pass ~~ 'ACCOUNT_%%'::text) THEN ((('Rejected — '::text || lower(replace(pa.pass, '_'::text, ' '::text))) || COALESCE((' — user: '::text || pa.username), ''::text)) || COALESCE((' — from: '::text || COALESCE(pa.clientipaddress, pa."nasIpAddress")), ''::text))
                WHEN ((pa.pass ~~ 'INVALID_%%'::text) OR (pa.pass ~~ 'MISSING_%%'::text) OR (pa.pass ~~ 'VOUCHER_%%'::text) OR (pa.pass ~~ 'AUTH_%%'::text)) THEN ((('Rejected — '::text || lower(replace(pa.pass, '_'::text, ' '::text))) || COALESCE((' — user: '::text || pa.username), ''::text)) || COALESCE((' — from: '::text || COALESCE(pa.clientipaddress, pa."nasIpAddress")), ''::text))
                WHEN (wu.id IS NOT NULL) THEN (('Rejected — invalid password'::text || COALESCE((' — user: '::text || pa.username), ''::text)) || COALESCE((' — from: '::text || COALESCE(pa.clientipaddress, pa."nasIpAddress")), ''::text))
                ELSE (('Rejected — user not found'::text || COALESCE((' — username: '::text || pa.username), ''::text)) || COALESCE((' — from: '::text || COALESCE(pa.clientipaddress, pa."nasIpAddress")), ''::text))
            END
        END AS reply_message,
    COALESCE(g."firstName", ''::text) AS guest_first_name,
    COALESCE(g."lastName", ''::text) AS guest_last_name,
    COALESCE(rm.number, ''::text) AS room_number,
    COALESCE(p.name, ''::text) AS property_name,
    COALESCE((u."propertyId")::text, ''::text) AS property_id,
    rg.groupname AS radius_group,
    wp.name AS plan_name,
    wp."downloadSpeed" AS plan_download_speed,
    wp."uploadSpeed" AS plan_upload_speed,
    wp."dataLimit" AS plan_data_limit
   FROM (((((((((public.radpostauth pa
     LEFT JOIN LATERAL ( SELECT radacct.framedipaddress
           FROM public.radacct
          WHERE (radacct.username = pa.username)
          ORDER BY radacct.acctstarttime DESC
         LIMIT 1) acct ON (true))
     LEFT JOIN public."WiFiUser" u ON ((pa.username = u.username)))
     LEFT JOIN public."WiFiUser" wu ON ((pa.username = wu.username)))
     LEFT JOIN public."Guest" g ON ((u."guestId" = g.id)))
     LEFT JOIN public."Booking" b ON ((u."bookingId" = b.id)))
     LEFT JOIN public."Room" rm ON ((b."roomId" = rm.id)))
     LEFT JOIN public."Property" p ON ((u."propertyId" = p.id)))
     LEFT JOIN public."WiFiPlan" wp ON ((u."planId" = wp.id)))
     LEFT JOIN public.radusergroup rg ON ((pa.username = rg.username)));


--
-- Name: v_fup_switch_logs; Type: VIEW; Schema: public; Owner: -
--

CREATE VIEW public.v_fup_switch_logs AS
 SELECT (fsl.id)::text AS id,
    fsl.username,
    fsl.fup_policy_name,
    fsl.usage_mb,
    fsl.limit_mb,
    fsl.throttle_down_kbps,
    fsl.throttle_up_kbps,
    fsl.triggered_at,
    COALESCE(p.name, ''::text) AS property_name,
    wu."planId",
    wp.name AS plan_name,
    rg.groupname AS radius_group
   FROM ((((public.fup_switch_log fsl
     LEFT JOIN public."WiFiUser" wu ON ((wu.username = fsl.username)))
     LEFT JOIN public."Property" p ON ((p.id = fsl.property_id)))
     LEFT JOIN public."WiFiPlan" wp ON ((wp.id = wu."planId")))
     LEFT JOIN public.radusergroup rg ON ((rg.username = fsl.username)))
  ORDER BY fsl.triggered_at DESC;


--
-- Name: v_user_usage; Type: VIEW; Schema: public; Owner: -
--

CREATE VIEW public.v_user_usage AS
 SELECT u.id AS user_id,
    u."tenantId",
    u."propertyId",
    u."guestId",
    u."bookingId",
    u.username,
    u."planId",
    u.status,
    u."totalBytesIn",
    u."totalBytesOut",
    (u."totalBytesIn" + u."totalBytesOut") AS total_data_used,
    COALESCE(( SELECT count(DISTINCT sh.radacctid) AS count
           FROM public.v_session_history sh
          WHERE (sh.username = u.username)), (0)::bigint) AS total_sessions,
    COALESCE(( SELECT count(DISTINCT sh.radacctid) AS count
           FROM public.v_session_history sh
          WHERE ((sh.username = u.username) AND (sh.session_status = 'active'::text))), (0)::bigint) AS active_sessions,
    u."totalBytesOut" AS total_download_bytes,
    u."totalBytesIn" AS total_upload_bytes,
    COALESCE(( SELECT sum(ws.duration) AS sum
           FROM public."WiFiSession" ws
          WHERE (ws."guestId" = u."guestId")), (0)::bigint) AS total_session_time,
    u."lastAccountingAt" AS last_session_start,
    COALESCE(( SELECT min(ws."startTime") AS min
           FROM public."WiFiSession" ws
          WHERE (ws."guestId" = u."guestId")), '1970-01-01 00:00:00+00'::timestamp with time zone) AS first_session_start,
    u."lastAccountingAt" AS "lastSeenAt",
    u."createdAt",
    u."updatedAt",
    COALESCE(g."firstName", ''::text) AS guest_first_name,
    COALESCE(g."lastName", ''::text) AS guest_last_name,
    COALESCE(g.email, ''::public.citext) AS guest_email,
    COALESCE(g."loyaltyTier", ''::text) AS guest_loyalty_tier,
        CASE
            WHEN (g."isVip" = true) THEN 1
            ELSE 0
        END AS guest_is_vip,
    COALESCE(r.number, ''::text) AS room_number,
    COALESCE(r.name, ''::text) AS room_name,
    COALESCE(p.name, ''::text) AS property_name,
    COALESCE(wp.name, ''::text) AS plan_name,
    wp."downloadSpeed" AS plan_download_speed,
    wp."uploadSpeed" AS plan_upload_speed,
    wp."dataLimit" AS plan_data_limit,
    COALESCE(b."confirmationCode", ''::text) AS booking_code,
    COALESCE(b.status, ''::text) AS booking_status
   FROM (((((public."WiFiUser" u
     LEFT JOIN public."Guest" g ON ((u."guestId" = g.id)))
     LEFT JOIN public."Booking" b ON ((u."bookingId" = b.id)))
     LEFT JOIN public."Room" r ON ((b."roomId" = r.id)))
     LEFT JOIN public."Property" p ON ((u."propertyId" = p.id)))
     LEFT JOIN public."WiFiPlan" wp ON ((u."planId" = wp.id)));


--
-- Name: v_wifi_users; Type: VIEW; Schema: public; Owner: -
--

CREATE VIEW public.v_wifi_users AS
 SELECT u.id,
    u."tenantId",
    u."propertyId",
    u."guestId",
    u."bookingId",
    u.username,
    u."planId",
    u.status,
    NULL::text AS "authMethod",
    NULL::text AS "macAddress",
    u."validFrom",
    u."validUntil",
    u."totalBytesIn",
    u."totalBytesOut",
    u."sessionCount",
    u."lastAccountingAt" AS "lastSeenAt",
    u."createdAt",
    u."updatedAt",
    ( SELECT rc.value
           FROM public.radcheck rc
          WHERE ((rc.username = u.username) AND (rc.attribute = 'Cleartext-Password'::text))
         LIMIT 1) AS radius_password,
    ( SELECT rg.groupname
           FROM public.radusergroup rg
          WHERE (rg.username = u.username)
         LIMIT 1) AS radius_group,
    g."firstName" AS guest_first_name,
    g."lastName" AS guest_last_name,
    g.email AS guest_email,
    g.phone AS guest_phone,
    g."loyaltyTier" AS guest_loyalty_tier,
        CASE
            WHEN (g."isVip" = true) THEN 1
            ELSE 0
        END AS guest_is_vip,
    r.number AS room_number,
    r.name AS room_name,
    r.floor AS room_floor,
    p.name AS property_name,
    wp.name AS plan_name,
    wp."downloadSpeed" AS plan_download_speed,
    wp."uploadSpeed" AS plan_upload_speed,
    wp."dataLimit" AS plan_data_limit,
    b."confirmationCode" AS booking_code,
    b.status AS booking_status,
    b."checkIn" AS booking_check_in,
    b."checkOut" AS booking_check_out
   FROM (((((public."WiFiUser" u
     LEFT JOIN public."Guest" g ON ((u."guestId" = g.id)))
     LEFT JOIN public."Booking" b ON ((u."bookingId" = b.id)))
     LEFT JOIN public."Room" r ON ((b."roomId" = r.id)))
     LEFT JOIN public."Property" p ON ((u."propertyId" = p.id)))
     LEFT JOIN public."WiFiPlan" wp ON ((u."planId" = wp.id)));


--
-- Name: fup_switch_log id; Type: DEFAULT; Schema: public; Owner: -
--

ALTER TABLE ONLY public.fup_switch_log ALTER COLUMN id SET DEFAULT nextval('public.fup_switch_log_id_seq'::regclass);


--
-- Name: nas id; Type: DEFAULT; Schema: public; Owner: -
--

ALTER TABLE ONLY public.nas ALTER COLUMN id SET DEFAULT nextval('public.nas_id_seq'::regclass);


--
-- Name: radacct radacctid; Type: DEFAULT; Schema: public; Owner: -
--

ALTER TABLE ONLY public.radacct ALTER COLUMN radacctid SET DEFAULT nextval('public.radacct_radacctid_seq'::regclass);


--
-- Name: radpostauth id; Type: DEFAULT; Schema: public; Owner: -
--

ALTER TABLE ONLY public.radpostauth ALTER COLUMN id SET DEFAULT nextval('public.radpostauth_id_seq'::regclass);


--
-- Data for Name: AISuggestion; Type: TABLE DATA; Schema: public; Owner: -
--

COPY public."AISuggestion" (id, "tenantId", type, title, description, impact, "potentialRevenue", confidence, status, data, "appliedAt", "dismissedAt", "createdAt", "updatedAt") FROM stdin;
\.


--
-- Data for Name: AdCampaign; Type: TABLE DATA; Schema: public; Owner: -
--

COPY public."AdCampaign" (id, "tenantId", "propertyId", name, description, type, platform, status, budget, "budgetType", "spentAmount", currency, "startDate", "endDate", "bidStrategy", "bidAmount", "targetCpa", "targetRoas", targeting, keywords, "negativeKeywords", "roomTypes", "ratePlans", impressions, clicks, conversions, revenue, ctr, cpc, "conversionRate", roas, "externalId", "externalData", "lastSyncAt", "createdAt", "updatedAt") FROM stdin;
41fd9f9b-9fc5-423e-bbb5-c86910680f1f	444017d5-e022-4c5f-ac07-ea0d51f4609b	281fde73-7836-4511-b644-91f3663d8fcd	Durga Puja Special Offer	Special rates during Durga Puja festival season in Kolkata	search	google	active	5000	daily	85000	INR	2026-04-18 19:27:50.409+00	2026-05-13 19:27:50.409+00	enhanced	\N	350	\N	{"locations":["Kolkata","Howrah","Durgapur"],"radius":"100km"}	["kolkata hotel", "luxury hotel kolkata", "5 star hotel park street"]	[]	["roomtype-1", "roomtype-2"]	["rateplan-1", "rateplan-3"]	125000	8750	185	925000	7	9.71	2.11	10.88	\N	{}	\N	2026-05-03 19:27:50.54+00	2026-05-03 19:27:50.54+00
93e11f96-0b9f-4912-ae3a-8a3b55f2ff01	444017d5-e022-4c5f-ac07-ea0d51f4609b	281fde73-7836-4511-b644-91f3663d8fcd	Corporate Retreats Kolkata	Targeting corporate bookings for meetings and retreats	search	google	active	3000	daily	45000	INR	2026-04-03 19:27:50.409+00	\N	manual	15	\N	\N	{"locations":["Kolkata CBD"],"audiences":"corporate"}	["corporate hotel kolkata", "meeting venue kolkata", "business hotel"]	[]	["roomtype-3", "roomtype-4"]	["rateplan-6", "rateplan-7"]	68000	4080	62	372000	6	11.03	1.52	8.27	\N	{}	\N	2026-05-03 19:27:50.54+00	2026-05-03 19:27:50.54+00
d1271db0-c77f-4368-a4bf-fdf338787f8b	444017d5-e022-4c5f-ac07-ea0d51f4609b	281fde73-7836-4511-b644-91f3663d8fcd	Weekend Getaway - Social	Facebook and Instagram ads targeting weekend travelers	display	meta	paused	2000	daily	32000	INR	2026-03-19 19:27:50.409+00	2026-04-28 19:27:50.409+00	auto	\N	\N	\N	{"ageRange":"25-45","interests":["travel","luxury","food"]}	[]	[]	[]	[]	250000	5000	45	180000	2	6.4	0.9	5.63	\N	{}	\N	2026-05-03 19:27:50.54+00	2026-05-03 19:27:50.54+00
\.


--
-- Data for Name: AdPerformance; Type: TABLE DATA; Schema: public; Owner: -
--

COPY public."AdPerformance" (id, "campaignId", date, impressions, clicks, conversions, cost, revenue, ctr, cpc, cpa, roas, "conversionRate", "avgPosition", "qualityScore", "searchImpShare", "deviceBreakdown", "sourceBreakdown", "createdAt", "updatedAt") FROM stdin;
\.


--
-- Data for Name: AiConversation; Type: TABLE DATA; Schema: public; Owner: -
--

COPY public."AiConversation" (id, "tenantId", "userId", title, "createdAt", "updatedAt") FROM stdin;
\.


--
-- Data for Name: AiConversationMessage; Type: TABLE DATA; Schema: public; Owner: -
--

COPY public."AiConversationMessage" (id, "conversationId", role, content, "createdAt") FROM stdin;
\.


--
-- Data for Name: Amenity; Type: TABLE DATA; Schema: public; Owner: -
--

COPY public."Amenity" (id, "tenantId", name, icon, category, "isDefault", "isActive", "sortOrder", "createdAt", "updatedAt") FROM stdin;
99badf08-a01e-46b5-8603-471cf65fb88c	444017d5-e022-4c5f-ac07-ea0d51f4609b	Free WiFi	wifi	general	t	t	0	2026-05-03 19:27:49.795+00	2026-05-03 19:27:49.795+00
357e846f-8baa-4c10-b66e-6dbde1894b0a	444017d5-e022-4c5f-ac07-ea0d51f4609b	24/7 Front Desk	clock	general	t	t	1	2026-05-03 19:27:49.795+00	2026-05-03 19:27:49.795+00
03378d39-5e77-42bb-91c4-ea1105dd3640	444017d5-e022-4c5f-ac07-ea0d51f4609b	Free Parking	car	general	t	t	2	2026-05-03 19:27:49.795+00	2026-05-03 19:27:49.795+00
790c1b8b-72be-498f-8188-64f6f671ad85	444017d5-e022-4c5f-ac07-ea0d51f4609b	Airport Shuttle	plane	general	f	t	3	2026-05-03 19:27:49.795+00	2026-05-03 19:27:49.795+00
327addbe-a847-494a-a977-e5a41bca3a65	444017d5-e022-4c5f-ac07-ea0d51f4609b	Concierge Service	bell	general	f	t	4	2026-05-03 19:27:49.795+00	2026-05-03 19:27:49.795+00
1b8cfff1-65d1-4944-920a-819125eede1a	444017d5-e022-4c5f-ac07-ea0d51f4609b	Luggage Storage	briefcase	general	f	t	5	2026-05-03 19:27:49.795+00	2026-05-03 19:27:49.795+00
5ab57e6b-03c2-4520-9c7a-19af201f82a0	444017d5-e022-4c5f-ac07-ea0d51f4609b	Air Conditioning	wind	room	t	t	10	2026-05-03 19:27:49.795+00	2026-05-03 19:27:49.795+00
30feb2e2-c233-4136-9ede-17b71ac52353	444017d5-e022-4c5f-ac07-ea0d51f4609b	Flat-screen TV	tv	room	t	t	11	2026-05-03 19:27:49.795+00	2026-05-03 19:27:49.795+00
d3daa40b-f290-4452-8263-08a0846193b1	444017d5-e022-4c5f-ac07-ea0d51f4609b	Minibar	wine	room	t	t	12	2026-05-03 19:27:49.795+00	2026-05-03 19:27:49.795+00
a876770d-8e0b-4260-b39e-fed35fba92e2	444017d5-e022-4c5f-ac07-ea0d51f4609b	In-room Safe	shield	room	t	t	13	2026-05-03 19:27:49.795+00	2026-05-03 19:27:49.795+00
aeb8e167-95aa-4486-9df0-eaf55cf230c2	444017d5-e022-4c5f-ac07-ea0d51f4609b	Work Desk	briefcase	room	t	t	14	2026-05-03 19:27:49.795+00	2026-05-03 19:27:49.795+00
8baac1da-161b-4789-b2fe-5f104691ef3b	444017d5-e022-4c5f-ac07-ea0d51f4609b	Sofa	sofa	room	f	t	15	2026-05-03 19:27:49.795+00	2026-05-03 19:27:49.795+00
714b3a36-dd01-43c2-8d4b-bf27e652eac4	444017d5-e022-4c5f-ac07-ea0d51f4609b	Coffee Machine	coffee	room	t	t	16	2026-05-03 19:27:49.795+00	2026-05-03 19:27:49.795+00
356dc53c-7d1a-42c2-ae8c-457b1503513d	444017d5-e022-4c5f-ac07-ea0d51f4609b	Tea Maker	coffee	room	f	t	17	2026-05-03 19:27:49.795+00	2026-05-03 19:27:49.795+00
a3bc59d8-d6f5-4342-b2b0-9ff520b69f40	444017d5-e022-4c5f-ac07-ea0d51f4609b	Iron & Ironing Board	shirt	room	t	t	18	2026-05-03 19:27:49.795+00	2026-05-03 19:27:49.795+00
5006a475-f4f3-42e7-b938-74a487d12f14	444017d5-e022-4c5f-ac07-ea0d51f4609b	Mini Fridge	refrigerator	room	f	t	19	2026-05-03 19:27:49.795+00	2026-05-03 19:27:49.795+00
cdc7c7e1-da11-4382-89f2-de75d5930643	444017d5-e022-4c5f-ac07-ea0d51f4609b	King Bed	bed-double	room	t	t	20	2026-05-03 19:27:49.795+00	2026-05-03 19:27:49.795+00
a415f923-e8ab-499b-ab17-f99f1fb46c00	444017d5-e022-4c5f-ac07-ea0d51f4609b	Twin Beds	bed	room	f	t	21	2026-05-03 19:27:49.795+00	2026-05-03 19:27:49.795+00
c736e425-b4aa-4963-a6c0-44e19c4d3638	444017d5-e022-4c5f-ac07-ea0d51f4609b	Sitting Area	sofa	room	f	t	22	2026-05-03 19:27:49.795+00	2026-05-03 19:27:49.795+00
438aa1a1-5648-4103-8835-2874853ff50b	444017d5-e022-4c5f-ac07-ea0d51f4609b	Balcony	door-open	room	f	t	23	2026-05-03 19:27:49.795+00	2026-05-03 19:27:49.795+00
fda97819-7486-4c21-91d2-cb885437fad4	444017d5-e022-4c5f-ac07-ea0d51f4609b	Telephone	phone	room	t	t	24	2026-05-03 19:27:49.795+00	2026-05-03 19:27:49.795+00
e8d4641c-4e68-4dbd-9c00-625699dab710	444017d5-e022-4c5f-ac07-ea0d51f4609b	Blackout Curtains	eye-off	room	f	t	25	2026-05-03 19:27:49.795+00	2026-05-03 19:27:49.795+00
17663ba5-ef30-4878-b3b8-932d1f4165fe	444017d5-e022-4c5f-ac07-ea0d51f4609b	Bathtub	bath	bathroom	t	t	30	2026-05-03 19:27:49.795+00	2026-05-03 19:27:49.795+00
eed01fa4-68fd-4e04-b8f2-565a333a5dcd	444017d5-e022-4c5f-ac07-ea0d51f4609b	Rain Shower	droplets	bathroom	t	t	31	2026-05-03 19:27:49.795+00	2026-05-03 19:27:49.795+00
730a0341-3d89-4be9-95a4-aaa345c29cf4	444017d5-e022-4c5f-ac07-ea0d51f4609b	Hair Dryer	scissors	bathroom	t	t	32	2026-05-03 19:27:49.795+00	2026-05-03 19:27:49.795+00
43b747ff-8589-4e50-ba98-127fdd5ce5bf	444017d5-e022-4c5f-ac07-ea0d51f4609b	Toiletries	droplet	bathroom	t	t	33	2026-05-03 19:27:49.795+00	2026-05-03 19:27:49.795+00
44b542c8-06d7-4518-a935-67dfc7c64d04	444017d5-e022-4c5f-ac07-ea0d51f4609b	Bathrobe	shirt	bathroom	f	t	34	2026-05-03 19:27:49.795+00	2026-05-03 19:27:49.795+00
9e26b904-0960-4661-a96d-5368180f4f29	444017d5-e022-4c5f-ac07-ea0d51f4609b	Slippers	footprints	bathroom	f	t	35	2026-05-03 19:27:49.795+00	2026-05-03 19:27:49.795+00
0b2c8006-7621-4534-b3dd-27b60364df13	444017d5-e022-4c5f-ac07-ea0d51f4609b	Hot Water	flame	bathroom	t	t	36	2026-05-03 19:27:49.795+00	2026-05-03 19:27:49.795+00
5503ca80-3d70-4997-bac2-98456a2aa0ed	444017d5-e022-4c5f-ac07-ea0d51f4609b	Bidet	droplets	bathroom	f	t	37	2026-05-03 19:27:49.795+00	2026-05-03 19:27:49.795+00
f95aaf03-779a-403c-952b-6ad942a1cf0e	444017d5-e022-4c5f-ac07-ea0d51f4609b	Sea View	waves	view	f	t	40	2026-05-03 19:27:49.795+00	2026-05-03 19:27:49.795+00
14101350-7caa-4eea-aa0a-58ddc7853dd1	444017d5-e022-4c5f-ac07-ea0d51f4609b	Mountain View	mountain	view	f	t	41	2026-05-03 19:27:49.795+00	2026-05-03 19:27:49.795+00
79130c76-dce7-4b49-abba-ebbb51cf51cb	444017d5-e022-4c5f-ac07-ea0d51f4609b	City View	building	view	f	t	42	2026-05-03 19:27:49.795+00	2026-05-03 19:27:49.795+00
9b02e27f-8c6c-4460-9b9e-02fc4cfcfd86	444017d5-e022-4c5f-ac07-ea0d51f4609b	Garden View	trees	view	f	t	43	2026-05-03 19:27:49.795+00	2026-05-03 19:27:49.795+00
b31a262a-505c-4146-819e-3ac2c5431793	444017d5-e022-4c5f-ac07-ea0d51f4609b	Pool View	waves	view	f	t	44	2026-05-03 19:27:49.795+00	2026-05-03 19:27:49.795+00
70f40e1e-a770-4cef-8e95-7697a1c75e53	444017d5-e022-4c5f-ac07-ea0d51f4609b	Lake View	droplets	view	f	t	45	2026-05-03 19:27:49.795+00	2026-05-03 19:27:49.795+00
a77c77e3-ed8a-4d10-8ff7-8b656d3323d4	444017d5-e022-4c5f-ac07-ea0d51f4609b	Room Service	utensils	services	t	t	50	2026-05-03 19:27:49.795+00	2026-05-03 19:27:49.795+00
e1ce039e-d7c1-48c6-a585-ab9f7caed4bc	444017d5-e022-4c5f-ac07-ea0d51f4609b	Housekeeping	sparkles	services	t	t	51	2026-05-03 19:27:49.795+00	2026-05-03 19:27:49.795+00
d3f55210-b781-44c0-a5ce-5ff01837bd78	444017d5-e022-4c5f-ac07-ea0d51f4609b	Laundry Service	shirt	services	f	t	52	2026-05-03 19:27:49.795+00	2026-05-03 19:27:49.795+00
7793bfc5-0718-4ea4-a0ae-672a6398626a	444017d5-e022-4c5f-ac07-ea0d51f4609b	Wake-up Call	alarm-clock	services	t	t	53	2026-05-03 19:27:49.795+00	2026-05-03 19:27:49.795+00
e423f47e-f814-4149-ab12-603230b36192	444017d5-e022-4c5f-ac07-ea0d51f4609b	Spa Access	heart	services	f	t	54	2026-05-03 19:27:49.795+00	2026-05-03 19:27:49.795+00
b1cf8d2a-7d3c-4cbd-ba8c-ed0c648b5986	444017d5-e022-4c5f-ac07-ea0d51f4609b	Gym Access	dumbbell	services	f	t	55	2026-05-03 19:27:49.795+00	2026-05-03 19:27:49.795+00
1df3c454-2512-4af2-9c63-382976015dcb	444017d5-e022-4c5f-ac07-ea0d51f4609b	Pool Access	waves	services	f	t	56	2026-05-03 19:27:49.795+00	2026-05-03 19:27:49.795+00
9420539b-8aca-4011-9ec9-cd28d2a7d97f	444017d5-e022-4c5f-ac07-ea0d51f4609b	Breakfast Included	sunrise	services	f	t	57	2026-05-03 19:27:49.795+00	2026-05-03 19:27:49.795+00
24bea6cf-ea56-444a-86f2-7fb711c296e4	444017d5-e022-4c5f-ac07-ea0d51f4609b	Pet Friendly	paw-print	services	f	t	58	2026-05-03 19:27:49.795+00	2026-05-03 19:27:49.795+00
\.


--
-- Data for Name: Asset; Type: TABLE DATA; Schema: public; Owner: -
--

COPY public."Asset" (id, "tenantId", "propertyId", name, category, description, "roomId", location, "purchasePrice", "purchaseDate", "currentValue", "warrantyExpiry", "warrantyProvider", "lastMaintenanceAt", "nextMaintenanceAt", "maintenanceIntervalDays", status, "serialNumber", "modelNumber", manufacturer, "conditionScore", "createdAt", "updatedAt", "deletedAt") FROM stdin;
38d4513a-0909-4dd4-875b-b705b42faa85	444017d5-e022-4c5f-ac07-ea0d51f4609b	281fde73-7836-4511-b644-91f3663d8fcd	Industrial Vacuum Cleaner	cleaning_equipment	Commercial grade vacuum for corridors	\N	Storage Room B1	25000	2024-01-15 00:00:00+00	22000	2026-01-15 00:00:00+00	CleanMax India	\N	2026-05-18 19:27:50.436+00	90	active	VC-2024-001	\N	CleanMax	8	2026-05-03 19:27:50.437+00	2026-05-03 19:27:50.437+00	\N
dc70d4d5-5d0c-4710-b759-2816d5f172ff	444017d5-e022-4c5f-ac07-ea0d51f4609b	281fde73-7836-4511-b644-91f3663d8fcd	Floor Buffer/Polisher	cleaning_equipment	Heavy duty floor buffer for lobby and restaurant	\N	Storage Room B1	45000	2023-06-01 00:00:00+00	38000	\N	\N	\N	\N	60	active	FB-2023-001	\N	FloorTech	7	2026-05-03 19:27:50.437+00	2026-05-03 19:27:50.437+00	\N
128879cf-44bf-4c01-ac7f-ebc13b6873c4	444017d5-e022-4c5f-ac07-ea0d51f4609b	281fde73-7836-4511-b644-91f3663d8fcd	HVAC Unit - Main Building	hvac	Central AC unit serving floors 1-4	\N	\N	500000	\N	\N	\N	\N	\N	\N	180	active	\N	\N	Carrier	9	2026-05-03 19:27:50.437+00	2026-05-03 19:27:50.437+00	\N
6f507374-c231-408c-aba6-9d3f59bb9961	444017d5-e022-4c5f-ac07-ea0d51f4609b	281fde73-7836-4511-b644-91f3663d8fcd	Linen Cart Set	furniture	Set of 5 rolling linen carts	\N	\N	35000	2024-03-10 00:00:00+00	\N	\N	\N	\N	\N	\N	active	\N	\N	\N	6	2026-05-03 19:27:50.437+00	2026-05-03 19:27:50.437+00	\N
ef726de3-946b-4130-b613-50d15d689707	444017d5-e022-4c5f-ac07-ea0d51f4609b	281fde73-7836-4511-b644-91f3663d8fcd	Guest Laundry Machines	laundry	2 commercial washers + 2 dryers	\N	Laundry Room B2	180000	\N	\N	\N	\N	\N	2026-04-28 19:27:50.436+00	90	maintenance	\N	\N	Electrolux	5	2026-05-03 19:27:50.437+00	2026-05-03 19:27:50.437+00	\N
\.


--
-- Data for Name: AuditLog; Type: TABLE DATA; Schema: public; Owner: -
--

COPY public."AuditLog" (id, "tenantId", "userId", module, action, "entityType", "entityId", "oldValue", "newValue", "ipAddress", "userAgent", "correlationId", "createdAt") FROM stdin;
d5800b87-8286-4856-bf3b-1943644c357f	444017d5-e022-4c5f-ac07-ea0d51f4609b	b763e2df-7bf1-4de8-94f8-97a1f1e7a0ec	auth	login	User	b763e2df-7bf1-4de8-94f8-97a1f1e7a0ec	\N	{"email":"admin@royalstay.in"}	192.168.1.100	Mozilla/5.0 (Windows NT 10.0; Win64; x64)	\N	2026-04-25 19:27:50.768+00
e12b99b4-5e7e-4364-8082-2a087267f4fb	444017d5-e022-4c5f-ac07-ea0d51f4609b	b763e2df-7bf1-4de8-94f8-97a1f1e7a0ec	bookings	booking_create	Booking	b544cc77-46a6-4e53-921e-50db663eb482	\N	{"confirmationCode":"RS-2024-001","guestId":"cb127462-1b96-4e37-8f78-65bbd0493ee1","roomId":"3330f9c6-2345-4db5-bc7f-4a8ca55afb8b"}	192.168.1.100	Mozilla/5.0 (Windows NT 10.0; Win64; x64)	\N	2026-04-26 19:27:50.768+00
87a4713b-91da-48d6-9215-3d0e9901c8db	444017d5-e022-4c5f-ac07-ea0d51f4609b	b763e2df-7bf1-4de8-94f8-97a1f1e7a0ec	billing	payment_received	Payment	c5c45224-4b94-4684-b5e5-7ae81c90d63d	\N	{"amount":17990,"currency":"INR","method":"credit_card","status":"completed"}	192.168.1.100	Mozilla/5.0 (Windows NT 10.0; Win64; x64)	\N	2026-05-01 19:27:50.768+00
7d3a7110-89e2-4bb0-a28e-1ba9d701b7de	444017d5-e022-4c5f-ac07-ea0d51f4609b	b763e2df-7bf1-4de8-94f8-97a1f1e7a0ec	frontdesk	guest_checkin	Booking	b544cc77-46a6-4e53-921e-50db663eb482	{"status":"confirmed"}	{"status":"checked_in","actualCheckIn":"2026-05-01T19:27:50.768Z"}	192.168.1.100	Mozilla/5.0 (Windows NT 10.0; Win64; x64)	08bce231-bb08-4892-8b2d-5d810e991be6	2026-05-01 19:27:50.768+00
0bda3111-0d08-431c-9852-f9eef1fa2c3b	444017d5-e022-4c5f-ac07-ea0d51f4609b	b763e2df-7bf1-4de8-94f8-97a1f1e7a0ec	settings	settings_update	Property	281fde73-7836-4511-b644-91f3663d8fcd	{"checkInTime":"13:00","checkOutTime":"12:00"}	{"checkInTime":"14:00","checkOutTime":"11:00"}	192.168.1.100	Mozilla/5.0 (Windows NT 10.0; Win64; x64)	\N	2026-04-23 19:27:50.768+00
e6c14212-c013-4fbb-b6c5-66f1b041afea	444017d5-e022-4c5f-ac07-ea0d51f4609b	b763e2df-7bf1-4de8-94f8-97a1f1e7a0ec	auth	login	session	b763e2df-7bf1-4de8-94f8-97a1f1e7a0ec	\N	{"email":"admin@royalstay.in","roleName":"admin","tenantName":"Royal Stay Hotels"}	21.0.0.1	Mozilla/5.0 (Windows NT 10.0; Win64; x64; rv:150.0) Gecko/20100101 Firefox/150.0	\N	2026-05-03 19:27:56.18+00
306d8b51-0875-4d48-bc3d-152de494ff0d	444017d5-e022-4c5f-ac07-ea0d51f4609b	b763e2df-7bf1-4de8-94f8-97a1f1e7a0ec	auth	login	session	b763e2df-7bf1-4de8-94f8-97a1f1e7a0ec	\N	{"email":"admin@royalstay.in","roleName":"admin","tenantName":"Royal Stay Hotels"}	21.0.0.1	Mozilla/5.0 (Android 14; Mobile; rv:150.0) Gecko/150.0 Firefox/150.0	\N	2026-05-03 19:51:57.048+00
\.


--
-- Data for Name: AutomationExecutionLog; Type: TABLE DATA; Schema: public; Owner: -
--

COPY public."AutomationExecutionLog" (id, "ruleId", "triggerData", status, "errorMessage", "actionsResult", "executedAt") FROM stdin;
\.


--
-- Data for Name: AutomationRule; Type: TABLE DATA; Schema: public; Owner: -
--

COPY public."AutomationRule" (id, "tenantId", name, description, "triggerEvent", "triggerConditions", actions, "isActive", "executionCount", "lastExecutedAt", "createdAt", "updatedAt") FROM stdin;
9506d5fe-72c8-40ba-ae9c-32a6c371bff4	444017d5-e022-4c5f-ac07-ea0d51f4609b	Auto Check-in Reminder	Automatically sends a check-in reminder email/SMS 24 hours before guest arrival	checkin_reminder	{"hoursBeforeCheckin":24,"channels":["email","sms"]}	[{"type":"send_notification","templateId":"ntmpl-2","channel":"email"},{"type":"send_notification","templateId":"ntmpl-2","channel":"sms"}]	t	0	\N	2026-05-03 19:27:50.779+00	2026-05-03 19:27:50.779+00
979531c1-d447-4d65-bf0e-c703812cfb4d	444017d5-e022-4c5f-ac07-ea0d51f4609b	Auto Review Request	Sends a review request email 24 hours after guest checkout	review_request	{"hoursAfterCheckout":24}	[{"type":"send_notification","templateId":"ntmpl-4","channel":"email"}]	t	0	\N	2026-05-03 19:27:50.779+00	2026-05-03 19:27:50.779+00
19e017ea-1cd1-4d2f-983b-74ab03c1f208	444017d5-e022-4c5f-ac07-ea0d51f4609b	Auto Room Status Update	Automatically sets room status to "cleaning" after guest checkout	status_change	{"fromStatus":"occupied","toStatus":"cleaning","trigger":"checkout"}	[{"type":"update_room_status","field":"housekeepingStatus","value":"cleaning"},{"type":"create_task","taskType":"housekeeping","priority":"high"}]	t	0	\N	2026-05-03 19:27:50.779+00	2026-05-03 19:27:50.779+00
\.


--
-- Data for Name: BandwidthPolicy; Type: TABLE DATA; Schema: public; Owner: -
--

COPY public."BandwidthPolicy" (id, "tenantId", "propertyId", name, "downloadKbps", "uploadKbps", "burstDownloadKbps", "burstUploadKbps", priority, "planId", description, enabled, "createdAt", "updatedAt") FROM stdin;
62307af3-e904-4ad6-9cca-fde1cbf7b46f	444017d5-e022-4c5f-ac07-ea0d51f4609b	281fde73-7836-4511-b644-91f3663d8fcd	Free Tier	2048	1024	4096	2048	8	c80731b1-952f-45c0-b6e5-9cb77deb2590	Basic bandwidth for free WiFi users	t	2026-05-03 19:27:50.732+00	2026-05-03 19:27:50.732+00
2c13eaf5-08f3-49e3-922b-2e94c9f0ae84	444017d5-e022-4c5f-ac07-ea0d51f4609b	281fde73-7836-4511-b644-91f3663d8fcd	Standard Tier	25600	10240	51200	20480	5	40486b74-cf4c-4f9e-82c8-d7621f36116c	Standard bandwidth for paid WiFi plans	t	2026-05-03 19:27:50.732+00	2026-05-03 19:27:50.732+00
47056f0c-597c-4aa2-9809-4b506268e4fd	444017d5-e022-4c5f-ac07-ea0d51f4609b	281fde73-7836-4511-b644-91f3663d8fcd	Premium Tier	51200	25600	102400	51200	2	418b8a64-88c1-4529-a68f-e153bb92f224	Premium bandwidth for VIP and business users	t	2026-05-03 19:27:50.732+00	2026-05-03 19:27:50.732+00
\.


--
-- Data for Name: BandwidthPolicyDetail; Type: TABLE DATA; Schema: public; Owner: -
--

COPY public."BandwidthPolicyDetail" (id, "tenantId", "bandwidthPolicyId", "scheduleAccessId", "downloadLimitBps", "uploadLimitBps", "guaranteedDownBps", "guaranteedUpBps", "burstTimeSeconds", "burstThresholdBytes", "burstUpTimeSeconds", "burstUpThresholdBytes", "contentionRatio", priority, "isEnabled", "createdAt", "updatedAt") FROM stdin;
\.


--
-- Data for Name: BandwidthPool; Type: TABLE DATA; Schema: public; Owner: -
--

COPY public."BandwidthPool" (id, "tenantId", "propertyId", name, subnet, "vlanId", "totalDownloadKbps", "totalUploadKbps", "perUserDownloadKbps", "perUserUploadKbps", enabled, "createdAt", "updatedAt") FROM stdin;
bc463742-e631-4900-9395-cc7bac36b33a	444017d5-e022-4c5f-ac07-ea0d51f4609b	281fde73-7836-4511-b644-91f3663d8fcd	Guest Pool	192.168.10.0/24	10	200000	100000	51200	25600	t	2026-05-03 19:27:50.734+00	2026-05-03 19:27:50.734+00
0619daeb-650e-4fb7-bcb5-05246f121bf9	444017d5-e022-4c5f-ac07-ea0d51f4609b	281fde73-7836-4511-b644-91f3663d8fcd	Staff Pool	192.168.20.0/24	20	100000	50000	25600	10240	t	2026-05-03 19:27:50.734+00	2026-05-03 19:27:50.734+00
\.


--
-- Data for Name: BandwidthTopup; Type: TABLE DATA; Schema: public; Owner: -
--

COPY public."BandwidthTopup" (id, "tenantId", "propertyId", name, description, "allottedUploadMb", "allottedDownloadMb", "allottedTotalMb", "applicableType", "bandwidthPolicyId", price, currency, "validityMinutes", enabled, "createdAt", "updatedAt") FROM stdin;
\.


--
-- Data for Name: BandwidthUsageDaily; Type: TABLE DATA; Schema: public; Owner: -
--

COPY public."BandwidthUsageDaily" (id, "tenantId", "propertyId", date, "totalDownloadMb", "totalUploadMb", "uniqueUsers", "peakUsers", "peakTime", "createdAt", "updatedAt") FROM stdin;
34ce607c-e918-4d1c-831f-a31ba57b7aa0	444017d5-e022-4c5f-ac07-ea0d51f4609b	281fde73-7836-4511-b644-91f3663d8fcd	2026-04-27 19:27:50.653+00	125000.5	42000.3	45	38	20:00	2026-05-03 19:27:50.736+00	2026-05-03 19:27:50.736+00
6f2d396c-ca03-4119-9a79-f6a1d465f4fe	444017d5-e022-4c5f-ac07-ea0d51f4609b	281fde73-7836-4511-b644-91f3663d8fcd	2026-04-28 19:27:50.653+00	132000.7	45000.1	52	44	21:00	2026-05-03 19:27:50.736+00	2026-05-03 19:27:50.736+00
89f7c06a-8f5c-4d4d-9952-34f215b9fa93	444017d5-e022-4c5f-ac07-ea0d51f4609b	281fde73-7836-4511-b644-91f3663d8fcd	2026-04-29 19:27:50.653+00	98000.2	33000.8	38	32	19:00	2026-05-03 19:27:50.736+00	2026-05-03 19:27:50.736+00
f690e510-2b24-4946-ab80-88ed9280a969	444017d5-e022-4c5f-ac07-ea0d51f4609b	281fde73-7836-4511-b644-91f3663d8fcd	2026-04-30 19:27:50.653+00	145000.9	51000.5	58	49	22:00	2026-05-03 19:27:50.736+00	2026-05-03 19:27:50.736+00
a1f04e2d-aee9-4af7-a07e-9bf9b9ff223b	444017d5-e022-4c5f-ac07-ea0d51f4609b	281fde73-7836-4511-b644-91f3663d8fcd	2026-05-01 19:27:50.653+00	158000.3	55000.2	63	54	20:00	2026-05-03 19:27:50.736+00	2026-05-03 19:27:50.736+00
4cd2a305-1985-4178-b6fd-1367c721d514	444017d5-e022-4c5f-ac07-ea0d51f4609b	281fde73-7836-4511-b644-91f3663d8fcd	2026-05-02 19:27:50.653+00	141000.6	48000.7	55	47	21:00	2026-05-03 19:27:50.736+00	2026-05-03 19:27:50.736+00
d7d3a327-bc9d-41f6-8bd5-110fbf275844	444017d5-e022-4c5f-ac07-ea0d51f4609b	281fde73-7836-4511-b644-91f3663d8fcd	2026-05-03 19:27:50.653+00	89000.4	30000.9	35	28	10:00	2026-05-03 19:27:50.736+00	2026-05-03 19:27:50.736+00
\.


--
-- Data for Name: BandwidthUsageSession; Type: TABLE DATA; Schema: public; Owner: -
--

COPY public."BandwidthUsageSession" (id, "tenantId", "propertyId", "sessionId", username, "ipAddress", "macAddress", "planId", "policyId", "downloadBytes", "uploadBytes", "durationSeconds", "startedAt", "endedAt") FROM stdin;
\.


--
-- Data for Name: BankAccount; Type: TABLE DATA; Schema: public; Owner: -
--

COPY public."BankAccount" (id, "tenantId", "propertyId", "accountName", "accountNumber", "bankName", "bankCode", "accountType", currency, "openingBalance", "currentBalance", "lastReconciledAt", "lastStatementDate", status, "isDefault", notes, "createdAt", "updatedAt", "deletedAt") FROM stdin;
b5ea5c1c-7715-4eaf-b2a0-2a5bb798601c	444017d5-e022-4c5f-ac07-ea0d51f4609b	281fde73-7836-4511-b644-91f3663d8fcd	Royal Stay Kolkata - Operations	****1234	State Bank of India	SBIN0001234	checking	INR	500000	1245000	2026-05-01 19:27:50.409+00	\N	active	t	\N	2026-05-03 19:27:50.521+00	2026-05-03 19:27:50.521+00	\N
69e52531-24da-483d-ac50-4e7bdf0b1480	444017d5-e022-4c5f-ac07-ea0d51f4609b	281fde73-7836-4511-b644-91f3663d8fcd	Royal Stay Kolkata - Escrow	****5678	HDFC Bank	HDFC0005678	savings	INR	250000	680000	2026-04-28 19:27:50.409+00	\N	active	f	\N	2026-05-03 19:27:50.521+00	2026-05-03 19:27:50.521+00	\N
f2d4d004-56a7-4bd8-b66f-1bdfd9fd4265	444017d5-e022-4c5f-ac07-ea0d51f4609b	281fde73-7836-4511-b644-91f3663d8fcd	Royal Stay Kolkata - Tax	****9012	ICICI Bank	ICIC0009012	checking	INR	100000	245000	\N	\N	active	f	\N	2026-05-03 19:27:50.521+00	2026-05-03 19:27:50.521+00	\N
\.


--
-- Data for Name: BankTransaction; Type: TABLE DATA; Schema: public; Owner: -
--

COPY public."BankTransaction" (id, "tenantId", "bankAccountId", "transactionDate", "valueDate", "transactionType", amount, currency, balance, description, reference, "chequeNumber", "payeeName", "payeeAccount", category, "subCategory", "isReconciled", "reconciledAt", "importSource", "importBatchId", "rawLine", notes, "createdAt", "updatedAt", "deletedAt") FROM stdin;
4389d8d8-298b-4901-94f4-4c0420a57971	444017d5-e022-4c5f-ac07-ea0d51f4609b	b5ea5c1c-7715-4eaf-b2a0-2a5bb798601c	2026-04-26 19:27:50.409+00	\N	credit	55000	INR	1190000	Booking.com payout - batch #4521	BDC-4521	\N	Booking.com	\N	channel_payout	\N	t	\N	manual	\N	\N	\N	2026-05-03 19:27:50.523+00	2026-05-03 19:27:50.523+00	\N
9b5402e7-6780-419c-9d72-0085f7ff3bd0	444017d5-e022-4c5f-ac07-ea0d51f4609b	b5ea5c1c-7715-4eaf-b2a0-2a5bb798601c	2026-04-27 19:27:50.409+00	\N	credit	17990	INR	1207990	Guest payment - Amit Mukherjee - RS-2024-001	\N	\N	Amit Mukherjee	\N	guest_payment	\N	t	\N	manual	\N	\N	\N	2026-05-03 19:27:50.523+00	2026-05-03 19:27:50.523+00	\N
256b0ebb-b778-44a8-bf55-b33541cbf9be	444017d5-e022-4c5f-ac07-ea0d51f4609b	b5ea5c1c-7715-4eaf-b2a0-2a5bb798601c	2026-04-28 19:27:50.409+00	\N	debit	45000	INR	1162990	Vendor payment - Premium Linen Supply	\N	\N	Premium Linen Supply	\N	vendor_payment	\N	t	\N	manual	\N	\N	\N	2026-05-03 19:27:50.523+00	2026-05-03 19:27:50.523+00	\N
388ccedc-77d4-46c5-b3e3-c4e730e71469	444017d5-e022-4c5f-ac07-ea0d51f4609b	b5ea5c1c-7715-4eaf-b2a0-2a5bb798601c	2026-04-29 19:27:50.409+00	\N	credit	113800	INR	1276790	Direct booking payment - Vikram Singh - RS-2024-004	\N	\N	Vikram Singh	\N	guest_payment	\N	t	\N	manual	\N	\N	\N	2026-05-03 19:27:50.523+00	2026-05-03 19:27:50.523+00	\N
bb7f1a5f-c487-436e-a726-17334fbc9219	444017d5-e022-4c5f-ac07-ea0d51f4609b	b5ea5c1c-7715-4eaf-b2a0-2a5bb798601c	2026-04-30 19:27:50.409+00	\N	debit	32000	INR	1244790	GST tax payment - Q3 advance	\N	\N	\N	\N	tax_payment	\N	t	\N	manual	\N	\N	\N	2026-05-03 19:27:50.523+00	2026-05-03 19:27:50.523+00	\N
ea601f85-5cda-41c6-b8a5-5a702b7aeb8e	444017d5-e022-4c5f-ac07-ea0d51f4609b	b5ea5c1c-7715-4eaf-b2a0-2a5bb798601c	2026-05-01 19:27:50.409+00	\N	credit	53160	INR	1297950	Guest payment - Rahul Banerjee - RS-2024-002	\N	\N	Rahul Banerjee	\N	guest_payment	\N	f	\N	manual	\N	\N	\N	2026-05-03 19:27:50.523+00	2026-05-03 19:27:50.523+00	\N
caec14f1-447a-4a6b-912d-c8e024e60324	444017d5-e022-4c5f-ac07-ea0d51f4609b	b5ea5c1c-7715-4eaf-b2a0-2a5bb798601c	2026-05-02 19:27:50.409+00	\N	debit	52000	INR	1245950	Monthly salary payouts - staff	\N	\N	\N	\N	payroll	\N	f	\N	csv	\N	\N	\N	2026-05-03 19:27:50.523+00	2026-05-03 19:27:50.523+00	\N
64a9fdbe-2c7a-4d10-8815-15a4e582fb46	444017d5-e022-4c5f-ac07-ea0d51f4609b	69e52531-24da-483d-ac50-4e7bdf0b1480	2026-04-30 19:27:50.409+00	\N	credit	180000	INR	680000	Expedia payout - batch #887	EXP-887	\N	Expedia	\N	channel_payout	\N	t	\N	manual	\N	\N	\N	2026-05-03 19:27:50.523+00	2026-05-03 19:27:50.523+00	\N
c3942a7d-bda2-4675-9b6c-30180f087040	444017d5-e022-4c5f-ac07-ea0d51f4609b	69e52531-24da-483d-ac50-4e7bdf0b1480	2026-05-02 19:27:50.409+00	\N	credit	23490	INR	703490	Airbnb payout - batch #1205	AIR-1205	\N	Airbnb	\N	channel_payout	\N	f	\N	api	\N	\N	\N	2026-05-03 19:27:50.523+00	2026-05-03 19:27:50.523+00	\N
7b185e87-fc84-4923-9095-cbc13f30af05	444017d5-e022-4c5f-ac07-ea0d51f4609b	f2d4d004-56a7-4bd8-b66f-1bdfd9fd4265	2026-04-28 19:27:50.409+00	\N	credit	45000	INR	245000	GST collected from guests - partial remittance	\N	\N	\N	\N	tax_collection	\N	t	\N	manual	\N	\N	\N	2026-05-03 19:27:50.523+00	2026-05-03 19:27:50.523+00	\N
\.


--
-- Data for Name: BondConfig; Type: TABLE DATA; Schema: public; Owner: -
--

COPY public."BondConfig" (id, "tenantId", "propertyId", name, mode, miimon, "lacpRate", "primaryMember", enabled, "createdAt", "updatedAt") FROM stdin;
78fe9ac1-1a80-4c2c-87f2-a22c580bc254	444017d5-e022-4c5f-ac07-ea0d51f4609b	281fde73-7836-4511-b644-91f3663d8fcd	bond0	802.3ad	100	slow	b13cfcc5-4e94-4245-8a5f-082eac4a7b01	t	2026-05-03 19:27:50.699+00	2026-05-03 19:27:50.699+00
\.


--
-- Data for Name: BondMember; Type: TABLE DATA; Schema: public; Owner: -
--

COPY public."BondMember" (id, "bondConfigId", "interfaceId", priority, "createdAt") FROM stdin;
33d1067c-316c-4f1a-9417-d4edf24a1297	78fe9ac1-1a80-4c2c-87f2-a22c580bc254	b13cfcc5-4e94-4245-8a5f-082eac4a7b01	1	2026-05-03 19:27:50.7+00
5d915a53-4902-4b9a-95c0-7b04c9a34751	78fe9ac1-1a80-4c2c-87f2-a22c580bc254	45817e65-6245-490f-835a-0b88269549fd	2	2026-05-03 19:27:50.7+00
\.


--
-- Data for Name: Booking; Type: TABLE DATA; Schema: public; Owner: -
--

COPY public."Booking" (id, "tenantId", "propertyId", "confirmationCode", "externalRef", "primaryGuestId", "roomId", "roomTypeId", "checkIn", "checkOut", adults, children, infants, "roomRate", taxes, fees, discount, "totalAmount", currency, "ratePlanId", "promoCode", source, "channelId", status, "actualCheckIn", "actualCheckOut", "checkedInBy", "checkedOutBy", "cancelledAt", "cancelledBy", "cancellationReason", "specialRequests", notes, "internalNotes", "groupId", "isGroupLeader", "preArrivalSent", "preArrivalCompleted", "preArrivalLink", "preArrivalExpires", "kycRequired", "kycCompleted", "kycStatus", "portalToken", "portalTokenExpires", "eSignature", "eSignedAt", preferences, "idempotencyKey", "createdAt", "updatedAt", "deletedAt") FROM stdin;
b544cc77-46a6-4e53-921e-50db663eb482	444017d5-e022-4c5f-ac07-ea0d51f4609b	281fde73-7836-4511-b644-91f3663d8fcd	RS-2024-001	\N	cb127462-1b96-4e37-8f78-65bbd0493ee1	3330f9c6-2345-4db5-bc7f-4a8ca55afb8b	1aac4388-0d87-43da-a0bf-984fe39e5bcf	2026-05-01 19:27:50.409+00	2026-05-04 19:27:50.409+00	2	0	0	5500	990	500	0	17990	INR	\N	\N	direct	\N	checked_in	2026-05-01 19:27:50.409+00	\N	\N	\N	\N	\N	\N	\N	\N	\N	\N	f	f	f	\N	\N	f	f	pending	\N	\N	\N	\N	{}	\N	2026-05-03 19:27:50.41+00	2026-05-03 19:27:50.41+00	\N
9b7a9397-91d2-4f9c-baf4-71123765747b	444017d5-e022-4c5f-ac07-ea0d51f4609b	281fde73-7836-4511-b644-91f3663d8fcd	RS-2024-002	\N	0dae0b8b-173a-4819-8a5e-7ff3be5c81d5	df952a5d-0ea8-49c6-9445-0de11983d19a	22f53ea5-00fb-4b29-9dc6-a7834cc6b481	2026-05-02 19:27:50.409+00	2026-05-06 19:27:50.409+00	2	1	0	12000	2160	1000	0	53160	INR	\N	\N	direct	\N	checked_in	2026-05-02 19:27:50.409+00	\N	\N	\N	\N	\N	\N	\N	\N	\N	\N	f	f	f	\N	\N	f	f	pending	\N	\N	\N	\N	{}	\N	2026-05-03 19:27:50.41+00	2026-05-03 19:27:50.41+00	\N
231b3af0-9522-447b-8135-8ec031dc66c1	444017d5-e022-4c5f-ac07-ea0d51f4609b	281fde73-7836-4511-b644-91f3663d8fcd	RS-2024-004	\N	df87b649-707f-402a-9198-75a06d22ed63	511c8197-5769-497c-9efc-293067ff0671	bd3a1ffd-24b8-4185-b350-6bdae97bc426	2026-05-03 19:27:50.41+00	2026-05-05 19:27:50.409+00	2	0	0	35000	6300	2500	0	113800	INR	\N	\N	direct	\N	confirmed	\N	\N	\N	\N	\N	\N	\N	\N	\N	\N	\N	f	f	f	\N	\N	f	f	pending	\N	\N	\N	\N	{}	\N	2026-05-03 19:27:50.41+00	2026-05-03 19:27:50.41+00	\N
ba31a39a-e127-49d8-b18d-29088b49ac6d	444017d5-e022-4c5f-ac07-ea0d51f4609b	281fde73-7836-4511-b644-91f3663d8fcd	RS-2024-005	\N	79877c7c-f915-4922-94a0-5d83df9e1d09	2bd9e3e1-07f2-4535-ab58-5868a167f183	4d5269a2-63ad-48e7-8683-4b0efca11567	2026-05-10 19:27:50.409+00	2026-05-13 19:27:50.409+00	1	0	0	3500	630	300	0	11430	INR	\N	\N	airbnb	\N	confirmed	\N	\N	\N	\N	\N	\N	\N	\N	\N	\N	\N	f	f	f	\N	\N	f	f	pending	\N	\N	\N	\N	{}	\N	2026-05-03 19:27:50.41+00	2026-05-03 19:27:50.41+00	\N
7e7c1dde-1748-45aa-aad9-fde8feacb222	444017d5-e022-4c5f-ac07-ea0d51f4609b	281fde73-7836-4511-b644-91f3663d8fcd	RS-2024-006	\N	18349da2-1713-42c0-bad9-67856cc58d26	fa963414-5906-466f-8247-c080508d3716	4d5269a2-63ad-48e7-8683-4b0efca11567	2026-04-30 19:27:50.409+00	2026-05-03 19:27:50.41+00	2	0	0	3500	630	300	0	11430	INR	\N	\N	direct	\N	checked_in	2026-04-30 19:27:50.409+00	\N	\N	\N	\N	\N	\N	\N	\N	\N	\N	f	f	f	\N	\N	f	f	pending	\N	\N	\N	\N	{}	\N	2026-05-03 19:27:50.41+00	2026-05-03 19:27:50.41+00	\N
a539a935-cba9-4ae3-a986-1a15727495b7	444017d5-e022-4c5f-ac07-ea0d51f4609b	281fde73-7836-4511-b644-91f3663d8fcd	RS-2024-003	\N	c5e15b10-5464-4323-87b6-41d1eb95c39a	ed3525fb-db41-4efe-bc14-f8d70265fcc5	1aac4388-0d87-43da-a0bf-984fe39e5bcf	2026-05-03 19:27:50.41+00	2026-05-07 19:27:50.409+00	2	1	0	5500	990	500	0	23490	INR	\N	\N	booking_com	\N	confirmed	\N	\N	\N	\N	\N	\N	\N	\N	\N	\N	edf3f97e-5389-40ce-9cc1-000508d9bf6a	t	f	f	\N	\N	f	f	pending	\N	\N	\N	\N	{}	\N	2026-05-03 19:27:50.41+00	2026-05-03 19:27:50.488+00	\N
\.


--
-- Data for Name: BookingAuditLog; Type: TABLE DATA; Schema: public; Owner: -
--

COPY public."BookingAuditLog" (id, "bookingId", action, "oldStatus", "newStatus", notes, "performedBy", "performedAt") FROM stdin;
a6ba8d0c-0d72-4996-ba92-8cc6cd40116c	b544cc77-46a6-4e53-921e-50db663eb482	created	\N	confirmed	Direct booking by guest Amit Mukherjee	user-2	2026-04-26 19:27:50.409+00
108f1aea-54ac-4ca5-b005-ac2cb1a0e967	b544cc77-46a6-4e53-921e-50db663eb482	modified	confirmed	confirmed	Room changed from 505 to 501 per guest request	user-2	2026-04-27 19:27:50.409+00
42ca7c85-6f6c-43fb-9993-130779a7894a	b544cc77-46a6-4e53-921e-50db663eb482	checked_in	confirmed	checked_in	Guest arrived at 2:15 PM. ID verified.	user-2	2026-05-01 19:27:50.409+00
cea91b57-96e8-4a4f-b7c5-ebb8c9e7c2db	9b7a9397-91d2-4f9c-baf4-71123765747b	created	\N	confirmed	Direct booking by VIP Platinum guest Rahul Banerjee	user-1	2026-04-28 19:27:50.409+00
14ef13a2-4808-457c-ab60-65ceab7a8b6b	9b7a9397-91d2-4f9c-baf4-71123765747b	checked_in	confirmed	checked_in	Guest checked in at 1:30 PM. VIP welcome amenity arranged.	user-1	2026-05-02 19:27:50.409+00
4a85aa36-d86a-401a-89d5-7a75035f398d	a539a935-cba9-4ae3-a986-1a15727495b7	created	\N	confirmed	Booking.com reservation. Auto-confirmed.	system	2026-04-29 19:27:50.409+00
856bf872-fa57-4df5-83b3-c9a85b02e6d2	a539a935-cba9-4ae3-a986-1a15727495b7	modified	confirmed	confirmed	Added to group booking TCS Annual Offsite 2024 (group-1)	user-1	2026-05-01 19:27:50.409+00
9fafb1f1-71d1-438e-9511-ae065ece14f8	231b3af0-9522-447b-8135-8ec031dc66c1	created	\N	confirmed	Direct booking by gold tier guest Vikram Singh. Presidential Suite requested.	user-1	2026-04-30 19:27:50.409+00
8fb0bc24-02a9-4fef-9dbe-f1065d3d8c17	ba31a39a-e127-49d8-b18d-29088b49ac6d	created	\N	confirmed	Airbnb reservation. Auto-confirmed.	system	2026-04-25 19:27:50.409+00
4faf07c0-a54b-4f2b-95a5-c81ffabf358c	7e7c1dde-1748-45aa-aad9-fde8feacb222	checked_in	confirmed	checked_in	Guest checked in at 3:00 PM. Room 305 assigned.	user-2	2026-04-30 19:27:50.409+00
\.


--
-- Data for Name: Brand; Type: TABLE DATA; Schema: public; Owner: -
--

COPY public."Brand" (id, "tenantId", name, code, description, logo, "primaryColor", "secondaryColor", standards, status, "createdAt", "updatedAt") FROM stdin;
b7a673f6-c9a2-481a-99ec-3562c9800b77	444017d5-e022-4c5f-ac07-ea0d51f4609b	Royal Stay	ROYAL_STAY	Royal Stay Hotels & Resorts — A premium Indian hospitality brand offering luxury accommodations across major cities and tourist destinations.	/brand/royal-stay-logo.png	#1a365d	#c05621	{"minStarRating":4,"checkInStandard":"14:00","checkOutStandard":"11:00","amenitiesRequired":["WiFi","AC","RoomService","DailyHousekeeping"],"brandingRequired":true}	active	2026-05-03 19:27:50.516+00	2026-05-03 19:27:50.516+00
\.


--
-- Data for Name: BridgeConfig; Type: TABLE DATA; Schema: public; Owner: -
--

COPY public."BridgeConfig" (id, "tenantId", "propertyId", name, "memberInterfaces", "stpEnabled", "forwardDelay", "helloTime", "maxAge", enabled, "createdAt", "updatedAt") FROM stdin;
09e97416-ea22-4d7f-aea2-66313693743e	444017d5-e022-4c5f-ac07-ea0d51f4609b	281fde73-7836-4511-b644-91f3663d8fcd	br0	["eth1","wlan0"]	t	15	2	20	t	2026-05-03 19:27:50.698+00	2026-05-03 19:27:50.698+00
c5088952-e12c-481e-a882-af538f4419bc	444017d5-e022-4c5f-ac07-ea0d51f4609b	281fde73-7836-4511-b644-91f3663d8fcd	br-guest	["eth1.10"]	f	15	2	20	t	2026-05-03 19:27:50.698+00	2026-05-03 19:27:50.698+00
\.


--
-- Data for Name: Camera; Type: TABLE DATA; Schema: public; Owner: -
--

COPY public."Camera" (id, "propertyId", "groupId", name, location, "streamUrl", "streamType", "isRecording", "recordingUrl", status, "posX", "posY", "createdAt", "updatedAt") FROM stdin;
87acea97-4ea9-4d94-80f2-d927cbb20aa5	281fde73-7836-4511-b644-91f3663d8fcd	6bbccb28-1442-4dc0-b057-997fbcceb1a8	Lobby Main	Main lobby entrance	\N	rtsp	f	\N	online	50	30	2026-05-03 19:27:50.568+00	2026-05-03 19:27:50.568+00
a999f9d5-1ad2-43d6-94f7-2ad480b8dcef	281fde73-7836-4511-b644-91f3663d8fcd	6bbccb28-1442-4dc0-b057-997fbcceb1a8	Reception Desk	Front desk area	\N	rtsp	f	\N	online	200	30	2026-05-03 19:27:50.568+00	2026-05-03 19:27:50.568+00
1f925a16-8c72-48e4-ad28-65509c33e9e5	281fde73-7836-4511-b644-91f3663d8fcd	ca91d4f4-aaf7-4cd0-b832-c1e1949271cd	Parking Gate	Main parking gate	\N	rtsp	t	\N	online	50	50	2026-05-03 19:27:50.568+00	2026-05-03 19:27:50.568+00
78ed9fb5-40ca-42cc-b9d5-b3dc7168da79	281fde73-7836-4511-b644-91f3663d8fcd	ca91d4f4-aaf7-4cd0-b832-c1e1949271cd	Parking Basement	Basement parking B1	\N	rtsp	t	\N	offline	150	50	2026-05-03 19:27:50.568+00	2026-05-03 19:27:50.568+00
d673b2f1-b539-431a-a6cf-3e2c1e015179	281fde73-7836-4511-b644-91f3663d8fcd	8bce8a9f-aae9-42f3-9da9-cb7c5aed0bf4	Floor 1 East	1st floor east corridor	\N	rtsp	f	\N	online	50	70	2026-05-03 19:27:50.568+00	2026-05-03 19:27:50.568+00
44498310-1210-43eb-8f50-db3e7d5c1b3e	281fde73-7836-4511-b644-91f3663d8fcd	8bce8a9f-aae9-42f3-9da9-cb7c5aed0bf4	Floor 1 West	1st floor west corridor	\N	rtsp	f	\N	online	200	70	2026-05-03 19:27:50.568+00	2026-05-03 19:27:50.568+00
\.


--
-- Data for Name: CameraEvent; Type: TABLE DATA; Schema: public; Owner: -
--

COPY public."CameraEvent" (id, "tenantId", "cameraId", type, "timestamp", "thumbnailUrl", "clipUrl", description, confidence, "isAlert", "alertType", "acknowledgedBy", "acknowledgedAt", "createdAt") FROM stdin;
\.


--
-- Data for Name: CameraGroup; Type: TABLE DATA; Schema: public; Owner: -
--

COPY public."CameraGroup" (id, "propertyId", name, description, "createdAt", "updatedAt") FROM stdin;
6bbccb28-1442-4dc0-b057-997fbcceb1a8	281fde73-7836-4511-b644-91f3663d8fcd	Lobby	Lobby and reception area cameras	2026-05-03 19:27:50.566+00	2026-05-03 19:27:50.566+00
ca91d4f4-aaf7-4cd0-b832-c1e1949271cd	281fde73-7836-4511-b644-91f3663d8fcd	Parking	Parking lot and entrance cameras	2026-05-03 19:27:50.566+00	2026-05-03 19:27:50.566+00
8bce8a9f-aae9-42f3-9da9-cb7c5aed0bf4	281fde73-7836-4511-b644-91f3663d8fcd	Floor 1 Corridor	First floor corridor cameras	2026-05-03 19:27:50.566+00	2026-05-03 19:27:50.566+00
\.


--
-- Data for Name: Campaign; Type: TABLE DATA; Schema: public; Owner: -
--

COPY public."Campaign" (id, "tenantId", name, description, type, subject, content, "templateId", "targetSegments", "scheduledAt", "sentAt", "totalRecipients", "sentCount", "openedCount", "clickedCount", "bouncedCount", "unsubscribedCount", status, "createdAt", "updatedAt") FROM stdin;
f32e59ff-ccea-4ef3-9f6b-ec4653b0f5ac	444017d5-e022-4c5f-ac07-ea0d51f4609b	Summer Special	Summer season promotional campaign offering discounted rates and complimentary upgrades for stays during April–July. Budget: ₹50,000.	promotional	☀️ Summer Special — Save Up to 25%!	Dear {{guestName}},\n\nMake this summer unforgettable with our exclusive Summer Special offer!\n\nEnjoy up to 25% off on all room types when you book between April and July. Plus, get a complimentary room upgrade and free breakfast for stays of 3 nights or more.\n\nUse code SUMMER25 at checkout.\n\nBook now and create lasting memories!	\N	["all_guests"]	2026-05-03 19:27:50.785+00	\N	450	312	198	87	0	0	sent	2026-05-03 19:27:50.785+00	2026-05-03 19:27:50.785+00
8edbe1e4-1f41-4a9f-b4fc-098b834625f0	444017d5-e022-4c5f-ac07-ea0d51f4609b	Loyalty Bonus	Loyalty program promotion offering double points for bookings made in the current month. Budget: ₹25,000.	loyalty	🌟 Double Points Month — Earn 2X Rewards!	Dear {{guestName}},\n\nAs a valued {{tierName}} member, we're excited to offer you DOUBLE POINTS on all stays booked this month!\n\nThat means every ₹100 spent earns you 20 points instead of the usual 10. Stack up your points faster and unlock exclusive rewards like free nights, late checkouts, and dining vouchers.\n\nThis offer is valid for bookings made before month-end. Don't miss out!	\N	["loyalty_members"]	2026-05-06 19:27:50.785+00	\N	280	0	0	0	0	0	scheduled	2026-05-03 19:27:50.785+00	2026-05-03 19:27:50.785+00
\.


--
-- Data for Name: CampaignAbTest; Type: TABLE DATA; Schema: public; Owner: -
--

COPY public."CampaignAbTest" (id, "tenantId", "campaignId", "variantLabel", "variantName", subject, content, "splitPercentage", "sentCount", "openedCount", "clickedCount", "conversionCount", "isWinner", "declaredAt", "createdAt", "updatedAt") FROM stdin;
\.


--
-- Data for Name: CampaignSegment; Type: TABLE DATA; Schema: public; Owner: -
--

COPY public."CampaignSegment" (id, "campaignId", "segmentId", "createdAt") FROM stdin;
\.


--
-- Data for Name: CancellationPenalty; Type: TABLE DATA; Schema: public; Owner: -
--

COPY public."CancellationPenalty" (id, "tenantId", "bookingId", "folioId", "policyId", "policyName", "penaltyType", "penaltyAmount", "originalAmount", "penaltyPercent", "penaltyNights", "refundAmount", reason, "exemptionType", "exemptionDetails", status, "createdAt", "updatedAt") FROM stdin;
\.


--
-- Data for Name: CancellationPolicy; Type: TABLE DATA; Schema: public; Owner: -
--

COPY public."CancellationPolicy" (id, "tenantId", "propertyId", "ratePlanId", name, description, "freeCancelHoursBefore", "penaltyPercent", "noShowPenaltyPercent", "penaltyType", "penaltyFixedAmount", "penaltyNights", exceptions, "isActive", "sortOrder", "createdAt", "updatedAt") FROM stdin;
c11f0da1-6033-4cdb-a776-9061430256a5	444017d5-e022-4c5f-ac07-ea0d51f4609b	\N	\N	Standard Flexible	Free cancellation up to 48 hours before check-in. 50% penalty after that.	48	50	100	percentage	\N	\N	[{"type":"loyalty_tier","value":"gold"},{"type":"loyalty_tier","value":"platinum"}]	t	1	2026-05-03 19:27:50.462+00	2026-05-03 19:27:50.462+00
067b3895-062a-45d3-a109-485f85a04afc	444017d5-e022-4c5f-ac07-ea0d51f4609b	\N	\N	Non-Refundable	No free cancellation. 100% penalty for any cancellation or no-show.	0	100	100	percentage	\N	\N	[{"type":"loyalty_tier","value":"platinum"}]	t	2	2026-05-03 19:27:50.462+00	2026-05-03 19:27:50.462+00
0a48182a-424e-4476-a868-1c2d259edd47	444017d5-e022-4c5f-ac07-ea0d51f4609b	\N	\N	Corporate Rate	Free cancellation up to 24 hours before check-in. First night penalty after.	24	0	100	first_night	\N	1	[{"type":"segment","value":"corporate"}]	t	3	2026-05-03 19:27:50.462+00	2026-05-03 19:27:50.462+00
921e7074-0f25-43cc-846d-48d49b753085	444017d5-e022-4c5f-ac07-ea0d51f4609b	\N	\N	Long Stay (7+ Nights)	Free cancellation 7 days before. 25% penalty after. 50% no-show.	168	25	50	percentage	\N	\N	[]	t	4	2026-05-03 19:27:50.462+00	2026-05-03 19:27:50.462+00
360ed6f0-622c-467c-84c0-dbd4b317fcd9	1afa10da-6737-4bbe-b30c-e2b76eedd4d5	\N	\N	Standard - Ocean View	Free cancellation 72 hours before check-in.	72	100	100	percentage	\N	\N	[]	t	1	2026-05-03 19:27:50.462+00	2026-05-03 19:27:50.462+00
157c901f-6488-4ecc-b00d-7fec012060ca	444017d5-e022-4c5f-ac07-ea0d51f4609b	\N	\N	Standard 48h Free Cancellation	Guests can cancel free of charge up to 48 hours before check-in. Cancellations within 48 hours incur a penalty equal to the first night's rate. No-shows are charged the full booking amount.	48	100	100	first_night	\N	1	[{"type":"loyalty_tier","value":"gold"},{"type":"loyalty_tier","value":"platinum"}]	t	3	2026-05-03 19:27:50.845+00	2026-05-03 19:27:50.845+00
\.


--
-- Data for Name: CaptivePortal; Type: TABLE DATA; Schema: public; Owner: -
--

COPY public."CaptivePortal" (id, "tenantId", "propertyId", name, description, "listenIp", "listenPort", "useSsl", "sslCertPath", "sslKeyPath", enabled, "isDefault", "maxConcurrent", "sessionTimeout", "idleTimeout", "redirectUrl", "successMessage", "failMessage", slug, "roamingMode", "allowsRoamingFrom", "authMethod", "maxBandwidthDown", "maxBandwidthUp", "bandwidthPolicy", "nasIdentifier", "ssidList", "createdAt", "updatedAt") FROM stdin;
0a58343e-1690-488f-a039-52f73162ff00	444017d5-e022-4c5f-ac07-ea0d51f4609b	281fde73-7836-4511-b644-91f3663d8fcd	Royal Stay Guest Portal	Main captive portal for hotel guests	0.0.0.0	80	f	\N	\N	t	f	500	86400	3600	https://www.royalstay.in/welcome	Welcome to Royal Stay! Enjoy your complimentary WiFi.	Authentication failed. Please check your credentials or contact the front desk.	royal-stay-guest	auth_origin	[]	pms_credentials	5242880	1048576	zone		["StaySuite-Guest","StaySuite-VIP"]	2026-05-03 19:27:50.717+00	2026-05-03 19:27:50.754+00
d67f15b6-bdab-478c-b980-031a5bce8656	444017d5-e022-4c5f-ac07-ea0d51f4609b	281fde73-7836-4511-b644-91f3663d8fcd	Staff Network Portal	Captive portal for staff WiFi authentication	0.0.0.0	80	f	\N	\N	t	f	200	86400	3600	https://www.royalstay.in/welcome	Welcome! Pool WiFi connected.	Authentication failed. Please contact the front desk.	royal-stay-staff	seamless	["lobby"]	pms_credentials	3145728	524288	origin		["StaySuite-Staff"]	2026-05-03 19:27:50.717+00	2026-05-03 19:27:50.756+00
\.


--
-- Data for Name: ChannelConnection; Type: TABLE DATA; Schema: public; Owner: -
--

COPY public."ChannelConnection" (id, "tenantId", channel, "displayName", "apiKey", "apiSecret", username, password, "clientId", "clientSecret", "accessToken", "refreshToken", "tokenExpiresAt", "hotelId", "propertyId", "listingId", "endpointUrl", credentials, status, "lastSyncAt", "lastError", "autoSync", "syncInterval", "createdAt", "updatedAt") FROM stdin;
3a596466-9ffa-4797-9570-0d5c8b55eb7b	444017d5-e022-4c5f-ac07-ea0d51f4609b	booking_com	Booking.com	BC-***MASKED***	\N	\N	\N	\N	\N	\N	\N	\N	8893039a-339a-48f0-870d-7f2344fb8b1b	281fde73-7836-4511-b644-91f3663d8fcd	\N	https://supply.connect.booking.com	\N	connected	2026-05-03 18:57:50.409+00	\N	t	15	2026-05-03 19:27:50.556+00	2026-05-03 19:27:50.556+00
7c7c06d4-638e-4e4d-8547-e00a502aa73c	444017d5-e022-4c5f-ac07-ea0d51f4609b	expedia	Expedia	EXP-***MASKED***	\N	\N	\N	\N	\N	\N	\N	\N	60fc3696-4cd9-4cf3-b2d8-6ae7a45a26dc	281fde73-7836-4511-b644-91f3663d8fcd	\N	https://services.expediapartnercentral.com	\N	connected	2026-05-03 18:42:50.409+00	\N	t	30	2026-05-03 19:27:50.556+00	2026-05-03 19:27:50.556+00
356053c4-8a20-47ae-aaf2-5384e8c90194	444017d5-e022-4c5f-ac07-ea0d51f4609b	airbnb	Airbnb	\N	\N	\N	\N	326668d4-4a36-4c8c-a5b8-19f0eaec5e2e	\N	\N	\N	\N	\N	281fde73-7836-4511-b644-91f3663d8fcd	1769469a-5140-4415-86fa-ad33994c603f	\N	\N	connected	2026-05-02 19:27:50.409+00	\N	t	60	2026-05-03 19:27:50.556+00	2026-05-03 19:27:50.556+00
8cfda594-a1ad-40ce-87fc-d7542568908b	444017d5-e022-4c5f-ac07-ea0d51f4609b	booking_com	Booking.com	\N	\N	\N	\N	\N	\N	\N	\N	\N	8979dec5-d34b-439a-8bbc-f6f9fd488694	281fde73-7836-4511-b644-91f3663d8fcd	\N	https://supply.connect.booking.com	{"username":"royal_stay_kolkata","apiKey":"bcom_key_xxxxxxxxxxxx"}	active	2026-05-03 18:57:50.84+00	\N	t	60	2026-05-03 19:27:50.84+00	2026-05-03 19:27:50.84+00
244cdf94-8f61-4c1a-9de4-a5ed2dcf421f	444017d5-e022-4c5f-ac07-ea0d51f4609b	airbnb	Airbnb	\N	\N	\N	\N	\N	\N	\N	\N	\N	\N	281fde73-7836-4511-b644-91f3663d8fcd	1c33f667-6d57-445d-8baf-e3b5bc7e180e	\N	{"clientId":"airbnb_client_id","clientSecret":"airbnb_client_secret"}	active	2026-05-03 19:12:50.84+00	\N	t	30	2026-05-03 19:27:50.84+00	2026-05-03 19:27:50.84+00
\.


--
-- Data for Name: ChannelDeadLetterQueue; Type: TABLE DATA; Schema: public; Owner: -
--

COPY public."ChannelDeadLetterQueue" (id, "tenantId", "propertyId", "syncLogId", "channelCode", operation, payload, error, "attemptCount", "originalCreatedAt", "createdAt", "updatedAt") FROM stdin;
d59d8e87-4eda-4179-8af9-c41cffc036a9	444017d5-e022-4c5f-ac07-ea0d51f4609b	281fde73-7836-4511-b644-91f3663d8fcd	\N	booking_com	create_booking	{"bookingId":"9c36843e-85c6-4281-9124-4007533fcd31","roomTypeId":"4d5269a2-63ad-48e7-8683-4b0efca11567","dates":["2024-11-10","2024-11-12"]}	Authentication failed - API key expired	5	2026-04-23 19:27:50.409+00	2026-05-03 19:27:50.565+00	2026-05-03 19:27:50.565+00
58fcb63a-d45a-4add-ba84-3fd628dccf10	444017d5-e022-4c5f-ac07-ea0d51f4609b	281fde73-7836-4511-b644-91f3663d8fcd	\N	airbnb	sync_calendar	{"roomId":"3330f9c6-2345-4db5-bc7f-4a8ca55afb8b","dates":["2024-11-05","2024-11-08"],"status":"blocked"}	Invalid listing ID - listing removed from Airbnb	3	2026-04-26 19:27:50.409+00	2026-05-03 19:27:50.565+00	2026-05-03 19:27:50.565+00
\.


--
-- Data for Name: ChannelMapping; Type: TABLE DATA; Schema: public; Owner: -
--

COPY public."ChannelMapping" (id, "connectionId", "roomTypeId", "ratePlanId", "externalRoomId", "externalRoomName", "externalRateId", "externalRateName", "syncInventory", "syncRates", "syncRestrictions", status, "createdAt", "updatedAt") FROM stdin;
9fb6d3db-8638-4172-9ad8-3e98d9c0f453	3a596466-9ffa-4797-9570-0d5c8b55eb7b	4d5269a2-63ad-48e7-8683-4b0efca11567	78bb50d4-0774-4706-bdb0-7b217f01fcf5	d0b52657-0dd6-4b55-98a1-a2fb10426de0	Standard Double Room	\N	\N	t	t	t	active	2026-05-03 19:27:50.558+00	2026-05-03 19:27:50.558+00
3f6e3b6f-dbc4-4e93-9a62-e104d87ad1ed	3a596466-9ffa-4797-9570-0d5c8b55eb7b	1aac4388-0d87-43da-a0bf-984fe39e5bcf	1a5c7379-c2c0-4b39-9bd5-3e363a554090	a2871515-1591-420f-b927-de5700aa5b0d	Deluxe City View Room	\N	\N	t	t	t	active	2026-05-03 19:27:50.558+00	2026-05-03 19:27:50.558+00
273f9817-f332-44d5-85dd-a00fcf647ee8	3a596466-9ffa-4797-9570-0d5c8b55eb7b	22f53ea5-00fb-4b29-9dc6-a7834cc6b481	b2f7bd51-c4c8-44ff-8c8d-5c408a11b54b	36b8001e-1a16-4c11-902d-7cf90bc2e216	Executive Suite	\N	\N	t	t	t	active	2026-05-03 19:27:50.558+00	2026-05-03 19:27:50.558+00
98ee063b-8790-4a55-8fd2-6b131408e807	7c7c06d4-638e-4e4d-8547-e00a502aa73c	4d5269a2-63ad-48e7-8683-4b0efca11567	78bb50d4-0774-4706-bdb0-7b217f01fcf5	dac04e86-9658-4e63-bde3-79762d7436ae	Standard Room	7df8784a-b6e2-40f3-bdf5-69232254eb83	\N	t	t	t	active	2026-05-03 19:27:50.558+00	2026-05-03 19:27:50.558+00
6687ce4b-36bb-4aa7-941d-0bb84da3d5f8	7c7c06d4-638e-4e4d-8547-e00a502aa73c	1aac4388-0d87-43da-a0bf-984fe39e5bcf	1a5c7379-c2c0-4b39-9bd5-3e363a554090	b13cafba-c895-43f1-842f-c19a92117b56	Deluxe Room	2a1e09cc-0f97-4127-a50c-a9fdbedb3091	\N	t	t	t	active	2026-05-03 19:27:50.558+00	2026-05-03 19:27:50.558+00
5a6021ed-899c-467e-a2be-4fc752dfba18	356053c4-8a20-47ae-aaf2-5384e8c90194	4d5269a2-63ad-48e7-8683-4b0efca11567	495aa159-3b9a-4ce4-ae2f-314d2c1efb18	cf0d9325-f9ec-4e4c-97c4-ab499888efa0	Cozy Standard Room	\N	\N	t	t	f	active	2026-05-03 19:27:50.558+00	2026-05-03 19:27:50.558+00
\.


--
-- Data for Name: ChannelRestriction; Type: TABLE DATA; Schema: public; Owner: -
--

COPY public."ChannelRestriction" (id, "connectionId", "roomTypeId", "startDate", "endDate", "closedToArrival", "closedToDeparture", closed, "minStay", "maxStay", "minStayArrival", "maxStayArrival", "rateMin", "rateMax", source, "syncStatus", "lastSyncedAt", "createdAt", "updatedAt") FROM stdin;
a628ccd8-c96e-4e72-8111-78f3190e2b46	3a596466-9ffa-4797-9570-0d5c8b55eb7b	bd3a1ffd-24b8-4185-b350-6bdae97bc426	2026-04-28 19:27:50.409+00	2026-06-02 19:27:50.409+00	f	f	t	\N	\N	\N	\N	\N	\N	manual	synced	2026-04-28 19:27:50.409+00	2026-05-03 19:27:50.561+00	2026-05-03 19:27:50.561+00
f91d8a07-03c2-4ea8-b7d0-9395bf3dbd4b	3a596466-9ffa-4797-9570-0d5c8b55eb7b	4d5269a2-63ad-48e7-8683-4b0efca11567	2026-05-04 19:27:50.409+00	2026-05-06 19:27:50.409+00	t	f	f	2	\N	\N	\N	\N	\N	manual	synced	2026-05-03 19:27:50.559+00	2026-05-03 19:27:50.561+00	2026-05-03 19:27:50.561+00
f7666442-752a-4868-a4dd-9d40fb77e17a	7c7c06d4-638e-4e4d-8547-e00a502aa73c	22f53ea5-00fb-4b29-9dc6-a7834cc6b481	2026-05-08 19:27:50.409+00	2026-05-10 19:27:50.409+00	f	f	f	3	\N	\N	\N	10000	\N	manual	pending	\N	2026-05-03 19:27:50.561+00	2026-05-03 19:27:50.561+00
\.


--
-- Data for Name: ChannelRetryQueue; Type: TABLE DATA; Schema: public; Owner: -
--

COPY public."ChannelRetryQueue" (id, "tenantId", "propertyId", "syncLogId", "channelCode", operation, payload, "attemptCount", "nextRetryAt", status, "lastError", "lastAttemptAt", priority, "createdAt", "updatedAt") FROM stdin;
b089cc80-2596-4578-960f-fc6e3c187bac	444017d5-e022-4c5f-ac07-ea0d51f4609b	281fde73-7836-4511-b644-91f3663d8fcd	\N	booking_com	update_rates	{"roomTypeId":"4d5269a2-63ad-48e7-8683-4b0efca11567","ratePlanId":"78bb50d4-0774-4706-bdb0-7b217f01fcf5","dates":["2024-12-15","2024-12-16"],"price":3800}	2	2026-05-03 19:32:50.409+00	pending	Connection timeout	2026-05-03 18:57:50.409+00	1	2026-05-03 19:27:50.563+00	2026-05-03 19:27:50.563+00
3ea3285c-c8f5-4f10-a170-1f3ac0be66c7	444017d5-e022-4c5f-ac07-ea0d51f4609b	281fde73-7836-4511-b644-91f3663d8fcd	\N	expedia	update_availability	{"roomTypeId":"1aac4388-0d87-43da-a0bf-984fe39e5bcf","date":"2024-12-15","available":8}	1	2026-05-03 19:37:50.409+00	pending	500 Internal Server Error	2026-05-03 19:12:50.409+00	2	2026-05-03 19:27:50.563+00	2026-05-03 19:27:50.563+00
\.


--
-- Data for Name: ChannelSyncLog; Type: TABLE DATA; Schema: public; Owner: -
--

COPY public."ChannelSyncLog" (id, "connectionId", "syncType", direction, "requestPayload", "responsePayload", "statusCode", status, "errorMessage", "attemptCount", "correlationId", "createdAt") FROM stdin;
\.


--
-- Data for Name: ChatAttachment; Type: TABLE DATA; Schema: public; Owner: -
--

COPY public."ChatAttachment" (id, "tenantId", "conversationId", "fileName", "fileSize", "mimeType", "fileUrl", "uploadedBy", "createdAt") FROM stdin;
\.


--
-- Data for Name: ChatConversation; Type: TABLE DATA; Schema: public; Owner: -
--

COPY public."ChatConversation" (id, "tenantId", "propertyId", "guestId", "bookingId", channel, "externalId", "channelRef", subject, "assignedTo", status, priority, "lastMessageAt", "lastMessage", "unreadCount", tags, "createdAt", "updatedAt") FROM stdin;
3b77764e-56a8-4034-a980-93018ecf8b0e	444017d5-e022-4c5f-ac07-ea0d51f4609b	281fde73-7836-4511-b644-91f3663d8fcd	cb127462-1b96-4e37-8f78-65bbd0493ee1	b544cc77-46a6-4e53-921e-50db663eb482	in_app	\N	\N	\N	\N	open	normal	2026-05-03 18:57:50.471+00	Thank you so much!	0	[]	2026-05-03 19:27:50.472+00	2026-05-03 19:27:50.472+00
\.


--
-- Data for Name: ChatMessage; Type: TABLE DATA; Schema: public; Owner: -
--

COPY public."ChatMessage" (id, "conversationId", "senderId", content, "messageType", attachments, "senderType", status, "sentAt", "readAt", "createdAt") FROM stdin;
1945557c-3c0e-4f4f-ae14-475a502572e4	3b77764e-56a8-4034-a980-93018ecf8b0e	\N	Hello, I just checked in to room 501. The room is beautiful!	text	[]	guest	read	2026-05-03 16:27:50.471+00	\N	2026-05-03 19:27:50.472+00
e9cbccd1-7019-4975-b08d-fb5025fb7be3	3b77764e-56a8-4034-a980-93018ecf8b0e	cc3b3483-ad7a-452a-b623-5465962c9678	Welcome to Royal Stay Kolkata, Mr. Mukherjee! We're glad you like the room. Is there anything you need?	text	[]	staff	read	2026-05-03 16:39:50.471+00	2026-05-03 16:45:50.471+00	2026-05-03 19:27:50.472+00
5ad09d00-84c3-4ae0-9dce-6b217e45acba	3b77764e-56a8-4034-a980-93018ecf8b0e	\N	Could you send an extra pillow and a blanket to the room?	text	[]	guest	read	2026-05-03 17:27:50.471+00	\N	2026-05-03 19:27:50.472+00
06bac445-ea4e-4d6a-ada6-4bc0c1885381	3b77764e-56a8-4034-a980-93018ecf8b0e	cc3b3483-ad7a-452a-b623-5465962c9678	Of course! I'll have housekeeping send those up right away. Expected in about 10 minutes.	text	[]	staff	read	2026-05-03 17:39:50.471+00	2026-05-03 17:57:50.471+00	2026-05-03 19:27:50.472+00
57388e47-b5c6-4dc0-bbda-c8303f08e841	3b77764e-56a8-4034-a980-93018ecf8b0e	\N	Also, what time does the restaurant open for dinner?	text	[]	guest	read	2026-05-03 18:27:50.471+00	\N	2026-05-03 19:27:50.472+00
d1f3fc3f-44dd-4365-a134-f3b36975f1c4	3b77764e-56a8-4034-a980-93018ecf8b0e	cc3b3483-ad7a-452a-b623-5465962c9678	Our restaurant opens at 7:00 PM. I'd recommend trying the Butter Chicken — it's a guest favourite! Would you like me to reserve a table?	text	[]	staff	delivered	2026-05-03 18:57:50.471+00	\N	2026-05-03 19:27:50.472+00
\.


--
-- Data for Name: ChatTransfer; Type: TABLE DATA; Schema: public; Owner: -
--

COPY public."ChatTransfer" (id, "tenantId", "conversationId", "fromUserId", "toUserId", reason, notes, "createdAt") FROM stdin;
\.


--
-- Data for Name: CoaSessionDetail; Type: TABLE DATA; Schema: public; Owner: -
--

COPY public."CoaSessionDetail" (id, "tenantId", "propertyId", "sessionId", username, "userId", "coaType", "policyName", "bandwidthPercent", "triggeredBy", "nasIpAddress", "actualSessionTime", "effectiveSessionTime", "actualDownloadBytes", "actualUploadBytes", "effectiveDownloadBytes", "effectiveUploadBytes", result, "errorMessage", "createdAt") FROM stdin;
\.


--
-- Data for Name: CommunicationChannel; Type: TABLE DATA; Schema: public; Owner: -
--

COPY public."CommunicationChannel" (id, "tenantId", type, name, provider, config, status, capabilities, "webhookUrl", "webhookSecret", "messagesSent", "messagesReceived", "lastMessageAt", "lastError", "lastErrorAt", "createdAt", "updatedAt") FROM stdin;
77c5616f-f085-4197-8e1d-489920e5a775	444017d5-e022-4c5f-ac07-ea0d51f4609b	email	SMTP Email	sendgrid	{"host":"smtp.sendgrid.net","port":587,"fromEmail":"noreply@royalstay.in","fromName":"Royal Stay Hotels"}	active	["send", "receive"]	\N	\N	4520	1200	2026-05-02 19:27:50.409+00	\N	\N	2026-05-03 19:27:50.546+00	2026-05-03 19:27:50.546+00
f752b315-116d-4eae-b683-73741788bb53	444017d5-e022-4c5f-ac07-ea0d51f4609b	sms	SMS Gateway	msg91	{"apiKey":"***masked***","senderId":"RSTAY"}	active	["send"]	\N	\N	8950	0	2026-05-03 19:27:50.545+00	\N	\N	2026-05-03 19:27:50.546+00	2026-05-03 19:27:50.546+00
6cb76014-a9a5-417d-a23e-747537ca4ee3	444017d5-e022-4c5f-ac07-ea0d51f4609b	whatsapp	WhatsApp Business	meta	{"phoneNumberId":"919830012345","businessAccountId":"BA-RS-001"}	active	["send", "receive", "template"]	\N	\N	3200	1800	2026-05-01 19:27:50.409+00	\N	\N	2026-05-03 19:27:50.546+00	2026-05-03 19:27:50.546+00
3896ce25-3629-48c8-a673-7188fdfc1a63	444017d5-e022-4c5f-ac07-ea0d51f4609b	push	Push Notifications	firebase	{"projectId":"royal-stay-001"}	active	["send"]	\N	\N	12500	0	2026-05-03 19:27:50.545+00	\N	\N	2026-05-03 19:27:50.546+00	2026-05-03 19:27:50.546+00
\.


--
-- Data for Name: CompetitorPrice; Type: TABLE DATA; Schema: public; Owner: -
--

COPY public."CompetitorPrice" (id, "tenantId", "propertyId", "roomTypeId", "competitorName", "competitorType", "competitorUrl", rating, date, price, currency, "roomTypeName", "ratePlanName", source, "createdAt", "updatedAt") FROM stdin;
c11f0da1-6033-4cdb-a776-9061430256a5	444017d5-e022-4c5f-ac07-ea0d51f4609b	281fde73-7836-4511-b644-91f3663d8fcd	1aac4388-0d87-43da-a0bf-984fe39e5bcf	Taj Bengal	luxury	\N	4.8	2026-05-01 19:27:50.409+00	8500	INR	Deluxe Room	BAR	channel_manager	2026-05-03 19:27:50.504+00	2026-05-03 19:27:50.504+00
067b3895-062a-45d3-a109-485f85a04afc	444017d5-e022-4c5f-ac07-ea0d51f4609b	281fde73-7836-4511-b644-91f3663d8fcd	1aac4388-0d87-43da-a0bf-984fe39e5bcf	ITC Sonar	luxury	\N	4.7	2026-05-01 19:27:50.409+00	7800	INR	Luxury Room	Flexible	channel_manager	2026-05-03 19:27:50.504+00	2026-05-03 19:27:50.504+00
0a48182a-424e-4476-a868-1c2d259edd47	444017d5-e022-4c5f-ac07-ea0d51f4609b	281fde73-7836-4511-b644-91f3663d8fcd	22f53ea5-00fb-4b29-9dc6-a7834cc6b481	Taj Bengal	luxury	\N	4.8	2026-05-02 19:27:50.409+00	15000	INR	Luxury Suite	BAR	channel_manager	2026-05-03 19:27:50.504+00	2026-05-03 19:27:50.504+00
921e7074-0f25-43cc-846d-48d49b753085	444017d5-e022-4c5f-ac07-ea0d51f4609b	281fde73-7836-4511-b644-91f3663d8fcd	4d5269a2-63ad-48e7-8683-4b0efca11567	FabHotel Park Street	mid_scale	\N	4.2	2026-05-03 19:27:50.503+00	2800	INR	Standard Room	Standard	manual	2026-05-03 19:27:50.504+00	2026-05-03 19:27:50.504+00
360ed6f0-622c-467c-84c0-dbd4b317fcd9	444017d5-e022-4c5f-ac07-ea0d51f4609b	281fde73-7836-4511-b644-91f3663d8fcd	1aac4388-0d87-43da-a0bf-984fe39e5bcf	The Oberoi Grand	luxury	\N	4.9	2026-05-03 19:27:50.503+00	9200	INR	Deluxe Suite	Best Available	channel_manager	2026-05-03 19:27:50.504+00	2026-05-03 19:27:50.504+00
1050a314-7864-45fd-bcf7-5f962d31fe69	444017d5-e022-4c5f-ac07-ea0d51f4609b	281fde73-7836-4511-b644-91f3663d8fcd	22f53ea5-00fb-4b29-9dc6-a7834cc6b481	ITC Sonar	luxury	\N	4.7	2026-05-03 19:27:50.503+00	14000	INR	Executive Suite	Flexible	channel_manager	2026-05-03 19:27:50.504+00	2026-05-03 19:27:50.504+00
\.


--
-- Data for Name: CompetitorSyncLog; Type: TABLE DATA; Schema: public; Owner: -
--

COPY public."CompetitorSyncLog" (id, "tenantId", "propertyId", "competitorName", "syncType", status, "pricesCollected", "errorMessage", "startedAt", "completedAt", "createdAt") FROM stdin;
\.


--
-- Data for Name: ConsentRecord; Type: TABLE DATA; Schema: public; Owner: -
--

COPY public."ConsentRecord" (id, "tenantId", "guestId", "userId", "consentType", "consentCategory", granted, "grantedAt", "grantedVia", "ipAddress", "userAgent", "consentText", "consentVersion", revoked, "revokedAt", "revokedVia", "revocationReason", "expiresAt", metadata, "createdAt", "updatedAt") FROM stdin;
3f75c226-6038-49a3-a1d2-5fd62f85898f	444017d5-e022-4c5f-ac07-ea0d51f4609b	cb127462-1b96-4e37-8f78-65bbd0493ee1	\N	marketing	marketing	t	2026-02-02 19:27:50.409+00	web	192.168.1.100	\N	\N	v1.0	f	\N	\N	\N	\N	{}	2026-05-03 19:27:50.577+00	2026-05-03 19:27:50.577+00
2ff75b6e-9c98-4d4e-9066-4ebeaa58e652	444017d5-e022-4c5f-ac07-ea0d51f4609b	cb127462-1b96-4e37-8f78-65bbd0493ee1	\N	analytics	analytics	t	2026-02-02 19:27:50.409+00	web	192.168.1.100	\N	\N	v1.0	f	\N	\N	\N	\N	{}	2026-05-03 19:27:50.577+00	2026-05-03 19:27:50.577+00
817821d9-92d7-41a2-87dc-8e68e1706838	444017d5-e022-4c5f-ac07-ea0d51f4609b	cb127462-1b96-4e37-8f78-65bbd0493ee1	\N	third_party	third_party	f	\N	web	192.168.1.100	\N	\N	v1.0	f	\N	\N	\N	\N	{}	2026-05-03 19:27:50.577+00	2026-05-03 19:27:50.577+00
48925f5d-bc97-4ce9-b4b7-c3a7ea73f16e	444017d5-e022-4c5f-ac07-ea0d51f4609b	c5e15b10-5464-4323-87b6-41d1eb95c39a	\N	marketing	marketing	t	2026-03-04 19:27:50.409+00	email	\N	\N	\N	v1.0	f	\N	\N	\N	\N	{}	2026-05-03 19:27:50.577+00	2026-05-03 19:27:50.577+00
4f188d3f-19d0-402e-a9a1-f37dbd98c374	444017d5-e022-4c5f-ac07-ea0d51f4609b	c5e15b10-5464-4323-87b6-41d1eb95c39a	\N	analytics	analytics	t	2026-03-04 19:27:50.409+00	email	\N	\N	\N	v1.0	f	\N	\N	\N	\N	{}	2026-05-03 19:27:50.577+00	2026-05-03 19:27:50.577+00
9fed576d-a881-4d07-ab58-282da95dec5d	444017d5-e022-4c5f-ac07-ea0d51f4609b	0dae0b8b-173a-4819-8a5e-7ff3be5c81d5	\N	marketing	marketing	t	2026-01-03 19:27:50.409+00	portal	\N	\N	\N	v1.0	f	\N	\N	\N	\N	{}	2026-05-03 19:27:50.577+00	2026-05-03 19:27:50.577+00
5dfdc3d5-a698-4a7e-8309-fafa315e0d1d	444017d5-e022-4c5f-ac07-ea0d51f4609b	df87b649-707f-402a-9198-75a06d22ed63	\N	marketing	marketing	t	2026-04-03 19:27:50.409+00	web	\N	\N	\N	v1.0	f	\N	\N	\N	\N	{}	2026-05-03 19:27:50.577+00	2026-05-03 19:27:50.577+00
45bd6164-40c7-42d7-b5b5-f4b0033b1e64	444017d5-e022-4c5f-ac07-ea0d51f4609b	df87b649-707f-402a-9198-75a06d22ed63	\N	third_party	third_party	f	\N	web	\N	\N	\N	v1.0	f	\N	\N	\N	\N	{}	2026-05-03 19:27:50.577+00	2026-05-03 19:27:50.577+00
b7151575-8e32-46a9-b0f2-ac6cfdbf89ca	444017d5-e022-4c5f-ac07-ea0d51f4609b	\N	cc3b3483-ad7a-452a-b623-5465962c9678	essential	essential	t	2025-11-04 19:27:50.409+00	api	\N	\N	\N	v1.0	f	\N	\N	\N	\N	{}	2026-05-03 19:27:50.577+00	2026-05-03 19:27:50.577+00
25110226-fba3-4d62-a305-5436885dbbf7	444017d5-e022-4c5f-ac07-ea0d51f4609b	79877c7c-f915-4922-94a0-5d83df9e1d09	\N	marketing	marketing	f	\N	web	\N	\N	\N	v1.0	t	2026-04-23 19:27:50.409+00	\N	User opted out of marketing emails	\N	{}	2026-05-03 19:27:50.577+00	2026-05-03 19:27:50.577+00
\.


--
-- Data for Name: ContentFilter; Type: TABLE DATA; Schema: public; Owner: -
--

COPY public."ContentFilter" (id, "tenantId", "propertyId", name, category, domains, enabled, "scheduleId", "createdAt", "updatedAt") FROM stdin;
fb79cff1-8a34-4948-8e55-3d46af1a08a3	444017d5-e022-4c5f-ac07-ea0d51f4609b	281fde73-7836-4511-b644-91f3663d8fcd	Social Media Block	social_media	["facebook.com","instagram.com","twitter.com","tiktok.com","snapchat.com"]	f	\N	2026-05-03 19:27:50.738+00	2026-05-03 19:27:50.738+00
93a14985-63de-45a6-bc69-83a778667bc1	444017d5-e022-4c5f-ac07-ea0d51f4609b	281fde73-7836-4511-b644-91f3663d8fcd	Adult Content Block	adult	["*adult*","*porn*","*xxx*"]	t	\N	2026-05-03 19:27:50.738+00	2026-05-03 19:27:50.738+00
b75c5491-34e9-4449-9971-c59611887c88	444017d5-e022-4c5f-ac07-ea0d51f4609b	281fde73-7836-4511-b644-91f3663d8fcd	Malware Protection	malware	["*malware*","*phishing*","*ransomware*"]	t	\N	2026-05-03 19:27:50.738+00	2026-05-03 19:27:50.738+00
2f333762-e406-4c5f-a68b-57f74946b294	444017d5-e022-4c5f-ac07-ea0d51f4609b	281fde73-7836-4511-b644-91f3663d8fcd	Ad Blocker	ads	["*doubleclick*","*googlesyndication*","*adnxs*","*adserv*"]	t	4699ffa6-f2ac-4f46-922a-97ab9e8ecc98	2026-05-03 19:27:50.738+00	2026-05-03 19:27:50.738+00
\.


--
-- Data for Name: CreditNote; Type: TABLE DATA; Schema: public; Owner: -
--

COPY public."CreditNote" (id, "tenantId", "propertyId", "folioId", "creditNoteNumber", "guestId", "bookingId", reason, description, items, subtotal, "taxAmount", "totalAmount", currency, status, "appliedAmount", "remainingAmount", "issuedBy", "approvedBy", "approvedAt", "validUntil", "refundedTo", "createdAt", "updatedAt") FROM stdin;
\.


--
-- Data for Name: DemandForecast; Type: TABLE DATA; Schema: public; Owner: -
--

COPY public."DemandForecast" (id, "tenantId", "propertyId", "roomTypeId", date, "demandScore", "occupancyForecast", "adrForecast", "revparForecast", "localEvents", "eventsImpact", "seasonalFactor", "dayOfWeekFactor", confidence, "generatedBy", "modelVersion", "createdAt", "updatedAt") FROM stdin;
39f36770-3e5d-46bc-9a60-0e6e607a9ba9	444017d5-e022-4c5f-ac07-ea0d51f4609b	281fde73-7836-4511-b644-91f3663d8fcd	\N	2026-05-03 19:27:50.506+00	75	82	6800	5576	[]	0	1	1	0.85	algorithm	v2.1	2026-05-03 19:27:50.506+00	2026-05-03 19:27:50.506+00
fa5df493-6bab-45e4-9210-3dd92abaa98f	444017d5-e022-4c5f-ac07-ea0d51f4609b	281fde73-7836-4511-b644-91f3663d8fcd	\N	2026-05-04 19:27:50.409+00	80	85	7200	6120	[]	0	1	1	0.82	algorithm	v2.1	2026-05-03 19:27:50.506+00	2026-05-03 19:27:50.506+00
f167295e-1026-4357-9dc7-e890e5e59925	444017d5-e022-4c5f-ac07-ea0d51f4609b	281fde73-7836-4511-b644-91f3663d8fcd	\N	2026-05-05 19:27:50.409+00	85	88	7500	6600	[{"name":"Kolkata Book Fair","impact":5}]	5	1	1	0.78	algorithm	v2.1	2026-05-03 19:27:50.506+00	2026-05-03 19:27:50.506+00
16867fb9-80cf-4b9b-ad87-2089aad3209b	444017d5-e022-4c5f-ac07-ea0d51f4609b	281fde73-7836-4511-b644-91f3663d8fcd	\N	2026-05-06 19:27:50.409+00	90	92	8200	7544	[{"name":"Kolkata Book Fair","impact":8}]	8	1	1	0.8	algorithm	v2.1	2026-05-03 19:27:50.506+00	2026-05-03 19:27:50.506+00
4bf01d7d-e5ad-4f2e-b1e1-035340a728de	444017d5-e022-4c5f-ac07-ea0d51f4609b	281fde73-7836-4511-b644-91f3663d8fcd	\N	2026-05-07 19:27:50.409+00	70	75	6500	4875	[]	0	1	1	0.75	algorithm	v2.1	2026-05-03 19:27:50.506+00	2026-05-03 19:27:50.506+00
bf4fe9ee-aaf5-4479-8d32-89e3bf2f9dd6	444017d5-e022-4c5f-ac07-ea0d51f4609b	281fde73-7836-4511-b644-91f3663d8fcd	\N	2026-05-08 19:27:50.409+00	65	70	6000	4200	[]	0	1	1	0.7	algorithm	v2.1	2026-05-03 19:27:50.506+00	2026-05-03 19:27:50.506+00
4a2e2787-3868-42ce-80df-5468fa4b8510	444017d5-e022-4c5f-ac07-ea0d51f4609b	281fde73-7836-4511-b644-91f3663d8fcd	\N	2026-05-09 19:27:50.409+00	60	65	5800	3770	[]	0	0.95	1	0.65	algorithm	v2.1	2026-05-03 19:27:50.506+00	2026-05-03 19:27:50.506+00
\.


--
-- Data for Name: DeviceProfile; Type: TABLE DATA; Schema: public; Owner: -
--

COPY public."DeviceProfile" (id, "tenantId", "propertyId", "wifiUserId", "guestId", "fingerprintHash", "storageToken", "macAddress", "ipAddress", "userAgent", "deviceName", "deviceType", "fingerprintData", "authCount", "lastAuthAt", "firstSeenAt", "lastSeenAt", "isActive") FROM stdin;
\.


--
-- Data for Name: DhcpBlacklist; Type: TABLE DATA; Schema: public; Owner: -
--

COPY public."DhcpBlacklist" (id, "tenantId", "propertyId", "subnetId", "macAddress", reason, enabled, "createdAt", "updatedAt") FROM stdin;
\.


--
-- Data for Name: DhcpHostnameFilter; Type: TABLE DATA; Schema: public; Owner: -
--

COPY public."DhcpHostnameFilter" (id, "tenantId", "propertyId", "subnetId", pattern, action, enabled, description, "createdAt", "updatedAt") FROM stdin;
\.


--
-- Data for Name: DhcpLease; Type: TABLE DATA; Schema: public; Owner: -
--

COPY public."DhcpLease" (id, "tenantId", "propertyId", "subnetId", "macAddress", "ipAddress", hostname, "clientId", "leaseStart", "leaseEnd", state, "lastSeenAt") FROM stdin;
ea02587a-3d18-47b6-9fe0-8fef09c240d5	444017d5-e022-4c5f-ac07-ea0d51f4609b	281fde73-7836-4511-b644-91f3663d8fcd	78626e41-d0a8-48fe-bf6f-d9157a0ab8ae	AA:BB:CC:11:22:33	192.168.10.105	Amit-iPhone	01:aabb:cc11:2233	2026-05-03 16:27:50.653+00	2026-05-03 20:27:50.653+00	active	2026-05-03 19:22:50.653+00
12b8a48b-12a0-4908-a393-08bd64c087bf	444017d5-e022-4c5f-ac07-ea0d51f4609b	281fde73-7836-4511-b644-91f3663d8fcd	78626e41-d0a8-48fe-bf6f-d9157a0ab8ae	AA:BB:CC:44:55:66	192.168.10.110	Rahul-MacBook	01:aabb:cc44:5566	2026-05-03 14:27:50.653+00	2026-05-03 18:27:50.653+00	active	2026-05-03 19:25:50.653+00
dcbeebd3-a852-4d30-b05e-c9f986610c3c	444017d5-e022-4c5f-ac07-ea0d51f4609b	281fde73-7836-4511-b644-91f3663d8fcd	78626e41-d0a8-48fe-bf6f-d9157a0ab8ae	AA:BB:CC:DD:EE:FF	192.168.10.125	Rina-iPad	01:aabb:ccdd:eeff	2026-05-01 19:27:50.653+00	2026-05-02 19:27:50.653+00	expired	2026-05-02 19:27:50.653+00
407a6ae6-02dd-460e-9431-7d16f8b32090	444017d5-e022-4c5f-ac07-ea0d51f4609b	281fde73-7836-4511-b644-91f3663d8fcd	71ba93d1-56df-45f8-8e05-2b95daee8c27	AA:BB:CC:DD:02:01	192.168.20.51	Priya-Laptop	01:aabb:ccdd:0201	2026-05-02 19:27:50.653+00	2026-05-04 19:27:50.653+00	active	2026-05-03 19:12:50.653+00
00df1a70-f1fa-4fbe-bea2-d2fa78ef2a3b	444017d5-e022-4c5f-ac07-ea0d51f4609b	281fde73-7836-4511-b644-91f3663d8fcd	930fa188-5732-46f8-a17a-91723afce130	AA:BB:CC:DD:01:01	192.168.40.101	Room101-SmartLock	\N	2026-04-26 19:27:50.653+00	2026-05-03 19:27:50.653+00	released	2026-05-03 13:27:50.653+00
\.


--
-- Data for Name: DhcpLeaseScript; Type: TABLE DATA; Schema: public; Owner: -
--

COPY public."DhcpLeaseScript" (id, "tenantId", "propertyId", name, "scriptPath", events, enabled, description, "createdAt", "updatedAt") FROM stdin;
\.


--
-- Data for Name: DhcpOption; Type: TABLE DATA; Schema: public; Owner: -
--

COPY public."DhcpOption" (id, "tenantId", "propertyId", "subnetId", code, name, value, type, enabled, description, "createdAt", "updatedAt") FROM stdin;
53640176-da16-465b-a69f-5211b40b06ed	444017d5-e022-4c5f-ac07-ea0d51f4609b	281fde73-7836-4511-b644-91f3663d8fcd	\N	6	DNS Servers	8.8.8.8, 1.1.1.1	ip	t	Default DNS servers for all subnets	2026-05-03 19:27:50.711+00	2026-05-03 19:27:50.711+00
fb009c34-2b59-4c0d-86ed-61eb14f3fbf9	444017d5-e022-4c5f-ac07-ea0d51f4609b	281fde73-7836-4511-b644-91f3663d8fcd	\N	42	NTP Server	162.159.200.1,162.159.200.123	string	t	Network time protocol server for time synchronization	2026-05-03 19:27:50.711+00	2026-05-03 19:27:50.711+00
db4d7b8d-2226-426a-9796-3812952e4260	444017d5-e022-4c5f-ac07-ea0d51f4609b	281fde73-7836-4511-b644-91f3663d8fcd	78626e41-d0a8-48fe-bf6f-d9157a0ab8ae	15	Domain Name	guest.royalstay.local	string	t	Domain name for guest WiFi subnet	2026-05-03 19:27:50.711+00	2026-05-03 19:27:50.711+00
\.


--
-- Data for Name: DhcpReservation; Type: TABLE DATA; Schema: public; Owner: -
--

COPY public."DhcpReservation" (id, "tenantId", "propertyId", "subnetId", "macAddress", "ipAddress", hostname, "leaseTime", "linkedType", "linkedId", description, enabled, "createdAt", "updatedAt") FROM stdin;
7ce7ca63-8bf9-404f-8a7e-1cd44708c7aa	444017d5-e022-4c5f-ac07-ea0d51f4609b	281fde73-7836-4511-b644-91f3663d8fcd	930fa188-5732-46f8-a17a-91723afce130	AA:BB:CC:DD:01:01	192.168.40.101	Room101-SmartLock	\N	room	2bd9e3e1-07f2-4535-ab58-5868a167f183	Smart lock for Room 101 - always needs same IP	t	2026-05-03 19:27:50.707+00	2026-05-03 19:27:50.707+00
425e0bc9-c3e8-4253-a2a4-f4e036f2019f	444017d5-e022-4c5f-ac07-ea0d51f4609b	281fde73-7836-4511-b644-91f3663d8fcd	930fa188-5732-46f8-a17a-91723afce130	AA:BB:CC:DD:01:02	192.168.40.102	Room101-Thermostat	\N	room	2bd9e3e1-07f2-4535-ab58-5868a167f183	Smart thermostat for Room 101	t	2026-05-03 19:27:50.707+00	2026-05-03 19:27:50.707+00
06340955-7533-420e-95bc-7a18f93d0106	444017d5-e022-4c5f-ac07-ea0d51f4609b	281fde73-7836-4511-b644-91f3663d8fcd	71ba93d1-56df-45f8-8e05-2b95daee8c27	AA:BB:CC:DD:02:01	192.168.20.51	Priya-Laptop	\N	staff	cc3b3483-ad7a-452a-b623-5465962c9678	Front desk manager laptop - fixed IP for printer access	t	2026-05-03 19:27:50.707+00	2026-05-03 19:27:50.707+00
\.


--
-- Data for Name: DhcpSubnet; Type: TABLE DATA; Schema: public; Owner: -
--

COPY public."DhcpSubnet" (id, "tenantId", "propertyId", name, subnet, gateway, "poolStart", "poolEnd", "leaseTime", "vlanId", "vlanConfigId", "domainName", "dnsServers", "ntpServers", "bootFileName", "nextServer", "ipv6Enabled", "ipv6Prefix", "ipv6PoolStart", "ipv6PoolEnd", "ipv6LeaseTime", "ipv6RAType", enabled, description, "createdAt", "updatedAt") FROM stdin;
78626e41-d0a8-48fe-bf6f-d9157a0ab8ae	444017d5-e022-4c5f-ac07-ea0d51f4609b	281fde73-7836-4511-b644-91f3663d8fcd	Guest WiFi Subnet	192.168.10.0/24	192.168.10.1	192.168.10.100	192.168.10.254	3600	10	aecc5780-c291-40bb-9ed7-09405d164437	guest.royalstay.local	["192.168.1.1","8.8.8.8"]	["162.159.200.1","162.159.200.123"]	\N	\N	f	\N	\N	\N	3600	slaac	t	DHCP pool for guest WiFi clients on VLAN 10	2026-05-03 19:27:50.705+00	2026-05-03 19:27:50.705+00
71ba93d1-56df-45f8-8e05-2b95daee8c27	444017d5-e022-4c5f-ac07-ea0d51f4609b	281fde73-7836-4511-b644-91f3663d8fcd	Staff LAN Subnet	192.168.20.0/24	192.168.20.1	192.168.20.50	192.168.20.254	86400	20	f344ec78-7c01-46c8-bc7c-f0107b5cd15c	staff.royalstay.local	["192.168.1.1","8.8.8.8"]	["216.239.35.0","216.239.35.4"]	\N	\N	f	\N	\N	\N	3600	slaac	t	DHCP pool for staff devices on VLAN 20	2026-05-03 19:27:50.705+00	2026-05-03 19:27:50.705+00
930fa188-5732-46f8-a17a-91723afce130	444017d5-e022-4c5f-ac07-ea0d51f4609b	281fde73-7836-4511-b644-91f3663d8fcd	IoT Devices Subnet	192.168.40.0/24	192.168.40.1	192.168.40.100	192.168.40.200	604800	40	1c18fb39-4fce-4b1d-a7d4-d976a280ca00	iot.royalstay.local	["192.168.1.1"]	["162.159.200.1","216.239.35.0"]	\N	\N	f	\N	\N	\N	3600	slaac	t	DHCP pool for IoT devices on VLAN 40. Long lease for stability.	2026-05-03 19:27:50.705+00	2026-05-03 19:27:50.705+00
65d9f1f7-f98e-4ded-8507-5f225db98df8	444017d5-e022-4c5f-ac07-ea0d51f4609b	281fde73-7836-4511-b644-91f3663d8fcd	Management Subnet	192.168.50.0/24	192.168.50.1	192.168.50.10	192.168.50.50	86400	50	3a6e593b-f27b-48c5-b6dc-7948591549df	mgmt.royalstay.local	["192.168.1.1","8.8.8.8"]	["216.239.35.0","216.239.35.4"]	\N	\N	f	\N	\N	\N	3600	slaac	t	DHCP pool for management network devices on VLAN 50	2026-05-03 19:27:50.705+00	2026-05-03 19:27:50.705+00
\.


--
-- Data for Name: DhcpTagRule; Type: TABLE DATA; Schema: public; Owner: -
--

COPY public."DhcpTagRule" (id, "tenantId", "propertyId", "subnetId", name, "matchType", "matchPattern", "setTag", enabled, description, "createdAt", "updatedAt") FROM stdin;
\.


--
-- Data for Name: DigitalKeyAccessLog; Type: TABLE DATA; Schema: public; Owner: -
--

COPY public."DigitalKeyAccessLog" (id, "tenantId", "roomId", "guestId", "accessType", method, success, "failureReason", "deviceId", "deviceType", "ipAddress", "accessedAt") FROM stdin;
\.


--
-- Data for Name: Discount; Type: TABLE DATA; Schema: public; Owner: -
--

COPY public."Discount" (id, "tenantId", name, code, type, value, "minAmount", "maxDiscount", "applicableTo", "validFrom", "validUntil", "maxUses", "usedCount", "isActive", "createdAt", "updatedAt", "deletedAt") FROM stdin;
2e3ba2ba-de02-4944-8130-54329a363204	444017d5-e022-4c5f-ac07-ea0d51f4609b	Summer Sale 20% Off	SUMMER20	percentage	20	5000	10000	room	2026-05-03 19:27:50.446+00	2026-08-01 19:27:50.409+00	200	47	t	2026-05-03 19:27:50.446+00	2026-05-03 19:27:50.446+00	\N
b1904778-d76d-4e45-9d6c-5ea31a0e0919	444017d5-e022-4c5f-ac07-ea0d51f4609b	Welcome 10% Off	WELCOME10	percentage	10	0	\N	all	2026-05-03 19:27:50.446+00	2026-10-30 19:27:50.409+00	500	123	t	2026-05-03 19:27:50.446+00	2026-05-03 19:27:50.446+00	\N
0a1695b5-a52f-4203-bf22-3b40b2277cea	444017d5-e022-4c5f-ac07-ea0d51f4609b	Early Bird 15% Off	EARLYBIRD	percentage	15	3000	7500	room	2026-05-03 19:27:50.446+00	2026-07-02 19:27:50.409+00	100	28	t	2026-05-03 19:27:50.446+00	2026-05-03 19:27:50.446+00	\N
4424dcc9-418a-4e3c-9100-a63a704a2cf0	444017d5-e022-4c5f-ac07-ea0d51f4609b	Flat $50 Off	FIXED50	fixed_amount	50	10000	50	all	2026-05-03 19:27:50.446+00	2026-06-17 19:27:50.409+00	150	35	t	2026-05-03 19:27:50.446+00	2026-05-03 19:27:50.446+00	\N
57d18be5-f3b5-4fe4-a57c-058d4e9f2173	444017d5-e022-4c5f-ac07-ea0d51f4609b	Complimentary Stay	COMP_STAY	complimentary	100	0	\N	room	2026-05-03 19:27:50.446+00	2027-05-03 19:27:50.409+00	10	2	t	2026-05-03 19:27:50.446+00	2026-05-03 19:27:50.446+00	\N
45aa9921-4bf2-4a73-8fd8-ca3df099b2f9	444017d5-e022-4c5f-ac07-ea0d51f4609b	Summer Special 25% Off	SUMMER25	percentage	25	5000	15000	room	2026-05-03 19:27:50.843+00	2026-08-01 19:27:50.409+00	100	15	t	2026-05-03 19:27:50.843+00	2026-05-03 19:27:50.843+00	\N
\.


--
-- Data for Name: DnsRecord; Type: TABLE DATA; Schema: public; Owner: -
--

COPY public."DnsRecord" (id, "tenantId", "zoneId", name, type, value, ttl, priority, enabled, "createdAt", "updatedAt") FROM stdin;
0033ec98-638b-43da-b50c-faa7ed8a4815	444017d5-e022-4c5f-ac07-ea0d51f4609b	74190fe7-dba3-4364-a5a3-6100d60ad6bf	portal	A	192.168.10.1	300	\N	t	2026-05-03 19:27:50.714+00	2026-05-03 19:27:50.714+00
00f0bf3c-feca-46e1-bf7c-87721b14f0a1	444017d5-e022-4c5f-ac07-ea0d51f4609b	74190fe7-dba3-4364-a5a3-6100d60ad6bf	dns	A	192.168.1.1	300	\N	t	2026-05-03 19:27:50.714+00	2026-05-03 19:27:50.714+00
0c758ff9-42fa-4f07-a54e-2fbd22364a31	444017d5-e022-4c5f-ac07-ea0d51f4609b	de5cdfb5-0587-42c4-b7f8-7f9382210d54	portal	A	192.168.1.10	300	\N	t	2026-05-03 19:27:50.714+00	2026-05-03 19:27:50.714+00
f10765a8-3283-44c8-8772-abf410404840	444017d5-e022-4c5f-ac07-ea0d51f4609b	de5cdfb5-0587-42c4-b7f8-7f9382210d54	dns	A	192.168.1.1	300	\N	t	2026-05-03 19:27:50.714+00	2026-05-03 19:27:50.714+00
\.


--
-- Data for Name: DnsRedirectRule; Type: TABLE DATA; Schema: public; Owner: -
--

COPY public."DnsRedirectRule" (id, "tenantId", "propertyId", name, "matchPattern", "targetIp", "applyTo", priority, enabled, description, "createdAt", "updatedAt") FROM stdin;
a55b1851-deae-48b6-8df8-02ebd99c8c2d	444017d5-e022-4c5f-ac07-ea0d51f4609b	281fde73-7836-4511-b644-91f3663d8fcd	Captive Portal Detection	*	192.168.10.1	unauthenticated	1	t	Redirect all DNS from unauthenticated clients to captive portal	2026-05-03 19:27:50.715+00	2026-05-03 19:27:50.715+00
7e3c3782-5d5b-4ccf-a8fb-735d3a9cee32	444017d5-e022-4c5f-ac07-ea0d51f4609b	281fde73-7836-4511-b644-91f3663d8fcd	All DNS Redirect	*	0.0.0.0	all	0	f	Emergency: Block all DNS resolution (disabled by default)	2026-05-03 19:27:50.715+00	2026-05-03 19:27:50.715+00
\.


--
-- Data for Name: DnsZone; Type: TABLE DATA; Schema: public; Owner: -
--

COPY public."DnsZone" (id, "tenantId", "propertyId", domain, description, "vlanId", enabled, "createdAt", "updatedAt") FROM stdin;
de5cdfb5-0587-42c4-b7f8-7f9382210d54	444017d5-e022-4c5f-ac07-ea0d51f4609b	281fde73-7836-4511-b644-91f3663d8fcd	staysuite.local	Main internal DNS zone for hotel services	20	t	2026-05-03 19:27:50.712+00	2026-05-03 19:27:50.712+00
74190fe7-dba3-4364-a5a3-6100d60ad6bf	444017d5-e022-4c5f-ac07-ea0d51f4609b	281fde73-7836-4511-b644-91f3663d8fcd	guest.staysuite.local	Guest-facing DNS zone for captive portal and services	10	t	2026-05-03 19:27:50.712+00	2026-05-03 19:27:50.712+00
\.


--
-- Data for Name: EnergyMetric; Type: TABLE DATA; Schema: public; Owner: -
--

COPY public."EnergyMetric" (id, "tenantId", "propertyId", date, "electricityKwh", "gasM3", "waterM3", "electricityCost", "gasCost", "waterCost", "carbonFootprint", "createdAt") FROM stdin;
1521781c-0bea-4c43-ac71-c0c4a6bbad89	444017d5-e022-4c5f-ac07-ea0d51f4609b	281fde73-7836-4511-b644-91f3663d8fcd	2026-04-26 19:27:50.409+00	2400	120	85	21600	6000	4250	1080	2026-05-03 19:27:50.511+00
0d14250e-71d9-4f50-8921-a695fc021031	444017d5-e022-4c5f-ac07-ea0d51f4609b	281fde73-7836-4511-b644-91f3663d8fcd	2026-04-27 19:27:50.409+00	2350	115	80	21150	5750	4000	1058	2026-05-03 19:27:50.511+00
acf16d7b-f209-47a4-b665-4d88d70d83d6	444017d5-e022-4c5f-ac07-ea0d51f4609b	281fde73-7836-4511-b644-91f3663d8fcd	2026-04-28 19:27:50.409+00	2500	130	92	22500	6500	4600	1125	2026-05-03 19:27:50.511+00
23acdae5-4ef3-4ec1-b2ae-02e80ea40bbd	444017d5-e022-4c5f-ac07-ea0d51f4609b	281fde73-7836-4511-b644-91f3663d8fcd	2026-04-29 19:27:50.409+00	2300	110	78	20700	5500	3900	1035	2026-05-03 19:27:50.511+00
63fef7e0-d875-46b6-9ac2-b3e17540eecd	444017d5-e022-4c5f-ac07-ea0d51f4609b	281fde73-7836-4511-b644-91f3663d8fcd	2026-04-30 19:27:50.409+00	2600	140	95	23400	7000	4750	1170	2026-05-03 19:27:50.511+00
f9c6fcf3-5aa6-4431-9716-688ad8d60f9b	444017d5-e022-4c5f-ac07-ea0d51f4609b	281fde73-7836-4511-b644-91f3663d8fcd	2026-05-01 19:27:50.409+00	2550	135	90	22950	6750	4500	1148	2026-05-03 19:27:50.511+00
ea3e9260-d18c-442c-b158-c9bd4f7807fc	444017d5-e022-4c5f-ac07-ea0d51f4609b	281fde73-7836-4511-b644-91f3663d8fcd	2026-05-02 19:27:50.409+00	2450	125	88	22050	6250	4400	1103	2026-05-03 19:27:50.511+00
ca8006f0-52a8-4238-be81-b4286ab28224	444017d5-e022-4c5f-ac07-ea0d51f4609b	281fde73-7836-4511-b644-91f3663d8fcd	2026-05-03 19:27:50.51+00	1800	90	60	16200	4500	3000	810	2026-05-03 19:27:50.511+00
e7e30bef-2eba-4702-88c4-65cd5238caea	444017d5-e022-4c5f-ac07-ea0d51f4609b	281fde73-7836-4511-b644-91f3663d8fcd	2026-05-04 19:27:50.409+00	2480	128	87	22320	6400	4350	1116	2026-05-03 19:27:50.511+00
671e6295-cc68-40bd-b11f-4c4d82d9575a	444017d5-e022-4c5f-ac07-ea0d51f4609b	281fde73-7836-4511-b644-91f3663d8fcd	2026-05-05 19:27:50.409+00	2420	122	83	21780	6100	4150	1089	2026-05-03 19:27:50.511+00
\.


--
-- Data for Name: Event; Type: TABLE DATA; Schema: public; Owner: -
--

COPY public."Event" (id, "tenantId", "propertyId", "spaceId", name, type, description, "organizerName", "organizerEmail", "organizerPhone", "startDate", "endDate", "setupStart", "teardownEnd", "expectedAttendance", "actualAttendance", "spaceCharge", "cateringCharge", "avCharge", "otherCharges", "totalAmount", currency, "depositAmount", "depositPaid", status, "contractUrl", "contractSignedAt", notes, "createdAt", "updatedAt") FROM stdin;
00698c31-1f5d-432a-af47-f514784a1541	444017d5-e022-4c5f-ac07-ea0d51f4609b	281fde73-7836-4511-b644-91f3663d8fcd	\N	Durga Puja Gala Dinner	banquet	Traditional Bengali feast celebrating Durga Puja with live music and cultural performances	Royal Stay Events	events@royalstay.in	+91-33-40012350	2026-05-13 19:27:50.409+00	2026-05-14 00:27:50.409+00	2026-05-13 15:27:50.409+00	2026-05-14 02:27:50.409+00	150	\N	75000	120000	25000	15000	235000	INR	50000	t	confirmed	\N	\N	Menu finalized with executive chef	2026-05-03 19:27:50.573+00	2026-05-03 19:27:50.573+00
16a3d419-7d03-4047-be77-7671e70a9f3f	444017d5-e022-4c5f-ac07-ea0d51f4609b	281fde73-7836-4511-b644-91f3663d8fcd	\N	Corporate Workshop - Tech Solutions	meeting	Two-day technology workshop for Tech Solutions India annual team meeting	Amit Sharma	amit@techsolutions.in	+91-33-24789012	2026-05-18 19:27:50.409+00	2026-05-20 19:27:50.409+00	\N	\N	40	\N	45000	48000	18000	5000	116000	INR	25000	t	confirmed	\N	2026-04-28 19:27:50.409+00	\N	2026-05-03 19:27:50.573+00	2026-05-03 19:27:50.573+00
0ffe8aa1-b66d-4a62-98d8-af33c3e87193	444017d5-e022-4c5f-ac07-ea0d51f4609b	281fde73-7836-4511-b644-91f3663d8fcd	\N	Wedding Reception - Banerjee Family	wedding	Traditional Bengali wedding reception with 500 guests	Debashis Banerjee	debashis.b@email.com	+91-9830098765	2026-05-28 19:27:50.409+00	2026-05-29 03:27:50.409+00	\N	\N	500	\N	150000	750000	85000	50000	1035000	INR	200000	t	confirmed	\N	\N	\N	2026-05-03 19:27:50.573+00	2026-05-03 19:27:50.573+00
a040dbd6-aead-4237-bdf1-6f01e97b3eae	444017d5-e022-4c5f-ac07-ea0d51f4609b	281fde73-7836-4511-b644-91f3663d8fcd	\N	Rabindra Jayanti Cultural Evening	cultural	Evening of Rabindranath Tagore poetry, songs, and dance performances	Royal Stay Cultural Committee	culture@royalstay.in	+91-33-40012350	2026-06-07 19:27:50.409+00	2026-06-07 23:27:50.409+00	\N	\N	200	\N	60000	100000	35000	10000	205000	INR	0	f	inquiry	\N	\N	\N	2026-05-03 19:27:50.573+00	2026-05-03 19:27:50.573+00
\.


--
-- Data for Name: EventResource; Type: TABLE DATA; Schema: public; Owner: -
--

COPY public."EventResource" (id, "eventId", name, category, description, quantity, "unitPrice", "totalAmount", "vendorId", "vendorName", "staffId", "staffName", status, "setupTime", "teardownTime", notes, "createdAt", "updatedAt") FROM stdin;
\.


--
-- Data for Name: EventSpace; Type: TABLE DATA; Schema: public; Owner: -
--

COPY public."EventSpace" (id, "propertyId", name, description, "minCapacity", "maxCapacity", "sizeSqMeters", "sizeSqFeet", "hourlyRate", "dailyRate", amenities, images, status, "createdAt", "updatedAt") FROM stdin;
5bba1f62-3e0d-4cc8-a672-2d97eda063cf	281fde73-7836-4511-b644-91f3663d8fcd	Grand Ballroom	Elegant ballroom with crystal chandeliers, suitable for weddings, galas, and large corporate events. Features a built-in stage, premium sound system, and configurable lighting.	100	500	450	\N	15000	100000	["stage","sound_system","projector","microphone","dance_floor","wifi","air_conditioning","valet_parking"]	[]	active	2026-05-03 19:27:50.839+00	2026-05-03 19:27:50.839+00
059c558c-2c3a-4bb3-83a9-d2c5df0d3eec	281fde73-7836-4511-b644-91f3663d8fcd	Meeting Room A	Modern meeting room with natural lighting, ideal for board meetings, training sessions, and presentations. Equipped with video conferencing facilities.	10	40	60	\N	3000	20000	["projector","whiteboard","video_conferencing","wifi","air_conditioning","coffee_machine"]	[]	active	2026-05-03 19:27:50.839+00	2026-05-03 19:27:50.839+00
\.


--
-- Data for Name: ExchangeRate; Type: TABLE DATA; Schema: public; Owner: -
--

COPY public."ExchangeRate" (id, "tenantId", "fromCurrency", "toCurrency", rate, source, "validFrom", "validUntil", "isActive", "createdAt", "updatedAt") FROM stdin;
\.


--
-- Data for Name: Experience; Type: TABLE DATA; Schema: public; Owner: -
--

COPY public."Experience" (id, "tenantId", "propertyId", name, description, "categoryId", category, duration, "maxParticipants", "basePrice", "imageUrl", status, tags, highlights, "whatToBring", "cancellationPolicy", rating, "totalReviews", "totalBookings", "createdAt", "updatedAt", "deletedAt") FROM stdin;
\.


--
-- Data for Name: ExperienceBooking; Type: TABLE DATA; Schema: public; Owner: -
--

COPY public."ExperienceBooking" (id, "tenantId", "propertyId", "experienceId", "guestId", "guestName", "guestEmail", "guestPhone", "bookingDate", "bookingTime", "numberOfGuests", "totalPrice", "specialRequests", status, "confirmedAt", "completedAt", "cancelledAt", "cancellationReason", "createdAt", "updatedAt", "deletedAt") FROM stdin;
\.


--
-- Data for Name: ExperienceFeedback; Type: TABLE DATA; Schema: public; Owner: -
--

COPY public."ExperienceFeedback" (id, "tenantId", "experienceBookingId", "experienceId", "guestId", "guestName", rating, "reviewText", category, "staffResponse", status, "createdAt", "updatedAt") FROM stdin;
\.


--
-- Data for Name: ExperiencePricing; Type: TABLE DATA; Schema: public; Owner: -
--

COPY public."ExperiencePricing" (id, "tenantId", "experienceId", type, "seasonName", "startTime", "endTime", capacity, "startDate", "endDate", "priceMultiplier", "minGuests", "maxGuests", "isAvailable", "createdAt", "updatedAt") FROM stdin;
\.


--
-- Data for Name: ExperienceVendor; Type: TABLE DATA; Schema: public; Owner: -
--

COPY public."ExperienceVendor" (id, "tenantId", "propertyId", "companyName", "contactPerson", email, phone, address, category, "commissionRate", "bankAccountName", "bankAccountNumber", "bankIfsc", status, notes, "createdAt", "updatedAt", "deletedAt") FROM stdin;
\.


--
-- Data for Name: ExternalReview; Type: TABLE DATA; Schema: public; Owner: -
--

COPY public."ExternalReview" (id, "tenantId", "propertyId", source, "externalId", content, rating, "reviewerName", "reviewDate", "sentimentScore", "sentimentLabel", "sentimentAspects", "sentimentKeywords", "responseText", "respondedAt", "createdAt", "updatedAt") FROM stdin;
bf233071-084b-4607-9830-4d98d43a564e	444017d5-e022-4c5f-ac07-ea0d51f4609b	281fde73-7836-4511-b644-91f3663d8fcd	google	017e2d82-9ce6-4498-9da9-137dfd397535	Excellent stay at Royal Stay Kolkata! The staff was incredibly warm and helpful. Room 501 had a beautiful city view. Breakfast buffet had great variety. Will definitely come back.	5	Sanjay K.	2026-04-18 19:27:50.409+00	0.95	positive	\N	\N	\N	\N	2026-05-03 19:27:50.517+00	2026-05-03 19:27:50.517+00
bf21dc77-b404-4d0d-a9fa-97bde26b57c7	444017d5-e022-4c5f-ac07-ea0d51f4609b	281fde73-7836-4511-b644-91f3663d8fcd	google	c326ca60-afd3-4c04-a472-e26838be0912	Good hotel, well-maintained rooms. The location on Park Street is perfect. Only minor issue was the Wi-Fi was a bit slow in the evening. Otherwise, a great experience.	4	Meera P.	2026-04-23 19:27:50.409+00	0.78	positive	\N	\N	Thank you for your feedback, Meera! We're working on upgrading our internet bandwidth. Hope to see you again soon!	2026-04-24 19:27:50.409+00	2026-05-03 19:27:50.517+00	2026-05-03 19:27:50.517+00
62411b79-4485-440b-8da5-2bd7b2237ab0	444017d5-e022-4c5f-ac07-ea0d51f4609b	281fde73-7836-4511-b644-91f3663d8fcd	tripadvisor	5d670cc6-f86a-4138-b89e-77927bb55e8e	Fantastic property with top-notch service. The Executive Suite was spacious and well-appointed. The in-house restaurant serves amazing Bengali cuisine. Highly recommended for business travelers.	5	Rajiv M.	2026-04-13 19:27:50.409+00	0.92	positive	\N	\N	Thank you, Rajiv! We're delighted you enjoyed our Bengali cuisine offerings.	2026-04-14 19:27:50.409+00	2026-05-03 19:27:50.517+00	2026-05-03 19:27:50.517+00
59ddef25-58b6-4d8f-846f-f88248d9a45c	444017d5-e022-4c5f-ac07-ea0d51f4609b	281fde73-7836-4511-b644-91f3663d8fcd	booking_com	221a2e9f-caed-4c19-b3d6-87ce50df54a3	Decent hotel for the price. Rooms are clean and the staff is courteous. The check-in process was smooth. Breakfast could have more options. Overall a satisfactory stay.	3	Anonymous	2026-04-26 19:27:50.409+00	0.55	neutral	\N	\N	\N	\N	2026-05-03 19:27:50.517+00	2026-05-03 19:27:50.517+00
b338686f-2ff4-4d3a-95a3-1c1bf896e8bd	444017d5-e022-4c5f-ac07-ea0d51f4609b	281fde73-7836-4511-b644-91f3663d8fcd	google	e96790d9-4472-4eb5-be3b-329a6edbf91d	Disappointed with our stay. The AC in our room was not working properly and it took 2 hours to get it fixed. The bathroom had some stains. Not what we expected from a 5-star property.	2	Deepak S.	2026-04-30 19:27:50.409+00	0.15	negative	\N	\N	We sincerely apologize for the inconvenience, Deepak. We have addressed the AC maintenance issue and bathroom cleaning protocols with our team.	2026-05-01 19:27:50.409+00	2026-05-03 19:27:50.517+00	2026-05-03 19:27:50.517+00
\.


--
-- Data for Name: FairAccessPolicy; Type: TABLE DATA; Schema: public; Owner: -
--

COPY public."FairAccessPolicy" (id, "tenantId", "propertyId", name, description, "cycleType", "limitType", "dataLimitMb", "dataLimitUnit", "switchOverBwPolicyId", "cycleResetHour", "cycleResetMinute", "applicableOn", "isEnabled", priority, "createdAt", "updatedAt", "throttleDownKbps", "throttleUpKbps") FROM stdin;
\.


--
-- Data for Name: FeatureAnnouncement; Type: TABLE DATA; Schema: public; Owner: -
--

COPY public."FeatureAnnouncement" (id, title, content, type, "targetRoles", "startsAt", "endsAt", dismissible, status, "createdAt", "updatedAt") FROM stdin;
\.


--
-- Data for Name: FirewallRule; Type: TABLE DATA; Schema: public; Owner: -
--

COPY public."FirewallRule" (id, "tenantId", "propertyId", "zoneId", chain, protocol, "sourceIp", "sourcePort", "destIp", "destPort", action, "jumpTarget", "logPrefix", enabled, comment, priority, "scheduleId", "createdAt", "updatedAt") FROM stdin;
0ad74c53-61fa-4b5d-8148-64adf854f38e	444017d5-e022-4c5f-ac07-ea0d51f4609b	281fde73-7836-4511-b644-91f3663d8fcd	56c170f6-3bbe-48bf-b7dc-ea955e32624e	input	tcp	\N	\N	\N	80	accept	\N	\N	t	Allow HTTP from WAN	10	\N	2026-05-03 19:27:50.727+00	2026-05-03 19:27:50.727+00
3ef1498b-7816-49d5-bf93-fd69ae2a31d8	444017d5-e022-4c5f-ac07-ea0d51f4609b	281fde73-7836-4511-b644-91f3663d8fcd	56c170f6-3bbe-48bf-b7dc-ea955e32624e	input	tcp	\N	\N	\N	443	accept	\N	\N	t	Allow HTTPS from WAN	11	\N	2026-05-03 19:27:50.727+00	2026-05-03 19:27:50.727+00
7758ea0a-9a6b-4131-92b5-0a5c51b8e376	444017d5-e022-4c5f-ac07-ea0d51f4609b	281fde73-7836-4511-b644-91f3663d8fcd	c897310d-482d-4e5c-8b97-afeacd80d038	forward	\N	192.168.10.0/24	\N	192.168.20.0/24	\N	drop	\N	GUEST-LAN-DROP:	t	Drop guest-to-LAN traffic (isolation)	5	\N	2026-05-03 19:27:50.727+00	2026-05-03 19:27:50.727+00
7406c10e-a312-46ac-a469-1ac54f9b93ce	444017d5-e022-4c5f-ac07-ea0d51f4609b	281fde73-7836-4511-b644-91f3663d8fcd	c897310d-482d-4e5c-8b97-afeacd80d038	forward	\N	192.168.10.0/24	\N	\N	53	accept	\N	\N	t	Allow DNS from guest to all	1	\N	2026-05-03 19:27:50.727+00	2026-05-03 19:27:50.727+00
f135924c-7691-44ce-9ff1-f884dead2a63	444017d5-e022-4c5f-ac07-ea0d51f4609b	281fde73-7836-4511-b644-91f3663d8fcd	56c170f6-3bbe-48bf-b7dc-ea955e32624e	input	icmp	\N	\N	\N	\N	accept	\N	\N	t	Allow ICMP (ping) from WAN	20	\N	2026-05-03 19:27:50.727+00	2026-05-03 19:27:50.727+00
27501327-900a-4bd2-9920-8f6713ce62e3	444017d5-e022-4c5f-ac07-ea0d51f4609b	281fde73-7836-4511-b644-91f3663d8fcd	2df717d0-3dd9-4daf-a7f2-5d16ce172496	forward	\N	\N	\N	\N	53	accept	\N	\N	t	Allow DNS from all zones	1	\N	2026-05-03 19:27:50.727+00	2026-05-03 19:27:50.727+00
\.


--
-- Data for Name: FirewallSchedule; Type: TABLE DATA; Schema: public; Owner: -
--

COPY public."FirewallSchedule" (id, "tenantId", "propertyId", name, "daysOfWeek", "startTime", "endTime", timezone, enabled, "createdAt", "updatedAt") FROM stdin;
5bc5945a-9174-4364-ab88-8fae8827e2f4	444017d5-e022-4c5f-ac07-ea0d51f4609b	281fde73-7836-4511-b644-91f3663d8fcd	Business Hours	1,2,3,4,5	08:00	18:00	Asia/Kolkata	t	2026-05-03 19:27:50.729+00	2026-05-03 19:27:50.729+00
4699ffa6-f2ac-4f46-922a-97ab9e8ecc98	444017d5-e022-4c5f-ac07-ea0d51f4609b	281fde73-7836-4511-b644-91f3663d8fcd	Night Mode	1,2,3,4,5,6,7	23:00	06:00	Asia/Kolkata	t	2026-05-03 19:27:50.729+00	2026-05-03 19:27:50.729+00
\.


--
-- Data for Name: FirewallZone; Type: TABLE DATA; Schema: public; Owner: -
--

COPY public."FirewallZone" (id, "tenantId", "propertyId", name, interfaces, "inputPolicy", "forwardPolicy", "outputPolicy", masquerade, description, "createdAt", "updatedAt") FROM stdin;
56c170f6-3bbe-48bf-b7dc-ea955e32624e	444017d5-e022-4c5f-ac07-ea0d51f4609b	281fde73-7836-4511-b644-91f3663d8fcd	wan	["eth0","eth2"]	accept	drop	accept	t	WAN zone - Internet facing interfaces with masquerade (NAT)	2026-05-03 19:27:50.726+00	2026-05-03 19:27:50.726+00
2df717d0-3dd9-4daf-a7f2-5d16ce172496	444017d5-e022-4c5f-ac07-ea0d51f4609b	281fde73-7836-4511-b644-91f3663d8fcd	lan	["eth1","br0"]	accept	accept	accept	f	LAN zone - Internal trusted network for staff and management	2026-05-03 19:27:50.726+00	2026-05-03 19:27:50.726+00
c897310d-482d-4e5c-8b97-afeacd80d038	444017d5-e022-4c5f-ac07-ea0d51f4609b	281fde73-7836-4511-b644-91f3663d8fcd	guest	["eth1.10","br-guest"]	accept	drop	accept	f	Guest zone - Internet only, no LAN forwarding by default	2026-05-03 19:27:50.726+00	2026-05-03 19:27:50.726+00
\.


--
-- Data for Name: FloorPlan; Type: TABLE DATA; Schema: public; Owner: -
--

COPY public."FloorPlan" (id, "propertyId", floor, name, "imageUrl", "svgData", "roomPositions", width, height, "gridSize", "createdAt", "updatedAt") FROM stdin;
39b70308-383d-4420-8e03-599489462d1b	281fde73-7836-4511-b644-91f3663d8fcd	1	Ground Floor	\N	<svg>...</svg>	[{"roomId":"2bd9e3e1-07f2-4535-ab58-5868a167f183","x":100,"y":80,"width":120,"height":90}]	800	600	20	2026-05-03 19:27:50.49+00	2026-05-03 19:27:50.49+00
cb9987d5-408f-4ef0-b3e6-1afcd852dd70	281fde73-7836-4511-b644-91f3663d8fcd	5	Fifth Floor - Deluxe Wing	\N	<svg>...</svg>	[{"roomId":"3330f9c6-2345-4db5-bc7f-4a8ca55afb8b","x":100,"y":80,"width":120,"height":90},{"roomId":"ed3525fb-db41-4efe-bc14-f8d70265fcc5","x":260,"y":80,"width":120,"height":90}]	800	600	20	2026-05-03 19:27:50.49+00	2026-05-03 19:27:50.49+00
eccf3bd4-7240-4721-9c72-4bb60f63a345	281fde73-7836-4511-b644-91f3663d8fcd	8	Eighth Floor - Executive Wing	\N	<svg>...</svg>	[{"roomId":"df952a5d-0ea8-49c6-9445-0de11983d19a","x":100,"y":80,"width":150,"height":110}]	800	600	20	2026-05-03 19:27:50.49+00	2026-05-03 19:27:50.49+00
\.


--
-- Data for Name: FloorPlanRoom; Type: TABLE DATA; Schema: public; Owner: -
--

COPY public."FloorPlanRoom" (id, "floorPlanId", "roomId", x, y, width, height, rotation, "createdAt", "updatedAt") FROM stdin;
\.


--
-- Data for Name: Folio; Type: TABLE DATA; Schema: public; Owner: -
--

COPY public."Folio" (id, "tenantId", "propertyId", "bookingId", "folioNumber", "guestId", subtotal, taxes, discount, "totalAmount", "paidAmount", balance, currency, status, "openedAt", "closedAt", "invoiceNumber", "invoiceUrl", "invoiceIssuedAt", "createdAt", "updatedAt") FROM stdin;
6562be0c-1585-4355-8c48-96dc8368240e	444017d5-e022-4c5f-ac07-ea0d51f4609b	281fde73-7836-4511-b644-91f3663d8fcd	b544cc77-46a6-4e53-921e-50db663eb482	FOL-KOL-0001	cb127462-1b96-4e37-8f78-65bbd0493ee1	16500	2970	0	20970	10000	10970	INR	partially_paid	2026-05-01 19:27:50.448+00	\N	\N	\N	\N	2026-05-03 19:27:50.449+00	2026-05-03 19:27:50.449+00
6842772c-7088-40eb-b9c7-2e6a609ced4a	444017d5-e022-4c5f-ac07-ea0d51f4609b	281fde73-7836-4511-b644-91f3663d8fcd	a539a935-cba9-4ae3-a986-1a15727495b7	FOL-KOL-0003	c5e15b10-5464-4323-87b6-41d1eb95c39a	22000	3960	0	27960	0	27960	INR	open	2026-05-03 19:27:50.448+00	\N	\N	\N	\N	2026-05-03 19:27:50.449+00	2026-05-03 19:27:50.449+00
0a1ad08b-67d2-4851-880f-55245edce0ff	444017d5-e022-4c5f-ac07-ea0d51f4609b	281fde73-7836-4511-b644-91f3663d8fcd	ba31a39a-e127-49d8-b18d-29088b49ac6d	FOL-KOL-0005	79877c7c-f915-4922-94a0-5d83df9e1d09	10500	1890	0	13290	5000	8290	INR	partially_paid	2026-05-03 19:27:50.448+00	\N	\N	\N	\N	2026-05-03 19:27:50.449+00	2026-05-03 19:27:50.449+00
31b2dc91-a684-4dfa-af6a-fc948051da24	444017d5-e022-4c5f-ac07-ea0d51f4609b	281fde73-7836-4511-b644-91f3663d8fcd	9b7a9397-91d2-4f9c-baf4-71123765747b	FOL-KOL-0002	0dae0b8b-173a-4819-8a5e-7ff3be5c81d5	48000	8640	2000	58640	58640	0	INR	paid	2026-05-02 19:27:50.448+00	2026-05-02 19:27:50.448+00	INV-2501-0001	\N	2026-05-02 19:27:50.448+00	2026-05-03 19:27:50.449+00	2026-05-03 19:27:50.458+00
3e65e740-b126-49ec-aabd-915b5bd60bb2	444017d5-e022-4c5f-ac07-ea0d51f4609b	281fde73-7836-4511-b644-91f3663d8fcd	231b3af0-9522-447b-8135-8ec031dc66c1	FOL-KOL-0004	df87b649-707f-402a-9198-75a06d22ed63	70000	12600	3500	84100	84100	0	INR	paid	2026-05-03 19:27:50.448+00	2026-05-03 19:27:50.448+00	INV-2501-0002	\N	2026-05-03 19:27:50.459+00	2026-05-03 19:27:50.449+00	2026-05-03 19:27:50.46+00
972e32ee-0532-4a3a-9b38-9076f74e8fb5	444017d5-e022-4c5f-ac07-ea0d51f4609b	281fde73-7836-4511-b644-91f3663d8fcd	7e7c1dde-1748-45aa-aad9-fde8feacb222	FOL-KOL-0006	18349da2-1713-42c0-bad9-67856cc58d26	10500	1890	0	13290	13290	0	INR	paid	2026-04-30 19:27:50.448+00	2026-05-03 19:27:50.448+00	INV-2501-0003	\N	2026-05-03 19:27:50.46+00	2026-05-03 19:27:50.449+00	2026-05-03 19:27:50.461+00
\.


--
-- Data for Name: FolioLineItem; Type: TABLE DATA; Schema: public; Owner: -
--

COPY public."FolioLineItem" (id, "folioId", description, category, quantity, "unitPrice", "totalAmount", "serviceDate", "referenceType", "referenceId", "taxRate", "taxAmount", "itemCurrency", "exchangeRate", "baseAmount", "postedBy", "createdAt", "updatedAt", "discountId") FROM stdin;
a10f1663-7fa8-4854-a44f-24ec448e4d83	6562be0c-1585-4355-8c48-96dc8368240e	Room 501 - Deluxe Room - 3 night(s)	room_charge	3	5500	16500	2026-05-01 19:27:50.448+00	\N	\N	18	2970	USD	1	0	\N	2026-05-03 19:27:50.451+00	2026-05-03 19:27:50.451+00	\N
f304fc9f-3801-48f4-b922-34d414acd5e4	6562be0c-1585-4355-8c48-96dc8368240e	Room Service - Butter Chicken, Naan, Lassi	food_beverage	1	900	900	2026-05-02 19:27:50.448+00	\N	\N	5	45	USD	1	0	\N	2026-05-03 19:27:50.451+00	2026-05-03 19:27:50.451+00	\N
b8a83aad-223b-481e-a216-dcf8793317e5	6562be0c-1585-4355-8c48-96dc8368240e	Laundry Service - Dry Cleaning (3 items)	service	3	200	600	2026-05-03 19:27:50.45+00	\N	\N	18	108	USD	1	0	\N	2026-05-03 19:27:50.451+00	2026-05-03 19:27:50.451+00	\N
903217b6-6fe0-4737-b60c-92c9a0475e3f	31b2dc91-a684-4dfa-af6a-fc948051da24	Room 801 - Executive Suite - 4 night(s)	room_charge	4	12000	48000	2026-05-02 19:27:50.448+00	\N	\N	18	8640	USD	1	0	\N	2026-05-03 19:27:50.451+00	2026-05-03 19:27:50.451+00	\N
bfb1683d-8901-4011-bd28-09487497ba1f	31b2dc91-a684-4dfa-af6a-fc948051da24	Mini Bar - Beverages & Snacks	food_beverage	1	2500	2500	2026-05-03 07:27:50.448+00	\N	\N	5	125	USD	1	0	\N	2026-05-03 19:27:50.451+00	2026-05-03 19:27:50.451+00	\N
b79da0c3-adaf-4986-adc7-aa553ba8585d	6842772c-7088-40eb-b9c7-2e6a609ced4a	Room 510 - Deluxe Room - 4 night(s)	room_charge	4	5500	22000	2026-05-03 19:27:50.45+00	\N	\N	18	3960	USD	1	0	\N	2026-05-03 19:27:50.451+00	2026-05-03 19:27:50.451+00	\N
77e1ce83-7b70-439c-a2c0-7c614a1c6871	3e65e740-b126-49ec-aabd-915b5bd60bb2	Room 1002 - Presidential Suite - 2 night(s)	room_charge	2	35000	70000	2026-05-03 19:27:50.45+00	\N	\N	18	12600	USD	1	0	\N	2026-05-03 19:27:50.451+00	2026-05-03 19:27:50.451+00	\N
5b16012c-c160-419c-bf8f-7ac58a7837e7	0a1ad08b-67d2-4851-880f-55245edce0ff	Room 101 - Standard Room - 3 night(s)	room_charge	3	3500	10500	2026-05-10 19:27:50.448+00	\N	\N	18	1890	USD	1	0	\N	2026-05-03 19:27:50.451+00	2026-05-03 19:27:50.451+00	\N
f586bbe5-7159-4bc8-a6b4-6f37d3b74506	972e32ee-0532-4a3a-9b38-9076f74e8fb5	Room 305 - Standard Room - 3 night(s)	room_charge	3	3500	10500	2026-04-30 19:27:50.448+00	\N	\N	18	1890	USD	1	0	\N	2026-05-03 19:27:50.451+00	2026-05-03 19:27:50.451+00	\N
\.


--
-- Data for Name: FolioLineItemAudit; Type: TABLE DATA; Schema: public; Owner: -
--

COPY public."FolioLineItemAudit" (id, "tenantId", "folioId", "lineItemId", action, description, category, amount, quantity, "userId", "userName", source, "createdAt") FROM stdin;
\.


--
-- Data for Name: FolioTransfer; Type: TABLE DATA; Schema: public; Owner: -
--

COPY public."FolioTransfer" (id, "tenantId", "propertyId", "fromFolioId", "toFolioId", "folioLineItemId", "bookingId", amount, currency, reason, description, status, "transferredBy", "approvedBy", "createdAt") FROM stdin;
\.


--
-- Data for Name: GDPRRequest; Type: TABLE DATA; Schema: public; Owner: -
--

COPY public."GDPRRequest" (id, "tenantId", "guestId", "requestType", status, "requestSource", "requesterEmail", "requesterName", "verificationToken", "verifiedAt", "expiresAt", priority, notes, "rejectionReason", "completedAt", "completedBy", "downloadUrl", "downloadExpiresAt", "dataSnapshot", metadata, "createdAt", "updatedAt") FROM stdin;
fb72f3ca-a107-49c2-8e25-6a3474eaf94e	444017d5-e022-4c5f-ac07-ea0d51f4609b	79877c7c-f915-4922-94a0-5d83df9e1d09	export	completed	guest	pooja.s@email.com	Pooja Saha	\N	2026-04-28 19:27:50.409+00	2026-05-28 19:27:50.409+00	normal	\N	\N	2026-04-29 19:27:50.409+00	user-1	/api/gdpr/export/gdpr-1	\N	\N	{}	2026-05-03 19:27:50.575+00	2026-05-03 19:27:50.575+00
dd09f054-9910-42e5-b531-3107c7c4aa9c	444017d5-e022-4c5f-ac07-ea0d51f4609b	cb127462-1b96-4e37-8f78-65bbd0493ee1	rectify	pending	guest	amit.m@email.com	Amit Mukherjee	\N	\N	2026-05-28 19:27:50.409+00	normal	Guest wants to update phone number and address	\N	\N	\N	\N	\N	\N	{}	2026-05-03 19:27:50.575+00	2026-05-03 19:27:50.575+00
22244515-0bf7-47d5-b495-8028fc9a0ce7	444017d5-e022-4c5f-ac07-ea0d51f4609b	\N	delete	processing	admin	admin@royalstay.in	Rajesh Sharma	\N	\N	2026-05-28 19:27:50.409+00	normal	Guest checked out from old property management, data cleanup requested	\N	\N	\N	\N	\N	\N	{}	2026-05-03 19:27:50.575+00	2026-05-03 19:27:50.575+00
\.


--
-- Data for Name: Gateway; Type: TABLE DATA; Schema: public; Owner: -
--

COPY public."Gateway" (id, "tenantId", "propertyId", "multiWanConfigId", name, "ipAddress", "interfaceName", "interfaceId", weight, "isBackup", "backupGatewayId", "routingTableId", "healthStatus", "lastHealthCheck", enabled, "createdAt", "updatedAt") FROM stdin;
\.


--
-- Data for Name: GatewayExplicitRoute; Type: TABLE DATA; Schema: public; Owner: -
--

COPY public."GatewayExplicitRoute" (id, "gatewayId", "tenantId", "propertyId", network, description, "createdAt", "updatedAt") FROM stdin;
\.


--
-- Data for Name: GatewayFwmark; Type: TABLE DATA; Schema: public; Owner: -
--

COPY public."GatewayFwmark" (id, "gatewayId", "tenantId", "fwmarkValue", description, "createdAt", "updatedAt") FROM stdin;
\.


--
-- Data for Name: GatewayHealthRule; Type: TABLE DATA; Schema: public; Owner: -
--

COPY public."GatewayHealthRule" (id, "gatewayId", "tenantId", protocol, host, port, operator, "sortOrder", "createdAt", "updatedAt") FROM stdin;
\.


--
-- Data for Name: GoogleHotelAdsConnection; Type: TABLE DATA; Schema: public; Owner: -
--

COPY public."GoogleHotelAdsConnection" (id, "tenantId", "propertyId", "accountId", "subAccountId", "hotelId", status, "connectionMode", "partnerId", "hotelCenterId", "priceFeedUrl", "priceFeedFormat", "lastPriceFeedAt", "lastBookingFeedAt", "lastError", "lastErrorAt", "totalBookings", "totalRevenue", "totalSpend", "avgRoas", "bidStrategy", "baseBidModifier", "occupancyBidModifier", "dayOfWeekBidModifier", "advanceBookingModifier", "lengthOfStayModifier", "autoBidEnabled", "autoBidRules", "createdAt", "updatedAt") FROM stdin;
da99d5a2-7abe-4946-b189-9f345db2fdab	444017d5-e022-4c5f-ac07-ea0d51f4609b	281fde73-7836-4511-b644-91f3663d8fcd	6d273f94-9230-4396-a4ee-fa0421916ef0	\N	c35991db-68e8-4b66-a913-c59575f8adbf	connected	live	742f375e-d12a-418f-ab00-ed1fd24c3116	35067cd6-dcfc-468e-ba41-6de74df5d266	https://feeds.royalstay.in/prices/kolkata.xml	xml	2026-05-02 19:27:50.409+00	\N	\N	\N	142	850000	125000	6.8	auto	1.2	{}	{}	{}	{}	t	[]	2026-05-03 19:27:50.542+00	2026-05-03 19:27:50.542+00
\.


--
-- Data for Name: GroupBooking; Type: TABLE DATA; Schema: public; Owner: -
--

COPY public."GroupBooking" (id, "tenantId", "propertyId", name, description, "contactName", "contactEmail", "contactPhone", "checkIn", "checkOut", "totalRooms", "bookedRooms", "totalAmount", "depositAmount", "depositPaid", status, "contractUrl", "contractSignedAt", notes, "createdAt", "updatedAt") FROM stdin;
edf3f97e-5389-40ce-9cc1-000508d9bf6a	444017d5-e022-4c5f-ac07-ea0d51f4609b	281fde73-7836-4511-b644-91f3663d8fcd	TCS Annual Offsite 2024	Tata Consultancy Services Kolkata team offsite. 3 days of meetings, team building, and gala dinner.	Arjun Mehta	arjun.mehta@tcs.com	+91-9876543210	2026-05-23 19:27:50.409+00	2026-05-26 19:27:50.409+00	15	12	540000	108000	t	confirmed	\N	\N	Requires meeting room setup with projector for all 3 days. Gala dinner on day 2.	2026-05-03 19:27:50.487+00	2026-05-03 19:27:50.487+00
8788338c-1391-4bb0-8262-20e95289b019	444017d5-e022-4c5f-ac07-ea0d51f4609b	281fde73-7836-4511-b644-91f3663d8fcd	Mukherjee Wedding Block	Wedding block booking for Sneha and Rishi's wedding reception.	Ananya Mukherjee	ananya.m@email.com	+91-9830011111	2026-06-02 19:27:50.409+00	2026-06-05 19:27:50.409+00	8	5	176000	35200	t	confirmed	\N	\N	Bride and groom in Presidential Suite. Haldi and sangeet events need space.	2026-05-03 19:27:50.487+00	2026-05-03 19:27:50.487+00
\.


--
-- Data for Name: Guest; Type: TABLE DATA; Schema: public; Owner: -
--

COPY public."Guest" (id, "tenantId", "firstName", "lastName", email, phone, "alternatePhone", nationality, "dateOfBirth", gender, "idType", "idNumber", "idExpiry", "idCountry", address, city, state, country, "postalCode", preferences, "dietaryRequirements", "specialRequests", avatar, notes, tags, "loyaltyTier", "loyaltyPoints", "totalStays", "totalSpent", "isVip", "vipLevel", source, "sourceId", "emailOptIn", "smsOptIn", status, "kycStatus", "kycVerifiedAt", "createdAt", "updatedAt", "deletedAt") FROM stdin;
cb127462-1b96-4e37-8f78-65bbd0493ee1	444017d5-e022-4c5f-ac07-ea0d51f4609b	Amit	Mukherjee	amit.m@email.com	+91-9830012345	\N	India	\N	male	\N	\N	\N	\N	45 Lake Gardens	Kolkata	West Bengal	India	700045	{}	\N	\N	\N	\N	[]	gold	4500	12	85000	t	\N	direct	\N	t	f	active	verified	\N	2026-05-03 19:27:50.408+00	2026-05-03 19:27:50.408+00	\N
c5e15b10-5464-4323-87b6-41d1eb95c39a	444017d5-e022-4c5f-ac07-ea0d51f4609b	Sneha	Gupta	sneha.g@email.com	+91-9830023456	\N	India	\N	female	\N	\N	\N	\N	78 Salt Lake	Kolkata	West Bengal	India	700091	{}	\N	\N	\N	\N	[]	silver	2200	5	32000	f	\N	booking_com	\N	t	f	active	verified	\N	2026-05-03 19:27:50.408+00	2026-05-03 19:27:50.408+00	\N
0dae0b8b-173a-4819-8a5e-7ff3be5c81d5	444017d5-e022-4c5f-ac07-ea0d51f4609b	Rahul	Banerjee	rahul.b@email.com	+91-9830034567	\N	India	\N	male	\N	\N	\N	\N	12 Ballygunge Place	Kolkata	West Bengal	India	700019	{}	\N	\N	\N	\N	[]	platinum	12500	25	250000	t	\N	direct	\N	t	f	active	verified	\N	2026-05-03 19:27:50.408+00	2026-05-03 19:27:50.408+00	\N
79877c7c-f915-4922-94a0-5d83df9e1d09	444017d5-e022-4c5f-ac07-ea0d51f4609b	Pooja	Saha	pooja.s@email.com	+91-9830045678	\N	India	\N	female	\N	\N	\N	\N	23 Behala	Kolkata	West Bengal	India	700034	{}	\N	\N	\N	\N	[]	bronze	800	2	6000	f	\N	airbnb	\N	f	f	active	pending	\N	2026-05-03 19:27:50.408+00	2026-05-03 19:27:50.408+00	\N
df87b649-707f-402a-9198-75a06d22ed63	444017d5-e022-4c5f-ac07-ea0d51f4609b	Vikram	Singh	vikram.s@email.com	+91-9830056789	\N	India	\N	male	\N	\N	\N	\N	56 Sector V	Kolkata	West Bengal	India	700091	{}	\N	\N	\N	\N	[]	gold	5100	15	92000	t	\N	expedia	\N	t	f	active	verified	\N	2026-05-03 19:27:50.408+00	2026-05-03 19:27:50.408+00	\N
18349da2-1713-42c0-bad9-67856cc58d26	444017d5-e022-4c5f-ac07-ea0d51f4609b	Rina	Chatterjee	rina.c@email.com	+91-9830067890	\N	India	\N	female	\N	\N	\N	\N	89 Gariahat	Kolkata	West Bengal	India	700019	{}	\N	\N	\N	\N	[]	silver	1800	4	24000	f	\N	direct	\N	t	f	active	verified	\N	2026-05-03 19:27:50.408+00	2026-05-03 19:27:50.408+00	\N
\.


--
-- Data for Name: GuestBehavior; Type: TABLE DATA; Schema: public; Owner: -
--

COPY public."GuestBehavior" (id, "tenantId", "guestId", "visitCount", "firstVisitAt", "lastVisitAt", "totalBookings", "cancelledBookings", "noShowCount", "totalSpent", "avgBookingValue", "lifetimeValue", "totalNights", "avgStayLength", "preferredRoomTypes", "bookingSources", "serviceRequests", "foodOrders", "spaBookings", "learnedPreferences", "emailOpens", "emailClicks", "smsResponses", "engagementScore", "vipScore", "vipDetectedAt", "isRepeatGuest", "repeatGuestSince", "createdAt", "updatedAt") FROM stdin;
\.


--
-- Data for Name: GuestDocument; Type: TABLE DATA; Schema: public; Owner: -
--

COPY public."GuestDocument" (id, "guestId", type, name, "fileUrl", status, "verifiedAt", "verifiedBy", "rejectionReason", "expiryDate", "createdAt", "updatedAt") FROM stdin;
fa02c433-2ea5-4b4c-840f-36883c1aeed3	cb127462-1b96-4e37-8f78-65bbd0493ee1	aadhaar	Aadhaar Card	/uploads/docs/guest-1/aadhaar.jpg	verified	2026-04-28 19:27:50.409+00	user-2	\N	\N	2026-05-03 19:27:50.475+00	2026-05-03 19:27:50.475+00
363b0214-ee52-469e-ba27-43e79e5ff04a	c5e15b10-5464-4323-87b6-41d1eb95c39a	passport	Indian Passport	/uploads/docs/guest-2/passport.jpg	verified	2026-04-30 19:27:50.409+00	user-2	\N	\N	2026-05-03 19:27:50.475+00	2026-05-03 19:27:50.475+00
00a4a6b4-ba79-458e-9a54-3b105ad79365	79877c7c-f915-4922-94a0-5d83df9e1d09	driving_license	Driving License	/uploads/docs/guest-4/dl.jpg	pending	\N	\N	\N	\N	2026-05-03 19:27:50.475+00	2026-05-03 19:27:50.475+00
4ba6d7f9-15ec-4da5-acce-9ede6ec7fd6e	0dae0b8b-173a-4819-8a5e-7ff3be5c81d5	passport	Indian Passport	/uploads/docs/guest-3/passport.jpg	verified	2026-05-01 19:27:50.409+00	user-2	\N	\N	2026-05-03 19:27:50.475+00	2026-05-03 19:27:50.475+00
\.


--
-- Data for Name: GuestFeedback; Type: TABLE DATA; Schema: public; Owner: -
--

COPY public."GuestFeedback" (id, "guestId", "propertyId", type, category, subject, description, priority, status, "resolvedAt", "resolvedBy", resolution, "createdAt", "updatedAt") FROM stdin;
be924560-4ca3-4755-8a1e-fe2022fba177	df87b649-707f-402a-9198-75a06d22ed63	281fde73-7836-4511-b644-91f3663d8fcd	complaint	room	Noisy air conditioning unit	The AC in room-501 makes a rattling noise throughout the night, especially when set to high fan speed. This disturbed my sleep significantly. Requesting maintenance or a room change for my next stay.	high	open	\N	\N	\N	2026-05-03 19:27:50.773+00	2026-05-03 19:27:50.773+00
e7f335f0-4929-41ae-89d4-ee4215665e89	cb127462-1b96-4e37-8f78-65bbd0493ee1	281fde73-7836-4511-b644-91f3663d8fcd	compliment	service	Outstanding front desk service	Priya at the front desk was incredibly helpful during check-in. She upgraded our room and provided excellent recommendations for local restaurants. The level of hospitality made our anniversary trip truly special.	low	resolved	2026-05-02 19:27:50.772+00	user-2	Thank you noted and shared with Priya. She received an employee recognition award for exceptional service.	2026-05-03 19:27:50.773+00	2026-05-03 19:27:50.773+00
7aefca88-a440-45a9-8e8c-a40f7540e0d2	18349da2-1713-42c0-bad9-67856cc58d26	281fde73-7836-4511-b644-91f3663d8fcd	suggestion	amenities	Add yoga mats to room amenities	It would be wonderful if the hotel could provide yoga mats in rooms or at least have them available on request. Many business travellers like myself maintain a daily yoga practice and this would be a great wellness amenity.	medium	open	\N	\N	\N	2026-05-03 19:27:50.773+00	2026-05-03 19:27:50.773+00
\.


--
-- Data for Name: GuestJourney; Type: TABLE DATA; Schema: public; Owner: -
--

COPY public."GuestJourney" (id, "tenantId", "guestId", "bookingId", stage, "eventType", title, description, metadata, source, "occurredAt", "createdAt", "updatedAt") FROM stdin;
7073659f-5a00-46d4-9f3f-2e0e5e25fc5b	444017d5-e022-4c5f-ac07-ea0d51f4609b	cb127462-1b96-4e37-8f78-65bbd0493ee1	b544cc77-46a6-4e53-921e-50db663eb482	pre_arrival	pre_arrival	Booking Confirmed	Booking RS-2024-001 confirmed for Deluxe Room 501. Pre-arrival email sent.	{}	system	2026-04-28 19:27:50.409+00	2026-05-03 19:27:50.513+00	2026-05-03 19:27:50.513+00
32189326-eca0-42f0-bce9-555c7413cd25	444017d5-e022-4c5f-ac07-ea0d51f4609b	cb127462-1b96-4e37-8f78-65bbd0493ee1	b544cc77-46a6-4e53-921e-50db663eb482	pre_arrival	pre_arrival	Check-in Reminder Sent	Automated check-in reminder sent via email 24 hours before arrival.	{}	system	2026-04-30 19:27:50.409+00	2026-05-03 19:27:50.513+00	2026-05-03 19:27:50.513+00
836cab25-bce8-4baa-8fd4-e079647efd29	444017d5-e022-4c5f-ac07-ea0d51f4609b	cb127462-1b96-4e37-8f78-65bbd0493ee1	b544cc77-46a6-4e53-921e-50db663eb482	check_in	check_in	Checked In	Guest checked in at 2:15 PM. Welcomed by Priya Das. Gold tier benefits applied.	{"checkedInBy":"user-2","checkInTime":"14:15"}	system	2026-05-01 19:27:50.409+00	2026-05-03 19:27:50.513+00	2026-05-03 19:27:50.513+00
c3992212-562e-41c4-9c77-51b8c22bcc5c	444017d5-e022-4c5f-ac07-ea0d51f4609b	cb127462-1b96-4e37-8f78-65bbd0493ee1	b544cc77-46a6-4e53-921e-50db663eb482	stay	interaction	Chat Conversation	Guest requested extra pillows and inquired about restaurant hours via in-app chat.	{"channel":"in_app","messages":6}	system	2026-05-03 16:27:50.409+00	2026-05-03 19:27:50.513+00	2026-05-03 19:27:50.513+00
38bdd590-8037-4acd-b99d-25d4da94810b	444017d5-e022-4c5f-ac07-ea0d51f4609b	cb127462-1b96-4e37-8f78-65bbd0493ee1	b544cc77-46a6-4e53-921e-50db663eb482	stay	service_request	Housekeeping Request	Extra pillow and blanket delivered to room 501.	{"type":"housekeeping","resolved":true,"responseTimeMinutes":12}	system	2026-05-03 16:57:50.409+00	2026-05-03 19:27:50.513+00	2026-05-03 19:27:50.513+00
08c99afe-d005-4261-ba5a-8c9bd2a0eead	444017d5-e022-4c5f-ac07-ea0d51f4609b	cb127462-1b96-4e37-8f78-65bbd0493ee1	b544cc77-46a6-4e53-921e-50db663eb482	stay	amenity_used	Restaurant Visit	Guest dined at the in-house restaurant. Ordered Butter Chicken and Naan.	{"outlet":"restaurant","amount":1200,"items":3}	system	2026-05-02 19:27:50.409+00	2026-05-03 19:27:50.513+00	2026-05-03 19:27:50.513+00
87a3989b-0e74-49c8-8f65-07b41e6e81fb	444017d5-e022-4c5f-ac07-ea0d51f4609b	cb127462-1b96-4e37-8f78-65bbd0493ee1	b544cc77-46a6-4e53-921e-50db663eb482	stay	amenity_used	Gym Access	Guest used the fitness center for 45 minutes.	{"facility":"gym","duration":45}	system	2026-05-03 07:27:50.409+00	2026-05-03 19:27:50.513+00	2026-05-03 19:27:50.513+00
94235e8f-772f-4498-97bc-565b96a39c04	444017d5-e022-4c5f-ac07-ea0d51f4609b	cb127462-1b96-4e37-8f78-65bbd0493ee1	b544cc77-46a6-4e53-921e-50db663eb482	stay	service_request	Plumbing Issue Reported	Guest reported leaking bathroom faucet. Work order WO-2024-001 created.	{"workOrderId":"wo-1","priority":"high"}	system	2026-05-03 13:27:50.409+00	2026-05-03 19:27:50.513+00	2026-05-03 19:27:50.513+00
\.


--
-- Data for Name: GuestRecommendation; Type: TABLE DATA; Schema: public; Owner: -
--

COPY public."GuestRecommendation" (id, "tenantId", "guestId", type, category, title, description, reason, "estimatedValue", "relevanceScore", status, "shownAt", "acceptedAt", "rejectedAt", "expiresAt", "actionType", "actionData", "isAiGenerated", "aiConfidence", "createdAt", "updatedAt") FROM stdin;
\.


--
-- Data for Name: GuestReview; Type: TABLE DATA; Schema: public; Owner: -
--

COPY public."GuestReview" (id, "guestId", "propertyId", "overallRating", "cleanlinessRating", "serviceRating", "locationRating", "valueRating", title, comment, source, "responseText", "respondedAt", "respondedBy", "sentimentScore", "sentimentLabel", "createdAt", "updatedAt") FROM stdin;
9ba9032d-3e8f-4d43-99f2-7620b29e4a32	cb127462-1b96-4e37-8f78-65bbd0493ee1	281fde73-7836-4511-b644-91f3663d8fcd	5	5	5	4	4	Excellent stay at Royal Stay Kolkata	The hotel exceeded all expectations. Impeccable cleanliness, attentive staff, and a prime location near Park Street. The room service was prompt and the breakfast spread was delightful. Will definitely return!	internal	\N	\N	\N	0.95	positive	2026-05-03 19:27:50.771+00	2026-05-03 19:27:50.771+00
e6cf9712-2300-4179-8113-d1dec4a2dfdb	c5e15b10-5464-4323-87b6-41d1eb95c39a	281fde73-7836-4511-b644-91f3663d8fcd	4	4	4	5	3	Great location, comfortable rooms	Beautiful property in a fantastic location. The rooms were well-maintained and the staff was courteous. Only slight issue was the breakfast variety could be better. Overall a wonderful experience.	internal	\N	\N	\N	0.78	positive	2026-05-03 19:27:50.771+00	2026-05-03 19:27:50.771+00
66942d69-bf67-4a15-991c-f44f7bf3e5c1	0dae0b8b-173a-4819-8a5e-7ff3be5c81d5	281fde73-7836-4511-b644-91f3663d8fcd	5	5	5	5	4	My favourite hotel in Kolkata	As a frequent business traveller, Royal Stay Kolkata is my go-to choice. The executive lounge access is a wonderful perk. Consistent quality every single visit. The management team goes above and beyond to ensure guest satisfaction.	internal	\N	\N	\N	0.92	positive	2026-05-03 19:27:50.771+00	2026-05-03 19:27:50.771+00
\.


--
-- Data for Name: GuestSegment; Type: TABLE DATA; Schema: public; Owner: -
--

COPY public."GuestSegment" (id, "tenantId", name, description, rules, "memberCount", "createdAt", "updatedAt") FROM stdin;
de8c0340-12cd-4180-9105-63f9c49411d2	444017d5-e022-4c5f-ac07-ea0d51f4609b	Business Travelers	Guests who travel primarily for business purposes, typically booking weekday stays and requiring WiFi, workspace amenities.	{"conditions":[{"field":"source","operator":"in","value":["direct","corporate"]},{"field":"preferences.purpose","operator":"equals","value":"business"}],"autoAssign":true}	45	2026-05-03 19:27:50.787+00	2026-05-03 19:27:50.787+00
a6b669ca-30b2-4d4d-877c-ab47b2df5455	444017d5-e022-4c5f-ac07-ea0d51f4609b	Leisure Guests	Guests traveling for vacation, leisure, or personal reasons. Often book weekend stays and family rooms.	{"conditions":[{"field":"adults","operator":"greaterThanOrEqual","value":2},{"field":"children","operator":"greaterThan","value":0}],"autoAssign":true}	120	2026-05-03 19:27:50.787+00	2026-05-03 19:27:50.787+00
08009085-8590-4dd8-aa38-77b83a5e05a2	444017d5-e022-4c5f-ac07-ea0d51f4609b	VIP Guests	High-value guests with VIP status, loyalty tier Gold or above, or total spend exceeding ₹50,000.	{"conditions":[{"field":"isVip","operator":"equals","value":true},{"field":"loyaltyTier","operator":"in","value":["gold","platinum"]},{"field":"totalSpent","operator":"greaterThan","value":50000}],"matchType":"any","autoAssign":true}	18	2026-05-03 19:27:50.787+00	2026-05-03 19:27:50.787+00
\.


--
-- Data for Name: GuestStay; Type: TABLE DATA; Schema: public; Owner: -
--

COPY public."GuestStay" (id, "guestId", "bookingId", "totalAmount", "roomNights", "feedbackGiven", "reviewGiven", "createdAt") FROM stdin;
6b15ba01-99a2-4eb0-95f2-048091178a9d	cb127462-1b96-4e37-8f78-65bbd0493ee1	b544cc77-46a6-4e53-921e-50db663eb482	17990	3	f	f	2026-05-03 19:27:50.492+00
6416b00e-3326-4b6e-b576-5d6b2992244f	18349da2-1713-42c0-bad9-67856cc58d26	7e7c1dde-1748-45aa-aad9-fde8feacb222	11430	3	t	t	2026-05-03 19:27:50.492+00
ba344879-dfd1-4f23-b990-fd7f48f2ec34	0dae0b8b-173a-4819-8a5e-7ff3be5c81d5	9b7a9397-91d2-4f9c-baf4-71123765747b	53160	4	f	f	2026-05-03 19:27:50.492+00
d70aa5a5-7118-4d69-a374-0e44e7a3b554	c5e15b10-5464-4323-87b6-41d1eb95c39a	a539a935-cba9-4ae3-a986-1a15727495b7	23490	4	f	f	2026-05-03 19:27:50.492+00
\.


--
-- Data for Name: HelpArticle; Type: TABLE DATA; Schema: public; Owner: -
--

COPY public."HelpArticle" (id, "tenantId", title, slug, content, excerpt, category, tags, "featuredImage", "videoUrl", "viewCount", "helpfulCount", "notHelpfulCount", status, "authorId", "metaTitle", "metaDescription", "createdAt", "updatedAt", "publishedAt") FROM stdin;
\.


--
-- Data for Name: HelpCategory; Type: TABLE DATA; Schema: public; Owner: -
--

COPY public."HelpCategory" (id, name, slug, description, icon, "sortOrder", "parentId", "createdAt", "updatedAt") FROM stdin;
\.


--
-- Data for Name: IdempotencyKey; Type: TABLE DATA; Schema: public; Owner: -
--

COPY public."IdempotencyKey" (id, "tenantId", key, "entityType", "entityId", "requestHash", "responseSnapshot", status, "expiresAt", "createdAt") FROM stdin;
\.


--
-- Data for Name: InspectionResult; Type: TABLE DATA; Schema: public; Owner: -
--

COPY public."InspectionResult" (id, "tenantId", "propertyId", "roomId", "taskId", "templateId", "inspectorId", score, passed, items, notes, "completedAt", "reAssigned", "createdAt", "updatedAt") FROM stdin;
684eb517-0e78-46d2-95fe-a75d7cc49a42	444017d5-e022-4c5f-ac07-ea0d51f4609b	281fde73-7836-4511-b644-91f3663d8fcd	2bd9e3e1-07f2-4535-ab58-5868a167f183	\N	2bfc91c5-06d1-45dd-9701-1afba2f76126	195d4b15-e4ba-4554-affa-01c53a43f883	96	t	[{"templateItemId":"bath-1","name":"Toilet cleaned and sanitized","passed":true,"notes":null,"photoUrl":null},{"templateItemId":"bath-2","name":"Shower/bathtub cleaned","passed":true,"notes":null,"photoUrl":null},{"templateItemId":"bath-3","name":"Sink and vanity clean","passed":true,"notes":null,"photoUrl":null},{"templateItemId":"bath-4","name":"Mirror spotless","passed":false,"notes":"Small water stain on left edge","photoUrl":null},{"templateItemId":"bath-5","name":"Towels replaced","passed":true,"notes":null,"photoUrl":null},{"templateItemId":"bath-6","name":"Toiletries restocked","passed":true,"notes":null,"photoUrl":null},{"templateItemId":"bed-1","name":"Bedsheets changed","passed":true,"notes":null,"photoUrl":null},{"templateItemId":"bed-2","name":"Pillows fluffed","passed":true,"notes":null,"photoUrl":null},{"templateItemId":"bed-3","name":"Bedspread/duvet clean","passed":true,"notes":null,"photoUrl":null},{"templateItemId":"bed-4","name":"AC working","passed":true,"notes":null,"photoUrl":null},{"templateItemId":"bed-5","name":"TV working","passed":true,"notes":null,"photoUrl":null},{"templateItemId":"room-1","name":"Floor vacuumed","passed":true,"notes":null,"photoUrl":null},{"templateItemId":"room-2","name":"Curtains clean","passed":true,"notes":null,"photoUrl":null},{"templateItemId":"room-3","name":"Trash bins emptied","passed":true,"notes":null,"photoUrl":null},{"templateItemId":"room-4","name":"Room fragranced","passed":true,"notes":null,"photoUrl":null},{"templateItemId":"room-5","name":"Welcome amenities placed","passed":true,"notes":null,"photoUrl":null}]	Minor mirror stain noted, acceptable for standard room	2026-05-03 17:27:50.466+00	f	2026-05-03 19:27:50.467+00	2026-05-03 19:27:50.467+00
dbef0c5f-63a3-46ea-bfb0-886a5418842c	444017d5-e022-4c5f-ac07-ea0d51f4609b	281fde73-7836-4511-b644-91f3663d8fcd	099d3527-9c08-4060-8813-fea8ca1553c7	\N	2bfc91c5-06d1-45dd-9701-1afba2f76126	195d4b15-e4ba-4554-affa-01c53a43f883	78	f	[{"templateItemId":"bath-1","name":"Toilet cleaned","passed":true,"notes":null,"photoUrl":null},{"templateItemId":"bath-4","name":"Mirror spotless","passed":false,"notes":"Heavy water stains, needs re-cleaning","photoUrl":null},{"templateItemId":"bath-5","name":"Towels replaced","passed":false,"notes":"Only 1 bath towel provided, needs 2","photoUrl":null},{"templateItemId":"bed-1","name":"Bedsheets changed","passed":true,"notes":null,"photoUrl":null},{"templateItemId":"bed-4","name":"AC working","passed":false,"notes":"AC making noise, needs maintenance","photoUrl":null},{"templateItemId":"room-1","name":"Floor vacuumed","passed":true,"notes":null,"photoUrl":null},{"templateItemId":"room-3","name":"Trash bins emptied","passed":false,"notes":"Bathroom bin not emptied","photoUrl":null}]	3 items failed. Re-cleaning and maintenance required.	2026-05-03 18:27:50.466+00	t	2026-05-03 19:27:50.467+00	2026-05-03 19:27:50.467+00
\.


--
-- Data for Name: InspectionTemplate; Type: TABLE DATA; Schema: public; Owner: -
--

COPY public."InspectionTemplate" (id, "tenantId", "propertyId", name, description, "roomType", category, items, "isActive", "sortOrder", "createdAt", "updatedAt") FROM stdin;
2bfc91c5-06d1-45dd-9701-1afba2f76126	444017d5-e022-4c5f-ac07-ea0d51f4609b	\N	Standard Room Inspection	Comprehensive checklist for standard room cleaning inspection	standard	room	[{"id":"f967a9c4-53ac-41e0-88a6-9e85c8147625","name":"Toilet cleaned and sanitized","category":"Bathroom","required":true,"sortOrder":1},{"id":"16c52005-f9f1-452f-86cc-456a78add61e","name":"Shower/bathtub cleaned","category":"Bathroom","required":true,"sortOrder":2},{"id":"2031d36b-4316-49d7-b3a3-c9bf75af2fbc","name":"Sink and vanity clean","category":"Bathroom","required":true,"sortOrder":3},{"id":"d97e1fe9-7b5f-461f-9164-03e730c82394","name":"Mirror spotless","category":"Bathroom","required":true,"sortOrder":4},{"id":"76105635-69bb-4284-b0b3-e7f42a928be3","name":"Towels replaced (2 bath, 2 hand, 1 face)","category":"Bathroom","required":true,"sortOrder":5},{"id":"649628c8-220a-4d1a-bea5-2075121ab1bf","name":"Toiletries restocked","category":"Bathroom","required":true,"sortOrder":6},{"id":"3953d0d3-8cc5-4f28-bbad-cc2a7ec2ddb3","name":"Hair dryer present and working","category":"Bathroom","required":false,"sortOrder":7},{"id":"211116fb-3dc2-4de6-98c0-a9d8ea4eb66c","name":"Bedsheets changed (fresh, no wrinkles)","category":"Bedroom","required":true,"sortOrder":8},{"id":"28cb4b25-f9a2-4cdf-89c9-e1a20b492c15","name":"Pillows fluffed and arranged","category":"Bedroom","required":true,"sortOrder":9},{"id":"04033567-22f6-43c3-a3d4-b43c8eedfb59","name":"Bedspread/duvet clean","category":"Bedroom","required":true,"sortOrder":10},{"id":"76315cbe-95cd-47c9-8ef2-b63dde63c316","name":"AC working (set to 22°C)","category":"Bedroom","required":true,"sortOrder":11},{"id":"15b53200-83ae-43c3-b10c-031fd47b1e84","name":"TV working, remote present","category":"Bedroom","required":true,"sortOrder":12},{"id":"f69626b5-290d-4626-a9f3-1fb4e8f58185","name":"Minibar restocked","category":"Bedroom","required":false,"sortOrder":13},{"id":"3b1a2a0e-0293-4982-81be-420db98cb58f","name":"Safe locked and working","category":"Bedroom","required":false,"sortOrder":14},{"id":"79869c4e-fd20-46fd-b795-4e45398eec76","name":"Dust-free surfaces","category":"Bedroom","required":true,"sortOrder":15},{"id":"5f4b8399-2944-4737-be64-3d7296df0f51","name":"Floor vacuumed and mopped","category":"Room","required":true,"sortOrder":16},{"id":"106aeb28-caf4-402f-a088-68ab2801df42","name":"Curtains clean and properly hung","category":"Room","required":true,"sortOrder":17},{"id":"709e6374-2509-42fe-a006-1ad1fc9a6209","name":"Trash bins emptied","category":"Room","required":true,"sortOrder":18},{"id":"d389c1d6-f5d5-4c40-8662-d3e37c5db402","name":"Room fragranced","category":"Room","required":true,"sortOrder":19},{"id":"c06eb6fb-4be3-4df6-830a-cf01129056d3","name":"Welcome amenities placed","category":"Room","required":true,"sortOrder":20},{"id":"2074ea13-b57e-434b-bc0c-6d087e9167da","name":"Do Not Disturb sign available","category":"Room","required":true,"sortOrder":21},{"id":"8b7ee102-e214-4ecb-9075-9b6c08cbd06a","name":"No personal items left behind","category":"Room","required":true,"sortOrder":22},{"id":"46afefaa-0005-4064-903c-ffb719c7194d","name":"Furniture properly arranged","category":"Room","required":true,"sortOrder":23}]	t	1	2026-05-03 19:27:50.465+00	2026-05-03 19:27:50.465+00
4e382b37-1bc8-46b8-8cc0-7fb46c2ccd88	444017d5-e022-4c5f-ac07-ea0d51f4609b	\N	VIP Suite Inspection	Enhanced checklist for VIP suites and premium rooms	vip	room	[{"id":"583c0159-92f6-44bd-89d2-f1991802c785","name":"Premium toiletries stocked (set complete)","category":"Bathroom","required":true,"sortOrder":1},{"id":"27bba9e7-e18e-42ab-8aa9-11c507a4f534","name":"Bathrobe and slippers placed","category":"Bathroom","required":true,"sortOrder":2},{"id":"60f6e0fb-5c2a-4673-9e18-935bf1d509fd","name":"Toilet and bathroom spotless","category":"Bathroom","required":true,"sortOrder":3},{"id":"299390d8-ce2c-4497-90ca-c2a7c11fbf3f","name":"Fresh flowers arranged","category":"Bathroom","required":true,"sortOrder":4},{"id":"afac54e4-283f-4f92-b0a2-35f3f5033c3e","name":"Premium linen (cotton/silk blend)","category":"Bedroom","required":true,"sortOrder":5},{"id":"4dd26c14-4186-409b-b6b7-308d7e56b856","name":"Pillow menu card placed","category":"Bedroom","required":true,"sortOrder":6},{"id":"7338ae6f-4bd4-4056-9e51-fe1f924c569a","name":"Turndown amenities prepared","category":"Bedroom","required":true,"sortOrder":7},{"id":"b1cd6674-6e5a-46fc-8980-b5a3f0f4a33a","name":"Fruit basket and welcome card","category":"Bedroom","required":true,"sortOrder":8},{"id":"ffeb9221-c4b8-47db-afc2-582a21dc9f4a","name":"AC at optimal temperature","category":"Bedroom","required":true,"sortOrder":9},{"id":"a9cfe451-e343-491e-a68b-1fbf83331d9a","name":"Floor polished (no marks)","category":"Room","required":true,"sortOrder":10},{"id":"1d9b8912-0fa7-4c05-8a7d-080e775bb426","name":"Premium minibar fully stocked","category":"Room","required":true,"sortOrder":11},{"id":"0a531505-d722-4b2e-a7e1-04b3adef1251","name":"Nespresso machine cleaned and loaded","category":"Room","required":true,"sortOrder":12},{"id":"cb7186fb-407b-4d9a-9894-b94e439d6a77","name":"All lights and electronics working","category":"Room","required":true,"sortOrder":13},{"id":"7f98cac7-5c6f-4330-b351-b44fa77b6a83","name":"Balcony clean (if applicable)","category":"Room","required":true,"sortOrder":14},{"id":"d97cfa5a-5bda-45df-a440-82bfa0696765","name":"Complimentary newspaper/magazine","category":"Room","required":false,"sortOrder":15}]	t	2	2026-05-03 19:27:50.465+00	2026-05-03 19:27:50.465+00
6db0099d-2314-44db-9890-630f7af32d12	444017d5-e022-4c5f-ac07-ea0d51f4609b	\N	Deep Clean Inspection	Thorough inspection after deep cleaning or maintenance	deep_clean	room	[{"id":"9d07c227-0ccf-4efe-8b85-562ed66c0ff2","name":"Under-bed area cleaned","category":"Deep Clean","required":true,"sortOrder":1},{"id":"d3290d6d-632d-4c9f-a0eb-b45cae31c716","name":"Behind furniture vacuumed","category":"Deep Clean","required":true,"sortOrder":2},{"id":"06b826b0-ef30-4133-8dbe-2d52587f64d3","name":"Wardrobe interior wiped","category":"Deep Clean","required":true,"sortOrder":3},{"id":"aaa7117b-3afc-4f02-b666-3cba1b671675","name":"Drawer interiors cleaned","category":"Deep Clean","required":true,"sortOrder":4},{"id":"e0305ad7-0682-4b29-82d2-a5ccc5014523","name":"AC vents/filters cleaned","category":"Deep Clean","required":true,"sortOrder":5},{"id":"a158020b-2376-4f54-a677-a29146fd7266","name":"Light fixtures cleaned","category":"Deep Clean","required":true,"sortOrder":6},{"id":"83cf4d1e-04e1-4aee-947a-8376ba33e9e3","name":"Window tracks cleaned","category":"Deep Clean","required":true,"sortOrder":7},{"id":"b8203828-4477-4ce3-b269-ea328c16ff2b","name":"Grout and tile sealant checked","category":"Deep Clean","required":false,"sortOrder":8},{"id":"56924063-a59f-4020-9259-d411f6817028","name":"Mattress rotated/flipped","category":"Deep Clean","required":true,"sortOrder":9},{"id":"8cf232d0-af0f-4dab-a969-fe9004e5e257","name":"Upholstery spots treated","category":"Deep Clean","required":true,"sortOrder":10}]	t	3	2026-05-03 19:27:50.465+00	2026-05-03 19:27:50.465+00
46111aa1-8175-428b-8091-a1f4b3874620	444017d5-e022-4c5f-ac07-ea0d51f4609b	\N	Public Area Inspection	Checklist for lobby, corridors, and common areas	public_area	public_area	[{"id":"4b58dd4c-2177-454f-94de-7748785c46ad","name":"Floors clean and polished","category":"Lobby","required":true,"sortOrder":1},{"id":"caa56f7b-0c64-4f2e-b70a-fa83c25a4f95","name":"Furniture arranged properly","category":"Lobby","required":true,"sortOrder":2},{"id":"e84e6e7d-15b6-410d-9dc3-a75280badd4a","name":"Restrooms clean and stocked","category":"Lobby","required":true,"sortOrder":3},{"id":"e5331ca3-7391-4160-af8b-42506d063e61","name":"Plants watered and healthy","category":"Lobby","required":true,"sortOrder":4},{"id":"c55f05bb-865c-4ffb-ae01-4f7b192ca794","name":"Lighting adequate","category":"Lobby","required":true,"sortOrder":5},{"id":"fca083dd-7256-45d7-819a-e0aa89e78d4d","name":"Signage clean and visible","category":"Lobby","required":true,"sortOrder":6},{"id":"da72e908-6d31-4de7-a20d-e6c81cb3171c","name":"Elevator clean and functioning","category":"Common","required":true,"sortOrder":7},{"id":"d09b5916-d372-4035-a020-731ee276326a","name":"Corridors vacuumed","category":"Common","required":true,"sortOrder":8}]	t	4	2026-05-03 19:27:50.465+00	2026-05-03 19:27:50.465+00
5c732ba6-ef38-4ee2-b1de-36cb5880e933	1afa10da-6737-4bbe-b30c-e2b76eedd4d5	\N	Ocean View Room Inspection	Standard inspection for Ocean View resort	\N	room	[{"id":"db3ec9a2-2cdf-4f6f-a1e8-c9660a3ebc84","name":"Room thoroughly cleaned","category":"Room","required":true,"sortOrder":1},{"id":"82be6bee-50ef-4bcb-b1f2-a3e5f38986e5","name":"Bathroom sanitized","category":"Bathroom","required":true,"sortOrder":2},{"id":"549ef5d6-a0bc-4671-be9d-031d2e7bcbd4","name":"Towels and linens replaced","category":"Bathroom","required":true,"sortOrder":3},{"id":"1aaf436d-367b-423b-aa99-ee7f091a1e1c","name":"Balcony clean with ocean view unobstructed","category":"Room","required":true,"sortOrder":4},{"id":"b9e7d3b1-24b3-4816-a447-2f88ad610804","name":"Minibar restocked","category":"Room","required":false,"sortOrder":5}]	t	1	2026-05-03 19:27:50.465+00	2026-05-03 19:27:50.465+00
aa95edda-9691-481e-b95b-30bee1683f0f	444017d5-e022-4c5f-ac07-ea0d51f4609b	281fde73-7836-4511-b644-91f3663d8fcd	Standard Room Inspection	Quick turnaround inspection checklist used after standard room cleaning. Covers bed, bathroom, towels, minibar, and entertainment.	standard	room	[{"id":"89c99a16-1e6d-413a-ac6d-1deab19e228a","name":"Bed Made","category":"bedroom","required":true,"sortOrder":1},{"id":"b2ec4a0d-8328-4b50-b0fb-081b44283efd","name":"Bathroom Clean","category":"bathroom","required":true,"sortOrder":2},{"id":"20cbd5a6-5f9b-4582-8240-3b9bd51f2d41","name":"Towels Fresh","category":"bathroom","required":true,"sortOrder":3},{"id":"07b54199-0fcf-4a1c-a5a7-ff97d03c4b35","name":"Minibar Stocked","category":"amenities","required":true,"sortOrder":4},{"id":"3bbee116-d359-430a-8650-136a6a177bc6","name":"TV Working","category":"amenities","required":true,"sortOrder":5}]	t	3	2026-05-03 19:27:50.846+00	2026-05-03 19:27:50.846+00
\.


--
-- Data for Name: Integration; Type: TABLE DATA; Schema: public; Owner: -
--

COPY public."Integration" (id, "tenantId", type, provider, name, config, status, "lastSyncAt", "lastError", "createdAt", "updatedAt") FROM stdin;
8b848149-580b-4569-a559-e2f93492030b	444017d5-e022-4c5f-ac07-ea0d51f4609b	payment	stripe	Stripe Payments	{"apiKey":"sk_live_***","publishableKey":"pk_live_***","webhookSecret":"whsec_***","currency":"INR"}	active	2026-05-03 18:27:50.409+00	\N	2026-05-03 19:27:50.498+00	2026-05-03 19:27:50.498+00
b5dcd2d4-65bf-4a79-b20b-f4ac34cdd9e9	444017d5-e022-4c5f-ac07-ea0d51f4609b	payment	razorpay	Razorpay	{"apiKeyId":"rzp_live_***","apiKeySecret":"***","webhookSecret":"***","currency":"INR"}	active	2026-05-03 17:27:50.409+00	\N	2026-05-03 19:27:50.498+00	2026-05-03 19:27:50.498+00
6e9eac56-e4be-43bc-9c21-7b5682444774	444017d5-e022-4c5f-ac07-ea0d51f4609b	communication	whatsapp	WhatsApp Business	{"phoneNumber":"+913340012345","apiVersion":"v18.0","templateNamespace":"royal_stay"}	active	2026-05-03 18:57:50.409+00	\N	2026-05-03 19:27:50.498+00	2026-05-03 19:27:50.498+00
00357706-3777-4e33-9d53-0122a7c1cd62	444017d5-e022-4c5f-ac07-ea0d51f4609b	channel_manager	booking_com	Booking.com	{"hotelId":"123456","apiKey":"***","syncRates":true,"syncAvailability":true,"syncRestrictions":true}	active	2026-05-03 04:27:50.409+00	\N	2026-05-03 19:27:50.498+00	2026-05-03 19:27:50.498+00
8a58d1a4-ea15-49c5-85c8-230b333adc83	444017d5-e022-4c5f-ac07-ea0d51f4609b	pos	posist	Ahaar Kitchen POS	{"endpoint":"https://api.posist.io","apiKey":"pk_live_***","merchantId":"MERCHANT_RSK_001","locationId":"LOC_KOL_001","outlets":3,"menuItems":48,"syncSettings":{"syncMenuItems":true,"syncOrders":true,"syncInventory":false,"autoSync":true,"syncIntervalMinutes":30}}	active	2026-05-03 17:27:50.409+00	\N	2026-05-03 19:27:50.499+00	2026-05-03 19:27:50.499+00
56f811c3-6d96-4965-a738-ccfa2faab81b	444017d5-e022-4c5f-ac07-ea0d51f4609b	pos	petpooja	Terrace Bar POS	{"endpoint":"https://api.petpooja.com","apiKey":"pp_live_***","merchantId":"MERCHANT_RSK_002","locationId":"LOC_KOL_002","outlets":1,"menuItems":35,"syncSettings":{"syncMenuItems":true,"syncOrders":true,"syncInventory":true,"autoSync":true,"syncIntervalMinutes":15}}	active	2026-05-03 15:27:50.409+00	\N	2026-05-03 19:27:50.499+00	2026-05-03 19:27:50.499+00
7afbbca0-86ae-49a5-98a3-afd0a315db4a	444017d5-e022-4c5f-ac07-ea0d51f4609b	pos	micros	Banquet POS (MICROS)	{"endpoint":"https://api.micros.com","apiKey":"mic_live_***","merchantId":"MERCHANT_RSK_003","locationId":"LOC_KOL_003","outlets":2,"menuItems":22,"syncSettings":{"syncMenuItems":false,"syncOrders":true,"syncInventory":false,"autoSync":false,"syncIntervalMinutes":60}}	pending	\N	\N	2026-05-03 19:27:50.499+00	2026-05-03 19:27:50.499+00
\.


--
-- Data for Name: InterfaceAlias; Type: TABLE DATA; Schema: public; Owner: -
--

COPY public."InterfaceAlias" (id, "tenantId", "propertyId", "interfaceId", "interfaceName", "ipAddress", netmask, description, enabled, "createdAt", "updatedAt") FROM stdin;
\.


--
-- Data for Name: InterfaceConfig; Type: TABLE DATA; Schema: public; Owner: -
--

COPY public."InterfaceConfig" (id, "tenantId", "propertyId", "interfaceId", mode, "ipAddress", netmask, gateway, "dnsPrimary", "dnsSecondary", enabled, "createdAt", "updatedAt") FROM stdin;
91c622fe-9d3e-416d-8419-7a4fe46c50e3	444017d5-e022-4c5f-ac07-ea0d51f4609b	281fde73-7836-4511-b644-91f3663d8fcd	b13cfcc5-4e94-4245-8a5f-082eac4a7b01	dhcp	\N	\N	\N	\N	\N	t	2026-05-03 19:27:50.696+00	2026-05-03 19:27:50.696+00
bb5fedff-b766-4692-8fb4-cffea71a58f9	444017d5-e022-4c5f-ac07-ea0d51f4609b	281fde73-7836-4511-b644-91f3663d8fcd	2983fc24-d37b-447e-b86c-0a57bc781a10	static	192.168.1.1	255.255.255.0	192.168.1.254	8.8.8.8	1.1.1.1	t	2026-05-03 19:27:50.696+00	2026-05-03 19:27:50.696+00
664b195b-9949-4ae8-bc30-f23bd6dceafd	444017d5-e022-4c5f-ac07-ea0d51f4609b	281fde73-7836-4511-b644-91f3663d8fcd	45817e65-6245-490f-835a-0b88269549fd	disabled	\N	\N	\N	\N	\N	f	2026-05-03 19:27:50.696+00	2026-05-03 19:27:50.696+00
\.


--
-- Data for Name: InterfaceRole; Type: TABLE DATA; Schema: public; Owner: -
--

COPY public."InterfaceRole" (id, "tenantId", "propertyId", "interfaceId", role, priority, "isPrimary", enabled, "createdAt", "updatedAt") FROM stdin;
067be721-305f-4e8e-835a-9153bb4520e4	444017d5-e022-4c5f-ac07-ea0d51f4609b	281fde73-7836-4511-b644-91f3663d8fcd	b13cfcc5-4e94-4245-8a5f-082eac4a7b01	wan	1	t	t	2026-05-03 19:27:50.692+00	2026-05-03 19:27:50.692+00
4c5ef323-aea6-4e31-9eaa-8c47d0cdd1c5	444017d5-e022-4c5f-ac07-ea0d51f4609b	281fde73-7836-4511-b644-91f3663d8fcd	2983fc24-d37b-447e-b86c-0a57bc781a10	lan	0	t	t	2026-05-03 19:27:50.692+00	2026-05-03 19:27:50.692+00
1ec87863-0061-4067-a48b-972ce8d8d6f6	444017d5-e022-4c5f-ac07-ea0d51f4609b	281fde73-7836-4511-b644-91f3663d8fcd	38916a92-3d6b-49e6-b489-de5098c2e733	dmz	0	f	t	2026-05-03 19:27:50.692+00	2026-05-03 19:27:50.692+00
ff15efe2-7a83-4aaf-81fb-85402d02a4fe	444017d5-e022-4c5f-ac07-ea0d51f4609b	281fde73-7836-4511-b644-91f3663d8fcd	46bab1f7-75ec-4e86-9155-d152a3a2e71f	management	0	f	t	2026-05-03 19:27:50.692+00	2026-05-03 19:27:50.692+00
b48510ab-5833-43bc-8eee-b0bd39a7aa94	444017d5-e022-4c5f-ac07-ea0d51f4609b	281fde73-7836-4511-b644-91f3663d8fcd	4b7b3303-c060-4e69-b20d-4fa6ebca6fab	wifi	0	t	t	2026-05-03 19:27:50.692+00	2026-05-03 19:27:50.692+00
3765bb3a-694e-4378-b7ff-b51450e35e4d	444017d5-e022-4c5f-ac07-ea0d51f4609b	281fde73-7836-4511-b644-91f3663d8fcd	45817e65-6245-490f-835a-0b88269549fd	unused	2	f	f	2026-05-03 19:27:50.692+00	2026-05-03 19:27:50.692+00
\.


--
-- Data for Name: InventoryItem; Type: TABLE DATA; Schema: public; Owner: -
--

COPY public."InventoryItem" (id, "propertyId", name, category, "currentStock", unit, "unitCost", "lowStockThreshold", "reorderLevel", "supplierName", "supplierContact", status, "lastRestocked", "createdAt", "updatedAt", "deletedAt") FROM stdin;
\.


--
-- Data for Name: InventoryLock; Type: TABLE DATA; Schema: public; Owner: -
--

COPY public."InventoryLock" (id, "tenantId", "propertyId", "roomId", "roomTypeId", "startDate", "endDate", reason, "lockType", "sessionId", "expiresAt", "createdBy", "createdAt", "updatedAt") FROM stdin;
\.


--
-- Data for Name: InventoryMovement; Type: TABLE DATA; Schema: public; Owner: -
--

COPY public."InventoryMovement" (id, "propertyId", "inventoryItemId", quantity, "previousStock", "newStock", reason, note, "performedBy", "createdAt") FROM stdin;
\.


--
-- Data for Name: InventoryTransfer; Type: TABLE DATA; Schema: public; Owner: -
--

COPY public."InventoryTransfer" (id, "tenantId", "fromPropertyId", "toPropertyId", status, "requestedBy", "approvedBy", "completedBy", reason, notes, "approvedAt", "completedAt", "rejectedAt", "rejectionReason", "createdAt", "updatedAt") FROM stdin;
\.


--
-- Data for Name: InventoryTransferItem; Type: TABLE DATA; Schema: public; Owner: -
--

COPY public."InventoryTransferItem" (id, "transferId", "stockItemId", "stockItemName", quantity, unit, "unitCost", "createdAt", "updatedAt") FROM stdin;
\.


--
-- Data for Name: Invoice; Type: TABLE DATA; Schema: public; Owner: -
--

COPY public."Invoice" (id, "tenantId", "invoiceNumber", "folioId", "customerName", "customerEmail", "customerAddress", "customerPhone", subtotal, taxes, discount, "totalAmount", currency, "issuedAt", "dueAt", "paidAt", status, "pdfUrl", notes, "lineItems", "templateId", "isRecurring", "recurringFrequency", "recurringNextDate", "recurringEndDate", "parentInvoiceId", "createdAt", "updatedAt") FROM stdin;
83d78a29-9d35-4799-85dd-6e6d1f2f05bc	444017d5-e022-4c5f-ac07-ea0d51f4609b	INV-2501-0001	31b2dc91-a684-4dfa-af6a-fc948051da24	Rahul Banerjee	rahul.b@email.com	Kolkata, India	\N	48000	8640	0	58640	INR	2026-05-02 19:27:50.448+00	2026-06-01 19:27:50.448+00	2026-05-02 19:27:50.448+00	paid	/api/invoices/folio-2/pdf	\N	[]	\N	f	\N	\N	\N	\N	2026-05-03 19:27:50.456+00	2026-05-03 19:27:50.456+00
128408a2-21a2-4af6-a8af-f260ffd61337	444017d5-e022-4c5f-ac07-ea0d51f4609b	INV-2501-0002	3e65e740-b126-49ec-aabd-915b5bd60bb2	Vikram Singh	vikram.s@email.com	Kolkata, India	\N	70000	12600	0	84100	INR	2026-05-03 19:27:50.455+00	2026-06-02 19:27:50.455+00	2026-05-03 19:27:50.455+00	paid	/api/invoices/folio-4/pdf	\N	[]	\N	f	\N	\N	\N	\N	2026-05-03 19:27:50.456+00	2026-05-03 19:27:50.456+00
ef78a01d-f28a-4d20-ba8a-e9f970e8e4ba	444017d5-e022-4c5f-ac07-ea0d51f4609b	INV-2501-0003	972e32ee-0532-4a3a-9b38-9076f74e8fb5	Rina Chatterjee	rina.c@email.com	Kolkata, India	\N	10500	1890	0	13290	INR	2026-05-03 19:27:50.455+00	2026-06-02 19:27:50.455+00	2026-05-03 19:27:50.455+00	paid	/api/invoices/folio-6/pdf	\N	[]	\N	f	\N	\N	\N	\N	2026-05-03 19:27:50.456+00	2026-05-03 19:27:50.456+00
\.


--
-- Data for Name: InvoiceTemplate; Type: TABLE DATA; Schema: public; Owner: -
--

COPY public."InvoiceTemplate" (id, "tenantId", name, description, "isDefault", "logoUrl", "primaryColor", "footerText", "createdAt", "updatedAt") FROM stdin;
\.


--
-- Data for Name: IoTCommand; Type: TABLE DATA; Schema: public; Owner: -
--

COPY public."IoTCommand" (id, "deviceId", command, parameters, status, "executedAt", error, source, "triggeredBy", "createdAt") FROM stdin;
\.


--
-- Data for Name: IoTDevice; Type: TABLE DATA; Schema: public; Owner: -
--

COPY public."IoTDevice" (id, "tenantId", "propertyId", "roomId", name, type, manufacturer, model, "serialNumber", protocol, "ipAddress", "macAddress", status, "lastHeartbeat", "firmwareVersion", config, "currentState", "createdAt", "updatedAt") FROM stdin;
b3983747-2762-43db-9e1d-74d0fbfaf06c	444017d5-e022-4c5f-ac07-ea0d51f4609b	281fde73-7836-4511-b644-91f3663d8fcd	2bd9e3e1-07f2-4535-ab58-5868a167f183	Smart Thermostat	thermostat	Honeywell	T6 Pro	HT-2024-001	wifi	\N	\N	online	2026-05-03 19:22:50.469+00	2.4.1	{"targetTemp":22,"minTemp":16,"maxTemp":30,"mode":"auto"}	{"currentTemp":23.5,"humidity":45,"mode":"cooling"}	2026-05-03 19:27:50.47+00	2026-05-03 19:27:50.47+00
253ba52a-cfa4-43be-9adf-ce46f7405090	444017d5-e022-4c5f-ac07-ea0d51f4609b	281fde73-7836-4511-b644-91f3663d8fcd	099d3527-9c08-4060-8813-fea8ca1553c7	Smart Lock	door_lock	Schlage	Encode Plus	SL-2024-002	wifi	\N	\N	online	2026-05-03 19:25:50.469+00	1.8.3	{"autoLock":true,"autoLockDelay":30,"lockoutEnabled":false}	{"locked":true,"batteryLevel":85}	2026-05-03 19:27:50.47+00	2026-05-03 19:27:50.47+00
030e80c9-316f-436b-9b3a-19ee31d43c35	444017d5-e022-4c5f-ac07-ea0d51f4609b	281fde73-7836-4511-b644-91f3663d8fcd	\N	Motion Sensor	motion_sensor	Philips Hue	Motion Sensor	MS-2024-003	zigbee	\N	\N	online	2026-05-03 19:26:50.469+00	3.2.0	{"sensitivity":"high","detectionRange":8}	{"motionDetected":false,"lastMotionAt":"2026-05-03T18:57:50.469Z","lux":320}	2026-05-03 19:27:50.47+00	2026-05-03 19:27:50.47+00
\.


--
-- Data for Name: IoTReading; Type: TABLE DATA; Schema: public; Owner: -
--

COPY public."IoTReading" (id, "deviceId", type, value, unit, "timestamp") FROM stdin;
\.


--
-- Data for Name: IpPool; Type: TABLE DATA; Schema: public; Owner: -
--

COPY public."IpPool" (id, "tenantId", "propertyId", name, description, gateway, subnet, "isDefault", "captivePortal", enabled, "createdAt", "updatedAt") FROM stdin;
ab4ff167-dc45-45d1-b9fb-cea83e090f96	444017d5-e022-4c5f-ac07-ea0d51f4609b	281fde73-7836-4511-b644-91f3663d8fcd	Guest VLAN Pool	DHCP pool for guest WiFi on VLAN 10	10.10.10.1	10.10.10.0/24	t	t	t	2026-05-03 19:27:50.653+00	2026-05-03 19:27:50.653+00
4978d211-10e6-4f1b-9994-9b2542f74bb8	444017d5-e022-4c5f-ac07-ea0d51f4609b	281fde73-7836-4511-b644-91f3663d8fcd	Staff VLAN Pool	DHCP pool for staff network on VLAN 20	10.10.20.1	10.10.20.0/24	f	f	t	2026-05-03 19:27:50.653+00	2026-05-03 19:27:50.653+00
1e75402e-5a72-479d-a9e4-08f446b98878	444017d5-e022-4c5f-ac07-ea0d51f4609b	281fde73-7836-4511-b644-91f3663d8fcd	VIP Lounge Pool	Premium VIP lounge WiFi on VLAN 30	10.10.30.1	10.10.30.0/24	f	t	t	2026-05-03 19:27:50.653+00	2026-05-03 19:27:50.653+00
4ebe60c8-28e9-447e-be11-80cb83f43a26	444017d5-e022-4c5f-ac07-ea0d51f4609b	281fde73-7836-4511-b644-91f3663d8fcd	IoT Devices Pool	IoT sensor and smart device pool on VLAN 40	10.10.40.1	10.10.40.0/24	f	f	t	2026-05-03 19:27:50.653+00	2026-05-03 19:27:50.653+00
\.


--
-- Data for Name: IpPoolRange; Type: TABLE DATA; Schema: public; Owner: -
--

COPY public."IpPoolRange" (id, "poolId", "startIp", "endIp", comment, "createdAt") FROM stdin;
2092942e-8077-400c-b9d9-c8d6e1f18a38	ab4ff167-dc45-45d1-b9fb-cea83e090f96	10.10.10.50	10.10.10.200	Guest usable range	2026-05-03 19:27:50.653+00
15ef0c74-b559-440a-91e4-ad6a973b1241	4978d211-10e6-4f1b-9994-9b2542f74bb8	10.10.20.10	10.10.20.100	Staff devices	2026-05-03 19:27:50.653+00
d3f37e5b-15e1-439b-b68d-cc0dca4f6c18	1e75402e-5a72-479d-a9e4-08f446b98878	10.10.30.20	10.10.30.80	VIP guests	2026-05-03 19:27:50.653+00
8cc6cc78-b426-4205-b5f6-3d31bfd2485c	4ebe60c8-28e9-447e-be11-80cb83f43a26	10.10.40.10	10.10.40.50	IoT devices	2026-05-03 19:27:50.653+00
\.


--
-- Data for Name: KeyCard; Type: TABLE DATA; Schema: public; Owner: -
--

COPY public."KeyCard" (id, "tenantId", "propertyId", "roomId", "guestId", "bookingId", "cardNumber", "cardType", "issuerName", status, "issuedAt", "activatedAt", "deactivatedAt", "returnedAt", "returnReason", "accessLevel", "validFrom", "validTo", notes, "createdAt", "updatedAt") FROM stdin;
\.


--
-- Data for Name: KioskSettings; Type: TABLE DATA; Schema: public; Owner: -
--

COPY public."KioskSettings" (id, "propertyId", "tenantId", "hotelName", "welcomeMessage", "primaryColor", "logoUrl", "backgroundStyle", "idleTimeout", "showClock", "showLanguageSwitch", "enableCheckIn", "enableCheckOut", "enablePayment", "termsContent", "requirePaymentOnCheckout", "createdAt", "updatedAt") FROM stdin;
\.


--
-- Data for Name: LicenseKey; Type: TABLE DATA; Schema: public; Owner: -
--

COPY public."LicenseKey" (id, key, "planId", status, "generatedBy", "generatedFor", "activatedBy", "activatedAt", "tenantId", "expiresAt", note, "batchId", "createdAt", "updatedAt") FROM stdin;
\.


--
-- Data for Name: LiveSession; Type: TABLE DATA; Schema: public; Owner: -
--

COPY public."LiveSession" (id, "tenantId", "propertyId", "acctSessionId", username, "userId", "planId", "nasIpAddress", "nasIdentifier", "nasPortType", "framedIpAddress", "macAddress", "clientIpAddress", "deviceType", "operatingSystem", manufacturer, "bandwidthPolicyId", "bandwidthDown", "bandwidthUp", "maxInputOctets", "maxOutputOctets", "maxTotalOctets", "sessionTimeout", "idleTimeout", "lastInterimUpdate", "currentInputBytes", "currentOutputBytes", "currentSessionTime", status, "roomNo", "hotelId", "urlFilterPolicy", "authMethod", "startedAt", "updatedAt") FROM stdin;
\.


--
-- Data for Name: LoyaltyPointTransaction; Type: TABLE DATA; Schema: public; Owner: -
--

COPY public."LoyaltyPointTransaction" (id, "tenantId", "guestId", points, balance, type, source, "referenceId", "referenceType", description, "expiresAt", "createdAt") FROM stdin;
\.


--
-- Data for Name: LoyaltyRedemption; Type: TABLE DATA; Schema: public; Owner: -
--

COPY public."LoyaltyRedemption" (id, "tenantId", "guestId", "rewardId", "pointsSpent", status, "redemptionCode", "redeemedAt", "expiresAt", "cancelledAt", "cancelledReason", notes, "createdAt", "updatedAt") FROM stdin;
\.


--
-- Data for Name: LoyaltyReward; Type: TABLE DATA; Schema: public; Owner: -
--

COPY public."LoyaltyReward" (id, "tenantId", name, description, category, "pointsCost", "monetaryValue", currency, "imageUrl", "isAvailable", "availableFrom", "availableUntil", "maxRedemptions", "currentRedemptions", "minTierRequired", "termsConditions", "sortOrder", "createdAt", "updatedAt") FROM stdin;
e8ade5fc-2933-45d8-a5c9-edbe8445b288	444017d5-e022-4c5f-ac07-ea0d51f4609b	Free Welcome Drink	Enjoy a complimentary welcome drink at the bar upon arrival	dining	100	350	INR	\N	t	\N	\N	\N	0	\N	\N	1	2026-05-03 19:27:50.784+00	2026-05-03 19:27:50.784+00
1f406216-5b2b-4dd6-bdcd-266df3da4c63	444017d5-e022-4c5f-ac07-ea0d51f4609b	Late Checkout	Extend your checkout time to 4:00 PM on your departure day	room	200	1500	INR	\N	t	\N	\N	\N	0	silver	\N	2	2026-05-03 19:27:50.784+00	2026-05-03 19:27:50.784+00
34f84116-d257-4359-ba88-999c48aec2f4	444017d5-e022-4c5f-ac07-ea0d51f4609b	Free Night	Redeem for one free night in a Standard Room, including breakfast	room	5000	4200	INR	\N	t	\N	\N	2	0	gold	\N	3	2026-05-03 19:27:50.784+00	2026-05-03 19:27:50.784+00
\.


--
-- Data for Name: LoyaltyTier; Type: TABLE DATA; Schema: public; Owner: -
--

COPY public."LoyaltyTier" (id, "tenantId", name, "displayName", "minPoints", "maxPoints", "pointsMultiplier", benefits, color, icon, "sortOrder", "isActive", "createdAt", "updatedAt") FROM stdin;
8a60a776-3436-453b-8565-9c769d750670	444017d5-e022-4c5f-ac07-ea0d51f4609b	bronze	Bronze Member	0	499	1	["Basic room upgrades","Welcome drink on birthday"]	#cd7f32	\N	1	t	2026-05-03 19:27:50.782+00	2026-05-03 19:27:50.782+00
6866e4a4-11f6-4697-b4d9-fa466539c03e	444017d5-e022-4c5f-ac07-ea0d51f4609b	silver	Silver Elite	500	1999	1.25	["Priority check-in","Late checkout (2pm)","Free WiFi upgrade","Room upgrade (subject to availability)"]	#c0c0c0	\N	2	t	2026-05-03 19:27:50.782+00	2026-05-03 19:27:50.782+00
c38e2cc6-c04b-4310-825a-3c4bac844cd7	444017d5-e022-4c5f-ac07-ea0d51f4609b	gold	Gold Premier	2000	\N	1.5	["Express check-in/out","Late checkout (4pm)","Suite upgrades","Free airport transfer","Complimentary breakfast","Dedicated concierge"]	#ffd700	\N	3	t	2026-05-03 19:27:50.782+00	2026-05-03 19:27:50.782+00
\.


--
-- Data for Name: LoyaltyTransaction; Type: TABLE DATA; Schema: public; Owner: -
--

COPY public."LoyaltyTransaction" (id, "tenantId", "guestId", points, type, reason, "referenceType", "referenceId", "balanceAfter", "createdAt") FROM stdin;
\.


--
-- Data for Name: MacFilter; Type: TABLE DATA; Schema: public; Owner: -
--

COPY public."MacFilter" (id, "tenantId", "propertyId", "macAddress", action, "listType", description, "linkedType", "linkedId", "expiresAt", enabled, "createdAt", "updatedAt") FROM stdin;
3611c301-66c7-45e9-9107-c185df7105cb	444017d5-e022-4c5f-ac07-ea0d51f4609b	281fde73-7836-4511-b644-91f3663d8fcd	22:33:44:55:66:77	deny	blacklist	Suspicious device detected on guest network	\N	\N	\N	t	2026-05-03 19:27:50.731+00	2026-05-03 19:27:50.731+00
49bc174b-d365-4644-b56c-a203e133eca3	444017d5-e022-4c5f-ac07-ea0d51f4609b	281fde73-7836-4511-b644-91f3663d8fcd	33:44:55:66:77:88	deny	blacklist	Known rogue AP client - banned permanently	\N	\N	\N	t	2026-05-03 19:27:50.731+00	2026-05-03 19:27:50.731+00
0baf52a5-13fe-4ec9-bada-dbf6fe4c7613	444017d5-e022-4c5f-ac07-ea0d51f4609b	281fde73-7836-4511-b644-91f3663d8fcd	AA:BB:CC:DD:02:01	allow	whitelist	Front desk manager laptop - always allowed	staff	cc3b3483-ad7a-452a-b623-5465962c9678	\N	t	2026-05-03 19:27:50.731+00	2026-05-03 19:27:50.731+00
\.


--
-- Data for Name: MaintenanceBlock; Type: TABLE DATA; Schema: public; Owner: -
--

COPY public."MaintenanceBlock" (id, "tenantId", "propertyId", "roomId", "roomNumber", reason, description, "startDate", "endDate", "blockedBy", status, priority, "vendorId", "estimatedCost", "actualCost", notes, "createdAt", "updatedAt") FROM stdin;
\.


--
-- Data for Name: ManualTransaction; Type: TABLE DATA; Schema: public; Owner: -
--

COPY public."ManualTransaction" (id, "tenantId", "paymentId", amount, currency, status, "refundAmount", "refundId", metadata, "createdAt", "updatedAt") FROM stdin;
\.


--
-- Data for Name: MenuItem; Type: TABLE DATA; Schema: public; Owner: -
--

COPY public."MenuItem" (id, "propertyId", "categoryId", name, description, "imageUrl", price, currency, options, "isVegetarian", "isVegan", "isGlutenFree", allergens, "isAvailable", "availableTimes", "preparationTime", "kitchenStation", "sortOrder", status, "createdAt", "updatedAt", "deletedAt") FROM stdin;
d4d48ae8-d207-4356-b597-0c25b7afa847	281fde73-7836-4511-b644-91f3663d8fcd	8f676c43-1d6b-44e2-9197-8ae4d926c1ce	Samosa	Crispy pastry filled with spiced potatoes	\N	120	INR	[]	t	f	f	[]	t	\N	10	fryer	1	active	2026-05-03 19:27:50.423+00	2026-05-03 19:27:50.423+00	\N
5c471d82-4a1b-4d18-9ecc-79a4646554ca	281fde73-7836-4511-b644-91f3663d8fcd	8f676c43-1d6b-44e2-9197-8ae4d926c1ce	Paneer Tikka	Grilled cottage cheese with spices	\N	280	INR	[]	t	f	f	[]	t	\N	15	tandoor	2	active	2026-05-03 19:27:50.423+00	2026-05-03 19:27:50.423+00	\N
afab0b51-6f0e-4982-a6ac-8c0ef88ea248	281fde73-7836-4511-b644-91f3663d8fcd	8f676c43-1d6b-44e2-9197-8ae4d926c1ce	Chicken Tikka	Tender chicken marinated in yogurt and spices	\N	320	INR	[]	f	f	f	[]	t	\N	18	tandoor	3	active	2026-05-03 19:27:50.423+00	2026-05-03 19:27:50.423+00	\N
289df210-987a-4b09-b9b7-d61a1272d33a	281fde73-7836-4511-b644-91f3663d8fcd	8f676c43-1d6b-44e2-9197-8ae4d926c1ce	Vegetable Spring Roll	Crispy rolls with mixed vegetables	\N	180	INR	[]	t	f	f	[]	t	\N	12	fryer	4	active	2026-05-03 19:27:50.423+00	2026-05-03 19:27:50.423+00	\N
2c5ec47d-89f9-4af5-ad66-e38623f1c640	281fde73-7836-4511-b644-91f3663d8fcd	785564c2-f610-40e8-9f84-d4fe178521e9	Butter Chicken	Creamy tomato-based curry with tender chicken	\N	420	INR	[]	f	f	f	[]	t	\N	20	curry	1	active	2026-05-03 19:27:50.423+00	2026-05-03 19:27:50.423+00	\N
69a0a464-d488-4747-a0a0-77ac6f937b17	281fde73-7836-4511-b644-91f3663d8fcd	785564c2-f610-40e8-9f84-d4fe178521e9	Dal Makhani	Creamy black lentils slow-cooked overnight	\N	280	INR	[]	t	f	f	[]	t	\N	15	curry	2	active	2026-05-03 19:27:50.423+00	2026-05-03 19:27:50.423+00	\N
fed2034a-758b-4850-804c-1e2458706529	281fde73-7836-4511-b644-91f3663d8fcd	785564c2-f610-40e8-9f84-d4fe178521e9	Fish Curry	Bengali style fish curry with rohu	\N	480	INR	[]	f	f	f	[]	t	\N	22	curry	3	active	2026-05-03 19:27:50.423+00	2026-05-03 19:27:50.423+00	\N
c107d603-c3a4-41e2-8e2d-2f7445bea398	281fde73-7836-4511-b644-91f3663d8fcd	785564c2-f610-40e8-9f84-d4fe178521e9	Vegetable Biryani	Fragrant basmati rice with mixed vegetables	\N	320	INR	[]	t	f	f	[]	t	\N	25	rice	4	active	2026-05-03 19:27:50.423+00	2026-05-03 19:27:50.423+00	\N
723ade4c-d438-42ec-b701-ccac9c5bc094	281fde73-7836-4511-b644-91f3663d8fcd	fd5f9183-4a48-4327-812d-61e522c99248	Rasgulla	Soft cottage cheese balls in sugar syrup	\N	120	INR	[]	t	f	f	[]	t	\N	5	dessert	1	active	2026-05-03 19:27:50.423+00	2026-05-03 19:27:50.423+00	\N
12c99c72-58fc-4184-b8aa-aece391c45d2	281fde73-7836-4511-b644-91f3663d8fcd	fd5f9183-4a48-4327-812d-61e522c99248	Gulab Jamun	Deep-fried milk dumplings in rose syrup	\N	150	INR	[]	t	f	f	[]	t	\N	10	dessert	2	active	2026-05-03 19:27:50.423+00	2026-05-03 19:27:50.423+00	\N
0b49dca4-6169-4c15-b70f-0518ec689a66	281fde73-7836-4511-b644-91f3663d8fcd	fd5f9183-4a48-4327-812d-61e522c99248	Mishti Doi	Traditional Bengali sweet yogurt	\N	100	INR	[]	t	f	f	[]	t	\N	5	dessert	3	active	2026-05-03 19:27:50.423+00	2026-05-03 19:27:50.423+00	\N
372484a4-0938-4a84-be50-771691bdebb3	281fde73-7836-4511-b644-91f3663d8fcd	34af807c-8252-4486-bf03-d47bb55e6308	Masala Chai	Traditional Indian spiced tea	\N	60	INR	[]	f	t	f	[]	t	\N	5	bar	1	active	2026-05-03 19:27:50.423+00	2026-05-03 19:27:50.423+00	\N
36524f4a-15f3-47d8-964a-e1430cd1d985	281fde73-7836-4511-b644-91f3663d8fcd	34af807c-8252-4486-bf03-d47bb55e6308	Fresh Lime Soda	Refreshing lime with soda	\N	80	INR	[]	f	t	f	[]	t	\N	3	bar	2	active	2026-05-03 19:27:50.423+00	2026-05-03 19:27:50.423+00	\N
c81ea5bf-6898-4de0-b0e9-a1d15fb45288	281fde73-7836-4511-b644-91f3663d8fcd	34af807c-8252-4486-bf03-d47bb55e6308	Mango Lassi	Creamy yogurt drink with mango	\N	120	INR	[]	t	f	f	[]	t	\N	5	bar	3	active	2026-05-03 19:27:50.423+00	2026-05-03 19:27:50.423+00	\N
\.


--
-- Data for Name: MenuModifier; Type: TABLE DATA; Schema: public; Owner: -
--

COPY public."MenuModifier" (id, "propertyId", name, "selectionType", "minSelections", "maxSelections", "isAvailable", "createdAt", "updatedAt", "deletedAt") FROM stdin;
\.


--
-- Data for Name: MenuModifierOption; Type: TABLE DATA; Schema: public; Owner: -
--

COPY public."MenuModifierOption" (id, "propertyId", "modifierGroupId", name, "priceAdjustment", "isAvailable", "isDefault", "sortOrder", "createdAt", "updatedAt") FROM stdin;
\.


--
-- Data for Name: MenuVariant; Type: TABLE DATA; Schema: public; Owner: -
--

COPY public."MenuVariant" (id, "propertyId", "menuItemId", name, price, sku, calories, "isAvailable", "isDefault", "sortOrder", "createdAt", "updatedAt") FROM stdin;
\.


--
-- Data for Name: MessageTemplate; Type: TABLE DATA; Schema: public; Owner: -
--

COPY public."MessageTemplate" (id, "tenantId", name, category, channel, subject, body, variables, "isQuickReply", shortcut, "whatsappTemplateId", "whatsappCategory", "isActive", "usageCount", "createdAt", "updatedAt") FROM stdin;
e1432fce-9f70-484e-aa0c-7f4b4ec80013	444017d5-e022-4c5f-ac07-ea0d51f4609b	Check-in Reminder	pre_arrival	whatsapp	\N	Dear {{guestName}}, your check-in at {{hotelName}} is tomorrow! Your room {{roomNumber}} is ready from {{checkInTime}}. Please carry a valid ID. We look forward to welcoming you!	["guestName", "hotelName", "roomNumber", "checkInTime"]	f	checkin-remind	\N	\N	t	450	2026-05-03 19:27:50.548+00	2026-05-03 19:27:50.548+00
5725dd55-ba1b-4e00-b1d7-ffffa3d09200	444017d5-e022-4c5f-ac07-ea0d51f4609b	Review Request	post_stay	email	How was your stay at {{hotelName}}?	Dear {{guestName}},\n\nThank you for choosing {{hotelName}}. We hope you had a wonderful stay with us.\n\nWe would love to hear about your experience. Your feedback helps us improve.\n\nPlease take a moment to review us: {{reviewUrl}}\n\nWarm regards,\n{{hotelName}} Team	["guestName", "hotelName", "reviewUrl"]	f	\N	\N	\N	t	320	2026-05-03 19:27:50.548+00	2026-05-03 19:27:50.548+00
d90c1b3f-6f4d-471e-97dc-f33b8cdb6242	444017d5-e022-4c5f-ac07-ea0d51f4609b	Maintenance Update	internal	push	\N	Room {{roomNumber}} maintenance has been completed by {{staffName}}.	["roomNumber", "staffName"]	t	maint-done	\N	\N	t	180	2026-05-03 19:27:50.548+00	2026-05-03 19:27:50.548+00
170bfcd1-9615-41fa-8983-7f54c599815d	444017d5-e022-4c5f-ac07-ea0d51f4609b	Welcome Message	on_property	whatsapp	\N	Welcome to {{hotelName}}, {{guestName}}! 🎉 We are delighted to have you. Your room {{roomNumber}} is ready. WiFi: {{wifiNetwork}} | Password: {{wifiPassword}}. Need anything? Just reply here!	["guestName", "hotelName", "roomNumber", "wifiNetwork", "wifiPassword"]	f	\N	\N	\N	t	890	2026-05-03 19:27:50.548+00	2026-05-03 19:27:50.548+00
\.


--
-- Data for Name: MetasearchConnection; Type: TABLE DATA; Schema: public; Owner: -
--

COPY public."MetasearchConnection" (id, "tenantId", "propertyId", platform, "externalId", status, "connectionUrl", "feedFormat", "lastSyncAt", "lastError", "lastErrorAt", impressions, clicks, bookings, revenue, cost, ctr, config, "createdAt", "updatedAt") FROM stdin;
8bfa7327-5d46-4d6e-9aa8-c17ad0289082	444017d5-e022-4c5f-ac07-ea0d51f4609b	281fde73-7836-4511-b644-91f3663d8fcd	trivago	95a5ede9-8094-4857-b259-1bef2bf80d33	connected	\N	xml	2026-05-01 19:27:50.409+00	\N	\N	85000	5100	85	340000	42500	6	{"commissionModel":"cpc","bid":8.33}	2026-05-03 19:27:50.544+00	2026-05-03 19:27:50.544+00
c450806f-55f5-466b-af2e-0a2127b77df6	444017d5-e022-4c5f-ac07-ea0d51f4609b	281fde73-7836-4511-b644-91f3663d8fcd	tripadvisor	3f32e16f-96c7-4436-94e9-ef43537133b9	connected	\N	json	2026-04-30 19:27:50.409+00	\N	\N	42000	2100	32	128000	16800	5	{"commissionModel":"cpa","commission":525}	2026-05-03 19:27:50.544+00	2026-05-03 19:27:50.544+00
\.


--
-- Data for Name: MultiWanConfig; Type: TABLE DATA; Schema: public; Owner: -
--

COPY public."MultiWanConfig" (id, "tenantId", "propertyId", enabled, mode, "checkInterval", "pingCount", "pingTimeout", "tcpTimeout", "autoSwitchback", "switchbackDelay", "flushConntrackOnFailover", "createdAt", "updatedAt") FROM stdin;
\.


--
-- Data for Name: NasHealthLog; Type: TABLE DATA; Schema: public; Owner: -
--

COPY public."NasHealthLog" (id, "tenantId", "propertyId", "nasIpAddress", "nasName", "isOnline", "liveUsers", "totalAuths", "totalAccts", "avgLatencyMs", "lastSeenAt", "checkIntervalSec", "createdAt", "updatedAt") FROM stdin;
f06a33fa-179f-4d50-8e9f-79225e76c090	444017d5-e022-4c5f-ac07-ea0d51f4609b	281fde73-7836-4511-b644-91f3663d8fcd	127.0.0.1	Cryptsk Gateway (Multimode)	t	0	0	0	0	2026-05-03 19:28:03.175+00	60	2026-05-03 19:28:03.177+00	2026-05-03 19:28:03.177+00
19de5300-d891-4d84-a351-a336291d3cca	444017d5-e022-4c5f-ac07-ea0d51f4609b	281fde73-7836-4511-b644-91f3663d8fcd	10.0.1.1	MikroTik Router - Main	f	0	16	0	\N	\N	60	2026-05-03 19:28:03.183+00	2026-05-03 19:28:03.183+00
7bc52fda-223d-4cb7-a06e-546658462465	444017d5-e022-4c5f-ac07-ea0d51f4609b	281fde73-7836-4511-b644-91f3663d8fcd	10.0.1.2	Aruba Controller - Conference	f	0	7	0	\N	\N	60	2026-05-03 19:28:03.185+00	2026-05-03 19:28:03.185+00
ee5f2c10-243d-4e10-943e-9629f1b3991f	444017d5-e022-4c5f-ac07-ea0d51f4609b	281fde73-7836-4511-b644-91f3663d8fcd	127.0.0.1	Cryptsk Gateway (Multimode)	t	0	0	0	0	2026-05-03 19:29:03.024+00	60	2026-05-03 19:29:03.025+00	2026-05-03 19:29:03.025+00
0cb9809e-699e-437f-bc50-0ff3dbb33778	444017d5-e022-4c5f-ac07-ea0d51f4609b	281fde73-7836-4511-b644-91f3663d8fcd	10.0.1.1	MikroTik Router - Main	f	0	16	0	\N	\N	60	2026-05-03 19:29:03.033+00	2026-05-03 19:29:03.033+00
8f55f237-5fba-447f-b0b3-4706527da4e2	444017d5-e022-4c5f-ac07-ea0d51f4609b	281fde73-7836-4511-b644-91f3663d8fcd	10.0.1.2	Aruba Controller - Conference	f	0	7	0	\N	\N	60	2026-05-03 19:29:03.034+00	2026-05-03 19:29:03.034+00
a91dec9c-01ff-4e99-8ff6-7163ad295b92	444017d5-e022-4c5f-ac07-ea0d51f4609b	281fde73-7836-4511-b644-91f3663d8fcd	127.0.0.1	Cryptsk Gateway (Multimode)	t	0	0	0	0	2026-05-03 19:30:03.022+00	60	2026-05-03 19:30:03.024+00	2026-05-03 19:30:03.024+00
1b92a272-4147-43dc-aaea-0f111f914dac	444017d5-e022-4c5f-ac07-ea0d51f4609b	281fde73-7836-4511-b644-91f3663d8fcd	10.0.1.1	MikroTik Router - Main	f	0	16	0	\N	\N	60	2026-05-03 19:30:03.031+00	2026-05-03 19:30:03.031+00
2178696a-9d72-41c6-9f1f-15366bd765d5	444017d5-e022-4c5f-ac07-ea0d51f4609b	281fde73-7836-4511-b644-91f3663d8fcd	10.0.1.2	Aruba Controller - Conference	f	0	7	0	\N	\N	60	2026-05-03 19:30:03.032+00	2026-05-03 19:30:03.032+00
a719151d-3300-4469-81bc-a449e584d043	444017d5-e022-4c5f-ac07-ea0d51f4609b	281fde73-7836-4511-b644-91f3663d8fcd	127.0.0.1	Cryptsk Gateway (Multimode)	t	0	0	0	0	2026-05-03 19:31:03.026+00	60	2026-05-03 19:31:03.027+00	2026-05-03 19:31:03.027+00
0b551d55-6b0d-4783-bcee-63e242203437	444017d5-e022-4c5f-ac07-ea0d51f4609b	281fde73-7836-4511-b644-91f3663d8fcd	10.0.1.1	MikroTik Router - Main	f	0	16	0	\N	\N	60	2026-05-03 19:31:03.034+00	2026-05-03 19:31:03.034+00
2c2debdc-d78c-45c9-9b1d-755a5d19fbce	444017d5-e022-4c5f-ac07-ea0d51f4609b	281fde73-7836-4511-b644-91f3663d8fcd	10.0.1.2	Aruba Controller - Conference	f	0	7	0	\N	\N	60	2026-05-03 19:31:03.036+00	2026-05-03 19:31:03.036+00
cab7c8c4-87f8-44d7-8d87-159e1e706793	444017d5-e022-4c5f-ac07-ea0d51f4609b	281fde73-7836-4511-b644-91f3663d8fcd	127.0.0.1	Cryptsk Gateway (Multimode)	t	0	0	0	0	2026-05-03 19:32:03.019+00	60	2026-05-03 19:32:03.02+00	2026-05-03 19:32:03.02+00
54e7761b-90c9-4a7f-9be0-de14824b23fb	444017d5-e022-4c5f-ac07-ea0d51f4609b	281fde73-7836-4511-b644-91f3663d8fcd	10.0.1.1	MikroTik Router - Main	f	0	16	0	\N	\N	60	2026-05-03 19:32:03.022+00	2026-05-03 19:32:03.022+00
800a847f-12ab-42c1-b207-eb2b1c94da58	444017d5-e022-4c5f-ac07-ea0d51f4609b	281fde73-7836-4511-b644-91f3663d8fcd	10.0.1.2	Aruba Controller - Conference	f	0	7	0	\N	\N	60	2026-05-03 19:32:03.023+00	2026-05-03 19:32:03.023+00
5613cafb-abaa-41f4-a99a-9493fa1f7dec	444017d5-e022-4c5f-ac07-ea0d51f4609b	281fde73-7836-4511-b644-91f3663d8fcd	127.0.0.1	Cryptsk Gateway (Multimode)	t	0	0	0	0	2026-05-03 19:33:03.022+00	60	2026-05-03 19:33:03.023+00	2026-05-03 19:33:03.023+00
b2c3dd83-2f10-4a5f-a74a-1b061b720704	444017d5-e022-4c5f-ac07-ea0d51f4609b	281fde73-7836-4511-b644-91f3663d8fcd	10.0.1.1	MikroTik Router - Main	f	0	16	0	\N	\N	60	2026-05-03 19:33:03.025+00	2026-05-03 19:33:03.025+00
9b6fcf09-72b8-40fd-a863-6367c39c6a8b	444017d5-e022-4c5f-ac07-ea0d51f4609b	281fde73-7836-4511-b644-91f3663d8fcd	10.0.1.2	Aruba Controller - Conference	f	0	7	0	\N	\N	60	2026-05-03 19:33:03.026+00	2026-05-03 19:33:03.026+00
c5c383b2-62e7-49a1-83da-b6664f256962	444017d5-e022-4c5f-ac07-ea0d51f4609b	281fde73-7836-4511-b644-91f3663d8fcd	127.0.0.1	Cryptsk Gateway (Multimode)	t	0	0	0	0	2026-05-03 19:34:03.149+00	60	2026-05-03 19:34:03.15+00	2026-05-03 19:34:03.15+00
86b7a88a-e964-4e1b-97d9-a4d883a59365	444017d5-e022-4c5f-ac07-ea0d51f4609b	281fde73-7836-4511-b644-91f3663d8fcd	10.0.1.1	MikroTik Router - Main	f	0	16	0	\N	\N	60	2026-05-03 19:34:03.153+00	2026-05-03 19:34:03.153+00
762fc2af-08c6-460c-8d3c-2e0dd45e4450	444017d5-e022-4c5f-ac07-ea0d51f4609b	281fde73-7836-4511-b644-91f3663d8fcd	10.0.1.2	Aruba Controller - Conference	f	0	7	0	\N	\N	60	2026-05-03 19:34:03.154+00	2026-05-03 19:34:03.154+00
9f736d5c-ee4c-41e2-92e7-e02839597fbf	444017d5-e022-4c5f-ac07-ea0d51f4609b	281fde73-7836-4511-b644-91f3663d8fcd	127.0.0.1	Cryptsk Gateway (Multimode)	t	0	0	0	0	2026-05-03 19:35:03.02+00	60	2026-05-03 19:35:03.022+00	2026-05-03 19:35:03.022+00
ba704b73-c5e4-4c8a-b350-41c34c09b011	444017d5-e022-4c5f-ac07-ea0d51f4609b	281fde73-7836-4511-b644-91f3663d8fcd	10.0.1.1	MikroTik Router - Main	f	0	16	0	\N	\N	60	2026-05-03 19:35:03.046+00	2026-05-03 19:35:03.046+00
ff87abdc-dece-4b12-b125-e6d1b09cba58	444017d5-e022-4c5f-ac07-ea0d51f4609b	281fde73-7836-4511-b644-91f3663d8fcd	10.0.1.2	Aruba Controller - Conference	f	0	7	0	\N	\N	60	2026-05-03 19:35:03.047+00	2026-05-03 19:35:03.047+00
8c255139-6806-46c1-8011-996750061870	444017d5-e022-4c5f-ac07-ea0d51f4609b	281fde73-7836-4511-b644-91f3663d8fcd	127.0.0.1	Cryptsk Gateway (Multimode)	t	0	0	0	0	2026-05-03 19:36:03.021+00	60	2026-05-03 19:36:03.022+00	2026-05-03 19:36:03.022+00
36a17799-6c2c-4b90-87a4-c05e6c7039cb	444017d5-e022-4c5f-ac07-ea0d51f4609b	281fde73-7836-4511-b644-91f3663d8fcd	10.0.1.1	MikroTik Router - Main	f	0	16	0	\N	\N	60	2026-05-03 19:36:03.025+00	2026-05-03 19:36:03.025+00
e8fa62de-8f16-4e73-92f9-f3134dd01c9f	444017d5-e022-4c5f-ac07-ea0d51f4609b	281fde73-7836-4511-b644-91f3663d8fcd	10.0.1.2	Aruba Controller - Conference	f	0	7	0	\N	\N	60	2026-05-03 19:36:03.026+00	2026-05-03 19:36:03.026+00
546fd9ae-289c-40c5-9aed-d51c408f3679	444017d5-e022-4c5f-ac07-ea0d51f4609b	281fde73-7836-4511-b644-91f3663d8fcd	127.0.0.1	Cryptsk Gateway (Multimode)	t	0	0	0	0	2026-05-03 19:37:03.037+00	60	2026-05-03 19:37:03.038+00	2026-05-03 19:37:03.038+00
5b4d4201-bda0-4903-abaf-f2ebe21397a0	444017d5-e022-4c5f-ac07-ea0d51f4609b	281fde73-7836-4511-b644-91f3663d8fcd	10.0.1.1	MikroTik Router - Main	f	0	16	0	\N	\N	60	2026-05-03 19:37:03.044+00	2026-05-03 19:37:03.044+00
0c52a420-b64e-42ea-a3db-ab6db37151be	444017d5-e022-4c5f-ac07-ea0d51f4609b	281fde73-7836-4511-b644-91f3663d8fcd	10.0.1.2	Aruba Controller - Conference	f	0	7	0	\N	\N	60	2026-05-03 19:37:03.045+00	2026-05-03 19:37:03.045+00
2ab30135-4dbc-4afc-a8ca-0bd877bd6efa	444017d5-e022-4c5f-ac07-ea0d51f4609b	281fde73-7836-4511-b644-91f3663d8fcd	127.0.0.1	Cryptsk Gateway (Multimode)	t	0	0	0	0	2026-05-03 19:38:03.023+00	60	2026-05-03 19:38:03.025+00	2026-05-03 19:38:03.025+00
b6356e7d-f056-423e-8a0d-588e262975fa	444017d5-e022-4c5f-ac07-ea0d51f4609b	281fde73-7836-4511-b644-91f3663d8fcd	10.0.1.1	MikroTik Router - Main	f	0	16	0	\N	\N	60	2026-05-03 19:38:03.027+00	2026-05-03 19:38:03.027+00
df20512e-b4da-4c49-9002-cb12415bdb7f	444017d5-e022-4c5f-ac07-ea0d51f4609b	281fde73-7836-4511-b644-91f3663d8fcd	10.0.1.2	Aruba Controller - Conference	f	0	7	0	\N	\N	60	2026-05-03 19:38:03.029+00	2026-05-03 19:38:03.029+00
03473a28-0519-46f1-9867-02a9945a2354	444017d5-e022-4c5f-ac07-ea0d51f4609b	281fde73-7836-4511-b644-91f3663d8fcd	127.0.0.1	Cryptsk Gateway (Multimode)	t	0	0	0	0	2026-05-03 19:39:03.151+00	60	2026-05-03 19:39:03.152+00	2026-05-03 19:39:03.152+00
cb6203bd-d2f9-4250-807e-10580b87177f	444017d5-e022-4c5f-ac07-ea0d51f4609b	281fde73-7836-4511-b644-91f3663d8fcd	10.0.1.1	MikroTik Router - Main	f	0	16	0	\N	\N	60	2026-05-03 19:39:03.154+00	2026-05-03 19:39:03.154+00
04f60edc-757f-444e-b175-c0befc2373b1	444017d5-e022-4c5f-ac07-ea0d51f4609b	281fde73-7836-4511-b644-91f3663d8fcd	10.0.1.2	Aruba Controller - Conference	f	0	7	0	\N	\N	60	2026-05-03 19:39:03.157+00	2026-05-03 19:39:03.157+00
b80ca944-05fc-4085-beb2-271ab6b34f57	444017d5-e022-4c5f-ac07-ea0d51f4609b	281fde73-7836-4511-b644-91f3663d8fcd	127.0.0.1	Cryptsk Gateway (Multimode)	t	0	0	0	0	2026-05-03 19:40:03.02+00	60	2026-05-03 19:40:03.021+00	2026-05-03 19:40:03.021+00
0c946a53-74f6-4e1a-9148-ddf00ad70f8f	444017d5-e022-4c5f-ac07-ea0d51f4609b	281fde73-7836-4511-b644-91f3663d8fcd	10.0.1.1	MikroTik Router - Main	f	0	16	0	\N	\N	60	2026-05-03 19:40:03.023+00	2026-05-03 19:40:03.023+00
550f7f1d-3b09-48d6-ae4f-a50b4bdf2c5c	444017d5-e022-4c5f-ac07-ea0d51f4609b	281fde73-7836-4511-b644-91f3663d8fcd	10.0.1.2	Aruba Controller - Conference	f	0	7	0	\N	\N	60	2026-05-03 19:40:03.025+00	2026-05-03 19:40:03.025+00
255e3f5d-e6a8-47b5-aa11-2187da2dcc11	444017d5-e022-4c5f-ac07-ea0d51f4609b	281fde73-7836-4511-b644-91f3663d8fcd	127.0.0.1	Cryptsk Gateway (Multimode)	t	0	0	0	0	2026-05-03 19:41:03.02+00	60	2026-05-03 19:41:03.021+00	2026-05-03 19:41:03.021+00
b90c7d7d-6b6e-4bef-b657-f1708b26b030	444017d5-e022-4c5f-ac07-ea0d51f4609b	281fde73-7836-4511-b644-91f3663d8fcd	10.0.1.1	MikroTik Router - Main	f	0	16	0	\N	\N	60	2026-05-03 19:41:03.028+00	2026-05-03 19:41:03.028+00
66f7ad72-6bb4-46c7-bba8-ecd2b8bccf65	444017d5-e022-4c5f-ac07-ea0d51f4609b	281fde73-7836-4511-b644-91f3663d8fcd	10.0.1.2	Aruba Controller - Conference	f	0	7	0	\N	\N	60	2026-05-03 19:41:03.029+00	2026-05-03 19:41:03.029+00
f0300ed7-f529-4ea9-88ec-fea3c73206aa	444017d5-e022-4c5f-ac07-ea0d51f4609b	281fde73-7836-4511-b644-91f3663d8fcd	127.0.0.1	Cryptsk Gateway (Multimode)	t	0	0	0	0	2026-05-03 19:42:03.029+00	60	2026-05-03 19:42:03.03+00	2026-05-03 19:42:03.03+00
160af438-4c06-4c66-8d77-75af30cfc548	444017d5-e022-4c5f-ac07-ea0d51f4609b	281fde73-7836-4511-b644-91f3663d8fcd	10.0.1.1	MikroTik Router - Main	f	0	16	0	\N	\N	60	2026-05-03 19:42:03.052+00	2026-05-03 19:42:03.052+00
0a4051e8-8d86-4a56-84f7-e5936f57ab5d	444017d5-e022-4c5f-ac07-ea0d51f4609b	281fde73-7836-4511-b644-91f3663d8fcd	10.0.1.2	Aruba Controller - Conference	f	0	7	0	\N	\N	60	2026-05-03 19:42:03.053+00	2026-05-03 19:42:03.053+00
24564e00-4788-4d02-96e8-9e0e733c77de	444017d5-e022-4c5f-ac07-ea0d51f4609b	281fde73-7836-4511-b644-91f3663d8fcd	127.0.0.1	Cryptsk Gateway (Multimode)	t	0	0	0	0	2026-05-03 19:43:03.054+00	60	2026-05-03 19:43:03.055+00	2026-05-03 19:43:03.055+00
f4f3ebc6-3592-4405-a78f-4b8ef585aa74	444017d5-e022-4c5f-ac07-ea0d51f4609b	281fde73-7836-4511-b644-91f3663d8fcd	10.0.1.1	MikroTik Router - Main	f	0	16	0	\N	\N	60	2026-05-03 19:43:03.062+00	2026-05-03 19:43:03.062+00
18515d68-793c-4c9e-a5bc-23cf29bfb89c	444017d5-e022-4c5f-ac07-ea0d51f4609b	281fde73-7836-4511-b644-91f3663d8fcd	10.0.1.2	Aruba Controller - Conference	f	0	7	0	\N	\N	60	2026-05-03 19:43:03.063+00	2026-05-03 19:43:03.063+00
fbb0613b-b8b8-4fb5-a2dc-b663984e4be8	444017d5-e022-4c5f-ac07-ea0d51f4609b	281fde73-7836-4511-b644-91f3663d8fcd	127.0.0.1	Cryptsk Gateway (Multimode)	t	0	0	0	0	2026-05-03 19:44:03.166+00	60	2026-05-03 19:44:03.168+00	2026-05-03 19:44:03.168+00
68178736-bf7f-4c0c-81d2-e8ccf335b4a0	444017d5-e022-4c5f-ac07-ea0d51f4609b	281fde73-7836-4511-b644-91f3663d8fcd	10.0.1.1	MikroTik Router - Main	f	0	16	0	\N	\N	60	2026-05-03 19:44:03.17+00	2026-05-03 19:44:03.17+00
62eb8def-bc1f-46ca-ad9d-2255e818e7af	444017d5-e022-4c5f-ac07-ea0d51f4609b	281fde73-7836-4511-b644-91f3663d8fcd	10.0.1.2	Aruba Controller - Conference	f	0	7	0	\N	\N	60	2026-05-03 19:44:03.172+00	2026-05-03 19:44:03.172+00
c5987a8f-39b8-4cdc-90cf-d94dffa089bd	444017d5-e022-4c5f-ac07-ea0d51f4609b	281fde73-7836-4511-b644-91f3663d8fcd	127.0.0.1	Cryptsk Gateway (Multimode)	t	0	0	0	0	2026-05-03 19:45:03.027+00	60	2026-05-03 19:45:03.028+00	2026-05-03 19:45:03.028+00
5209c2a9-d642-4ae0-889c-e0ef5cf69b78	444017d5-e022-4c5f-ac07-ea0d51f4609b	281fde73-7836-4511-b644-91f3663d8fcd	10.0.1.1	MikroTik Router - Main	f	0	16	0	\N	\N	60	2026-05-03 19:45:03.03+00	2026-05-03 19:45:03.03+00
fbf4052d-2227-454d-9f1f-38a1c256ae52	444017d5-e022-4c5f-ac07-ea0d51f4609b	281fde73-7836-4511-b644-91f3663d8fcd	10.0.1.2	Aruba Controller - Conference	f	0	7	0	\N	\N	60	2026-05-03 19:45:03.031+00	2026-05-03 19:45:03.031+00
6d5ca0bc-6141-4731-a063-42fdf98dad8e	444017d5-e022-4c5f-ac07-ea0d51f4609b	281fde73-7836-4511-b644-91f3663d8fcd	127.0.0.1	Cryptsk Gateway (Multimode)	t	0	0	0	0	2026-05-03 19:46:03.032+00	60	2026-05-03 19:46:03.033+00	2026-05-03 19:46:03.033+00
499353bd-b345-4feb-92c8-30a496c85931	444017d5-e022-4c5f-ac07-ea0d51f4609b	281fde73-7836-4511-b644-91f3663d8fcd	10.0.1.1	MikroTik Router - Main	f	0	16	0	\N	\N	60	2026-05-03 19:46:03.04+00	2026-05-03 19:46:03.04+00
98f54428-fdaf-4101-8fdd-c430830d7a20	444017d5-e022-4c5f-ac07-ea0d51f4609b	281fde73-7836-4511-b644-91f3663d8fcd	10.0.1.2	Aruba Controller - Conference	f	0	7	0	\N	\N	60	2026-05-03 19:46:03.041+00	2026-05-03 19:46:03.041+00
cd5fab47-2e13-4610-9e6a-cbecd4b95998	444017d5-e022-4c5f-ac07-ea0d51f4609b	281fde73-7836-4511-b644-91f3663d8fcd	127.0.0.1	Cryptsk Gateway (Multimode)	t	0	0	0	0	2026-05-03 19:47:03.019+00	60	2026-05-03 19:47:03.021+00	2026-05-03 19:47:03.021+00
867a9ba2-20bc-4a9e-850d-8ef031518ab5	444017d5-e022-4c5f-ac07-ea0d51f4609b	281fde73-7836-4511-b644-91f3663d8fcd	10.0.1.1	MikroTik Router - Main	f	0	16	0	\N	\N	60	2026-05-03 19:47:03.023+00	2026-05-03 19:47:03.023+00
f2bb15fa-b0b0-43af-92d6-67621b4b4eca	444017d5-e022-4c5f-ac07-ea0d51f4609b	281fde73-7836-4511-b644-91f3663d8fcd	10.0.1.2	Aruba Controller - Conference	f	0	7	0	\N	\N	60	2026-05-03 19:47:03.024+00	2026-05-03 19:47:03.024+00
3680d824-e446-425f-913b-45806856f55b	444017d5-e022-4c5f-ac07-ea0d51f4609b	281fde73-7836-4511-b644-91f3663d8fcd	127.0.0.1	Cryptsk Gateway (Multimode)	t	0	0	0	0	2026-05-03 19:48:03.034+00	60	2026-05-03 19:48:03.036+00	2026-05-03 19:48:03.036+00
9f5eff59-2a4d-4235-9395-adf92917cce3	444017d5-e022-4c5f-ac07-ea0d51f4609b	281fde73-7836-4511-b644-91f3663d8fcd	10.0.1.1	MikroTik Router - Main	f	0	16	0	\N	\N	60	2026-05-03 19:48:03.059+00	2026-05-03 19:48:03.059+00
f9eb9cc0-5e2b-4e7a-8f4b-0c570d78db2e	444017d5-e022-4c5f-ac07-ea0d51f4609b	281fde73-7836-4511-b644-91f3663d8fcd	10.0.1.2	Aruba Controller - Conference	f	0	7	0	\N	\N	60	2026-05-03 19:48:03.06+00	2026-05-03 19:48:03.06+00
05e90083-39f1-4e66-88e2-f073fac9366c	444017d5-e022-4c5f-ac07-ea0d51f4609b	281fde73-7836-4511-b644-91f3663d8fcd	127.0.0.1	Cryptsk Gateway (Multimode)	t	0	0	0	0	2026-05-03 19:49:03.166+00	60	2026-05-03 19:49:03.167+00	2026-05-03 19:49:03.167+00
e5baaad1-569b-410f-91d0-4be2234b83fc	444017d5-e022-4c5f-ac07-ea0d51f4609b	281fde73-7836-4511-b644-91f3663d8fcd	10.0.1.1	MikroTik Router - Main	f	0	16	0	\N	\N	60	2026-05-03 19:49:03.173+00	2026-05-03 19:49:03.173+00
7342c5da-5493-488d-9c97-23dfc829e3f9	444017d5-e022-4c5f-ac07-ea0d51f4609b	281fde73-7836-4511-b644-91f3663d8fcd	10.0.1.2	Aruba Controller - Conference	f	0	7	0	\N	\N	60	2026-05-03 19:49:03.175+00	2026-05-03 19:49:03.175+00
c1346129-829a-490c-b546-b2bc3e881a71	444017d5-e022-4c5f-ac07-ea0d51f4609b	281fde73-7836-4511-b644-91f3663d8fcd	127.0.0.1	Cryptsk Gateway (Multimode)	t	0	0	0	0	2026-05-03 19:50:03.026+00	60	2026-05-03 19:50:03.027+00	2026-05-03 19:50:03.027+00
9755ec3b-3780-4b2e-8b71-4cae9cab112c	444017d5-e022-4c5f-ac07-ea0d51f4609b	281fde73-7836-4511-b644-91f3663d8fcd	10.0.1.1	MikroTik Router - Main	f	0	16	0	\N	\N	60	2026-05-03 19:50:03.029+00	2026-05-03 19:50:03.029+00
20251420-3666-4fdb-b5c1-7782e6db745a	444017d5-e022-4c5f-ac07-ea0d51f4609b	281fde73-7836-4511-b644-91f3663d8fcd	10.0.1.2	Aruba Controller - Conference	f	0	7	0	\N	\N	60	2026-05-03 19:50:03.03+00	2026-05-03 19:50:03.03+00
f20ee1f3-577d-4ccb-882b-0236f6779500	444017d5-e022-4c5f-ac07-ea0d51f4609b	281fde73-7836-4511-b644-91f3663d8fcd	127.0.0.1	Cryptsk Gateway (Multimode)	t	0	0	0	0	2026-05-03 19:51:03.031+00	60	2026-05-03 19:51:03.033+00	2026-05-03 19:51:03.033+00
ab2bf653-119c-4fdf-bea1-e3cd14c3fd6e	444017d5-e022-4c5f-ac07-ea0d51f4609b	281fde73-7836-4511-b644-91f3663d8fcd	10.0.1.1	MikroTik Router - Main	f	0	16	0	\N	\N	60	2026-05-03 19:51:03.035+00	2026-05-03 19:51:03.035+00
c3cee7c6-e421-4e5a-b54a-057771837471	444017d5-e022-4c5f-ac07-ea0d51f4609b	281fde73-7836-4511-b644-91f3663d8fcd	10.0.1.2	Aruba Controller - Conference	f	0	7	0	\N	\N	60	2026-05-03 19:51:03.036+00	2026-05-03 19:51:03.036+00
b56ba9b0-838d-4650-9b16-5d865e51b84e	444017d5-e022-4c5f-ac07-ea0d51f4609b	281fde73-7836-4511-b644-91f3663d8fcd	127.0.0.1	Cryptsk Gateway (Multimode)	t	0	0	0	0	2026-05-03 19:52:03.019+00	60	2026-05-03 19:52:03.021+00	2026-05-03 19:52:03.021+00
44b51dcc-19bb-4dc6-b36c-5df9ee46cc84	444017d5-e022-4c5f-ac07-ea0d51f4609b	281fde73-7836-4511-b644-91f3663d8fcd	10.0.1.1	MikroTik Router - Main	f	0	16	0	\N	\N	60	2026-05-03 19:52:03.023+00	2026-05-03 19:52:03.023+00
01ba9730-b5a5-4fbc-a154-a0a02b984a80	444017d5-e022-4c5f-ac07-ea0d51f4609b	281fde73-7836-4511-b644-91f3663d8fcd	10.0.1.2	Aruba Controller - Conference	f	0	7	0	\N	\N	60	2026-05-03 19:52:03.03+00	2026-05-03 19:52:03.03+00
36400b37-5fd0-447c-a851-2d04d2f2722d	444017d5-e022-4c5f-ac07-ea0d51f4609b	281fde73-7836-4511-b644-91f3663d8fcd	127.0.0.1	Cryptsk Gateway (Multimode)	t	0	0	0	0	2026-05-03 19:53:03.02+00	60	2026-05-03 19:53:03.021+00	2026-05-03 19:53:03.021+00
6853c00c-798c-4123-9b14-540ebbe432cc	444017d5-e022-4c5f-ac07-ea0d51f4609b	281fde73-7836-4511-b644-91f3663d8fcd	10.0.1.1	MikroTik Router - Main	f	0	16	0	\N	\N	60	2026-05-03 19:53:03.023+00	2026-05-03 19:53:03.023+00
1266731e-1fc8-46fc-8494-d4f17d9737d4	444017d5-e022-4c5f-ac07-ea0d51f4609b	281fde73-7836-4511-b644-91f3663d8fcd	10.0.1.2	Aruba Controller - Conference	f	0	7	0	\N	\N	60	2026-05-03 19:53:03.025+00	2026-05-03 19:53:03.025+00
3ce2b62a-5e52-4451-855f-b3c8e84b39bf	444017d5-e022-4c5f-ac07-ea0d51f4609b	281fde73-7836-4511-b644-91f3663d8fcd	127.0.0.1	Cryptsk Gateway (Multimode)	t	0	0	0	0	2026-05-03 19:54:03.02+00	60	2026-05-03 19:54:03.021+00	2026-05-03 19:54:03.021+00
689d07e2-e1c8-40a1-b264-574f79024f80	444017d5-e022-4c5f-ac07-ea0d51f4609b	281fde73-7836-4511-b644-91f3663d8fcd	10.0.1.1	MikroTik Router - Main	f	0	16	0	\N	\N	60	2026-05-03 19:54:03.043+00	2026-05-03 19:54:03.043+00
d6325f2f-bc22-47f0-b0ef-07ff8f229e21	444017d5-e022-4c5f-ac07-ea0d51f4609b	281fde73-7836-4511-b644-91f3663d8fcd	10.0.1.2	Aruba Controller - Conference	f	0	7	0	\N	\N	60	2026-05-03 19:54:03.045+00	2026-05-03 19:54:03.045+00
5dc7dccd-6759-48db-8605-f170dec1ee82	444017d5-e022-4c5f-ac07-ea0d51f4609b	281fde73-7836-4511-b644-91f3663d8fcd	127.0.0.1	Cryptsk Gateway (Multimode)	t	0	0	0	0	2026-05-03 19:55:03.175+00	60	2026-05-03 19:55:03.177+00	2026-05-03 19:55:03.177+00
404da0c7-2d53-4bde-9793-e75102f1924d	444017d5-e022-4c5f-ac07-ea0d51f4609b	281fde73-7836-4511-b644-91f3663d8fcd	10.0.1.1	MikroTik Router - Main	f	0	16	0	\N	\N	60	2026-05-03 19:55:03.179+00	2026-05-03 19:55:03.179+00
b9cd32c0-8322-4a0b-ba6c-50c49412ea6d	444017d5-e022-4c5f-ac07-ea0d51f4609b	281fde73-7836-4511-b644-91f3663d8fcd	10.0.1.2	Aruba Controller - Conference	f	0	7	0	\N	\N	60	2026-05-03 19:55:03.181+00	2026-05-03 19:55:03.181+00
0f3d69f1-f461-4721-a1ed-2e2a9149c509	444017d5-e022-4c5f-ac07-ea0d51f4609b	281fde73-7836-4511-b644-91f3663d8fcd	127.0.0.1	Cryptsk Gateway (Multimode)	t	0	0	0	0	2026-05-03 19:56:03.02+00	60	2026-05-03 19:56:03.022+00	2026-05-03 19:56:03.022+00
3fc39056-cfd7-43ca-a193-68799af39641	444017d5-e022-4c5f-ac07-ea0d51f4609b	281fde73-7836-4511-b644-91f3663d8fcd	10.0.1.1	MikroTik Router - Main	f	0	16	0	\N	\N	60	2026-05-03 19:56:03.024+00	2026-05-03 19:56:03.024+00
2b8db3bf-090f-498e-a772-94584764adba	444017d5-e022-4c5f-ac07-ea0d51f4609b	281fde73-7836-4511-b644-91f3663d8fcd	10.0.1.2	Aruba Controller - Conference	f	0	7	0	\N	\N	60	2026-05-03 19:56:03.027+00	2026-05-03 19:56:03.027+00
186a5b85-7048-4a06-83c4-7de7c0879dd9	444017d5-e022-4c5f-ac07-ea0d51f4609b	281fde73-7836-4511-b644-91f3663d8fcd	127.0.0.1	Cryptsk Gateway (Multimode)	t	0	0	0	0	2026-05-03 19:57:03.023+00	60	2026-05-03 19:57:03.025+00	2026-05-03 19:57:03.025+00
a4687bea-e820-469f-9b91-c377bc0cbcad	444017d5-e022-4c5f-ac07-ea0d51f4609b	281fde73-7836-4511-b644-91f3663d8fcd	10.0.1.1	MikroTik Router - Main	f	0	16	0	\N	\N	60	2026-05-03 19:57:03.027+00	2026-05-03 19:57:03.027+00
c3d617e2-f33d-4db5-a29a-24282f2d0c14	444017d5-e022-4c5f-ac07-ea0d51f4609b	281fde73-7836-4511-b644-91f3663d8fcd	10.0.1.2	Aruba Controller - Conference	f	0	7	0	\N	\N	60	2026-05-03 19:57:03.029+00	2026-05-03 19:57:03.029+00
bc6f3e72-d60f-4538-9b52-64d64bf66a90	444017d5-e022-4c5f-ac07-ea0d51f4609b	281fde73-7836-4511-b644-91f3663d8fcd	127.0.0.1	Cryptsk Gateway (Multimode)	t	0	0	0	0	2026-05-03 19:58:03.021+00	60	2026-05-03 19:58:03.022+00	2026-05-03 19:58:03.022+00
29e34310-58cf-47d2-93f4-5538a215ad94	444017d5-e022-4c5f-ac07-ea0d51f4609b	281fde73-7836-4511-b644-91f3663d8fcd	10.0.1.1	MikroTik Router - Main	f	0	16	0	\N	\N	60	2026-05-03 19:58:03.029+00	2026-05-03 19:58:03.029+00
94c9450d-4271-489c-9c1a-b4b5dd363aff	444017d5-e022-4c5f-ac07-ea0d51f4609b	281fde73-7836-4511-b644-91f3663d8fcd	10.0.1.2	Aruba Controller - Conference	f	0	7	0	\N	\N	60	2026-05-03 19:58:03.03+00	2026-05-03 19:58:03.03+00
ef1f582e-993c-4ae7-8059-5e331ae1167a	444017d5-e022-4c5f-ac07-ea0d51f4609b	281fde73-7836-4511-b644-91f3663d8fcd	127.0.0.1	Cryptsk Gateway (Multimode)	t	0	0	0	0	2026-05-03 19:59:03.022+00	60	2026-05-03 19:59:03.024+00	2026-05-03 19:59:03.024+00
d371fab4-0825-402e-8fe0-7ee73bf9b252	444017d5-e022-4c5f-ac07-ea0d51f4609b	281fde73-7836-4511-b644-91f3663d8fcd	10.0.1.1	MikroTik Router - Main	f	0	16	0	\N	\N	60	2026-05-03 19:59:03.026+00	2026-05-03 19:59:03.026+00
69681532-b070-4240-b93a-2e3924058037	444017d5-e022-4c5f-ac07-ea0d51f4609b	281fde73-7836-4511-b644-91f3663d8fcd	10.0.1.2	Aruba Controller - Conference	f	0	7	0	\N	\N	60	2026-05-03 19:59:03.027+00	2026-05-03 19:59:03.027+00
ff3fa8e6-4026-43af-8d7e-010baf47458a	444017d5-e022-4c5f-ac07-ea0d51f4609b	281fde73-7836-4511-b644-91f3663d8fcd	127.0.0.1	Cryptsk Gateway (Multimode)	t	0	0	0	0	2026-05-03 20:00:03.018+00	60	2026-05-03 20:00:03.019+00	2026-05-03 20:00:03.019+00
72d19216-54e1-4e93-9e21-8677ccba1d5f	444017d5-e022-4c5f-ac07-ea0d51f4609b	281fde73-7836-4511-b644-91f3663d8fcd	10.0.1.1	MikroTik Router - Main	f	0	16	0	\N	\N	60	2026-05-03 20:00:03.029+00	2026-05-03 20:00:03.029+00
3a5fc18c-2a03-43b1-be15-4212e7471fc9	444017d5-e022-4c5f-ac07-ea0d51f4609b	281fde73-7836-4511-b644-91f3663d8fcd	10.0.1.2	Aruba Controller - Conference	f	0	7	0	\N	\N	60	2026-05-03 20:00:03.03+00	2026-05-03 20:00:03.03+00
d2a71645-7c2e-4d9e-a15e-8df7c4cf69d1	444017d5-e022-4c5f-ac07-ea0d51f4609b	281fde73-7836-4511-b644-91f3663d8fcd	127.0.0.1	Cryptsk Gateway (Multimode)	t	0	0	0	0	2026-05-03 20:01:03.152+00	60	2026-05-03 20:01:03.154+00	2026-05-03 20:01:03.154+00
9bf37da8-9a18-4b9a-b8b7-2b69b8e42b9b	444017d5-e022-4c5f-ac07-ea0d51f4609b	281fde73-7836-4511-b644-91f3663d8fcd	10.0.1.1	MikroTik Router - Main	f	0	16	0	\N	\N	60	2026-05-03 20:01:03.16+00	2026-05-03 20:01:03.16+00
29da4eb9-0150-40b0-b022-055aa4e6a95b	444017d5-e022-4c5f-ac07-ea0d51f4609b	281fde73-7836-4511-b644-91f3663d8fcd	10.0.1.2	Aruba Controller - Conference	f	0	7	0	\N	\N	60	2026-05-03 20:01:03.162+00	2026-05-03 20:01:03.162+00
817a2d7b-5b48-4d9a-a58a-4f31e3c1a6f9	444017d5-e022-4c5f-ac07-ea0d51f4609b	281fde73-7836-4511-b644-91f3663d8fcd	127.0.0.1	Cryptsk Gateway (Multimode)	t	0	0	0	0	2026-05-03 20:02:03.026+00	60	2026-05-03 20:02:03.027+00	2026-05-03 20:02:03.027+00
888de3e1-d43a-4e82-b3bc-cad4e7ac7a33	444017d5-e022-4c5f-ac07-ea0d51f4609b	281fde73-7836-4511-b644-91f3663d8fcd	10.0.1.1	MikroTik Router - Main	f	0	16	0	\N	\N	60	2026-05-03 20:02:03.029+00	2026-05-03 20:02:03.029+00
63880e32-3565-48a0-927f-f95c25ce7f95	444017d5-e022-4c5f-ac07-ea0d51f4609b	281fde73-7836-4511-b644-91f3663d8fcd	10.0.1.2	Aruba Controller - Conference	f	0	7	0	\N	\N	60	2026-05-03 20:02:03.03+00	2026-05-03 20:02:03.03+00
f71e4541-3003-4516-b9a0-4925db9cab4a	444017d5-e022-4c5f-ac07-ea0d51f4609b	281fde73-7836-4511-b644-91f3663d8fcd	127.0.0.1	Cryptsk Gateway (Multimode)	t	0	0	0	0	2026-05-03 20:03:03.018+00	60	2026-05-03 20:03:03.019+00	2026-05-03 20:03:03.019+00
a6e79a77-7f06-4f02-83a9-2f9351ab3a6f	444017d5-e022-4c5f-ac07-ea0d51f4609b	281fde73-7836-4511-b644-91f3663d8fcd	10.0.1.1	MikroTik Router - Main	f	0	16	0	\N	\N	60	2026-05-03 20:03:03.021+00	2026-05-03 20:03:03.021+00
a03e57cf-0837-4b27-9ec9-b1f0e409c28a	444017d5-e022-4c5f-ac07-ea0d51f4609b	281fde73-7836-4511-b644-91f3663d8fcd	10.0.1.2	Aruba Controller - Conference	f	0	7	0	\N	\N	60	2026-05-03 20:03:03.022+00	2026-05-03 20:03:03.022+00
2a8b2893-040e-409b-b4a6-8b221c34e899	444017d5-e022-4c5f-ac07-ea0d51f4609b	281fde73-7836-4511-b644-91f3663d8fcd	127.0.0.1	Cryptsk Gateway (Multimode)	t	0	0	0	0	2026-05-03 20:04:03.024+00	60	2026-05-03 20:04:03.028+00	2026-05-03 20:04:03.028+00
2896fb73-7445-47bf-a2bb-635b4ccf5e0d	444017d5-e022-4c5f-ac07-ea0d51f4609b	281fde73-7836-4511-b644-91f3663d8fcd	10.0.1.1	MikroTik Router - Main	f	0	16	0	\N	\N	60	2026-05-03 20:04:03.03+00	2026-05-03 20:04:03.03+00
f5b9dbd6-9fec-4c20-8990-e9ebd490fb19	444017d5-e022-4c5f-ac07-ea0d51f4609b	281fde73-7836-4511-b644-91f3663d8fcd	10.0.1.2	Aruba Controller - Conference	f	0	7	0	\N	\N	60	2026-05-03 20:04:03.032+00	2026-05-03 20:04:03.032+00
72371ade-426d-440c-8535-920fdde996e3	444017d5-e022-4c5f-ac07-ea0d51f4609b	281fde73-7836-4511-b644-91f3663d8fcd	127.0.0.1	Cryptsk Gateway (Multimode)	t	0	0	0	0	2026-05-03 20:05:03.018+00	60	2026-05-03 20:05:03.019+00	2026-05-03 20:05:03.019+00
4cc55822-3951-4dda-8b50-bff51caf96ca	444017d5-e022-4c5f-ac07-ea0d51f4609b	281fde73-7836-4511-b644-91f3663d8fcd	10.0.1.1	MikroTik Router - Main	f	0	16	0	\N	\N	60	2026-05-03 20:05:03.045+00	2026-05-03 20:05:03.045+00
640288f8-af1f-4955-ad44-7065c853df73	444017d5-e022-4c5f-ac07-ea0d51f4609b	281fde73-7836-4511-b644-91f3663d8fcd	10.0.1.2	Aruba Controller - Conference	f	0	7	0	\N	\N	60	2026-05-03 20:05:03.046+00	2026-05-03 20:05:03.046+00
352db397-ca7e-4494-b001-37603d6e6fc5	444017d5-e022-4c5f-ac07-ea0d51f4609b	281fde73-7836-4511-b644-91f3663d8fcd	127.0.0.1	Cryptsk Gateway (Multimode)	t	0	0	0	0	2026-05-03 20:06:03.163+00	60	2026-05-03 20:06:03.165+00	2026-05-03 20:06:03.165+00
42b1dbc4-b737-4961-aa71-16fdb5b20a89	444017d5-e022-4c5f-ac07-ea0d51f4609b	281fde73-7836-4511-b644-91f3663d8fcd	10.0.1.1	MikroTik Router - Main	f	0	16	0	\N	\N	60	2026-05-03 20:06:03.167+00	2026-05-03 20:06:03.167+00
c29a6285-2e54-4c2f-ae1a-c1a433ce01c0	444017d5-e022-4c5f-ac07-ea0d51f4609b	281fde73-7836-4511-b644-91f3663d8fcd	10.0.1.2	Aruba Controller - Conference	f	0	7	0	\N	\N	60	2026-05-03 20:06:03.172+00	2026-05-03 20:06:03.172+00
df914995-ec38-4540-aa7e-4cc8d903669d	444017d5-e022-4c5f-ac07-ea0d51f4609b	281fde73-7836-4511-b644-91f3663d8fcd	127.0.0.1	Cryptsk Gateway (Multimode)	t	0	0	0	0	2026-05-03 20:07:03.036+00	60	2026-05-03 20:07:03.037+00	2026-05-03 20:07:03.037+00
c757265f-6010-4640-ab21-a383b6c22ac1	444017d5-e022-4c5f-ac07-ea0d51f4609b	281fde73-7836-4511-b644-91f3663d8fcd	10.0.1.1	MikroTik Router - Main	f	0	16	0	\N	\N	60	2026-05-03 20:07:03.043+00	2026-05-03 20:07:03.043+00
c45f7c6a-2c3d-4427-ae3e-54516ca3ec67	444017d5-e022-4c5f-ac07-ea0d51f4609b	281fde73-7836-4511-b644-91f3663d8fcd	10.0.1.2	Aruba Controller - Conference	f	0	7	0	\N	\N	60	2026-05-03 20:07:03.045+00	2026-05-03 20:07:03.045+00
cd197eaf-7359-4d92-ab67-57fa16020e32	444017d5-e022-4c5f-ac07-ea0d51f4609b	281fde73-7836-4511-b644-91f3663d8fcd	127.0.0.1	Cryptsk Gateway (Multimode)	t	0	0	0	0	2026-05-03 20:08:03.036+00	60	2026-05-03 20:08:03.037+00	2026-05-03 20:08:03.037+00
aea926b6-b3f7-4b73-9580-4a93a79287d5	444017d5-e022-4c5f-ac07-ea0d51f4609b	281fde73-7836-4511-b644-91f3663d8fcd	10.0.1.1	MikroTik Router - Main	f	0	16	0	\N	\N	60	2026-05-03 20:08:03.039+00	2026-05-03 20:08:03.039+00
6de94845-977e-48a4-b81e-857dc44a24e3	444017d5-e022-4c5f-ac07-ea0d51f4609b	281fde73-7836-4511-b644-91f3663d8fcd	10.0.1.2	Aruba Controller - Conference	f	0	7	0	\N	\N	60	2026-05-03 20:08:03.04+00	2026-05-03 20:08:03.04+00
47a60452-c4f9-4018-8c6a-d2b9f76d31c3	444017d5-e022-4c5f-ac07-ea0d51f4609b	281fde73-7836-4511-b644-91f3663d8fcd	127.0.0.1	Cryptsk Gateway (Multimode)	t	0	0	0	0	2026-05-03 20:09:03.026+00	60	2026-05-03 20:09:03.027+00	2026-05-03 20:09:03.027+00
4a6b98dd-c73c-4b69-a2d0-a09f8f4230e6	444017d5-e022-4c5f-ac07-ea0d51f4609b	281fde73-7836-4511-b644-91f3663d8fcd	10.0.1.1	MikroTik Router - Main	f	0	16	0	\N	\N	60	2026-05-03 20:09:03.029+00	2026-05-03 20:09:03.029+00
d65045d9-b3b6-4cfc-baab-a007fcec3353	444017d5-e022-4c5f-ac07-ea0d51f4609b	281fde73-7836-4511-b644-91f3663d8fcd	10.0.1.2	Aruba Controller - Conference	f	0	7	0	\N	\N	60	2026-05-03 20:09:03.03+00	2026-05-03 20:09:03.03+00
6e715f67-8160-4612-aee5-93a023c3a9f3	444017d5-e022-4c5f-ac07-ea0d51f4609b	281fde73-7836-4511-b644-91f3663d8fcd	127.0.0.1	Cryptsk Gateway (Multimode)	t	0	0	0	0	2026-05-03 20:10:03.026+00	60	2026-05-03 20:10:03.027+00	2026-05-03 20:10:03.027+00
f0636cd4-adba-4216-987d-8bbdbdc84fd3	444017d5-e022-4c5f-ac07-ea0d51f4609b	281fde73-7836-4511-b644-91f3663d8fcd	10.0.1.1	MikroTik Router - Main	f	0	16	0	\N	\N	60	2026-05-03 20:10:03.029+00	2026-05-03 20:10:03.029+00
0d05390b-957b-43ad-90bd-b58f57072d7b	444017d5-e022-4c5f-ac07-ea0d51f4609b	281fde73-7836-4511-b644-91f3663d8fcd	10.0.1.2	Aruba Controller - Conference	f	0	7	0	\N	\N	60	2026-05-03 20:10:03.03+00	2026-05-03 20:10:03.03+00
0512cef5-0e3c-464a-af6a-946d898e82fe	444017d5-e022-4c5f-ac07-ea0d51f4609b	281fde73-7836-4511-b644-91f3663d8fcd	127.0.0.1	Cryptsk Gateway (Multimode)	t	0	0	0	0	2026-05-03 20:11:03.033+00	60	2026-05-03 20:11:03.034+00	2026-05-03 20:11:03.034+00
87e217c3-9620-49fa-b0d2-bac69fb9bc68	444017d5-e022-4c5f-ac07-ea0d51f4609b	281fde73-7836-4511-b644-91f3663d8fcd	10.0.1.1	MikroTik Router - Main	f	0	16	0	\N	\N	60	2026-05-03 20:11:03.04+00	2026-05-03 20:11:03.04+00
f3efe16e-fd15-4e51-89c1-fab0a858e982	444017d5-e022-4c5f-ac07-ea0d51f4609b	281fde73-7836-4511-b644-91f3663d8fcd	10.0.1.2	Aruba Controller - Conference	f	0	7	0	\N	\N	60	2026-05-03 20:11:03.041+00	2026-05-03 20:11:03.041+00
b324b06e-e5ba-4c07-9886-a4a9579f8acf	444017d5-e022-4c5f-ac07-ea0d51f4609b	281fde73-7836-4511-b644-91f3663d8fcd	127.0.0.1	Cryptsk Gateway (Multimode)	t	0	0	0	0	2026-05-03 20:12:03.174+00	60	2026-05-03 20:12:03.175+00	2026-05-03 20:12:03.175+00
38c08cd6-a9ee-464e-b18c-a1ff59bb936f	444017d5-e022-4c5f-ac07-ea0d51f4609b	281fde73-7836-4511-b644-91f3663d8fcd	10.0.1.1	MikroTik Router - Main	f	0	16	0	\N	\N	60	2026-05-03 20:12:03.182+00	2026-05-03 20:12:03.182+00
aee02348-e250-4d68-8845-fdd565cf4b78	444017d5-e022-4c5f-ac07-ea0d51f4609b	281fde73-7836-4511-b644-91f3663d8fcd	10.0.1.2	Aruba Controller - Conference	f	0	7	0	\N	\N	60	2026-05-03 20:12:03.184+00	2026-05-03 20:12:03.184+00
7dc57e67-16d1-4879-adcb-bb6e926d0d6e	444017d5-e022-4c5f-ac07-ea0d51f4609b	281fde73-7836-4511-b644-91f3663d8fcd	127.0.0.1	Cryptsk Gateway (Multimode)	t	0	0	0	0	2026-05-03 20:13:03.026+00	60	2026-05-03 20:13:03.028+00	2026-05-03 20:13:03.028+00
34b84412-865b-4e0a-8bbe-e97b402ca4d4	444017d5-e022-4c5f-ac07-ea0d51f4609b	281fde73-7836-4511-b644-91f3663d8fcd	10.0.1.1	MikroTik Router - Main	f	0	16	0	\N	\N	60	2026-05-03 20:13:03.03+00	2026-05-03 20:13:03.03+00
761d4b8a-39ae-42ca-9e65-9375aaebe7c4	444017d5-e022-4c5f-ac07-ea0d51f4609b	281fde73-7836-4511-b644-91f3663d8fcd	10.0.1.2	Aruba Controller - Conference	f	0	7	0	\N	\N	60	2026-05-03 20:13:03.031+00	2026-05-03 20:13:03.031+00
f1cf5adc-5cd6-4012-a94f-1365d7970369	444017d5-e022-4c5f-ac07-ea0d51f4609b	281fde73-7836-4511-b644-91f3663d8fcd	127.0.0.1	Cryptsk Gateway (Multimode)	t	0	0	0	0	2026-05-03 20:14:03.022+00	60	2026-05-03 20:14:03.024+00	2026-05-03 20:14:03.024+00
6f54952f-0d52-4965-9ae2-7309ab17c396	444017d5-e022-4c5f-ac07-ea0d51f4609b	281fde73-7836-4511-b644-91f3663d8fcd	10.0.1.1	MikroTik Router - Main	f	0	16	0	\N	\N	60	2026-05-03 20:14:03.038+00	2026-05-03 20:14:03.038+00
de492e4a-71b4-43b0-a636-bcde7e9fc13c	444017d5-e022-4c5f-ac07-ea0d51f4609b	281fde73-7836-4511-b644-91f3663d8fcd	10.0.1.2	Aruba Controller - Conference	f	0	7	0	\N	\N	60	2026-05-03 20:14:03.047+00	2026-05-03 20:14:03.047+00
3415d238-3157-4b4a-ba84-6f21c562fdf5	444017d5-e022-4c5f-ac07-ea0d51f4609b	281fde73-7836-4511-b644-91f3663d8fcd	127.0.0.1	Cryptsk Gateway (Multimode)	t	0	0	0	0	2026-05-03 20:15:03.022+00	60	2026-05-03 20:15:03.024+00	2026-05-03 20:15:03.024+00
8f6ffaa1-d830-4f2f-8684-1c19e3ffc428	444017d5-e022-4c5f-ac07-ea0d51f4609b	281fde73-7836-4511-b644-91f3663d8fcd	10.0.1.1	MikroTik Router - Main	f	0	16	0	\N	\N	60	2026-05-03 20:15:03.033+00	2026-05-03 20:15:03.033+00
98c40493-7a05-4932-a2a8-0111b606979c	444017d5-e022-4c5f-ac07-ea0d51f4609b	281fde73-7836-4511-b644-91f3663d8fcd	10.0.1.2	Aruba Controller - Conference	f	0	7	0	\N	\N	60	2026-05-03 20:15:03.035+00	2026-05-03 20:15:03.035+00
41bbd51a-a98c-4dee-9e08-5986f26d8a9f	444017d5-e022-4c5f-ac07-ea0d51f4609b	281fde73-7836-4511-b644-91f3663d8fcd	10.0.1.1	MikroTik Router - Main	f	0	16	0	\N	\N	60	2026-05-03 20:16:03.023+00	2026-05-03 20:16:03.023+00
432ce811-efdc-4608-8395-9a8d1f59f0f4	444017d5-e022-4c5f-ac07-ea0d51f4609b	281fde73-7836-4511-b644-91f3663d8fcd	10.0.1.2	Aruba Controller - Conference	f	0	7	0	\N	\N	60	2026-05-03 20:16:03.025+00	2026-05-03 20:16:03.025+00
f24579b6-4bd7-4c6c-80fe-7dd5e94e9fb8	444017d5-e022-4c5f-ac07-ea0d51f4609b	281fde73-7836-4511-b644-91f3663d8fcd	127.0.0.1	Cryptsk Gateway (Multimode)	t	0	0	0	0	2026-05-03 20:16:03.026+00	60	2026-05-03 20:16:03.027+00	2026-05-03 20:16:03.027+00
8a3b3b65-f3d3-4dc8-a15f-d00ae8c41cd6	444017d5-e022-4c5f-ac07-ea0d51f4609b	281fde73-7836-4511-b644-91f3663d8fcd	10.0.1.1	MikroTik Router - Main	f	0	16	0	\N	\N	60	2026-05-03 20:17:03.226+00	2026-05-03 20:17:03.226+00
64f2c0d0-4865-47ec-b01b-9e94dbbdde64	444017d5-e022-4c5f-ac07-ea0d51f4609b	281fde73-7836-4511-b644-91f3663d8fcd	10.0.1.2	Aruba Controller - Conference	f	0	7	0	\N	\N	60	2026-05-03 20:17:03.233+00	2026-05-03 20:17:03.233+00
688a44d3-0fe0-4d0e-a4b8-3a37cd68e013	444017d5-e022-4c5f-ac07-ea0d51f4609b	281fde73-7836-4511-b644-91f3663d8fcd	127.0.0.1	Cryptsk Gateway (Multimode)	t	0	0	0	0	2026-05-03 20:17:03.234+00	60	2026-05-03 20:17:03.235+00	2026-05-03 20:17:03.235+00
6c4a103e-8be9-45a0-b3c0-6f1a5ae19904	444017d5-e022-4c5f-ac07-ea0d51f4609b	281fde73-7836-4511-b644-91f3663d8fcd	10.0.1.1	MikroTik Router - Main	f	0	16	0	\N	\N	60	2026-05-03 20:18:03.026+00	2026-05-03 20:18:03.026+00
ca0bb9c1-6a04-44fb-aa2b-8402e766b1b9	444017d5-e022-4c5f-ac07-ea0d51f4609b	281fde73-7836-4511-b644-91f3663d8fcd	10.0.1.2	Aruba Controller - Conference	f	0	7	0	\N	\N	60	2026-05-03 20:18:03.032+00	2026-05-03 20:18:03.032+00
b213fbf3-4463-41cf-8029-e1469f82d8b8	444017d5-e022-4c5f-ac07-ea0d51f4609b	281fde73-7836-4511-b644-91f3663d8fcd	127.0.0.1	Cryptsk Gateway (Multimode)	t	0	0	0	0	2026-05-03 20:18:03.033+00	60	2026-05-03 20:18:03.034+00	2026-05-03 20:18:03.034+00
689f9453-abd7-456a-8db8-062b71fa6647	444017d5-e022-4c5f-ac07-ea0d51f4609b	281fde73-7836-4511-b644-91f3663d8fcd	10.0.1.1	MikroTik Router - Main	f	0	16	0	\N	\N	60	2026-05-03 20:19:03.029+00	2026-05-03 20:19:03.029+00
ad1b5f55-7da5-49b1-863e-ddc59dd58499	444017d5-e022-4c5f-ac07-ea0d51f4609b	281fde73-7836-4511-b644-91f3663d8fcd	10.0.1.2	Aruba Controller - Conference	f	0	7	0	\N	\N	60	2026-05-03 20:19:03.031+00	2026-05-03 20:19:03.031+00
118d2be7-5ef2-47a0-a2cd-2f0a75feabd2	444017d5-e022-4c5f-ac07-ea0d51f4609b	281fde73-7836-4511-b644-91f3663d8fcd	127.0.0.1	Cryptsk Gateway (Multimode)	t	0	0	0	0	2026-05-03 20:19:03.032+00	60	2026-05-03 20:19:03.033+00	2026-05-03 20:19:03.033+00
7436beff-f1d2-49d8-a666-25cf91498f55	444017d5-e022-4c5f-ac07-ea0d51f4609b	281fde73-7836-4511-b644-91f3663d8fcd	10.0.1.1	MikroTik Router - Main	f	0	16	0	\N	\N	60	2026-05-03 20:20:03.023+00	2026-05-03 20:20:03.023+00
f5228627-ea34-471a-9940-42bdbe36aa2f	444017d5-e022-4c5f-ac07-ea0d51f4609b	281fde73-7836-4511-b644-91f3663d8fcd	10.0.1.2	Aruba Controller - Conference	f	0	7	0	\N	\N	60	2026-05-03 20:20:03.025+00	2026-05-03 20:20:03.025+00
40405ceb-b530-43a9-ba70-aa5022c7216b	444017d5-e022-4c5f-ac07-ea0d51f4609b	281fde73-7836-4511-b644-91f3663d8fcd	127.0.0.1	Cryptsk Gateway (Multimode)	t	0	0	0	0	2026-05-03 20:20:03.026+00	60	2026-05-03 20:20:03.027+00	2026-05-03 20:20:03.027+00
7fd84f2e-77b6-4767-865c-c5f63c7f5c6a	444017d5-e022-4c5f-ac07-ea0d51f4609b	281fde73-7836-4511-b644-91f3663d8fcd	10.0.1.1	MikroTik Router - Main	f	0	16	0	\N	\N	60	2026-05-03 20:21:03.021+00	2026-05-03 20:21:03.021+00
b9c1a75b-ba28-41f5-89f1-cd0b84b9727d	444017d5-e022-4c5f-ac07-ea0d51f4609b	281fde73-7836-4511-b644-91f3663d8fcd	10.0.1.2	Aruba Controller - Conference	f	0	7	0	\N	\N	60	2026-05-03 20:21:03.023+00	2026-05-03 20:21:03.023+00
a0008e66-094f-442e-bbd3-11974ca45f05	444017d5-e022-4c5f-ac07-ea0d51f4609b	281fde73-7836-4511-b644-91f3663d8fcd	127.0.0.1	Cryptsk Gateway (Multimode)	t	0	0	0	0	2026-05-03 20:21:03.025+00	60	2026-05-03 20:21:03.026+00	2026-05-03 20:21:03.026+00
00f34d3a-f780-4a32-bae8-f5c16d8473b7	444017d5-e022-4c5f-ac07-ea0d51f4609b	281fde73-7836-4511-b644-91f3663d8fcd	10.0.1.1	MikroTik Router - Main	f	0	16	0	\N	\N	60	2026-05-03 20:22:03.02+00	2026-05-03 20:22:03.02+00
b5d96cdd-e2b1-4508-aa0c-07ba425073b6	444017d5-e022-4c5f-ac07-ea0d51f4609b	281fde73-7836-4511-b644-91f3663d8fcd	10.0.1.2	Aruba Controller - Conference	f	0	7	0	\N	\N	60	2026-05-03 20:22:03.048+00	2026-05-03 20:22:03.048+00
0bb33db2-b6dd-48be-83dc-f5a1cfb8597f	444017d5-e022-4c5f-ac07-ea0d51f4609b	281fde73-7836-4511-b644-91f3663d8fcd	127.0.0.1	Cryptsk Gateway (Multimode)	t	0	0	0	0	2026-05-03 20:22:03.048+00	60	2026-05-03 20:22:03.049+00	2026-05-03 20:22:03.049+00
137a201a-ed20-4306-95d2-3dfa117a67bf	444017d5-e022-4c5f-ac07-ea0d51f4609b	281fde73-7836-4511-b644-91f3663d8fcd	10.0.1.1	MikroTik Router - Main	f	0	16	0	\N	\N	60	2026-05-03 20:23:03.164+00	2026-05-03 20:23:03.164+00
6286f19e-774a-4a5a-9fa4-26dc48981f12	444017d5-e022-4c5f-ac07-ea0d51f4609b	281fde73-7836-4511-b644-91f3663d8fcd	10.0.1.2	Aruba Controller - Conference	f	0	7	0	\N	\N	60	2026-05-03 20:23:03.174+00	2026-05-03 20:23:03.174+00
8125c4ba-b184-4ed0-af06-cfb1f5716a37	444017d5-e022-4c5f-ac07-ea0d51f4609b	281fde73-7836-4511-b644-91f3663d8fcd	127.0.0.1	Cryptsk Gateway (Multimode)	t	0	0	0	0	2026-05-03 20:23:03.176+00	60	2026-05-03 20:23:03.177+00	2026-05-03 20:23:03.177+00
f1125811-7626-41a7-960d-bebaff2be9ff	444017d5-e022-4c5f-ac07-ea0d51f4609b	281fde73-7836-4511-b644-91f3663d8fcd	10.0.1.1	MikroTik Router - Main	f	0	16	0	\N	\N	60	2026-05-03 20:24:03.046+00	2026-05-03 20:24:03.046+00
55fe4cb2-34ab-434a-b7bf-aa3bd5ec5bd1	444017d5-e022-4c5f-ac07-ea0d51f4609b	281fde73-7836-4511-b644-91f3663d8fcd	10.0.1.2	Aruba Controller - Conference	f	0	7	0	\N	\N	60	2026-05-03 20:24:03.053+00	2026-05-03 20:24:03.053+00
898b7be2-5dcd-4f02-b3f1-c3ea3db3619e	444017d5-e022-4c5f-ac07-ea0d51f4609b	281fde73-7836-4511-b644-91f3663d8fcd	127.0.0.1	Cryptsk Gateway (Multimode)	t	0	0	0	0	2026-05-03 20:24:03.053+00	60	2026-05-03 20:24:03.054+00	2026-05-03 20:24:03.054+00
056870fb-91a9-477f-9591-632ef813ef9b	444017d5-e022-4c5f-ac07-ea0d51f4609b	281fde73-7836-4511-b644-91f3663d8fcd	10.0.1.1	MikroTik Router - Main	f	0	16	0	\N	\N	60	2026-05-03 20:25:03.035+00	2026-05-03 20:25:03.035+00
ebe20f40-d1d0-4f78-b729-30bf4fecced4	444017d5-e022-4c5f-ac07-ea0d51f4609b	281fde73-7836-4511-b644-91f3663d8fcd	10.0.1.2	Aruba Controller - Conference	f	0	7	0	\N	\N	60	2026-05-03 20:25:03.041+00	2026-05-03 20:25:03.041+00
bf010937-cd2c-48a6-b895-f3bc8904a64f	444017d5-e022-4c5f-ac07-ea0d51f4609b	281fde73-7836-4511-b644-91f3663d8fcd	127.0.0.1	Cryptsk Gateway (Multimode)	t	0	0	0	0	2026-05-03 20:25:03.042+00	60	2026-05-03 20:25:03.043+00	2026-05-03 20:25:03.043+00
e37f461b-a3dd-4155-83cb-77e9ea4e4c9e	444017d5-e022-4c5f-ac07-ea0d51f4609b	281fde73-7836-4511-b644-91f3663d8fcd	10.0.1.1	MikroTik Router - Main	f	0	16	0	\N	\N	60	2026-05-03 20:26:03.029+00	2026-05-03 20:26:03.029+00
020c2bae-50ce-4fd4-bbe4-b4728e442080	444017d5-e022-4c5f-ac07-ea0d51f4609b	281fde73-7836-4511-b644-91f3663d8fcd	10.0.1.2	Aruba Controller - Conference	f	0	7	0	\N	\N	60	2026-05-03 20:26:03.031+00	2026-05-03 20:26:03.031+00
852d22ed-755c-401a-8db8-6a5a901ed008	444017d5-e022-4c5f-ac07-ea0d51f4609b	281fde73-7836-4511-b644-91f3663d8fcd	127.0.0.1	Cryptsk Gateway (Multimode)	t	0	0	0	0	2026-05-03 20:26:03.032+00	60	2026-05-03 20:26:03.032+00	2026-05-03 20:26:03.032+00
fb8ea9c5-0c78-4cd3-8268-027c3d496b27	444017d5-e022-4c5f-ac07-ea0d51f4609b	281fde73-7836-4511-b644-91f3663d8fcd	10.0.1.1	MikroTik Router - Main	f	0	16	0	\N	\N	60	2026-05-03 20:27:03.035+00	2026-05-03 20:27:03.035+00
cf07e6a4-4d1f-4ab1-a8c2-e8c34cc66c1b	444017d5-e022-4c5f-ac07-ea0d51f4609b	281fde73-7836-4511-b644-91f3663d8fcd	10.0.1.2	Aruba Controller - Conference	f	0	7	0	\N	\N	60	2026-05-03 20:27:03.037+00	2026-05-03 20:27:03.037+00
fac4ec48-8a12-4e92-a1bd-9c1f20dd9545	444017d5-e022-4c5f-ac07-ea0d51f4609b	281fde73-7836-4511-b644-91f3663d8fcd	127.0.0.1	Cryptsk Gateway (Multimode)	t	0	0	0	0	2026-05-03 20:27:03.037+00	60	2026-05-03 20:27:03.039+00	2026-05-03 20:27:03.039+00
d0cc2019-8680-4312-a81e-eb0c77009851	444017d5-e022-4c5f-ac07-ea0d51f4609b	281fde73-7836-4511-b644-91f3663d8fcd	10.0.1.1	MikroTik Router - Main	f	0	16	0	\N	\N	60	2026-05-03 20:28:03.165+00	2026-05-03 20:28:03.165+00
073ab076-059d-4008-bf5a-0f4f44b5dde9	444017d5-e022-4c5f-ac07-ea0d51f4609b	281fde73-7836-4511-b644-91f3663d8fcd	10.0.1.2	Aruba Controller - Conference	f	0	7	0	\N	\N	60	2026-05-03 20:28:03.169+00	2026-05-03 20:28:03.169+00
f24faf89-1e26-4cf4-a104-33af2f62d6c0	444017d5-e022-4c5f-ac07-ea0d51f4609b	281fde73-7836-4511-b644-91f3663d8fcd	127.0.0.1	Cryptsk Gateway (Multimode)	t	0	0	0	0	2026-05-03 20:28:03.173+00	60	2026-05-03 20:28:03.175+00	2026-05-03 20:28:03.175+00
1035f863-06a7-439c-a1e9-f89a4db1f4a3	444017d5-e022-4c5f-ac07-ea0d51f4609b	281fde73-7836-4511-b644-91f3663d8fcd	10.0.1.1	MikroTik Router - Main	f	0	16	0	\N	\N	60	2026-05-03 20:29:03.062+00	2026-05-03 20:29:03.062+00
f22d7fae-271a-4da1-a136-1b91f4394f6a	444017d5-e022-4c5f-ac07-ea0d51f4609b	281fde73-7836-4511-b644-91f3663d8fcd	10.0.1.2	Aruba Controller - Conference	f	0	7	0	\N	\N	60	2026-05-03 20:29:03.069+00	2026-05-03 20:29:03.069+00
494c3e0f-5a5d-4d1f-b46a-ca4db8a1b5dc	444017d5-e022-4c5f-ac07-ea0d51f4609b	281fde73-7836-4511-b644-91f3663d8fcd	127.0.0.1	Cryptsk Gateway (Multimode)	t	0	0	0	0	2026-05-03 20:29:03.069+00	60	2026-05-03 20:29:03.07+00	2026-05-03 20:29:03.07+00
4b7a7966-61f3-4f09-b532-a4917f44b2d8	444017d5-e022-4c5f-ac07-ea0d51f4609b	281fde73-7836-4511-b644-91f3663d8fcd	10.0.1.1	MikroTik Router - Main	f	0	16	0	\N	\N	60	2026-05-03 20:30:03.051+00	2026-05-03 20:30:03.051+00
0cabb39e-3781-4d7b-9080-c92149119b24	444017d5-e022-4c5f-ac07-ea0d51f4609b	281fde73-7836-4511-b644-91f3663d8fcd	10.0.1.2	Aruba Controller - Conference	f	0	7	0	\N	\N	60	2026-05-03 20:30:03.058+00	2026-05-03 20:30:03.058+00
57484e4a-bd37-4e76-bda2-eaa2a398d643	444017d5-e022-4c5f-ac07-ea0d51f4609b	281fde73-7836-4511-b644-91f3663d8fcd	127.0.0.1	Cryptsk Gateway (Multimode)	t	0	0	0	0	2026-05-03 20:30:03.058+00	60	2026-05-03 20:30:03.059+00	2026-05-03 20:30:03.059+00
cc5d2d8f-4b63-4c8f-8c6a-1ea669e2925c	444017d5-e022-4c5f-ac07-ea0d51f4609b	281fde73-7836-4511-b644-91f3663d8fcd	10.0.1.1	MikroTik Router - Main	f	0	16	0	\N	\N	60	2026-05-03 20:31:03.035+00	2026-05-03 20:31:03.035+00
679fd9e9-763a-4c23-acbd-ada2f628d466	444017d5-e022-4c5f-ac07-ea0d51f4609b	281fde73-7836-4511-b644-91f3663d8fcd	10.0.1.2	Aruba Controller - Conference	f	0	7	0	\N	\N	60	2026-05-03 20:31:03.038+00	2026-05-03 20:31:03.038+00
f66b41ba-4b84-4f7b-9829-562f365f8a7d	444017d5-e022-4c5f-ac07-ea0d51f4609b	281fde73-7836-4511-b644-91f3663d8fcd	127.0.0.1	Cryptsk Gateway (Multimode)	t	0	0	0	0	2026-05-03 20:31:03.038+00	60	2026-05-03 20:31:03.039+00	2026-05-03 20:31:03.039+00
ee7043ff-3292-4c0a-8e91-081fc64351fc	444017d5-e022-4c5f-ac07-ea0d51f4609b	281fde73-7836-4511-b644-91f3663d8fcd	10.0.1.1	MikroTik Router - Main	f	0	16	0	\N	\N	60	2026-05-03 20:32:03.036+00	2026-05-03 20:32:03.036+00
65096995-e36e-43b7-862e-cca1eadfef50	444017d5-e022-4c5f-ac07-ea0d51f4609b	281fde73-7836-4511-b644-91f3663d8fcd	10.0.1.2	Aruba Controller - Conference	f	0	7	0	\N	\N	60	2026-05-03 20:32:03.038+00	2026-05-03 20:32:03.038+00
e84b4a5e-fda2-4f58-91f9-65e605dd1f0a	444017d5-e022-4c5f-ac07-ea0d51f4609b	281fde73-7836-4511-b644-91f3663d8fcd	127.0.0.1	Cryptsk Gateway (Multimode)	t	0	0	0	0	2026-05-03 20:32:03.038+00	60	2026-05-03 20:32:03.039+00	2026-05-03 20:32:03.039+00
bf6f2ead-7a06-440d-9551-fbc64750b7ad	444017d5-e022-4c5f-ac07-ea0d51f4609b	281fde73-7836-4511-b644-91f3663d8fcd	10.0.1.1	MikroTik Router - Main	f	0	16	0	\N	\N	60	2026-05-03 20:33:03.035+00	2026-05-03 20:33:03.035+00
f12a6faa-4255-40f3-8502-1cd57d0dbb82	444017d5-e022-4c5f-ac07-ea0d51f4609b	281fde73-7836-4511-b644-91f3663d8fcd	10.0.1.2	Aruba Controller - Conference	f	0	7	0	\N	\N	60	2026-05-03 20:33:03.037+00	2026-05-03 20:33:03.037+00
606ca868-40b2-468c-89ff-8a13048fd171	444017d5-e022-4c5f-ac07-ea0d51f4609b	281fde73-7836-4511-b644-91f3663d8fcd	127.0.0.1	Cryptsk Gateway (Multimode)	t	0	0	0	0	2026-05-03 20:33:03.037+00	60	2026-05-03 20:33:03.038+00	2026-05-03 20:33:03.038+00
a8a46ef8-f95c-4be5-8ef6-2cee97df4fc3	444017d5-e022-4c5f-ac07-ea0d51f4609b	281fde73-7836-4511-b644-91f3663d8fcd	10.0.1.1	MikroTik Router - Main	f	0	16	0	\N	\N	60	2026-05-03 20:34:03.17+00	2026-05-03 20:34:03.17+00
c4e1c9c5-41c3-42d7-be9c-61aa7a8bcc3c	444017d5-e022-4c5f-ac07-ea0d51f4609b	281fde73-7836-4511-b644-91f3663d8fcd	10.0.1.2	Aruba Controller - Conference	f	0	7	0	\N	\N	60	2026-05-03 20:34:03.172+00	2026-05-03 20:34:03.172+00
58bed20d-de91-40de-a917-180d3ca36377	444017d5-e022-4c5f-ac07-ea0d51f4609b	281fde73-7836-4511-b644-91f3663d8fcd	127.0.0.1	Cryptsk Gateway (Multimode)	t	0	0	0	0	2026-05-03 20:34:03.172+00	60	2026-05-03 20:34:03.173+00	2026-05-03 20:34:03.173+00
38646f6a-3702-4830-8563-fb1cf4af60b1	444017d5-e022-4c5f-ac07-ea0d51f4609b	281fde73-7836-4511-b644-91f3663d8fcd	10.0.1.1	MikroTik Router - Main	f	0	16	0	\N	\N	60	2026-05-03 20:35:03.023+00	2026-05-03 20:35:03.023+00
ab45fcde-fa7c-4ee1-a3a7-cb43e7e68ead	444017d5-e022-4c5f-ac07-ea0d51f4609b	281fde73-7836-4511-b644-91f3663d8fcd	10.0.1.2	Aruba Controller - Conference	f	0	7	0	\N	\N	60	2026-05-03 20:35:03.048+00	2026-05-03 20:35:03.048+00
379c212c-36dc-450e-95b3-65e569647155	444017d5-e022-4c5f-ac07-ea0d51f4609b	281fde73-7836-4511-b644-91f3663d8fcd	127.0.0.1	Cryptsk Gateway (Multimode)	t	0	0	0	0	2026-05-03 20:35:03.049+00	60	2026-05-03 20:35:03.05+00	2026-05-03 20:35:03.05+00
768b262f-44eb-4196-9a87-3466af910c47	444017d5-e022-4c5f-ac07-ea0d51f4609b	281fde73-7836-4511-b644-91f3663d8fcd	10.0.1.1	MikroTik Router - Main	f	0	16	0	\N	\N	60	2026-05-03 20:36:03.048+00	2026-05-03 20:36:03.048+00
5cf4ae37-4122-4411-aaf3-bb01f7efd754	444017d5-e022-4c5f-ac07-ea0d51f4609b	281fde73-7836-4511-b644-91f3663d8fcd	10.0.1.2	Aruba Controller - Conference	f	0	7	0	\N	\N	60	2026-05-03 20:36:03.055+00	2026-05-03 20:36:03.055+00
df34874e-e5d9-48be-9b66-c4f5ac5e2ca8	444017d5-e022-4c5f-ac07-ea0d51f4609b	281fde73-7836-4511-b644-91f3663d8fcd	127.0.0.1	Cryptsk Gateway (Multimode)	t	0	0	0	0	2026-05-03 20:36:03.056+00	60	2026-05-03 20:36:03.057+00	2026-05-03 20:36:03.057+00
dd79cab3-e638-406f-9810-a43b414fd387	444017d5-e022-4c5f-ac07-ea0d51f4609b	281fde73-7836-4511-b644-91f3663d8fcd	10.0.1.1	MikroTik Router - Main	f	0	16	0	\N	\N	60	2026-05-03 20:37:03.027+00	2026-05-03 20:37:03.027+00
2c1a78c5-c9ac-4b49-9740-f70e10a4fc2b	444017d5-e022-4c5f-ac07-ea0d51f4609b	281fde73-7836-4511-b644-91f3663d8fcd	10.0.1.2	Aruba Controller - Conference	f	0	7	0	\N	\N	60	2026-05-03 20:37:03.034+00	2026-05-03 20:37:03.034+00
c3ad75e8-6795-4f66-908c-1cca05bf3ecd	444017d5-e022-4c5f-ac07-ea0d51f4609b	281fde73-7836-4511-b644-91f3663d8fcd	127.0.0.1	Cryptsk Gateway (Multimode)	t	0	0	0	0	2026-05-03 20:37:03.036+00	60	2026-05-03 20:37:03.037+00	2026-05-03 20:37:03.037+00
c15ea63d-4c87-4d3b-8ef6-434a22173c0f	444017d5-e022-4c5f-ac07-ea0d51f4609b	281fde73-7836-4511-b644-91f3663d8fcd	10.0.1.1	MikroTik Router - Main	f	0	16	0	\N	\N	60	2026-05-03 20:38:03.023+00	2026-05-03 20:38:03.023+00
0e6aa824-88d8-4e1d-9953-0d19be797861	444017d5-e022-4c5f-ac07-ea0d51f4609b	281fde73-7836-4511-b644-91f3663d8fcd	10.0.1.2	Aruba Controller - Conference	f	0	7	0	\N	\N	60	2026-05-03 20:38:03.025+00	2026-05-03 20:38:03.025+00
acc5079d-c83d-45a8-a405-8749c6fb07a2	444017d5-e022-4c5f-ac07-ea0d51f4609b	281fde73-7836-4511-b644-91f3663d8fcd	127.0.0.1	Cryptsk Gateway (Multimode)	t	0	0	0	0	2026-05-03 20:38:03.026+00	60	2026-05-03 20:38:03.027+00	2026-05-03 20:38:03.027+00
8f96cbba-b9f4-426a-bbdb-332a1a6bd217	444017d5-e022-4c5f-ac07-ea0d51f4609b	281fde73-7836-4511-b644-91f3663d8fcd	10.0.1.1	MikroTik Router - Main	f	0	16	0	\N	\N	60	2026-05-03 20:39:03.176+00	2026-05-03 20:39:03.176+00
403c6b2c-3630-4d37-83cb-a607464dd284	444017d5-e022-4c5f-ac07-ea0d51f4609b	281fde73-7836-4511-b644-91f3663d8fcd	10.0.1.2	Aruba Controller - Conference	f	0	7	0	\N	\N	60	2026-05-03 20:39:03.179+00	2026-05-03 20:39:03.179+00
5227cdf8-c79a-4250-bf64-6e5275dcc368	444017d5-e022-4c5f-ac07-ea0d51f4609b	281fde73-7836-4511-b644-91f3663d8fcd	127.0.0.1	Cryptsk Gateway (Multimode)	t	0	0	0	0	2026-05-03 20:39:03.18+00	60	2026-05-03 20:39:03.181+00	2026-05-03 20:39:03.181+00
beedf9c2-761a-4f9d-b096-5950485c64a1	444017d5-e022-4c5f-ac07-ea0d51f4609b	281fde73-7836-4511-b644-91f3663d8fcd	10.0.1.1	MikroTik Router - Main	f	0	16	0	\N	\N	60	2026-05-03 20:40:03.027+00	2026-05-03 20:40:03.027+00
fdfe09e6-40bf-4530-81ad-f6114016aaab	444017d5-e022-4c5f-ac07-ea0d51f4609b	281fde73-7836-4511-b644-91f3663d8fcd	10.0.1.2	Aruba Controller - Conference	f	0	7	0	\N	\N	60	2026-05-03 20:40:03.029+00	2026-05-03 20:40:03.029+00
9f66034a-791e-4c35-8c64-74cbf706f5ce	444017d5-e022-4c5f-ac07-ea0d51f4609b	281fde73-7836-4511-b644-91f3663d8fcd	127.0.0.1	Cryptsk Gateway (Multimode)	t	0	0	0	0	2026-05-03 20:40:03.029+00	60	2026-05-03 20:40:03.03+00	2026-05-03 20:40:03.03+00
7a8ecd4f-dee2-499f-9923-f44c8cd9f178	444017d5-e022-4c5f-ac07-ea0d51f4609b	281fde73-7836-4511-b644-91f3663d8fcd	10.0.1.1	MikroTik Router - Main	f	0	16	0	\N	\N	60	2026-05-03 20:41:03.034+00	2026-05-03 20:41:03.034+00
7577dbd4-7124-4ba3-b6ba-a6fe78606924	444017d5-e022-4c5f-ac07-ea0d51f4609b	281fde73-7836-4511-b644-91f3663d8fcd	10.0.1.2	Aruba Controller - Conference	f	0	7	0	\N	\N	60	2026-05-03 20:41:03.04+00	2026-05-03 20:41:03.04+00
87c47350-0995-48ae-b2d8-3ae8285baabc	444017d5-e022-4c5f-ac07-ea0d51f4609b	281fde73-7836-4511-b644-91f3663d8fcd	127.0.0.1	Cryptsk Gateway (Multimode)	t	0	0	0	0	2026-05-03 20:41:03.041+00	60	2026-05-03 20:41:03.042+00	2026-05-03 20:41:03.042+00
0b4f1e31-f39c-41d5-8ff5-63106c243ab0	444017d5-e022-4c5f-ac07-ea0d51f4609b	281fde73-7836-4511-b644-91f3663d8fcd	10.0.1.1	MikroTik Router - Main	f	0	16	0	\N	\N	60	2026-05-03 20:42:03.024+00	2026-05-03 20:42:03.024+00
3b809048-67cb-45ea-8157-ef1ff3f164f2	444017d5-e022-4c5f-ac07-ea0d51f4609b	281fde73-7836-4511-b644-91f3663d8fcd	10.0.1.2	Aruba Controller - Conference	f	0	7	0	\N	\N	60	2026-05-03 20:42:03.026+00	2026-05-03 20:42:03.026+00
a269a630-2404-4a86-911c-309647966e2c	444017d5-e022-4c5f-ac07-ea0d51f4609b	281fde73-7836-4511-b644-91f3663d8fcd	127.0.0.1	Cryptsk Gateway (Multimode)	t	0	0	0	0	2026-05-03 20:42:03.027+00	60	2026-05-03 20:42:03.028+00	2026-05-03 20:42:03.028+00
55281a42-0840-4838-90e9-d3c2ae525eb3	444017d5-e022-4c5f-ac07-ea0d51f4609b	281fde73-7836-4511-b644-91f3663d8fcd	10.0.1.1	MikroTik Router - Main	f	0	16	0	\N	\N	60	2026-05-03 20:43:03.042+00	2026-05-03 20:43:03.042+00
654f6686-bf26-4971-b871-b4f5dd94f335	444017d5-e022-4c5f-ac07-ea0d51f4609b	281fde73-7836-4511-b644-91f3663d8fcd	10.0.1.2	Aruba Controller - Conference	f	0	7	0	\N	\N	60	2026-05-03 20:43:03.049+00	2026-05-03 20:43:03.049+00
35197fae-8281-4550-bf38-b36fce6efe3c	444017d5-e022-4c5f-ac07-ea0d51f4609b	281fde73-7836-4511-b644-91f3663d8fcd	127.0.0.1	Cryptsk Gateway (Multimode)	t	0	0	0	0	2026-05-03 20:43:03.049+00	60	2026-05-03 20:43:03.05+00	2026-05-03 20:43:03.05+00
64e769fb-f1fe-431e-a5a5-fde3d33b95d2	444017d5-e022-4c5f-ac07-ea0d51f4609b	281fde73-7836-4511-b644-91f3663d8fcd	10.0.1.1	MikroTik Router - Main	f	0	16	0	\N	\N	60	2026-05-03 20:44:03.023+00	2026-05-03 20:44:03.023+00
83f49ecc-7211-482d-84d2-673b5d703eeb	444017d5-e022-4c5f-ac07-ea0d51f4609b	281fde73-7836-4511-b644-91f3663d8fcd	10.0.1.2	Aruba Controller - Conference	f	0	7	0	\N	\N	60	2026-05-03 20:44:03.028+00	2026-05-03 20:44:03.028+00
8ef760e2-3a1f-4c42-b517-45aa8ebcdb40	444017d5-e022-4c5f-ac07-ea0d51f4609b	281fde73-7836-4511-b644-91f3663d8fcd	127.0.0.1	Cryptsk Gateway (Multimode)	t	0	0	0	0	2026-05-03 20:44:03.029+00	60	2026-05-03 20:44:03.029+00	2026-05-03 20:44:03.029+00
f8d121f6-dda7-437c-9ad3-757e642c81cd	444017d5-e022-4c5f-ac07-ea0d51f4609b	281fde73-7836-4511-b644-91f3663d8fcd	10.0.1.1	MikroTik Router - Main	f	0	16	0	\N	\N	60	2026-05-03 20:45:03.146+00	2026-05-03 20:45:03.146+00
481e377f-15bf-4c98-bd4f-0432158841c7	444017d5-e022-4c5f-ac07-ea0d51f4609b	281fde73-7836-4511-b644-91f3663d8fcd	10.0.1.2	Aruba Controller - Conference	f	0	7	0	\N	\N	60	2026-05-03 20:45:03.148+00	2026-05-03 20:45:03.148+00
30bd6deb-03f9-4244-ad6c-4603ede0c6f0	444017d5-e022-4c5f-ac07-ea0d51f4609b	281fde73-7836-4511-b644-91f3663d8fcd	127.0.0.1	Cryptsk Gateway (Multimode)	t	0	0	0	0	2026-05-03 20:45:03.148+00	60	2026-05-03 20:45:03.149+00	2026-05-03 20:45:03.149+00
06ed00db-829f-4350-b7a8-cd8a1d8491b9	444017d5-e022-4c5f-ac07-ea0d51f4609b	281fde73-7836-4511-b644-91f3663d8fcd	10.0.1.1	MikroTik Router - Main	f	0	16	0	\N	\N	60	2026-05-03 20:46:03.019+00	2026-05-03 20:46:03.019+00
fa3dbb6d-adf5-4563-8c15-63fe637978f3	444017d5-e022-4c5f-ac07-ea0d51f4609b	281fde73-7836-4511-b644-91f3663d8fcd	10.0.1.2	Aruba Controller - Conference	f	0	7	0	\N	\N	60	2026-05-03 20:46:03.021+00	2026-05-03 20:46:03.021+00
7f974676-2dd9-4560-bf7d-eb16a033da07	444017d5-e022-4c5f-ac07-ea0d51f4609b	281fde73-7836-4511-b644-91f3663d8fcd	127.0.0.1	Cryptsk Gateway (Multimode)	t	0	0	0	0	2026-05-03 20:46:03.021+00	60	2026-05-03 20:46:03.022+00	2026-05-03 20:46:03.022+00
5a003fd7-c0d5-4de1-8188-d7de9da68676	444017d5-e022-4c5f-ac07-ea0d51f4609b	281fde73-7836-4511-b644-91f3663d8fcd	10.0.1.1	MikroTik Router - Main	f	0	16	0	\N	\N	60	2026-05-03 20:47:03.022+00	2026-05-03 20:47:03.022+00
7efbde04-7532-4fec-bfe6-c0b0ba860e4a	444017d5-e022-4c5f-ac07-ea0d51f4609b	281fde73-7836-4511-b644-91f3663d8fcd	10.0.1.2	Aruba Controller - Conference	f	0	7	0	\N	\N	60	2026-05-03 20:47:03.031+00	2026-05-03 20:47:03.031+00
d11251eb-f69d-42a0-a1a2-1d16c719e1ee	444017d5-e022-4c5f-ac07-ea0d51f4609b	281fde73-7836-4511-b644-91f3663d8fcd	127.0.0.1	Cryptsk Gateway (Multimode)	t	0	0	0	0	2026-05-03 20:47:03.031+00	60	2026-05-03 20:47:03.032+00	2026-05-03 20:47:03.032+00
0fd555bb-07a3-4953-a7e4-07e3af5eaad3	444017d5-e022-4c5f-ac07-ea0d51f4609b	281fde73-7836-4511-b644-91f3663d8fcd	10.0.1.1	MikroTik Router - Main	f	0	16	0	\N	\N	60	2026-05-03 20:48:03.037+00	2026-05-03 20:48:03.037+00
8e3f4475-97ba-421b-99c1-f8790912ad9d	444017d5-e022-4c5f-ac07-ea0d51f4609b	281fde73-7836-4511-b644-91f3663d8fcd	10.0.1.2	Aruba Controller - Conference	f	0	7	0	\N	\N	60	2026-05-03 20:48:03.039+00	2026-05-03 20:48:03.039+00
2ac0b294-2243-4bbe-8b16-8451d687b835	444017d5-e022-4c5f-ac07-ea0d51f4609b	281fde73-7836-4511-b644-91f3663d8fcd	127.0.0.1	Cryptsk Gateway (Multimode)	t	0	0	0	0	2026-05-03 20:48:03.04+00	60	2026-05-03 20:48:03.04+00	2026-05-03 20:48:03.04+00
58c5ba4b-6a5c-488a-a201-73002a829c9d	444017d5-e022-4c5f-ac07-ea0d51f4609b	281fde73-7836-4511-b644-91f3663d8fcd	10.0.1.1	MikroTik Router - Main	f	0	16	0	\N	\N	60	2026-05-03 20:49:03.03+00	2026-05-03 20:49:03.03+00
a8bffb3b-ae30-4274-b73a-6ac97e4f4a32	444017d5-e022-4c5f-ac07-ea0d51f4609b	281fde73-7836-4511-b644-91f3663d8fcd	10.0.1.2	Aruba Controller - Conference	f	0	7	0	\N	\N	60	2026-05-03 20:49:03.032+00	2026-05-03 20:49:03.032+00
1dccdd0f-ef4c-41e3-87ec-968ef85098bf	444017d5-e022-4c5f-ac07-ea0d51f4609b	281fde73-7836-4511-b644-91f3663d8fcd	127.0.0.1	Cryptsk Gateway (Multimode)	t	0	0	0	0	2026-05-03 20:49:03.032+00	60	2026-05-03 20:49:03.033+00	2026-05-03 20:49:03.033+00
b3be5d46-8b4e-43e3-8ad8-ddefd2b46e44	444017d5-e022-4c5f-ac07-ea0d51f4609b	281fde73-7836-4511-b644-91f3663d8fcd	10.0.1.1	MikroTik Router - Main	f	0	16	0	\N	\N	60	2026-05-03 20:50:03.213+00	2026-05-03 20:50:03.213+00
8ca400d8-6470-4bfb-97ca-4ba20f814729	444017d5-e022-4c5f-ac07-ea0d51f4609b	281fde73-7836-4511-b644-91f3663d8fcd	10.0.1.2	Aruba Controller - Conference	f	0	7	0	\N	\N	60	2026-05-03 20:50:03.217+00	2026-05-03 20:50:03.217+00
40f28edf-6df6-4c94-bf9d-74e517ee0aa0	444017d5-e022-4c5f-ac07-ea0d51f4609b	281fde73-7836-4511-b644-91f3663d8fcd	127.0.0.1	Cryptsk Gateway (Multimode)	t	0	0	0	0	2026-05-03 20:50:03.218+00	60	2026-05-03 20:50:03.219+00	2026-05-03 20:50:03.219+00
3a1afdec-c8a5-4eb5-8330-29914b6dfa7b	444017d5-e022-4c5f-ac07-ea0d51f4609b	281fde73-7836-4511-b644-91f3663d8fcd	10.0.1.1	MikroTik Router - Main	f	0	16	0	\N	\N	60	2026-05-03 20:51:03.05+00	2026-05-03 20:51:03.05+00
18c27b2e-58ce-4bc7-8666-601ef8fe37c1	444017d5-e022-4c5f-ac07-ea0d51f4609b	281fde73-7836-4511-b644-91f3663d8fcd	10.0.1.2	Aruba Controller - Conference	f	0	7	0	\N	\N	60	2026-05-03 20:51:03.052+00	2026-05-03 20:51:03.052+00
d24c8f22-d7dd-4f50-9ffc-5927fe2fa550	444017d5-e022-4c5f-ac07-ea0d51f4609b	281fde73-7836-4511-b644-91f3663d8fcd	127.0.0.1	Cryptsk Gateway (Multimode)	t	0	0	0	0	2026-05-03 20:51:03.053+00	60	2026-05-03 20:51:03.054+00	2026-05-03 20:51:03.054+00
2a29e0b2-5b80-40de-98a7-59650c8a7994	444017d5-e022-4c5f-ac07-ea0d51f4609b	281fde73-7836-4511-b644-91f3663d8fcd	10.0.1.1	MikroTik Router - Main	f	0	16	0	\N	\N	60	2026-05-03 20:52:03.021+00	2026-05-03 20:52:03.021+00
6d4f72b9-49e7-4808-8904-c41245a6f2ae	444017d5-e022-4c5f-ac07-ea0d51f4609b	281fde73-7836-4511-b644-91f3663d8fcd	10.0.1.2	Aruba Controller - Conference	f	0	7	0	\N	\N	60	2026-05-03 20:52:03.044+00	2026-05-03 20:52:03.044+00
61dda04d-6de8-41e6-8edf-cf09d37d4632	444017d5-e022-4c5f-ac07-ea0d51f4609b	281fde73-7836-4511-b644-91f3663d8fcd	127.0.0.1	Cryptsk Gateway (Multimode)	t	0	0	0	0	2026-05-03 20:52:03.044+00	60	2026-05-03 20:52:03.045+00	2026-05-03 20:52:03.045+00
730d1356-1580-4829-8408-9e62012ad080	444017d5-e022-4c5f-ac07-ea0d51f4609b	281fde73-7836-4511-b644-91f3663d8fcd	10.0.1.1	MikroTik Router - Main	f	0	16	0	\N	\N	60	2026-05-03 20:53:03.027+00	2026-05-03 20:53:03.027+00
fb8b0399-b8c0-4dc8-b4f4-2c1776f22a48	444017d5-e022-4c5f-ac07-ea0d51f4609b	281fde73-7836-4511-b644-91f3663d8fcd	10.0.1.2	Aruba Controller - Conference	f	0	7	0	\N	\N	60	2026-05-03 20:53:03.03+00	2026-05-03 20:53:03.03+00
d721cbdc-7a18-48d8-b774-50ee61ba6efc	444017d5-e022-4c5f-ac07-ea0d51f4609b	281fde73-7836-4511-b644-91f3663d8fcd	127.0.0.1	Cryptsk Gateway (Multimode)	t	0	0	0	0	2026-05-03 20:53:03.03+00	60	2026-05-03 20:53:03.032+00	2026-05-03 20:53:03.032+00
59436988-0ae8-4be2-83fd-cebe106f4254	444017d5-e022-4c5f-ac07-ea0d51f4609b	281fde73-7836-4511-b644-91f3663d8fcd	10.0.1.1	MikroTik Router - Main	f	0	16	0	\N	\N	60	2026-05-03 20:54:03.026+00	2026-05-03 20:54:03.026+00
7314f17d-3af5-40dc-a871-a86ab05de067	444017d5-e022-4c5f-ac07-ea0d51f4609b	281fde73-7836-4511-b644-91f3663d8fcd	10.0.1.2	Aruba Controller - Conference	f	0	7	0	\N	\N	60	2026-05-03 20:54:03.028+00	2026-05-03 20:54:03.028+00
14546f6f-f484-43bd-abc8-cd44c74309b8	444017d5-e022-4c5f-ac07-ea0d51f4609b	281fde73-7836-4511-b644-91f3663d8fcd	127.0.0.1	Cryptsk Gateway (Multimode)	t	0	0	0	0	2026-05-03 20:54:03.028+00	60	2026-05-03 20:54:03.029+00	2026-05-03 20:54:03.029+00
c2d7fd17-76e2-4610-889a-22d7865d9494	444017d5-e022-4c5f-ac07-ea0d51f4609b	281fde73-7836-4511-b644-91f3663d8fcd	10.0.1.1	MikroTik Router - Main	f	0	16	0	\N	\N	60	2026-05-03 20:55:03.019+00	2026-05-03 20:55:03.019+00
2a76a81f-1a18-4ec5-9500-5ac574213c1e	444017d5-e022-4c5f-ac07-ea0d51f4609b	281fde73-7836-4511-b644-91f3663d8fcd	10.0.1.2	Aruba Controller - Conference	f	0	7	0	\N	\N	60	2026-05-03 20:55:03.021+00	2026-05-03 20:55:03.021+00
96c0f383-e28e-45c9-8830-8924a388d244	444017d5-e022-4c5f-ac07-ea0d51f4609b	281fde73-7836-4511-b644-91f3663d8fcd	127.0.0.1	Cryptsk Gateway (Multimode)	t	0	0	0	0	2026-05-03 20:55:03.021+00	60	2026-05-03 20:55:03.022+00	2026-05-03 20:55:03.022+00
71dde0db-6a54-41ac-bec2-11c829584408	444017d5-e022-4c5f-ac07-ea0d51f4609b	281fde73-7836-4511-b644-91f3663d8fcd	10.0.1.1	MikroTik Router - Main	f	0	16	0	\N	\N	60	2026-05-03 20:56:03.195+00	2026-05-03 20:56:03.195+00
49a72710-e892-450a-8796-75f72e352bb4	444017d5-e022-4c5f-ac07-ea0d51f4609b	281fde73-7836-4511-b644-91f3663d8fcd	10.0.1.2	Aruba Controller - Conference	f	0	7	0	\N	\N	60	2026-05-03 20:56:03.201+00	2026-05-03 20:56:03.201+00
89291b1a-04f8-4b71-8c7e-43bbc7ec7f0c	444017d5-e022-4c5f-ac07-ea0d51f4609b	281fde73-7836-4511-b644-91f3663d8fcd	127.0.0.1	Cryptsk Gateway (Multimode)	t	0	0	0	0	2026-05-03 20:56:03.201+00	60	2026-05-03 20:56:03.202+00	2026-05-03 20:56:03.202+00
5bf2da05-b792-4e84-804f-f7d93dd202ec	444017d5-e022-4c5f-ac07-ea0d51f4609b	281fde73-7836-4511-b644-91f3663d8fcd	10.0.1.1	MikroTik Router - Main	f	0	16	0	\N	\N	60	2026-05-03 20:57:03.034+00	2026-05-03 20:57:03.034+00
f2e28394-0187-4316-bc38-86c0cbb334b2	444017d5-e022-4c5f-ac07-ea0d51f4609b	281fde73-7836-4511-b644-91f3663d8fcd	10.0.1.2	Aruba Controller - Conference	f	0	7	0	\N	\N	60	2026-05-03 20:57:03.041+00	2026-05-03 20:57:03.041+00
13b76f43-785d-42a5-bc50-3e4431b7ee2e	444017d5-e022-4c5f-ac07-ea0d51f4609b	281fde73-7836-4511-b644-91f3663d8fcd	127.0.0.1	Cryptsk Gateway (Multimode)	t	0	0	0	0	2026-05-03 20:57:03.042+00	60	2026-05-03 20:57:03.043+00	2026-05-03 20:57:03.043+00
a9c2289f-b35c-4390-bcf9-87e2f5b4dcb5	444017d5-e022-4c5f-ac07-ea0d51f4609b	281fde73-7836-4511-b644-91f3663d8fcd	10.0.1.1	MikroTik Router - Main	f	0	16	0	\N	\N	60	2026-05-03 20:58:03.023+00	2026-05-03 20:58:03.023+00
6309ac5c-edf6-4a05-96e2-017a019ec6a7	444017d5-e022-4c5f-ac07-ea0d51f4609b	281fde73-7836-4511-b644-91f3663d8fcd	10.0.1.2	Aruba Controller - Conference	f	0	7	0	\N	\N	60	2026-05-03 20:58:03.024+00	2026-05-03 20:58:03.024+00
0c793b68-cfba-4366-b568-7560ed20eb0e	444017d5-e022-4c5f-ac07-ea0d51f4609b	281fde73-7836-4511-b644-91f3663d8fcd	127.0.0.1	Cryptsk Gateway (Multimode)	t	0	0	0	0	2026-05-03 20:58:03.025+00	60	2026-05-03 20:58:03.026+00	2026-05-03 20:58:03.026+00
e1cd2703-c2df-4654-a205-4aba7959937f	444017d5-e022-4c5f-ac07-ea0d51f4609b	281fde73-7836-4511-b644-91f3663d8fcd	10.0.1.1	MikroTik Router - Main	f	0	16	0	\N	\N	60	2026-05-03 20:59:03.036+00	2026-05-03 20:59:03.036+00
537de4a2-9980-42bc-935b-bbe5651d6f34	444017d5-e022-4c5f-ac07-ea0d51f4609b	281fde73-7836-4511-b644-91f3663d8fcd	10.0.1.2	Aruba Controller - Conference	f	0	7	0	\N	\N	60	2026-05-03 20:59:03.039+00	2026-05-03 20:59:03.039+00
6bd4b50a-184b-4725-a69d-3ca4468cf930	444017d5-e022-4c5f-ac07-ea0d51f4609b	281fde73-7836-4511-b644-91f3663d8fcd	127.0.0.1	Cryptsk Gateway (Multimode)	t	0	0	0	0	2026-05-03 20:59:03.04+00	60	2026-05-03 20:59:03.041+00	2026-05-03 20:59:03.041+00
880a8d25-64eb-407f-9a0c-32ee8ba6bae5	444017d5-e022-4c5f-ac07-ea0d51f4609b	281fde73-7836-4511-b644-91f3663d8fcd	10.0.1.1	MikroTik Router - Main	f	0	16	0	\N	\N	60	2026-05-03 21:00:03.03+00	2026-05-03 21:00:03.03+00
ec9886a1-9748-43bf-a1f9-ae3755dfb997	444017d5-e022-4c5f-ac07-ea0d51f4609b	281fde73-7836-4511-b644-91f3663d8fcd	10.0.1.2	Aruba Controller - Conference	f	0	7	0	\N	\N	60	2026-05-03 21:00:03.032+00	2026-05-03 21:00:03.032+00
108eb061-eba3-4d86-bf3d-4987fe74e079	444017d5-e022-4c5f-ac07-ea0d51f4609b	281fde73-7836-4511-b644-91f3663d8fcd	127.0.0.1	Cryptsk Gateway (Multimode)	t	0	0	0	0	2026-05-03 21:00:03.032+00	60	2026-05-03 21:00:03.033+00	2026-05-03 21:00:03.033+00
6ce178b3-a353-4381-a177-a916888a6798	444017d5-e022-4c5f-ac07-ea0d51f4609b	281fde73-7836-4511-b644-91f3663d8fcd	10.0.1.1	MikroTik Router - Main	f	0	16	0	\N	\N	60	2026-05-03 21:01:03.196+00	2026-05-03 21:01:03.196+00
36f211fc-bced-43be-95d7-66ad8323a40e	444017d5-e022-4c5f-ac07-ea0d51f4609b	281fde73-7836-4511-b644-91f3663d8fcd	10.0.1.2	Aruba Controller - Conference	f	0	7	0	\N	\N	60	2026-05-03 21:01:03.203+00	2026-05-03 21:01:03.203+00
34d6101a-6bd8-4f4b-a77f-36cbbc52c590	444017d5-e022-4c5f-ac07-ea0d51f4609b	281fde73-7836-4511-b644-91f3663d8fcd	127.0.0.1	Cryptsk Gateway (Multimode)	t	0	0	0	0	2026-05-03 21:01:03.203+00	60	2026-05-03 21:01:03.204+00	2026-05-03 21:01:03.204+00
4595fdd1-64c4-4e04-aa1a-a13beb0e12a8	444017d5-e022-4c5f-ac07-ea0d51f4609b	281fde73-7836-4511-b644-91f3663d8fcd	10.0.1.1	MikroTik Router - Main	f	0	16	0	\N	\N	60	2026-05-03 21:02:03.022+00	2026-05-03 21:02:03.022+00
3559a709-739c-4a55-892b-bbcf4d077803	444017d5-e022-4c5f-ac07-ea0d51f4609b	281fde73-7836-4511-b644-91f3663d8fcd	10.0.1.2	Aruba Controller - Conference	f	0	7	0	\N	\N	60	2026-05-03 21:02:03.025+00	2026-05-03 21:02:03.025+00
17320715-0ce3-4e95-b60a-f5af183d1f3b	444017d5-e022-4c5f-ac07-ea0d51f4609b	281fde73-7836-4511-b644-91f3663d8fcd	127.0.0.1	Cryptsk Gateway (Multimode)	t	0	0	0	0	2026-05-03 21:02:03.025+00	60	2026-05-03 21:02:03.026+00	2026-05-03 21:02:03.026+00
\.


--
-- Data for Name: NatLog; Type: TABLE DATA; Schema: public; Owner: -
--

COPY public."NatLog" (id, "tenantId", "propertyId", "timestamp", "sourceIp", "sourcePort", "destIp", "destPort", protocol, "destDomain", action, bytes, "sessionId") FROM stdin;
a2962fd3-b5be-49b8-9c4d-714aa7d580ce	444017d5-e022-4c5f-ac07-ea0d51f4609b	281fde73-7836-4511-b644-91f3663d8fcd	2026-05-03 17:27:50.653+00	192.168.10.105	54321	142.250.80.46	443	tcp	www.google.com	allow	524288	92c52d60-8e07-4377-9d8c-ef37fe244f5f
c2df40b7-b124-4e7f-82d5-a37a2d2372c8	444017d5-e022-4c5f-ac07-ea0d51f4609b	281fde73-7836-4511-b644-91f3663d8fcd	2026-05-03 15:27:50.653+00	192.168.10.110	54322	13.107.42.14	443	tcp	api.microsoft.com	allow	1048576	810d4c97-bf14-4460-8536-6a3d44b6d07b
021ddd5f-e24d-4bf1-8176-7b0df9da5658	444017d5-e022-4c5f-ac07-ea0d51f4609b	281fde73-7836-4511-b644-91f3663d8fcd	2026-05-03 13:27:50.653+00	192.168.10.140	54323	45.33.32.156	443	tcp	suspicious-domain.xyz	deny	0	91c10ef8-1922-47f3-8e74-8548675b4523
\.


--
-- Data for Name: NetworkConfigBackup; Type: TABLE DATA; Schema: public; Owner: -
--

COPY public."NetworkConfigBackup" (id, "tenantId", "propertyId", name, "configData", version, "autoBackup", "createdAt") FROM stdin;
3ba1bb3c-13fa-41eb-a923-4744496748fc	444017d5-e022-4c5f-ac07-ea0d51f4609b	281fde73-7836-4511-b644-91f3663d8fcd	Weekly Auto-Backup	{"interfaces":{"eth0":{"type":"wan","ip":"dhcp"},"eth1":{"type":"lan","ip":"192.168.1.1/24"}},"vlans":{"10":"Guest","20":"Staff","30":"POS","40":"IoT","50":"Management"},"dhcp":{"guest":"192.168.10.0/24","staff":"192.168.20.0/24"},"firewall":{"defaultPolicy":"drop","rules":6}}	12	t	2026-05-02 19:27:50.653+00
dc4e1669-c505-4fa1-94f9-f725a3c5c174	444017d5-e022-4c5f-ac07-ea0d51f4609b	281fde73-7836-4511-b644-91f3663d8fcd	Manual Pre-Maintenance Backup	{"interfaces":{"eth0":{"type":"wan","ip":"dhcp"},"eth1":{"type":"lan","ip":"192.168.1.1/24"}},"vlans":{"10":"Guest","20":"Staff","30":"POS","40":"IoT","50":"Management"},"note":"Pre-maintenance snapshot before firmware upgrade"}	11	f	2026-04-28 19:27:50.653+00
\.


--
-- Data for Name: NetworkInterface; Type: TABLE DATA; Schema: public; Owner: -
--

COPY public."NetworkInterface" (id, "tenantId", "propertyId", name, type, "hwAddress", mtu, speed, status, carrier, "isManagement", description, "createdAt", "updatedAt") FROM stdin;
b13cfcc5-4e94-4245-8a5f-082eac4a7b01	444017d5-e022-4c5f-ac07-ea0d51f4609b	281fde73-7836-4511-b644-91f3663d8fcd	eth0	ethernet	00:1A:2B:3C:4D:01	1500	1000M	up	t	f	Primary WAN uplink - ISP Airtel Fibre	2026-05-03 19:27:50.69+00	2026-05-03 19:27:50.69+00
2983fc24-d37b-447e-b86c-0a57bc781a10	444017d5-e022-4c5f-ac07-ea0d51f4609b	281fde73-7836-4511-b644-91f3663d8fcd	eth1	ethernet	00:1A:2B:3C:4D:02	1500	1000M	up	t	f	Primary LAN - Connected to main switch	2026-05-03 19:27:50.69+00	2026-05-03 19:27:50.69+00
38916a92-3d6b-49e6-b489-de5098c2e733	444017d5-e022-4c5f-ac07-ea0d51f4609b	281fde73-7836-4511-b644-91f3663d8fcd	br0	bridge	00:1A:2B:3C:4D:03	1500	1000M	up	t	f	Main bridge - LAN + Guest	2026-05-03 19:27:50.69+00	2026-05-03 19:27:50.69+00
46bab1f7-75ec-4e86-9155-d152a3a2e71f	444017d5-e022-4c5f-ac07-ea0d51f4609b	281fde73-7836-4511-b644-91f3663d8fcd	bond0	bond	00:1A:2B:3C:4D:04	1500	2000M	up	t	f	LACP bond of eth0 + backup WAN	2026-05-03 19:27:50.69+00	2026-05-03 19:27:50.69+00
4b7b3303-c060-4e69-b20d-4fa6ebca6fab	444017d5-e022-4c5f-ac07-ea0d51f4609b	281fde73-7836-4511-b644-91f3663d8fcd	wlan0	wireless	00:1A:2B:3C:4D:05	1500	867M	up	t	f	WiFi radio - 5GHz	2026-05-03 19:27:50.69+00	2026-05-03 19:27:50.69+00
45817e65-6245-490f-835a-0b88269549fd	444017d5-e022-4c5f-ac07-ea0d51f4609b	281fde73-7836-4511-b644-91f3663d8fcd	eth2	ethernet	00:1A:2B:3C:4D:06	1500	1000M	down	f	f	Backup WAN - Jio Fibre (standby)	2026-05-03 19:27:50.69+00	2026-05-03 19:27:50.69+00
\.


--
-- Data for Name: Notification; Type: TABLE DATA; Schema: public; Owner: -
--

COPY public."Notification" (id, "tenantId", "userId", type, category, title, message, data, link, icon, image, priority, "readAt", "dismissedAt", "actionType", "actionData", "expiresAt", "createdAt", "updatedAt") FROM stdin;
77e543a3-df14-41f0-9c80-0fb2361e8aab	444017d5-e022-4c5f-ac07-ea0d51f4609b	b763e2df-7bf1-4de8-94f8-97a1f1e7a0ec	booking_alert	warning	New Booking Request	Guest Pooja Saha has submitted a booking request for Standard Room 101 (RS-2024-005).	{"bookingId":"ba31a39a-e127-49d8-b18d-29088b49ac6d","guestId":"79877c7c-f915-4922-94a0-5d83df9e1d09"}	/bookings/booking-5	\N	\N	normal	2026-04-27 19:27:50.761+00	\N	\N	\N	\N	2026-05-03 19:27:50.762+00	2026-05-03 19:27:50.762+00
80f86646-d26a-4d2f-87e0-10a24c79d715	444017d5-e022-4c5f-ac07-ea0d51f4609b	b763e2df-7bf1-4de8-94f8-97a1f1e7a0ec	housekeeping	info	Inspection Failed - Room 102	Room 102 inspection failed with a score of 78. 3 items need attention including mirror stains and AC noise.	{"inspectionId":"ir-2","roomId":"099d3527-9c08-4060-8813-fea8ca1553c7","score":78}	/housekeeping/inspections/ir-2	\N	\N	high	\N	\N	\N	\N	\N	2026-05-03 19:27:50.762+00	2026-05-03 19:27:50.762+00
75ec0ab9-5c43-469a-8977-53e4636eaaca	444017d5-e022-4c5f-ac07-ea0d51f4609b	b763e2df-7bf1-4de8-94f8-97a1f1e7a0ec	system	success	Database Backup Complete	Daily automated database backup completed successfully. Backup size: 2.4 GB.	{"backupId":"bak-daily-001","size":"2.4GB"}	\N	\N	\N	low	2026-05-03 07:27:50.761+00	\N	\N	\N	\N	2026-05-03 19:27:50.762+00	2026-05-03 19:27:50.762+00
96494eb0-dbaf-4b57-8c0f-11f02b462cc3	444017d5-e022-4c5f-ac07-ea0d51f4609b	b763e2df-7bf1-4de8-94f8-97a1f1e7a0ec	payment	success	Payment Received	Payment of INR 17,990 received from Amit Mukherjee for booking RS-2024-001.	{"paymentId":"c5c45224-4b94-4684-b5e5-7ae81c90d63d","bookingId":"b544cc77-46a6-4e53-921e-50db663eb482","amount":17990}	/billing/payments/pay-1	\N	\N	normal	\N	\N	\N	\N	\N	2026-05-03 19:27:50.762+00	2026-05-03 19:27:50.762+00
6e095361-4514-4268-acc5-43867745490c	444017d5-e022-4c5f-ac07-ea0d51f4609b	b763e2df-7bf1-4de8-94f8-97a1f1e7a0ec	crm	info	VIP Guest Arriving Today	Platinum-tier guest Rahul Banerjee (guest-3) is checking in today for booking RS-2024-002. Executive Suite 801.	{"guestId":"0dae0b8b-173a-4819-8a5e-7ff3be5c81d5","bookingId":"9b7a9397-91d2-4f9c-baf4-71123765747b","loyaltyTier":"platinum"}	/guests/guest-3	\N	\N	high	2026-05-02 19:27:50.761+00	\N	\N	\N	\N	2026-05-03 19:27:50.762+00	2026-05-03 19:27:50.762+00
\.


--
-- Data for Name: NotificationLog; Type: TABLE DATA; Schema: public; Owner: -
--

COPY public."NotificationLog" (id, "tenantId", "templateId", "recipientType", "recipientId", "recipientEmail", "recipientPhone", channel, subject, body, status, "errorMessage", "externalId", "retryCount", "sentAt", "deliveredAt", "createdAt") FROM stdin;
\.


--
-- Data for Name: NotificationPreference; Type: TABLE DATA; Schema: public; Owner: -
--

COPY public."NotificationPreference" (id, "tenantId", "userId", category, "emailEnabled", "smsEnabled", "pushEnabled", "inAppEnabled", "quietHoursStart", "quietHoursEnd", "quietHoursEnabled", "createdAt", "updatedAt") FROM stdin;
40cbb3f8-bd09-4606-b9b1-f5b64af81f0b	444017d5-e022-4c5f-ac07-ea0d51f4609b	b763e2df-7bf1-4de8-94f8-97a1f1e7a0ec	booking	t	t	t	t	23:00	07:00	t	2026-05-03 19:27:50.55+00	2026-05-03 19:27:50.55+00
3a193444-a817-412c-a747-da80861fd8b4	444017d5-e022-4c5f-ac07-ea0d51f4609b	b763e2df-7bf1-4de8-94f8-97a1f1e7a0ec	payment	t	f	t	t	23:00	07:00	t	2026-05-03 19:27:50.55+00	2026-05-03 19:27:50.55+00
163f8bc4-0a8c-4836-b243-f4c191dcee76	444017d5-e022-4c5f-ac07-ea0d51f4609b	b763e2df-7bf1-4de8-94f8-97a1f1e7a0ec	housekeeping	f	f	t	t	23:00	07:00	f	2026-05-03 19:27:50.55+00	2026-05-03 19:27:50.55+00
05a9bd27-2296-482c-853c-4130c83bef83	444017d5-e022-4c5f-ac07-ea0d51f4609b	b763e2df-7bf1-4de8-94f8-97a1f1e7a0ec	system	t	f	t	t	23:00	07:00	t	2026-05-03 19:27:50.55+00	2026-05-03 19:27:50.55+00
90384484-a472-4110-9bb5-aa6749d1cd3f	444017d5-e022-4c5f-ac07-ea0d51f4609b	cc3b3483-ad7a-452a-b623-5465962c9678	booking	t	t	t	t	22:00	08:00	t	2026-05-03 19:27:50.55+00	2026-05-03 19:27:50.55+00
f72c50aa-bc83-4a43-95cf-36edb630c7ed	444017d5-e022-4c5f-ac07-ea0d51f4609b	cc3b3483-ad7a-452a-b623-5465962c9678	housekeeping	f	t	t	t	22:00	08:00	f	2026-05-03 19:27:50.55+00	2026-05-03 19:27:50.55+00
1126b276-8530-44df-9fe2-4faf044b0559	444017d5-e022-4c5f-ac07-ea0d51f4609b	195d4b15-e4ba-4554-affa-01c53a43f883	maintenance	f	t	t	t	22:00	08:00	f	2026-05-03 19:27:50.55+00	2026-05-03 19:27:50.55+00
\.


--
-- Data for Name: NotificationTemplate; Type: TABLE DATA; Schema: public; Owner: -
--

COPY public."NotificationTemplate" (id, "tenantId", name, type, "triggerEvent", subject, body, variables, "isActive", "createdAt", "updatedAt") FROM stdin;
cd0a7be1-97cc-4a06-9471-3e84e3b5ec34	444017d5-e022-4c5f-ac07-ea0d51f4609b	Booking Confirmation	email	booking_confirmed	Your Booking is Confirmed — {{confirmationCode}}	<!DOCTYPE html><html><body><div style="font-family:Arial,sans-serif;max-width:600px;margin:0 auto;padding:20px"><h1 style="color:#1a365d">Booking Confirmed</h1><p>Dear {{guestName}},</p><p>Your booking <strong>{{confirmationCode}}</strong> has been confirmed.</p><p><strong>Check-in:</strong> {{checkIn}}<br><strong>Check-out:</strong> {{checkOut}}<br><strong>Room:</strong> {{roomName}}<br><strong>Total:</strong> {{totalAmount}}</p><p>We look forward to welcoming you!</p><p>Best regards,<br>{{propertyName}}</p></div></body></html>	["confirmationCode","guestName","checkIn","checkOut","roomName","totalAmount","propertyName"]	t	2026-05-03 19:27:50.777+00	2026-05-03 19:27:50.777+00
ab386171-4331-479b-bde8-b2994351c70a	444017d5-e022-4c5f-ac07-ea0d51f4609b	Check-in Reminder	email	checkin_reminder	Your Check-in is Tomorrow — {{confirmationCode}}	<!DOCTYPE html><html><body><div style="font-family:Arial,sans-serif;max-width:600px;margin:0 auto;padding:20px"><h1 style="color:#2d7d46">See You Tomorrow!</h1><p>Dear {{guestName}},</p><p>This is a friendly reminder that your check-in is tomorrow.</p><p><strong>Property:</strong> {{propertyName}}<br><strong>Address:</strong> {{propertyAddress}}<br><strong>Check-in Time:</strong> {{checkInTime}}</p><p>Please remember to bring a valid photo ID.</p><p>We can't wait to host you!</p></div></body></html>	["confirmationCode","guestName","propertyName","propertyAddress","checkInTime"]	t	2026-05-03 19:27:50.777+00	2026-05-03 19:27:50.777+00
468d6729-ca1b-4d75-838e-efa96b5d6897	444017d5-e022-4c5f-ac07-ea0d51f4609b	Check-out Thank You	email	checkout_completed	Thank You for Staying With Us!	<!DOCTYPE html><html><body><div style="font-family:Arial,sans-serif;max-width:600px;margin:0 auto;padding:20px"><h1 style="color:#1a365d">Thank You, {{guestName}}!</h1><p>We hope you enjoyed your stay at <strong>{{propertyName}}</strong>.</p><p>Your check-out is complete. Booking reference: <strong>{{confirmationCode}}</strong>.</p><p>We would love to hear about your experience. If you have a moment, please leave us a review!</p><p>Safe travels and we hope to see you again soon.</p></div></body></html>	["guestName","propertyName","confirmationCode"]	t	2026-05-03 19:27:50.777+00	2026-05-03 19:27:50.777+00
b052ebe6-20ca-4030-abd4-b1082bd772db	444017d5-e022-4c5f-ac07-ea0d51f4609b	Review Request	email	review_request	How Was Your Stay? We'd Love Your Feedback	<!DOCTYPE html><html><body><div style="font-family:Arial,sans-serif;max-width:600px;margin:0 auto;padding:20px"><h1 style="color:#c05621">Share Your Experience</h1><p>Dear {{guestName}},</p><p>You recently stayed at <strong>{{propertyName}}</strong>. We'd love to hear about your experience!</p><p>Your feedback helps us improve and assists other guests in making informed decisions.</p><div style="text-align:center;margin:30px 0"><a href="{{reviewLink}}" style="background-color:#2d7d46;color:white;padding:12px 24px;text-decoration:none;border-radius:6px;font-size:16px">Leave a Review</a></div><p>It only takes a minute and means the world to us.</p><p>Warm regards,<br>{{propertyName}} Team</p></div></body></html>	["guestName","propertyName","reviewLink"]	t	2026-05-03 19:27:50.777+00	2026-05-03 19:27:50.777+00
bdc1e619-ba1f-4946-a65b-e622c50dd839	444017d5-e022-4c5f-ac07-ea0d51f4609b	Password Reset	email	password_reset	Reset Your Password — {{appName}}	<!DOCTYPE html><html><body><div style="font-family:Arial,sans-serif;max-width:600px;margin:0 auto;padding:20px"><h1 style="color:#c53030">Password Reset Request</h1><p>Hello,</p><p>We received a request to reset your password. Click the button below to set a new password:</p><div style="text-align:center;margin:30px 0"><a href="{{resetLink}}" style="background-color:#c53030;color:white;padding:12px 24px;text-decoration:none;border-radius:6px;font-size:16px">Reset Password</a></div><p>This link will expire in 30 minutes. If you didn't request this, please ignore this email.</p><p>Stay safe,<br>{{appName}} Security Team</p></div></body></html>	["appName","resetLink"]	t	2026-05-03 19:27:50.777+00	2026-05-03 19:27:50.777+00
\.


--
-- Data for Name: Order; Type: TABLE DATA; Schema: public; Owner: -
--

COPY public."Order" (id, "tenantId", "propertyId", "tableId", "orderNumber", "guestId", "bookingId", "guestName", "orderType", subtotal, taxes, discount, "totalAmount", currency, status, "kitchenStatus", "kitchenStartedAt", "kitchenCompletedAt", "folioId", "addToFolio", "roomNumber", "orderCategory", priority, "estimatedDelivery", notes, "specialInstructions", "confirmedAt", "completedAt", "cancelledAt", "cancelledReason", "createdAt", "updatedAt") FROM stdin;
4c8d31dd-fc90-4b73-9921-372ad70f2f24	444017d5-e022-4c5f-ac07-ea0d51f4609b	281fde73-7836-4511-b644-91f3663d8fcd	340cae62-3f58-4acf-a8c5-8e3b111f8feb	ORD-001	\N	\N	\N	dine_in	740	133	0	873	USD	preparing	cooking	2026-05-03 19:17:50.427+00	\N	\N	f	\N	\N	normal	\N	\N	\N	\N	\N	\N	\N	2026-05-03 19:12:50.427+00	2026-05-03 19:27:50.428+00
4ad05f63-6574-49f1-9626-7ffa1e61b615	444017d5-e022-4c5f-ac07-ea0d51f4609b	281fde73-7836-4511-b644-91f3663d8fcd	06ef7100-84ef-45fe-89e2-88b940733a4e	ORD-002	\N	\N	Amit Mukherjee	dine_in	1220	220	0	1440	USD	pending	pending	\N	\N	\N	f	\N	\N	normal	\N	\N	\N	\N	\N	\N	\N	2026-05-03 19:22:50.427+00	2026-05-03 19:27:50.428+00
9a5098d9-dd64-4e46-8b5f-dec93dc43224	444017d5-e022-4c5f-ac07-ea0d51f4609b	281fde73-7836-4511-b644-91f3663d8fcd	\N	ORD-003	c5e15b10-5464-4323-87b6-41d1eb95c39a	\N	Sneha Gupta	room_service	600	108	0	708	USD	ready	ready	2026-05-03 19:02:50.427+00	2026-05-03 19:22:50.427+00	\N	f	\N	\N	normal	\N	\N	\N	\N	\N	\N	\N	2026-05-03 18:57:50.427+00	2026-05-03 19:27:50.428+00
816b0dc5-3286-41c9-b5b1-9bd96c808497	444017d5-e022-4c5f-ac07-ea0d51f4609b	281fde73-7836-4511-b644-91f3663d8fcd	\N	ORD-004	\N	\N	Walk-in Guest	takeout	380	68	0	448	USD	served	ready	\N	\N	\N	f	\N	\N	normal	\N	\N	\N	\N	2026-05-03 18:42:50.427+00	\N	\N	2026-05-03 18:27:50.427+00	2026-05-03 19:27:50.428+00
\.


--
-- Data for Name: OrderCategory; Type: TABLE DATA; Schema: public; Owner: -
--

COPY public."OrderCategory" (id, "propertyId", name, description, "imageUrl", "sortOrder", status, "createdAt", "updatedAt") FROM stdin;
8f676c43-1d6b-44e2-9197-8ae4d926c1ce	281fde73-7836-4511-b644-91f3663d8fcd	Starters	Appetizers and starters	\N	1	active	2026-05-03 19:27:50.421+00	2026-05-03 19:27:50.421+00
785564c2-f610-40e8-9f84-d4fe178521e9	281fde73-7836-4511-b644-91f3663d8fcd	Main Course	Main dishes	\N	2	active	2026-05-03 19:27:50.421+00	2026-05-03 19:27:50.421+00
fd5f9183-4a48-4327-812d-61e522c99248	281fde73-7836-4511-b644-91f3663d8fcd	Desserts	Sweet treats	\N	3	active	2026-05-03 19:27:50.421+00	2026-05-03 19:27:50.421+00
34af807c-8252-4486-bf03-d47bb55e6308	281fde73-7836-4511-b644-91f3663d8fcd	Beverages	Drinks and refreshments	\N	4	active	2026-05-03 19:27:50.421+00	2026-05-03 19:27:50.421+00
6e97edc9-d4a2-4638-bdd7-4a11a1452f0f	281fde73-7836-4511-b644-91f3663d8fcd	Indian Specials	Authentic Indian cuisine	\N	5	active	2026-05-03 19:27:50.421+00	2026-05-03 19:27:50.421+00
\.


--
-- Data for Name: OrderDiscount; Type: TABLE DATA; Schema: public; Owner: -
--

COPY public."OrderDiscount" (id, "tenantId", "orderId", type, value, reason, "couponCode", "authorizedBy", "createdAt") FROM stdin;
\.


--
-- Data for Name: OrderItem; Type: TABLE DATA; Schema: public; Owner: -
--

COPY public."OrderItem" (id, "orderId", "menuItemId", quantity, "unitPrice", "totalAmount", notes, options, status, "createdAt", "updatedAt") FROM stdin;
cfd26ed1-f225-449d-bc44-857fd529e716	4c8d31dd-fc90-4b73-9921-372ad70f2f24	2c5ec47d-89f9-4af5-ad66-e38623f1c640	1	420	420	\N	\N	preparing	2026-05-03 19:27:50.43+00	2026-05-03 19:27:50.43+00
c08e1968-7418-41d5-b5c4-9d57480de59f	4c8d31dd-fc90-4b73-9921-372ad70f2f24	372484a4-0938-4a84-be50-771691bdebb3	2	60	120	\N	\N	preparing	2026-05-03 19:27:50.43+00	2026-05-03 19:27:50.43+00
0e8569f4-d6a0-4526-ad87-5de92a0072ed	4c8d31dd-fc90-4b73-9921-372ad70f2f24	c81ea5bf-6898-4de0-b0e9-a1d15fb45288	1	120	120	\N	\N	preparing	2026-05-03 19:27:50.43+00	2026-05-03 19:27:50.43+00
8f3b2342-7c0f-4ad5-9562-37ed73fe6c62	4ad05f63-6574-49f1-9626-7ffa1e61b615	fed2034a-758b-4850-804c-1e2458706529	1	480	480	\N	\N	pending	2026-05-03 19:27:50.43+00	2026-05-03 19:27:50.43+00
5b589ea8-e3cd-4bf5-8f88-fea3f1b8aa59	4ad05f63-6574-49f1-9626-7ffa1e61b615	d4d48ae8-d207-4356-b597-0c25b7afa847	2	120	240	\N	\N	pending	2026-05-03 19:27:50.43+00	2026-05-03 19:27:50.43+00
7022a44b-0074-45f4-a74f-2832e25b5a66	4ad05f63-6574-49f1-9626-7ffa1e61b615	12c99c72-58fc-4184-b8aa-aece391c45d2	2	150	300	\N	\N	pending	2026-05-03 19:27:50.43+00	2026-05-03 19:27:50.43+00
f378e53d-5331-434a-89e1-ec12ffa7e2f3	4ad05f63-6574-49f1-9626-7ffa1e61b615	36524f4a-15f3-47d8-964a-e1430cd1d985	2	80	160	\N	\N	pending	2026-05-03 19:27:50.43+00	2026-05-03 19:27:50.43+00
2d8533ec-a115-4786-8724-4eff11156cc9	9a5098d9-dd64-4e46-8b5f-dec93dc43224	c107d603-c3a4-41e2-8e2d-2f7445bea398	1	320	320	\N	\N	ready	2026-05-03 19:27:50.43+00	2026-05-03 19:27:50.43+00
f66b4469-fa46-4ddd-a5bc-53270b4900d8	9a5098d9-dd64-4e46-8b5f-dec93dc43224	289df210-987a-4b09-b9b7-d61a1272d33a	1	180	180	\N	\N	ready	2026-05-03 19:27:50.43+00	2026-05-03 19:27:50.43+00
98965606-1afa-4fd3-aa5b-f11c615befb1	9a5098d9-dd64-4e46-8b5f-dec93dc43224	372484a4-0938-4a84-be50-771691bdebb3	1	60	60	\N	\N	ready	2026-05-03 19:27:50.43+00	2026-05-03 19:27:50.43+00
a8ca27a5-231b-4a96-aad2-d1f0c06e9937	816b0dc5-3286-41c9-b5b1-9bd96c808497	69a0a464-d488-4747-a0a0-77ac6f937b17	1	280	280	\N	\N	served	2026-05-03 19:27:50.43+00	2026-05-03 19:27:50.43+00
7ba5344b-8fcd-4bf7-9986-b1f5ff243bf8	816b0dc5-3286-41c9-b5b1-9bd96c808497	36524f4a-15f3-47d8-964a-e1430cd1d985	1	80	80	\N	\N	served	2026-05-03 19:27:50.43+00	2026-05-03 19:27:50.43+00
\.


--
-- Data for Name: ParkingPass; Type: TABLE DATA; Schema: public; Owner: -
--

COPY public."ParkingPass" (id, "tenantId", "propertyId", "vehicleId", "slotId", "holderName", "holderEmail", "holderPhone", "licensePlate", "startDate", "endDate", duration, amount, currency, status, "autoRenew", "paymentStatus", notes, "createdAt", "updatedAt") FROM stdin;
\.


--
-- Data for Name: ParkingSlot; Type: TABLE DATA; Schema: public; Owner: -
--

COPY public."ParkingSlot" (id, "tenantId", "propertyId", number, floor, type, "vehicleType", width, length, "hasCharging", "chargerType", status, "posX", "posY", "createdAt", "updatedAt") FROM stdin;
70781398-9360-4a63-837c-829287bedf0b	444017d5-e022-4c5f-ac07-ea0d51f4609b	281fde73-7836-4511-b644-91f3663d8fcd	A1	-1	standard	car	\N	\N	f	\N	available	50	100	2026-05-03 19:27:50.493+00	2026-05-03 19:27:50.493+00
85d6cde7-38cc-453a-ae01-91d95fba1b21	444017d5-e022-4c5f-ac07-ea0d51f4609b	281fde73-7836-4511-b644-91f3663d8fcd	A2	-1	standard	car	\N	\N	f	\N	occupied	150	100	2026-05-03 19:27:50.493+00	2026-05-03 19:27:50.493+00
78c929f0-7f03-4b6f-a558-4ca332810876	444017d5-e022-4c5f-ac07-ea0d51f4609b	281fde73-7836-4511-b644-91f3663d8fcd	A3	-1	ev_charging	car	\N	\N	t	CCS2	occupied	250	100	2026-05-03 19:27:50.493+00	2026-05-03 19:27:50.493+00
0de676c7-b3b9-4d75-b78c-3e71ed50aab2	444017d5-e022-4c5f-ac07-ea0d51f4609b	281fde73-7836-4511-b644-91f3663d8fcd	A4	-1	standard	suv	\N	\N	f	\N	occupied	350	100	2026-05-03 19:27:50.493+00	2026-05-03 19:27:50.493+00
2442ee2a-7b1f-489d-aaad-71980a309182	444017d5-e022-4c5f-ac07-ea0d51f4609b	281fde73-7836-4511-b644-91f3663d8fcd	A5	-1	disabled	car	\N	\N	f	\N	reserved	50	200	2026-05-03 19:27:50.493+00	2026-05-03 19:27:50.493+00
\.


--
-- Data for Name: Payment; Type: TABLE DATA; Schema: public; Owner: -
--

COPY public."Payment" (id, "tenantId", "folioId", amount, currency, method, gateway, "gatewayRef", "gatewayFee", "gatewayStatus", "retryCount", "failoverTo", "routingDecision", "cardType", "cardLast4", "cardExpiry", "transactionId", reference, status, "refundAmount", "refundedAt", "refundReason", "guestId", "idempotencyKey", "processedAt", "createdAt", "updatedAt") FROM stdin;
c5c45224-4b94-4684-b5e5-7ae81c90d63d	444017d5-e022-4c5f-ac07-ea0d51f4609b	6562be0c-1585-4355-8c48-96dc8368240e	5000	INR	credit_card	stripe	\N	\N	\N	0	\N	\N	visa	4242	\N	7473bf65-273d-48f0-98d2-613cb7b96112	\N	completed	0	\N	\N	cb127462-1b96-4e37-8f78-65bbd0493ee1	\N	2026-05-01 19:27:50.448+00	2026-05-03 19:27:50.453+00	2026-05-03 19:27:50.453+00
49ab5380-a172-4b5b-a0f2-2bad405a7d33	444017d5-e022-4c5f-ac07-ea0d51f4609b	6562be0c-1585-4355-8c48-96dc8368240e	5000	INR	credit_card	stripe	\N	\N	\N	0	\N	\N	visa	4242	\N	41cd1d5b-aaf8-4141-ac8d-c483409ac27f	\N	completed	0	\N	\N	cb127462-1b96-4e37-8f78-65bbd0493ee1	\N	2026-05-02 19:27:50.448+00	2026-05-03 19:27:50.453+00	2026-05-03 19:27:50.453+00
761be1a0-36cf-40e6-88e7-1c970ab52a23	444017d5-e022-4c5f-ac07-ea0d51f4609b	31b2dc91-a684-4dfa-af6a-fc948051da24	58640	INR	bank_transfer	manual	\N	\N	\N	0	\N	\N	\N	\N	\N	43dc38ee-1f76-4603-bd89-a1a09d95b7eb	NEFT-REF-78901	completed	0	\N	\N	0dae0b8b-173a-4819-8a5e-7ff3be5c81d5	\N	2026-05-02 19:27:50.448+00	2026-05-03 19:27:50.453+00	2026-05-03 19:27:50.453+00
8ab1f8ea-1f8d-4903-bb93-5b1a8e21d822	444017d5-e022-4c5f-ac07-ea0d51f4609b	3e65e740-b126-49ec-aabd-915b5bd60bb2	50000	INR	credit_card	stripe	\N	\N	\N	0	\N	\N	mastercard	8888	\N	71cfff7b-0892-4eaa-b941-2fc75afe6d05	\N	completed	0	\N	\N	df87b649-707f-402a-9198-75a06d22ed63	\N	2026-05-03 19:27:50.453+00	2026-05-03 19:27:50.453+00	2026-05-03 19:27:50.453+00
49e9a7e0-9362-44dd-8ae5-9b9b3b2d7832	444017d5-e022-4c5f-ac07-ea0d51f4609b	3e65e740-b126-49ec-aabd-915b5bd60bb2	34100	INR	upi	manual	\N	\N	\N	0	\N	\N	\N	\N	\N	9f75c962-5e92-464e-86a4-3b1f03760e14	\N	completed	0	\N	\N	df87b649-707f-402a-9198-75a06d22ed63	\N	2026-05-03 19:27:50.453+00	2026-05-03 19:27:50.453+00	2026-05-03 19:27:50.453+00
a3097620-c141-4a3b-82c9-80d652c215e9	444017d5-e022-4c5f-ac07-ea0d51f4609b	0a1ad08b-67d2-4851-880f-55245edce0ff	5000	INR	upi	manual	\N	\N	\N	0	\N	\N	\N	\N	\N	9b775f6a-091f-4369-91da-064e5742c7f5	\N	completed	0	\N	\N	79877c7c-f915-4922-94a0-5d83df9e1d09	\N	2026-05-03 19:27:50.453+00	2026-05-03 19:27:50.453+00	2026-05-03 19:27:50.453+00
5d6a9b15-f5cb-48e0-8030-cc9d6bbb2298	444017d5-e022-4c5f-ac07-ea0d51f4609b	972e32ee-0532-4a3a-9b38-9076f74e8fb5	10000	INR	cash	manual	\N	\N	\N	0	\N	\N	\N	\N	\N	dab8c845-b563-40c8-882a-0825d01e0432	\N	completed	0	\N	\N	18349da2-1713-42c0-bad9-67856cc58d26	\N	2026-04-30 19:27:50.448+00	2026-05-03 19:27:50.453+00	2026-05-03 19:27:50.453+00
057c812f-9371-4e26-bdd6-f067a015e4bb	444017d5-e022-4c5f-ac07-ea0d51f4609b	972e32ee-0532-4a3a-9b38-9076f74e8fb5	3290	INR	credit_card	stripe	\N	\N	\N	0	\N	\N	visa	1234	\N	4a0cabf3-fb0e-4f67-9f6a-2b0a41b1b186	\N	completed	0	\N	\N	18349da2-1713-42c0-bad9-67856cc58d26	\N	2026-05-03 19:27:50.453+00	2026-05-03 19:27:50.453+00	2026-05-03 19:27:50.453+00
\.


--
-- Data for Name: PaymentGateway; Type: TABLE DATA; Schema: public; Owner: -
--

COPY public."PaymentGateway" (id, "tenantId", name, provider, priority, "isPrimary", status, mode, "apiKey", "secretKey", "merchantId", "webhookSecret", "feePercentage", "feeFixed", "supportedCurrencies", "totalTransactions", "totalVolume", "lastSyncAt", "createdAt", "updatedAt") FROM stdin;
\.


--
-- Data for Name: PaymentSchedule; Type: TABLE DATA; Schema: public; Owner: -
--

COPY public."PaymentSchedule" (id, "tenantId", "propertyId", "folioId", "bookingId", "guestId", "scheduleName", "totalAmount", "depositAmount", "depositDueDate", installments, currency, status, "paidAmount", "remainingAmount", "createdAt", "updatedAt") FROM stdin;
\.


--
-- Data for Name: PaymentToken; Type: TABLE DATA; Schema: public; Owner: -
--

COPY public."PaymentToken" (id, "tenantId", "propertyId", "guestId", "folioId", "tokenType", "gatewayTokenId", "cardType", "cardLast4", "cardExpiryMonth", "cardExpiryYear", "cardBrand", "isDefault", status, metadata, "createdAt", "updatedAt") FROM stdin;
\.


--
-- Data for Name: PortForwardRule; Type: TABLE DATA; Schema: public; Owner: -
--

COPY public."PortForwardRule" (id, "tenantId", "propertyId", name, protocol, "externalPort", "internalIp", "internalPort", "interfaceId", enabled, description, "createdAt", "updatedAt") FROM stdin;
7c9d36c2-05f8-4c9a-a509-c9bde348e8c6	444017d5-e022-4c5f-ac07-ea0d51f4609b	281fde73-7836-4511-b644-91f3663d8fcd	Web Server	tcp	80	192.168.1.10	80	b13cfcc5-4e94-4245-8a5f-082eac4a7b01	t	Hotel website and booking portal	2026-05-03 19:27:50.702+00	2026-05-03 19:27:50.702+00
77325bd8-09b7-43b2-ac5a-a8bda7f3b31b	444017d5-e022-4c5f-ac07-ea0d51f4609b	281fde73-7836-4511-b644-91f3663d8fcd	HTTPS Server	tcp	443	192.168.1.10	443	b13cfcc5-4e94-4245-8a5f-082eac4a7b01	t	Secure web services and PMS access	2026-05-03 19:27:50.702+00	2026-05-03 19:27:50.702+00
7961b052-b4b9-4e31-9d95-988197ded995	444017d5-e022-4c5f-ac07-ea0d51f4609b	281fde73-7836-4511-b644-91f3663d8fcd	PMS Remote Access	tcp	8443	192.168.1.20	443	b13cfcc5-4e94-4245-8a5f-082eac4a7b01	t	Remote PMS management access	2026-05-03 19:27:50.702+00	2026-05-03 19:27:50.702+00
df3e60bd-41e0-42ae-bcc6-1a0a0dd2c1d4	444017d5-e022-4c5f-ac07-ea0d51f4609b	281fde73-7836-4511-b644-91f3663d8fcd	VPN Server	udp	1194	192.168.1.30	1194	b13cfcc5-4e94-4245-8a5f-082eac4a7b01	t	WireGuard VPN for remote staff access	2026-05-03 19:27:50.702+00	2026-05-03 19:27:50.702+00
\.


--
-- Data for Name: PortalAuthentication; Type: TABLE DATA; Schema: public; Owner: -
--

COPY public."PortalAuthentication" (id, "tenantId", "propertyId", "portalId", method, enabled, priority, config, "createdAt", "updatedAt") FROM stdin;
5e339d09-1968-45df-831b-7d18436d3065	444017d5-e022-4c5f-ac07-ea0d51f4609b	281fde73-7836-4511-b644-91f3663d8fcd	0a58343e-1690-488f-a039-52f73162ff00	voucher	t	1	{"autoGenerate":true,"codeLength":8,"codeFormat":"alphanumeric"}	2026-05-03 19:27:50.719+00	2026-05-03 19:27:50.719+00
b508c596-7f91-4e57-a2ca-5b6b2443ef48	444017d5-e022-4c5f-ac07-ea0d51f4609b	281fde73-7836-4511-b644-91f3663d8fcd	0a58343e-1690-488f-a039-52f73162ff00	room_number	t	2	{"requireLastName":true,"maxAttempts":3,"lockoutMinutes":5}	2026-05-03 19:27:50.719+00	2026-05-03 19:27:50.719+00
531765bc-7a56-45c3-82de-444aa19b3e19	444017d5-e022-4c5f-ac07-ea0d51f4609b	281fde73-7836-4511-b644-91f3663d8fcd	0a58343e-1690-488f-a039-52f73162ff00	sms_otp	t	3	{"otpLength":6,"otpExpiry":300,"maxRetries":3,"senderId":"ROYLST"}	2026-05-03 19:27:50.719+00	2026-05-03 19:27:50.719+00
c3b8175b-b1b6-44d7-acd4-7ecfd7192033	444017d5-e022-4c5f-ac07-ea0d51f4609b	281fde73-7836-4511-b644-91f3663d8fcd	0a58343e-1690-488f-a039-52f73162ff00	pms_credentials	t	1	{"label": "Room Number + Last Name", "description": "Guest enters room number and last name for verification"}	2026-05-03 19:27:50.653+00	2026-05-03 19:27:50.653+00
50258303-04cb-407f-9ea6-f3a979b792d6	444017d5-e022-4c5f-ac07-ea0d51f4609b	281fde73-7836-4511-b644-91f3663d8fcd	0a58343e-1690-488f-a039-52f73162ff00	open_access	t	10	{"label": "Open Access", "description": "No authentication required"}	2026-05-03 19:27:50.653+00	2026-05-03 19:27:50.653+00
\.


--
-- Data for Name: PortalMapping; Type: TABLE DATA; Schema: public; Owner: -
--

COPY public."PortalMapping" (id, "tenantId", "propertyId", "portalId", "vlanId", "vlanConfigId", ssid, subnet, priority, "fallbackPortalId", enabled, "createdAt", "updatedAt") FROM stdin;
4f2fba57-7e62-4b0a-8dfd-53d3512cd1ee	444017d5-e022-4c5f-ac07-ea0d51f4609b	281fde73-7836-4511-b644-91f3663d8fcd	0a58343e-1690-488f-a039-52f73162ff00	10	aecc5780-c291-40bb-9ed7-09405d164437	RoyalStay-Guest	192.168.10.0/24	1	\N	t	2026-05-03 19:27:50.721+00	2026-05-03 19:27:50.721+00
a5cb12c8-b7d2-4698-93b1-7f300f88a3c0	444017d5-e022-4c5f-ac07-ea0d51f4609b	281fde73-7836-4511-b644-91f3663d8fcd	d67f15b6-bdab-478c-b980-031a5bce8656	20	f344ec78-7c01-46c8-bc7c-f0107b5cd15c	RoyalStay-Staff	192.168.20.0/24	1	\N	t	2026-05-03 19:27:50.721+00	2026-05-03 19:27:50.721+00
38750334-79ea-4135-a875-e8433d4916e2	444017d5-e022-4c5f-ac07-ea0d51f4609b	281fde73-7836-4511-b644-91f3663d8fcd	0a58343e-1690-488f-a039-52f73162ff00	10	\N	StaySuite-Guest	10.10.10.0/24	100	\N	t	2026-05-03 19:27:50.757+00	2026-05-03 19:27:50.757+00
e16967cf-d337-49a7-a3ed-be2fc81e4b3b	444017d5-e022-4c5f-ac07-ea0d51f4609b	281fde73-7836-4511-b644-91f3663d8fcd	0a58343e-1690-488f-a039-52f73162ff00	30	\N	StaySuite-VIP	10.10.30.0/24	90	\N	t	2026-05-03 19:27:50.758+00	2026-05-03 19:27:50.758+00
\.


--
-- Data for Name: PortalPage; Type: TABLE DATA; Schema: public; Owner: -
--

COPY public."PortalPage" (id, "tenantId", "portalId", language, title, subtitle, "logoUrl", "backgroundImage", "backgroundColor", "textColor", "accentColor", "termsText", "termsUrl", "customCss", "customHtml", "showSocial", "showBranding", "formFields", "authFlow", "socialProviders", "voucherTemplate", "designSettings", "createdAt", "updatedAt") FROM stdin;
e388904a-ca87-4d2e-8283-a432a47abdb1	444017d5-e022-4c5f-ac07-ea0d51f4609b	0a58343e-1690-488f-a039-52f73162ff00	en	Welcome to Royal Stay WiFi	Connect to complimentary high-speed internet	/assets/royal-stay-logo.png	\N	#1a1a2e	#ffffff	#8B5E3C	By connecting, you agree to our Acceptable Use Policy.	https://www.royalstay.in/terms			f	t	{"username":true,"password":true,"roomNumber":false,"phone":false,"voucherCode":false,"termsCheckbox":true}	pms_credentials	{"google":false,"facebook":false,"apple":false}	default	{}	2026-05-03 19:27:50.723+00	2026-05-03 19:27:50.723+00
209040c9-6be3-4216-bbd7-98f98be1e754	444017d5-e022-4c5f-ac07-ea0d51f4609b	d67f15b6-bdab-478c-b980-031a5bce8656	en	Staff WiFi Login	Use your PMS credentials to connect	/assets/royal-stay-logo.png	\N	#f8fafc	#1f2937	#0d9488	Staff WiFi is for authorized personnel only.	https://staff.royalstay.in/policy			f	t	{"username":true,"password":true,"roomNumber":false,"phone":false,"voucherCode":false,"termsCheckbox":true}	pms_credentials	{"google":false,"facebook":false,"apple":false}	default	{}	2026-05-03 19:27:50.723+00	2026-05-03 19:27:50.723+00
\.


--
-- Data for Name: PortalTemplate; Type: TABLE DATA; Schema: public; Owner: -
--

COPY public."PortalTemplate" (id, "tenantId", name, description, category, thumbnail, "htmlContent", "cssContent", "isBuiltIn", "createdAt", "updatedAt") FROM stdin;
72c25e48-a6ef-4877-b65c-37a5b5a57291	444017d5-e022-4c5f-ac07-ea0d51f4609b	Hotel Luxury	Elegant dark theme with gold accents, perfect for luxury hotels.	hotel	/templates/hotel-luxury-thumb.png	<div class="portal-container"><div class="logo-section"><img src="{{logoUrl}}" alt="Logo"/></div><h1>{{title}}</h1><p>{{subtitle}}</p><div class="auth-section">{{authMethods}}</div><div class="terms">{{termsText}}</div></div>	.portal-container{max-width:480px;margin:0 auto;padding:2rem;text-align:center;background:#1a1a2e;color:#fff;border-radius:16px;}.logo-section img{max-height:80px;margin-bottom:1.5rem;}h1{font-size:1.8rem;color:#8B5E3C;margin-bottom:0.5rem;}p{color:#a0a0b0;margin-bottom:2rem;}	t	2026-05-03 19:27:50.724+00	2026-05-03 19:27:50.724+00
8e62e28c-c3b6-4d69-bd97-ad95915a46c4	444017d5-e022-4c5f-ac07-ea0d51f4609b	Corporate Clean	Clean professional look with teal accents, ideal for business hotels.	corporate	/templates/corporate-clean-thumb.png	<div class="portal-container"><div class="logo-section"><img src="{{logoUrl}}" alt="Logo"/></div><h1>{{title}}</h1><p>{{subtitle}}</p><div class="auth-section">{{authMethods}}</div><div class="terms">{{termsText}}</div></div>	.portal-container{max-width:480px;margin:0 auto;padding:2rem;text-align:center;background:#f8fafc;color:#1f2937;border-radius:8px;border:1px solid #e5e7eb;}.logo-section img{max-height:60px;margin-bottom:1.5rem;}h1{font-size:1.5rem;color:#0d9488;}	t	2026-05-03 19:27:50.724+00	2026-05-03 19:27:50.724+00
\.


--
-- Data for Name: PortalWhitelist; Type: TABLE DATA; Schema: public; Owner: -
--

COPY public."PortalWhitelist" (id, "propertyId", domain, path, description, protocol, "bypassAuth", priority, status, "createdAt", "updatedAt") FROM stdin;
\.


--
-- Data for Name: PreventiveMaintenance; Type: TABLE DATA; Schema: public; Owner: -
--

COPY public."PreventiveMaintenance" (id, "tenantId", "propertyId", title, description, "assetId", frequency, "frequencyValue", "assignedRoleId", checklist, "lastCompletedAt", "nextDueAt", status, "estimatedDuration", "estimatedCost", priority, "createdAt", "updatedAt", "deletedAt") FROM stdin;
d86d0d9a-612a-4161-b9fe-4d7cf4d8288a	444017d5-e022-4c5f-ac07-ea0d51f4609b	281fde73-7836-4511-b644-91f3663d8fcd	HVAC Filter Replacement	Replace air filters in all HVAC units	128879cf-44bf-4c01-ac7f-ebc13b6873c4	quarterly	\N	0b9b2d1f-8ac4-40f0-905b-9403b353f2d6	["Turn off HVAC unit","Remove old filters","Install new filters","Check airflow","Turn on and verify","Log completion"]	2026-03-04 19:27:50.439+00	2026-06-02 19:27:50.439+00	active	120	\N	high	2026-05-03 19:27:50.44+00	2026-05-03 19:27:50.44+00	\N
187c01de-756e-403f-9807-eec033a30f9e	444017d5-e022-4c5f-ac07-ea0d51f4609b	281fde73-7836-4511-b644-91f3663d8fcd	Fire Extinguisher Inspection	Monthly visual inspection of all fire extinguishers	\N	monthly	\N	\N	["Check pressure gauge","Check safety pin","Check expiration date","Check visible damage","Log serial numbers"]	2026-04-18 19:27:50.439+00	2026-05-18 19:27:50.439+00	active	60	\N	medium	2026-05-03 19:27:50.44+00	2026-05-03 19:27:50.44+00	\N
3b85edde-f8a9-4e77-be56-4f0d537b719f	444017d5-e022-4c5f-ac07-ea0d51f4609b	281fde73-7836-4511-b644-91f3663d8fcd	Elevator Maintenance	Quarterly elevator servicing and safety check	\N	quarterly	\N	\N	["Check door sensors","Test emergency button","Check cable tension","Lubricate rails","Test leveling","Verify weight limit display"]	2026-02-02 19:27:50.439+00	2026-04-28 19:27:50.439+00	active	180	\N	high	2026-05-03 19:27:50.44+00	2026-05-03 19:27:50.44+00	\N
58b0f908-3efd-43ad-bcf9-c4bbdefea9f3	444017d5-e022-4c5f-ac07-ea0d51f4609b	281fde73-7836-4511-b644-91f3663d8fcd	Deep Clean Kitchen Extractor Hood	Monthly professional cleaning of kitchen ventilation	\N	monthly	\N	\N	[]	\N	\N	active	\N	5000	medium	2026-05-03 19:27:50.44+00	2026-05-03 19:27:50.44+00	\N
\.


--
-- Data for Name: PriceOverride; Type: TABLE DATA; Schema: public; Owner: -
--

COPY public."PriceOverride" (id, "ratePlanId", date, price, reason, "minStay", "closedToArrival", "closedToDeparture", "createdAt", "updatedAt") FROM stdin;
e8a93426-a68a-49ff-877d-375a5bb5dfb1	78bb50d4-0774-4706-bdb0-7b217f01fcf5	2026-05-04 19:27:50.409+00	3200	Weekday discount promotion	2	f	f	2026-05-03 19:27:50.555+00	2026-05-03 19:27:50.555+00
d059b0a8-2f2c-4734-9c9f-417437e8efb2	1a5c7379-c2c0-4b39-9bd5-3e363a554090	2026-05-08 19:27:50.409+00	7500	Weekend peak pricing	1	f	f	2026-05-03 19:27:50.555+00	2026-05-03 19:27:50.555+00
df16a9a2-c4a9-49a6-93d4-3fcfbd04fc5f	b2f7bd51-c4c8-44ff-8c8d-5c408a11b54b	2026-05-10 19:27:50.409+00	10000	Durga Puja special rate - reduced for advance booking	\N	f	f	2026-05-03 19:27:50.555+00	2026-05-03 19:27:50.555+00
163323c0-359c-47e5-85ae-c6ba882c6e44	78bb50d4-0774-4706-bdb0-7b217f01fcf5	2026-05-05 19:27:50.409+00	3800	Long weekend surcharge	\N	f	f	2026-05-03 19:27:50.555+00	2026-05-03 19:27:50.555+00
87bf7da1-0c4e-4379-9c40-8d99b440f776	1a5c7379-c2c0-4b39-9bd5-3e363a554090	2026-05-09 19:27:50.409+00	8000	Festival season premium	2	t	f	2026-05-03 19:27:50.555+00	2026-05-03 19:27:50.555+00
\.


--
-- Data for Name: PricingRule; Type: TABLE DATA; Schema: public; Owner: -
--

COPY public."PricingRule" (id, "tenantId", "propertyId", name, type, description, value, "valueType", conditions, priority, "isActive", "effectiveFrom", "effectiveTo", "roomTypes", "appliedCount", "lastAppliedAt", "createdAt", "updatedAt") FROM stdin;
adddf2d2-0d1f-44cd-94e9-16806bf31e83	444017d5-e022-4c5f-ac07-ea0d51f4609b	281fde73-7836-4511-b644-91f3663d8fcd	Weekend Surge	dynamic	15% markup on weekends for all room types	15	percentage	{"dayOfWeek":[0,5,6]}	5	t	2026-04-03 19:27:50.409+00	\N	["roomtype-1","roomtype-2","roomtype-3"]	24	2026-05-01 19:27:50.409+00	2026-05-03 19:27:50.483+00	2026-05-03 19:27:50.483+00
425c3707-37b2-4710-82dd-590466750646	444017d5-e022-4c5f-ac07-ea0d51f4609b	281fde73-7836-4511-b644-91f3663d8fcd	Durga Puja Season Premium	seasonal	25% premium during Durga Puja festival season	25	percentage	{"startDate":"2024-10-01","endDate":"2024-10-24"}	10	t	2026-03-04 19:27:50.409+00	2026-08-01 19:27:50.409+00	["roomtype-1","roomtype-2","roomtype-3","roomtype-4"]	8	\N	2026-05-03 19:27:50.483+00	2026-05-03 19:27:50.483+00
23461a7b-0582-477a-9e3c-3bded831717b	444017d5-e022-4c5f-ac07-ea0d51f4609b	281fde73-7836-4511-b644-91f3663d8fcd	High Occupancy Boost	occupancy_based	10% increase when occupancy exceeds 85%	10	percentage	{"minOccupancy":85}	3	t	2026-02-02 19:27:50.409+00	\N	["roomtype-2","roomtype-3","roomtype-4"]	45	2026-05-03 19:27:50.482+00	2026-05-03 19:27:50.483+00	2026-05-03 19:27:50.483+00
f485610e-4eed-4ea9-900b-55f753b21b49	444017d5-e022-4c5f-ac07-ea0d51f4609b	281fde73-7836-4511-b644-91f3663d8fcd	Long Stay Discount	dynamic	10% discount for stays of 7+ nights	-10	percentage	{"minNights":7}	2	t	2026-01-03 19:27:50.409+00	\N	["roomtype-1","roomtype-2"]	12	\N	2026-05-03 19:27:50.483+00	2026-05-03 19:27:50.483+00
\.


--
-- Data for Name: Promotion; Type: TABLE DATA; Schema: public; Owner: -
--

COPY public."Promotion" (id, "tenantId", "propertyId", name, code, description, "discountType", "discountValue", "maxDiscount", "minBookingValue", "minNights", "applicableRoomTypes", "startsAt", "endsAt", "maxUses", "usedCount", "maxUsesPerUser", status, "createdAt", "updatedAt") FROM stdin;
\.


--
-- Data for Name: Property; Type: TABLE DATA; Schema: public; Owner: -
--

COPY public."Property" (id, "tenantId", name, slug, description, type, address, city, state, country, "postalCode", latitude, longitude, email, phone, website, logo, "primaryColor", "secondaryColor", "checkInTime", "checkOutTime", timezone, currency, "taxId", "taxType", "defaultTaxRate", "taxComponents", "serviceChargePercent", "includeTaxInPrice", "totalRooms", "totalFloors", "noShowSettings", status, "createdAt", "updatedAt", "deletedAt", "brandId") FROM stdin;
281fde73-7836-4511-b644-91f3663d8fcd	444017d5-e022-4c5f-ac07-ea0d51f4609b	Royal Stay Kolkata	royal-stay-kolkata	A luxury 5-star hotel in the heart of Kolkata with stunning views of Victoria Memorial.	hotel	123 Park Street	Kolkata	West Bengal	India	700016	\N	\N	kolkata@royalstay.in	+91-33-40012345	https://royalstay.in/kolkata	\N	\N	\N	14:00	11:00	Asia/Kolkata	INR	\N	gst	0	[]	0	f	120	10	{"noShowBufferHours":1,"autoProcessNoShows":false,"noShowNotificationEnabled":true}	active	2026-05-03 19:27:50.385+00	2026-05-03 19:27:50.385+00	\N	\N
600daed4-4d6a-4cb2-a07e-46bec7f4c43b	444017d5-e022-4c5f-ac07-ea0d51f4609b	Royal Stay Darjeeling	royal-stay-darjeeling	Boutique hill resort with breathtaking views of the Himalayas and Kanchenjunga.	resort	456 Mall Road	Darjeeling	West Bengal	India	734101	\N	\N	darjeeling@royalstay.in	+91-354-2256789	\N	\N	\N	\N	14:00	11:00	Asia/Kolkata	INR	\N	gst	0	[]	0	f	50	4	{"noShowBufferHours":1,"autoProcessNoShows":false,"noShowNotificationEnabled":true}	active	2026-05-03 19:27:50.385+00	2026-05-03 19:27:50.385+00	\N	\N
\.


--
-- Data for Name: PurchaseOrder; Type: TABLE DATA; Schema: public; Owner: -
--

COPY public."PurchaseOrder" (id, "tenantId", "vendorId", "orderNumber", "orderDate", "expectedDate", "receivedDate", subtotal, taxes, "totalAmount", status, "approvedBy", "approvedAt", notes, "createdAt", "updatedAt") FROM stdin;
e8a93426-a68a-49ff-877d-375a5bb5dfb1	444017d5-e022-4c5f-ac07-ea0d51f4609b	743f45af-b9a0-49bd-8e79-9082bdcd4026	PO-2024-001	2026-04-23 19:27:50.409+00	2026-04-28 19:27:50.409+00	2026-04-29 19:27:50.409+00	37500	6750	44250	delivered	b763e2df-7bf1-4de8-94f8-97a1f1e7a0ec	2026-04-22 19:27:50.409+00	Monthly linen supply order	2026-05-03 19:27:50.48+00	2026-05-03 19:27:50.48+00
d059b0a8-2f2c-4734-9c9f-417437e8efb2	444017d5-e022-4c5f-ac07-ea0d51f4609b	57077ad0-4ed1-484d-824e-96e48be3f929	PO-2024-002	2026-05-01 19:27:50.409+00	2026-05-08 19:27:50.409+00	\N	25000	4500	29500	sent	b763e2df-7bf1-4de8-94f8-97a1f1e7a0ec	2026-05-01 07:27:50.409+00	Deep cleaning supplies and equipment	2026-05-03 19:27:50.48+00	2026-05-03 19:27:50.48+00
df16a9a2-c4a9-49a6-93d4-3fcfbd04fc5f	444017d5-e022-4c5f-ac07-ea0d51f4609b	42b66844-0c28-4f97-8e19-1522ad7d2623	PO-2024-003	2026-05-03 19:27:50.479+00	2026-05-18 19:27:50.409+00	\N	85000	15300	100300	draft	\N	\N	Network infrastructure upgrade - new routers and access points	2026-05-03 19:27:50.48+00	2026-05-03 19:27:50.48+00
\.


--
-- Data for Name: PurchaseOrderItem; Type: TABLE DATA; Schema: public; Owner: -
--

COPY public."PurchaseOrderItem" (id, "purchaseOrderId", "stockItemId", quantity, "unitPrice", "totalAmount", "receivedQuantity", "createdAt", "updatedAt") FROM stdin;
82618729-c0d4-4db5-8b50-ee9bdeae140a	e8a93426-a68a-49ff-877d-375a5bb5dfb1	26415c3d-03ae-4b80-9b0f-ea16cb8bc732	100	250	25000	100	2026-05-03 19:27:50.482+00	2026-05-03 19:27:50.482+00
276792f5-4e59-4cb6-827e-87159ca347ca	e8a93426-a68a-49ff-877d-375a5bb5dfb1	266404a4-bb10-4380-9a8f-6ca619846574	50	150	7500	50	2026-05-03 19:27:50.482+00	2026-05-03 19:27:50.482+00
8ed588bb-25af-4ad7-b6a7-720809137cbd	e8a93426-a68a-49ff-877d-375a5bb5dfb1	8e0278eb-e73f-4e3a-a025-d5388f218557	150	35	5250	150	2026-05-03 19:27:50.482+00	2026-05-03 19:27:50.482+00
ff84c91d-4e1b-401d-b892-a4c68322496e	d059b0a8-2f2c-4734-9c9f-417437e8efb2	f597f522-2755-445f-b242-c9ea656dccca	500	15	7500	\N	2026-05-03 19:27:50.482+00	2026-05-03 19:27:50.482+00
ca1eb90d-7d2f-4746-af55-f2bffa581634	d059b0a8-2f2c-4734-9c9f-417437e8efb2	e1b10563-7245-46a7-b430-0981d92589a4	200	25	5000	\N	2026-05-03 19:27:50.482+00	2026-05-03 19:27:50.482+00
\.


--
-- Data for Name: RadiusAuthLog; Type: TABLE DATA; Schema: public; Owner: -
--

COPY public."RadiusAuthLog" (id, "propertyId", username, "authResult", "authType", "nasIpAddress", "nasIdentifier", "callingStationId", "calledStationId", "clientIpAddress", "replyMessage", "terminateReason", "timestamp") FROM stdin;
\.


--
-- Data for Name: RadiusCoaLog; Type: TABLE DATA; Schema: public; Owner: -
--

COPY public."RadiusCoaLog" (id, "propertyId", action, username, "sessionId", "nasIpAddress", "sharedSecret", attributes, result, "responseCode", "errorMessage", "triggeredBy", "triggeredById", "timestamp") FROM stdin;
\.


--
-- Data for Name: RadiusEventUser; Type: TABLE DATA; Schema: public; Owner: -
--

COPY public."RadiusEventUser" (id, "propertyId", "eventId", "eventName", username, password, "planId", "bandwidthDown", "bandwidthUp", "dataLimitMb", "validFrom", "validUntil", "maxSessions", "guestName", "guestEmail", "guestCompany", status, "usedAt", "firstUsedAt", "createdAt", "updatedAt") FROM stdin;
\.


--
-- Data for Name: RadiusMacAuth; Type: TABLE DATA; Schema: public; Owner: -
--

COPY public."RadiusMacAuth" (id, "propertyId", "macAddress", username, "guestId", "guestName", description, "autoLogin", "validFrom", "validUntil", "lastSeenAt", "loginCount", status, "bandwidthDown", "bandwidthUp", "sessionTimeout", "dataLimitMB", "groupName", "planId", "createdAt", "updatedAt") FROM stdin;
\.


--
-- Data for Name: RadiusNAS; Type: TABLE DATA; Schema: public; Owner: -
--

COPY public."RadiusNAS" (id, "tenantId", "propertyId", name, shortname, "ipAddress", type, ports, secret, server, community, description, "coaEnabled", "coaPort", "authPort", "acctPort", status, "lastSeenAt", "lastWentOnlineAt", "lastWentOfflineAt", "totalAuths", "totalAccts", "createdAt", "updatedAt") FROM stdin;
b26ca08d-6b58-477a-82ea-19b6193337e1	444017d5-e022-4c5f-ac07-ea0d51f4609b	281fde73-7836-4511-b644-91f3663d8fcd	MikroTik Router - Main	mikrotik-main	10.0.1.1	mikrotik	1812	nas_secret_mikrotik_1	\N	public_ro	Main MikroTik CCR2004 router handling guest and staff VLANs.	t	3799	1812	1813	active	2026-05-03 19:26:50.653+00	\N	\N	4523	38910	2026-05-03 19:27:50.684+00	2026-05-03 19:27:50.684+00
4b02d9e7-2a29-48d8-b8b7-7f5a3829cf78	444017d5-e022-4c5f-ac07-ea0d51f4609b	281fde73-7836-4511-b644-91f3663d8fcd	Aruba Controller - Conference	aruba-conf	10.0.1.2	aruba	1812	nas_secret_aruba_1	\N	public_ro	Aruba 7008 controller for conference and event spaces.	t	3799	1812	1813	active	2026-05-03 19:24:50.653+00	\N	\N	1247	8564	2026-05-03 19:27:50.684+00	2026-05-03 19:27:50.684+00
84fb601c-23fe-4dad-9078-157dbbc139ae	444017d5-e022-4c5f-ac07-ea0d51f4609b	281fde73-7836-4511-b644-91f3663d8fcd	Cryptsk Gateway (Multimode)	cryptsk-local	127.0.0.1	cryptsk	1812	localkey	\N	\N	Built-in Cryptsk gateway for multimode operation. Uses Cryptsk VSA (Vendor ID 64179). This system entry cannot be deleted.	t	3799	1812	1813	active	2026-05-03 21:02:03.029095+00	2026-05-03 19:28:03.188226+00	\N	12480	95200	2026-05-03 19:27:50.684+00	2026-05-03 19:27:50.684+00
\.


--
-- Data for Name: RadiusProvisioningLog; Type: TABLE DATA; Schema: public; Owner: -
--

COPY public."RadiusProvisioningLog" (id, "propertyId", action, username, "guestId", "bookingId", "userId", result, details, error, "durationMs", "timestamp") FROM stdin;
\.


--
-- Data for Name: RadiusServerConfig; Type: TABLE DATA; Schema: public; Owner: -
--

COPY public."RadiusServerConfig" (id, "tenantId", "propertyId", "serverIp", "serverHostname", "authPort", "acctPort", "coaPort", "listenAllInterfaces", "bindAddress", "maxAuthWait", "maxAcctWait", "cleanupSessions", "sessionCleanupInterval", "logAuth", "logAuthBadpass", "logAuthGoodpass", "logDestination", "logLevel", status, "createdAt", "updatedAt", "interimUpdateInterval", "dataCapAction", "dataCapThrottleRate", "macAuthEnabled", "macAuthBypassPortal", "portalWhitelistEnabled", "concurrentSessionAction") FROM stdin;
ceac369a-8dca-4783-8e9b-1857c480e9b2	444017d5-e022-4c5f-ac07-ea0d51f4609b	281fde73-7836-4511-b644-91f3663d8fcd	127.0.0.1	radius.royalstay.local	1812	1813	3799	t	0.0.0.0	30	30	t	3600	t	f	f	files	info	active	2026-05-03 19:27:50.688+00	2026-05-03 19:27:50.688+00	60	disconnect	1M/1M	f	t	f	reject
\.


--
-- Data for Name: RatePlan; Type: TABLE DATA; Schema: public; Owner: -
--

COPY public."RatePlan" (id, "tenantId", "roomTypeId", name, code, description, "basePrice", currency, "mealPlan", "minStay", "maxStay", "advanceBookingDays", "cancellationPolicy", "cancellationHours", "bookingStartDays", "bookingEndDays", "promoCode", "discountPercent", "discountAmount", "promoStart", "promoEnd", status, "derivedFromId", "derivationType", "derivationValue", "createdAt", "updatedAt", "deletedAt") FROM stdin;
78bb50d4-0774-4706-bdb0-7b217f01fcf5	444017d5-e022-4c5f-ac07-ea0d51f4609b	4d5269a2-63ad-48e7-8683-4b0efca11567	Best Available Rate	BAR	Flexible rate with free cancellation	3500	INR	room_only	1	\N	\N	moderate	\N	\N	\N	\N	\N	\N	\N	\N	active	\N	\N	\N	2026-05-03 19:27:50.414+00	2026-05-03 19:27:50.414+00	\N
495aa159-3b9a-4ce4-ae2f-314d2c1efb18	444017d5-e022-4c5f-ac07-ea0d51f4609b	4d5269a2-63ad-48e7-8683-4b0efca11567	Non-Refundable	NRF	Discounted non-refundable rate	2975	INR	room_only	1	\N	\N	non_refundable	\N	\N	\N	\N	\N	\N	\N	\N	active	\N	\N	\N	2026-05-03 19:27:50.414+00	2026-05-03 19:27:50.414+00	\N
a5713c72-404c-4d78-b706-98bdcfbbb7e8	444017d5-e022-4c5f-ac07-ea0d51f4609b	4d5269a2-63ad-48e7-8683-4b0efca11567	Bed & Breakfast	BB	Room with daily breakfast	4200	INR	breakfast	1	\N	\N	moderate	\N	\N	\N	\N	\N	\N	\N	\N	active	\N	\N	\N	2026-05-03 19:27:50.414+00	2026-05-03 19:27:50.414+00	\N
1a5c7379-c2c0-4b39-9bd5-3e363a554090	444017d5-e022-4c5f-ac07-ea0d51f4609b	1aac4388-0d87-43da-a0bf-984fe39e5bcf	Best Available Rate	BAR	Flexible rate	5500	INR	room_only	1	\N	\N	moderate	\N	\N	\N	\N	\N	\N	\N	\N	active	\N	\N	\N	2026-05-03 19:27:50.414+00	2026-05-03 19:27:50.414+00	\N
2543fd1a-a816-4001-a28d-f50562d816fa	444017d5-e022-4c5f-ac07-ea0d51f4609b	1aac4388-0d87-43da-a0bf-984fe39e5bcf	Non-Refundable	NRF	Discounted rate	4675	INR	room_only	2	\N	\N	non_refundable	\N	\N	\N	\N	\N	\N	\N	\N	active	\N	\N	\N	2026-05-03 19:27:50.414+00	2026-05-03 19:27:50.414+00	\N
b2f7bd51-c4c8-44ff-8c8d-5c408a11b54b	444017d5-e022-4c5f-ac07-ea0d51f4609b	22f53ea5-00fb-4b29-9dc6-a7834cc6b481	Best Available Rate	BAR	Flexible rate with lounge access	12000	INR	room_only	2	\N	\N	flexible	\N	\N	\N	\N	\N	\N	\N	\N	active	\N	\N	\N	2026-05-03 19:27:50.414+00	2026-05-03 19:27:50.414+00	\N
0b8c120c-694e-4ae7-b375-d9871b61d280	444017d5-e022-4c5f-ac07-ea0d51f4609b	bd3a1ffd-24b8-4185-b350-6bdae97bc426	Presidential Package	PRES	All-inclusive luxury experience	35000	INR	full_board	2	\N	\N	flexible	\N	\N	\N	\N	\N	\N	\N	\N	active	\N	\N	\N	2026-05-03 19:27:50.414+00	2026-05-03 19:27:50.414+00	\N
\.


--
-- Data for Name: Recipe; Type: TABLE DATA; Schema: public; Owner: -
--

COPY public."Recipe" (id, "tenantId", "menuItemId", instructions, "prepTime", "cookTime", yield, "costPerServing", "createdAt", "updatedAt", "deletedAt") FROM stdin;
\.


--
-- Data for Name: RecipeIngredient; Type: TABLE DATA; Schema: public; Owner: -
--

COPY public."RecipeIngredient" (id, "tenantId", "recipeId", name, quantity, unit, "costPerUnit", "sortOrder", "createdAt", "updatedAt") FROM stdin;
\.


--
-- Data for Name: Reconciliation; Type: TABLE DATA; Schema: public; Owner: -
--

COPY public."Reconciliation" (id, "tenantId", "bankAccountId", "bankTransactionId", "paymentId", "folioId", "matchType", "matchConfidence", "matchCriteria", status, "reconciledAmount", "adjustmentAmount", "adjustmentReason", "reconciledBy", "reconciledAt", notes, "createdAt", "updatedAt") FROM stdin;
bad93aa4-5cad-4bec-8d7a-cc5946540d46	444017d5-e022-4c5f-ac07-ea0d51f4609b	b5ea5c1c-7715-4eaf-b2a0-2a5bb798601c	4389d8d8-298b-4901-94f4-4c0420a57971	c5c45224-4b94-4684-b5e5-7ae81c90d63d	6562be0c-1585-4355-8c48-96dc8368240e	auto	0.95	{"amount":true,"date":true}	matched	17990	0	\N	user-1	2026-05-03 19:27:50.526+00	\N	2026-05-03 19:27:50.526+00	2026-05-03 19:27:50.526+00
d729aaba-05db-4bc3-ae81-5a99d5ea2293	444017d5-e022-4c5f-ac07-ea0d51f4609b	b5ea5c1c-7715-4eaf-b2a0-2a5bb798601c	9b5402e7-6780-419c-9d72-0085f7ff3bd0	49ab5380-a172-4b5b-a0f2-2bad405a7d33	31b2dc91-a684-4dfa-af6a-fc948051da24	auto	0.92	{"amount":true,"name":true}	matched	55000	0	\N	user-1	2026-05-03 19:27:50.526+00	\N	2026-05-03 19:27:50.526+00	2026-05-03 19:27:50.526+00
d9015c40-bed5-4679-8db4-ab9b21c72274	444017d5-e022-4c5f-ac07-ea0d51f4609b	b5ea5c1c-7715-4eaf-b2a0-2a5bb798601c	256b0ebb-b778-44a8-bf55-b33541cbf9be	\N	\N	manual	0.88	{"amount":true,"vendor":true}	matched	45000	0	Vendor payment matched to purchase order PO-001	user-1	2026-05-03 19:27:50.526+00	\N	2026-05-03 19:27:50.526+00	2026-05-03 19:27:50.526+00
45001470-d9df-41ca-a4a7-5ab6e3ef5ff1	444017d5-e022-4c5f-ac07-ea0d51f4609b	b5ea5c1c-7715-4eaf-b2a0-2a5bb798601c	bb7f1a5f-c487-436e-a726-17334fbc9219	\N	\N	manual	0.85	{}	matched	32000	0	\N	user-1	2026-05-03 19:27:50.526+00	GST quarterly advance payment	2026-05-03 19:27:50.526+00	2026-05-03 19:27:50.526+00
\.


--
-- Data for Name: RegistrationCard; Type: TABLE DATA; Schema: public; Owner: -
--

COPY public."RegistrationCard" (id, "tenantId", "propertyId", "bookingId", "guestId", "cardNumber", "checkInDate", "checkOutDate", "roomNumber", "roomType", "guestName", "guestNationality", "guestIdType", "guestIdNumber", "guestAddress", "guestPhone", "guestEmail", purpose, "vehiclePlate", companions, "specialRequests", "termsAccepted", "acceptedAt", "printedAt", "printedBy", "createdAt", "updatedAt") FROM stdin;
\.


--
-- Data for Name: RegistrationPlan; Type: TABLE DATA; Schema: public; Owner: -
--

COPY public."RegistrationPlan" (id, name, "displayName", description, price, currency, "maxProperties", "maxRoomsPerProperty", "maxUsers", "maxStaff", features, "sortOrder", "isActive", highlighted, "trialDays", "createdAt", "updatedAt") FROM stdin;
\.


--
-- Data for Name: ReportCache; Type: TABLE DATA; Schema: public; Owner: -
--

COPY public."ReportCache" (id, "tenantId", "reportType", "periodStart", "periodEnd", data, "generatedAt", "expiresAt") FROM stdin;
\.


--
-- Data for Name: ReportHistory; Type: TABLE DATA; Schema: public; Owner: -
--

COPY public."ReportHistory" (id, "tenantId", "scheduledReportId", name, type, format, "generatedAt", "generatedBy", "periodStart", "periodEnd", "fileUrl", "fileSize", status, "errorMessage", "recipientCount", "sentAt", metadata) FROM stdin;
\.


--
-- Data for Name: Reservation; Type: TABLE DATA; Schema: public; Owner: -
--

COPY public."Reservation" (id, "propertyId", "tableId", "guestId", "guestName", "guestPhone", "guestEmail", "partySize", date, "time", duration, "specialRequests", occasion, status, source, notes, "seatedAt", "completedAt", "cancelledAt", "createdAt", "updatedAt", "deletedAt") FROM stdin;
\.


--
-- Data for Name: RestaurantTable; Type: TABLE DATA; Schema: public; Owner: -
--

COPY public."RestaurantTable" (id, "propertyId", number, name, capacity, area, floor, "posX", "posY", width, height, status, "createdAt", "updatedAt", shape) FROM stdin;
8d1edcb0-55cf-45a8-92da-443380e3f104	281fde73-7836-4511-b644-91f3663d8fcd	T1	Window Seat	2	indoor	1	\N	\N	\N	\N	available	2026-05-03 19:27:50.426+00	2026-05-03 19:27:50.426+00	round
340cae62-3f58-4acf-a8c5-8e3b111f8feb	281fde73-7836-4511-b644-91f3663d8fcd	T2	Window Seat	2	indoor	1	\N	\N	\N	\N	occupied	2026-05-03 19:27:50.426+00	2026-05-03 19:27:50.426+00	round
0dbc8f71-f159-45b4-8a3b-3f9d9ea7a1f2	281fde73-7836-4511-b644-91f3663d8fcd	T3	\N	4	indoor	1	\N	\N	\N	\N	available	2026-05-03 19:27:50.426+00	2026-05-03 19:27:50.426+00	round
d0a0c565-794d-4fe8-b842-5d16a78c324a	281fde73-7836-4511-b644-91f3663d8fcd	T4	\N	4	indoor	1	\N	\N	\N	\N	reserved	2026-05-03 19:27:50.426+00	2026-05-03 19:27:50.426+00	round
9b7fd402-b70a-4f03-8954-790cf52b1139	281fde73-7836-4511-b644-91f3663d8fcd	T5	\N	6	indoor	1	\N	\N	\N	\N	available	2026-05-03 19:27:50.426+00	2026-05-03 19:27:50.426+00	round
3b50dea6-9b2e-4147-8d9d-bf1f83c4c216	281fde73-7836-4511-b644-91f3663d8fcd	T6	\N	4	patio	1	\N	\N	\N	\N	available	2026-05-03 19:27:50.426+00	2026-05-03 19:27:50.426+00	round
06ef7100-84ef-45fe-89e2-88b940733a4e	281fde73-7836-4511-b644-91f3663d8fcd	T7	\N	4	patio	1	\N	\N	\N	\N	occupied	2026-05-03 19:27:50.426+00	2026-05-03 19:27:50.426+00	round
5c231023-f4f5-4bc6-aa0d-80b8e1688846	281fde73-7836-4511-b644-91f3663d8fcd	T8	VIP Room	8	vip	2	\N	\N	\N	\N	available	2026-05-03 19:27:50.426+00	2026-05-03 19:27:50.426+00	round
43c993af-b363-4998-995b-82e9ecead3da	281fde73-7836-4511-b644-91f3663d8fcd	T9	\N	6	bar	1	\N	\N	\N	\N	cleaning	2026-05-03 19:27:50.426+00	2026-05-03 19:27:50.426+00	round
7b0e3baf-89fe-4119-9759-c69a5d17023a	281fde73-7836-4511-b644-91f3663d8fcd	T10	\N	2	bar	1	\N	\N	\N	\N	available	2026-05-03 19:27:50.426+00	2026-05-03 19:27:50.426+00	round
\.


--
-- Data for Name: Role; Type: TABLE DATA; Schema: public; Owner: -
--

COPY public."Role" (id, "tenantId", name, "displayName", description, permissions, "isSystem", "createdAt", "updatedAt") FROM stdin;
510daaa7-e3c1-439b-b779-95494e12b7b9	444017d5-e022-4c5f-ac07-ea0d51f4609b	admin	Administrator	Full system access - can do everything	["*"]	t	2026-05-03 19:27:49.791+00	2026-05-03 19:27:49.791+00
5421478b-83fe-42fd-9e6e-871cc97d4830	444017d5-e022-4c5f-ac07-ea0d51f4609b	manager	Manager	Operations and reports access	["dashboard.*","bookings.*","guests.*","rooms.view","rooms.update","housekeeping.view","billing.view","billing.create","reports.*","wifi.*","frontdesk.*","settings.read","notifications.view","inventory.view","experience.view"]	t	2026-05-03 19:27:49.791+00	2026-05-03 19:27:49.791+00
4f796e3a-1a36-41d3-a9a0-5231e5425136	444017d5-e022-4c5f-ac07-ea0d51f4609b	front_desk	Front Desk	Front desk operations - check-in, check-out, bookings	["dashboard.operations","bookings.view","bookings.create","bookings.update","guests.view","guests.create","guests.update","rooms.view","frontdesk.*","billing.view","billing.create","experience.view","communication.chat"]	t	2026-05-03 19:27:49.791+00	2026-05-03 19:27:49.791+00
0b9b2d1f-8ac4-40f0-905b-9403b353f2d6	444017d5-e022-4c5f-ac07-ea0d51f4609b	housekeeping	Housekeeping	Housekeeping operations - rooms, tasks, maintenance	["dashboard.housekeeping","rooms.view","rooms.update_status","tasks.*","housekeeping.*","maintenance.view","maintenance.create","assets.view"]	t	2026-05-03 19:27:49.791+00	2026-05-03 19:27:49.791+00
4881a555-67a2-497d-9624-04b7c92196b8	1afa10da-6737-4bbe-b30c-e2b76eedd4d5	admin	Administrator	Full system access	["*"]	t	2026-05-03 19:27:50.382+00	2026-05-03 19:27:50.382+00
1d4d8af5-debb-47b4-8801-2771286d3aad	1afa10da-6737-4bbe-b30c-e2b76eedd4d5	manager	General Manager	Operations and reports	["dashboard.*","bookings.*","guests.*","rooms.view","rooms.update","housekeeping.view","billing.*","reports.*","frontdesk.*","settings.view","notifications.view","inventory.view"]	t	2026-05-03 19:27:50.382+00	2026-05-03 19:27:50.382+00
13da5014-aec8-4cd7-a8cc-4a985a651454	1afa10da-6737-4bbe-b30c-e2b76eedd4d5	front_desk	Front Desk Agent	Front desk operations	["dashboard.operations","bookings.view","bookings.create","bookings.update","guests.view","guests.create","rooms.view","frontdesk.*","billing.view","communication.chat"]	t	2026-05-03 19:27:50.382+00	2026-05-03 19:27:50.382+00
\.


--
-- Data for Name: Room; Type: TABLE DATA; Schema: public; Owner: -
--

COPY public."Room" (id, "propertyId", "roomTypeId", number, name, floor, "isAccessible", "isSmoking", "hasBalcony", "hasSeaView", "hasMountainView", status, "smartRoomConfig", "digitalKeyEnabled", "digitalKeySecret", "housekeepingStatus", "lastCleanedAt", "lastInspectedAt", "inspectedBy", "hkPriority", "hkNotes", dnd, "currentTaskId", images, "createdAt", "updatedAt", "deletedAt") FROM stdin;
df952a5d-0ea8-49c6-9445-0de11983d19a	281fde73-7836-4511-b644-91f3663d8fcd	22f53ea5-00fb-4b29-9dc6-a7834cc6b481	801	Executive Suite 801	8	f	f	f	f	f	occupied	\N	t	\N	clean	\N	\N	\N	normal	\N	f	\N	[]	2026-05-03 19:27:50.39+00	2026-05-03 19:27:50.39+00	\N
ed3525fb-db41-4efe-bc14-f8d70265fcc5	281fde73-7836-4511-b644-91f3663d8fcd	1aac4388-0d87-43da-a0bf-984fe39e5bcf	510	Deluxe Room 510	5	f	f	f	f	f	available	\N	t	\N	clean	\N	\N	\N	normal	\N	f	\N	[]	2026-05-03 19:27:50.39+00	2026-05-03 19:27:50.39+00	\N
511c8197-5769-497c-9efc-293067ff0671	281fde73-7836-4511-b644-91f3663d8fcd	bd3a1ffd-24b8-4185-b350-6bdae97bc426	1002	Presidential Suite 1002	10	f	f	f	f	f	available	\N	t	\N	clean	\N	\N	\N	normal	\N	f	\N	[]	2026-05-03 19:27:50.39+00	2026-05-03 19:27:50.39+00	\N
2bd9e3e1-07f2-4535-ab58-5868a167f183	281fde73-7836-4511-b644-91f3663d8fcd	4d5269a2-63ad-48e7-8683-4b0efca11567	101	Standard Room 101	1	f	f	f	f	f	available	\N	t	\N	clean	\N	\N	\N	normal	\N	f	\N	[]	2026-05-03 19:27:50.39+00	2026-05-03 19:27:50.39+00	\N
9b1e3d48-842e-40bb-aa34-9f7ce7e0bb1f	281fde73-7836-4511-b644-91f3663d8fcd	4d5269a2-63ad-48e7-8683-4b0efca11567	104	Standard Room 104	1	f	f	f	f	f	available	\N	t	\N	clean	\N	\N	\N	normal	\N	f	\N	[]	2026-05-03 19:27:50.394+00	2026-05-03 19:27:50.394+00	\N
eac04ef0-3177-4587-9ee4-1dfe89e2e62d	281fde73-7836-4511-b644-91f3663d8fcd	4d5269a2-63ad-48e7-8683-4b0efca11567	105	Standard Room 105	1	f	f	f	f	f	maintenance	\N	t	\N	clean	\N	\N	\N	normal	\N	f	\N	[]	2026-05-03 19:27:50.394+00	2026-05-03 19:27:50.394+00	\N
7d05f400-f61c-4b1a-8f19-09ecc60008d8	281fde73-7836-4511-b644-91f3663d8fcd	4d5269a2-63ad-48e7-8683-4b0efca11567	106	Standard Room 106	1	f	f	f	f	f	available	\N	t	\N	clean	\N	\N	\N	normal	\N	f	\N	[]	2026-05-03 19:27:50.394+00	2026-05-03 19:27:50.394+00	\N
59797aff-1612-47ba-a411-e3ae368b2377	281fde73-7836-4511-b644-91f3663d8fcd	4d5269a2-63ad-48e7-8683-4b0efca11567	107	Standard Room 107	1	f	f	f	f	f	occupied	\N	t	\N	clean	\N	\N	\N	normal	\N	f	\N	[]	2026-05-03 19:27:50.394+00	2026-05-03 19:27:50.394+00	\N
92ff2041-f0d5-4891-93dd-ebaa882c7734	281fde73-7836-4511-b644-91f3663d8fcd	4d5269a2-63ad-48e7-8683-4b0efca11567	108	Standard Room 108	1	f	f	f	f	f	available	\N	t	\N	clean	\N	\N	\N	normal	\N	f	\N	[]	2026-05-03 19:27:50.394+00	2026-05-03 19:27:50.394+00	\N
3f89eede-ff1e-4ad4-b41b-61a26a365184	281fde73-7836-4511-b644-91f3663d8fcd	4d5269a2-63ad-48e7-8683-4b0efca11567	109	Standard Room 109	1	f	f	f	f	f	maintenance	\N	t	\N	clean	\N	\N	\N	normal	\N	f	\N	[]	2026-05-03 19:27:50.394+00	2026-05-03 19:27:50.394+00	\N
f79b5155-28cf-45ed-a888-7462ba123f22	281fde73-7836-4511-b644-91f3663d8fcd	4d5269a2-63ad-48e7-8683-4b0efca11567	110	Standard Room 110	1	f	f	f	f	f	available	\N	t	\N	clean	\N	\N	\N	normal	\N	f	\N	[]	2026-05-03 19:27:50.394+00	2026-05-03 19:27:50.394+00	\N
1933fd16-8eda-46ff-bd54-16e81da3a8e2	281fde73-7836-4511-b644-91f3663d8fcd	4d5269a2-63ad-48e7-8683-4b0efca11567	111	Standard Room 111	1	f	f	f	f	f	occupied	\N	t	\N	clean	\N	\N	\N	normal	\N	f	\N	[]	2026-05-03 19:27:50.394+00	2026-05-03 19:27:50.394+00	\N
67fc32f3-5a76-44ab-9071-1bbef744f173	281fde73-7836-4511-b644-91f3663d8fcd	4d5269a2-63ad-48e7-8683-4b0efca11567	112	Standard Room 112	2	f	f	f	f	f	available	\N	t	\N	clean	\N	\N	\N	normal	\N	f	\N	[]	2026-05-03 19:27:50.394+00	2026-05-03 19:27:50.394+00	\N
ac29a014-925c-4462-83f3-bab72f8fac86	281fde73-7836-4511-b644-91f3663d8fcd	4d5269a2-63ad-48e7-8683-4b0efca11567	113	Standard Room 113	2	f	f	f	f	f	occupied	\N	t	\N	clean	\N	\N	\N	normal	\N	f	\N	[]	2026-05-03 19:27:50.394+00	2026-05-03 19:27:50.394+00	\N
0bab9df0-a001-4572-bfcf-cba3cce19f77	281fde73-7836-4511-b644-91f3663d8fcd	4d5269a2-63ad-48e7-8683-4b0efca11567	114	Standard Room 114	2	f	f	f	f	f	available	\N	t	\N	clean	\N	\N	\N	normal	\N	f	\N	[]	2026-05-03 19:27:50.394+00	2026-05-03 19:27:50.394+00	\N
e9ccff09-153a-41c4-9449-f1347ed7cfa9	281fde73-7836-4511-b644-91f3663d8fcd	4d5269a2-63ad-48e7-8683-4b0efca11567	115	Standard Room 115	2	f	f	f	f	f	maintenance	\N	t	\N	clean	\N	\N	\N	normal	\N	f	\N	[]	2026-05-03 19:27:50.394+00	2026-05-03 19:27:50.394+00	\N
7323fb08-adf0-45f9-aca0-b628a52ebb5b	281fde73-7836-4511-b644-91f3663d8fcd	4d5269a2-63ad-48e7-8683-4b0efca11567	116	Standard Room 116	2	f	f	f	f	f	available	\N	t	\N	clean	\N	\N	\N	normal	\N	f	\N	[]	2026-05-03 19:27:50.394+00	2026-05-03 19:27:50.394+00	\N
f1caea02-1a8d-40d6-b3e5-cd25acc97bea	281fde73-7836-4511-b644-91f3663d8fcd	4d5269a2-63ad-48e7-8683-4b0efca11567	117	Standard Room 117	2	f	f	f	f	f	occupied	\N	t	\N	clean	\N	\N	\N	normal	\N	f	\N	[]	2026-05-03 19:27:50.394+00	2026-05-03 19:27:50.394+00	\N
b10c69cb-857a-4115-a3e1-e947ecf869aa	281fde73-7836-4511-b644-91f3663d8fcd	4d5269a2-63ad-48e7-8683-4b0efca11567	118	Standard Room 118	2	f	f	f	f	f	available	\N	t	\N	clean	\N	\N	\N	normal	\N	f	\N	[]	2026-05-03 19:27:50.394+00	2026-05-03 19:27:50.394+00	\N
28dcd75a-aa5c-4c08-8f4e-b53af993e278	281fde73-7836-4511-b644-91f3663d8fcd	4d5269a2-63ad-48e7-8683-4b0efca11567	119	Standard Room 119	2	f	f	f	f	f	maintenance	\N	t	\N	clean	\N	\N	\N	normal	\N	f	\N	[]	2026-05-03 19:27:50.394+00	2026-05-03 19:27:50.394+00	\N
29a0680d-2ef2-4a14-8db2-4e1193212724	281fde73-7836-4511-b644-91f3663d8fcd	4d5269a2-63ad-48e7-8683-4b0efca11567	120	Standard Room 120	2	f	f	f	f	f	available	\N	t	\N	clean	\N	\N	\N	normal	\N	f	\N	[]	2026-05-03 19:27:50.394+00	2026-05-03 19:27:50.394+00	\N
963e456e-ba9e-4915-adc0-9d15d95edfec	281fde73-7836-4511-b644-91f3663d8fcd	4d5269a2-63ad-48e7-8683-4b0efca11567	121	Standard Room 121	2	f	f	f	f	f	occupied	\N	t	\N	clean	\N	\N	\N	normal	\N	f	\N	[]	2026-05-03 19:27:50.394+00	2026-05-03 19:27:50.394+00	\N
bb2771d5-3556-4a20-837d-b2dfd3992dec	281fde73-7836-4511-b644-91f3663d8fcd	4d5269a2-63ad-48e7-8683-4b0efca11567	122	Standard Room 122	3	f	f	f	f	f	available	\N	t	\N	clean	\N	\N	\N	normal	\N	f	\N	[]	2026-05-03 19:27:50.394+00	2026-05-03 19:27:50.394+00	\N
651c4b08-dcfd-4dae-94e9-12a0dd281f30	281fde73-7836-4511-b644-91f3663d8fcd	4d5269a2-63ad-48e7-8683-4b0efca11567	123	Standard Room 123	3	f	f	f	f	f	occupied	\N	t	\N	clean	\N	\N	\N	normal	\N	f	\N	[]	2026-05-03 19:27:50.394+00	2026-05-03 19:27:50.394+00	\N
10e85751-88e7-44f1-bec7-6902b64f7e50	281fde73-7836-4511-b644-91f3663d8fcd	4d5269a2-63ad-48e7-8683-4b0efca11567	124	Standard Room 124	3	f	f	f	f	f	available	\N	t	\N	clean	\N	\N	\N	normal	\N	f	\N	[]	2026-05-03 19:27:50.394+00	2026-05-03 19:27:50.394+00	\N
1a910a3e-aa5c-459e-98fd-dfc2b7b9fd22	281fde73-7836-4511-b644-91f3663d8fcd	4d5269a2-63ad-48e7-8683-4b0efca11567	125	Standard Room 125	3	f	f	f	f	f	maintenance	\N	t	\N	clean	\N	\N	\N	normal	\N	f	\N	[]	2026-05-03 19:27:50.394+00	2026-05-03 19:27:50.394+00	\N
47b091ee-6c7d-4169-9571-0b83bd714748	281fde73-7836-4511-b644-91f3663d8fcd	4d5269a2-63ad-48e7-8683-4b0efca11567	126	Standard Room 126	3	f	f	f	f	f	available	\N	t	\N	clean	\N	\N	\N	normal	\N	f	\N	[]	2026-05-03 19:27:50.394+00	2026-05-03 19:27:50.394+00	\N
46fea306-8464-4a95-a7cf-9c377352d698	281fde73-7836-4511-b644-91f3663d8fcd	4d5269a2-63ad-48e7-8683-4b0efca11567	127	Standard Room 127	3	f	f	f	f	f	occupied	\N	t	\N	clean	\N	\N	\N	normal	\N	f	\N	[]	2026-05-03 19:27:50.394+00	2026-05-03 19:27:50.394+00	\N
1aa90f94-2f6b-4fe3-bba1-690c906690e1	281fde73-7836-4511-b644-91f3663d8fcd	4d5269a2-63ad-48e7-8683-4b0efca11567	128	Standard Room 128	3	f	f	f	f	f	available	\N	t	\N	clean	\N	\N	\N	normal	\N	f	\N	[]	2026-05-03 19:27:50.394+00	2026-05-03 19:27:50.394+00	\N
e1a42c96-f67d-4421-9996-9530075fcaa5	281fde73-7836-4511-b644-91f3663d8fcd	4d5269a2-63ad-48e7-8683-4b0efca11567	129	Standard Room 129	3	f	f	f	f	f	maintenance	\N	t	\N	clean	\N	\N	\N	normal	\N	f	\N	[]	2026-05-03 19:27:50.394+00	2026-05-03 19:27:50.394+00	\N
46d521d7-0291-4e55-8892-997eeaaf8858	281fde73-7836-4511-b644-91f3663d8fcd	4d5269a2-63ad-48e7-8683-4b0efca11567	130	Standard Room 130	3	f	f	f	f	f	available	\N	t	\N	clean	\N	\N	\N	normal	\N	f	\N	[]	2026-05-03 19:27:50.394+00	2026-05-03 19:27:50.394+00	\N
e154012b-3651-42ac-8783-89b7bfea7dab	281fde73-7836-4511-b644-91f3663d8fcd	4d5269a2-63ad-48e7-8683-4b0efca11567	131	Standard Room 131	3	f	f	f	f	f	occupied	\N	t	\N	clean	\N	\N	\N	normal	\N	f	\N	[]	2026-05-03 19:27:50.394+00	2026-05-03 19:27:50.394+00	\N
142c9846-bcb0-4f0c-a2a3-bdebdaf77d2f	281fde73-7836-4511-b644-91f3663d8fcd	4d5269a2-63ad-48e7-8683-4b0efca11567	132	Standard Room 132	4	f	f	f	f	f	available	\N	t	\N	clean	\N	\N	\N	normal	\N	f	\N	[]	2026-05-03 19:27:50.394+00	2026-05-03 19:27:50.394+00	\N
a20c1b2b-67b2-41d5-ace9-516573fd84d7	281fde73-7836-4511-b644-91f3663d8fcd	4d5269a2-63ad-48e7-8683-4b0efca11567	133	Standard Room 133	4	f	f	f	f	f	occupied	\N	t	\N	clean	\N	\N	\N	normal	\N	f	\N	[]	2026-05-03 19:27:50.394+00	2026-05-03 19:27:50.394+00	\N
44850901-a6cd-4e58-a9d9-e6b9d6e27747	281fde73-7836-4511-b644-91f3663d8fcd	4d5269a2-63ad-48e7-8683-4b0efca11567	134	Standard Room 134	4	f	f	f	f	f	available	\N	t	\N	clean	\N	\N	\N	normal	\N	f	\N	[]	2026-05-03 19:27:50.394+00	2026-05-03 19:27:50.394+00	\N
1cfd7d20-ea56-45fe-a321-0ef3c3b97c07	281fde73-7836-4511-b644-91f3663d8fcd	4d5269a2-63ad-48e7-8683-4b0efca11567	135	Standard Room 135	4	f	f	f	f	f	maintenance	\N	t	\N	clean	\N	\N	\N	normal	\N	f	\N	[]	2026-05-03 19:27:50.394+00	2026-05-03 19:27:50.394+00	\N
6d94de96-2ccd-4c40-9401-f10957c98305	281fde73-7836-4511-b644-91f3663d8fcd	4d5269a2-63ad-48e7-8683-4b0efca11567	136	Standard Room 136	4	f	f	f	f	f	available	\N	t	\N	clean	\N	\N	\N	normal	\N	f	\N	[]	2026-05-03 19:27:50.394+00	2026-05-03 19:27:50.394+00	\N
b80b05b8-f07d-45f9-a80c-59e04bdac9ad	281fde73-7836-4511-b644-91f3663d8fcd	4d5269a2-63ad-48e7-8683-4b0efca11567	137	Standard Room 137	4	f	f	f	f	f	occupied	\N	t	\N	clean	\N	\N	\N	normal	\N	f	\N	[]	2026-05-03 19:27:50.394+00	2026-05-03 19:27:50.394+00	\N
30919658-957b-48ff-b438-cd13d7de2a46	281fde73-7836-4511-b644-91f3663d8fcd	4d5269a2-63ad-48e7-8683-4b0efca11567	138	Standard Room 138	4	f	f	f	f	f	available	\N	t	\N	clean	\N	\N	\N	normal	\N	f	\N	[]	2026-05-03 19:27:50.394+00	2026-05-03 19:27:50.394+00	\N
4fd4a1a0-e1a0-4632-b606-83d9b9bc7a84	281fde73-7836-4511-b644-91f3663d8fcd	4d5269a2-63ad-48e7-8683-4b0efca11567	139	Standard Room 139	4	f	f	f	f	f	maintenance	\N	t	\N	clean	\N	\N	\N	normal	\N	f	\N	[]	2026-05-03 19:27:50.394+00	2026-05-03 19:27:50.394+00	\N
12fd351d-7635-4c9b-bc8b-65d9ce69134b	281fde73-7836-4511-b644-91f3663d8fcd	4d5269a2-63ad-48e7-8683-4b0efca11567	140	Standard Room 140	4	f	f	f	f	f	available	\N	t	\N	clean	\N	\N	\N	normal	\N	f	\N	[]	2026-05-03 19:27:50.394+00	2026-05-03 19:27:50.394+00	\N
4b351843-0050-4efe-b681-318db3b70b32	281fde73-7836-4511-b644-91f3663d8fcd	4d5269a2-63ad-48e7-8683-4b0efca11567	141	Standard Room 141	4	f	f	f	f	f	occupied	\N	t	\N	clean	\N	\N	\N	normal	\N	f	\N	[]	2026-05-03 19:27:50.394+00	2026-05-03 19:27:50.394+00	\N
22af23de-b3b2-41bf-a672-cc3d0f65d884	281fde73-7836-4511-b644-91f3663d8fcd	1aac4388-0d87-43da-a0bf-984fe39e5bcf	502	Deluxe Room 502	5	f	f	t	f	f	available	\N	t	\N	clean	\N	\N	\N	normal	\N	f	\N	[]	2026-05-03 19:27:50.394+00	2026-05-03 19:27:50.394+00	\N
04c84ddf-9530-4ee4-b8c3-14f217551686	281fde73-7836-4511-b644-91f3663d8fcd	1aac4388-0d87-43da-a0bf-984fe39e5bcf	503	Deluxe Room 503	5	f	f	t	f	f	available	\N	t	\N	clean	\N	\N	\N	normal	\N	f	\N	[]	2026-05-03 19:27:50.394+00	2026-05-03 19:27:50.394+00	\N
28ac506f-dcfc-4cb0-a330-40b20cb85734	281fde73-7836-4511-b644-91f3663d8fcd	1aac4388-0d87-43da-a0bf-984fe39e5bcf	504	Deluxe Room 504	5	f	f	t	f	f	available	\N	t	\N	clean	\N	\N	\N	normal	\N	f	\N	[]	2026-05-03 19:27:50.394+00	2026-05-03 19:27:50.394+00	\N
fa963414-5906-466f-8247-c080508d3716	281fde73-7836-4511-b644-91f3663d8fcd	4d5269a2-63ad-48e7-8683-4b0efca11567	305	Standard Room 305	3	f	f	f	f	f	occupied	\N	t	\N	dirty	\N	\N	\N	vip	\N	f	\N	[]	2026-05-03 19:27:50.39+00	2026-05-03 19:27:50.444+00	\N
55acdf17-79f9-4fa7-a65e-60e68bbb1a82	281fde73-7836-4511-b644-91f3663d8fcd	4d5269a2-63ad-48e7-8683-4b0efca11567	103	Standard Room 103	1	f	f	f	f	f	occupied	\N	t	\N	clean	\N	\N	\N	normal	\N	f	\N	[]	2026-05-03 19:27:50.394+00	2026-05-03 19:27:50.445+00	\N
3330f9c6-2345-4db5-bc7f-4a8ca55afb8b	281fde73-7836-4511-b644-91f3663d8fcd	1aac4388-0d87-43da-a0bf-984fe39e5bcf	501	Deluxe Room 501	5	f	f	f	f	f	occupied	\N	t	\N	cleaning	\N	\N	\N	high	\N	f	\N	[]	2026-05-03 19:27:50.39+00	2026-05-03 19:27:50.445+00	\N
bbfa4abf-51f1-489d-8e67-f4870f70c70e	281fde73-7836-4511-b644-91f3663d8fcd	1aac4388-0d87-43da-a0bf-984fe39e5bcf	505	Deluxe Room 505	5	f	f	t	f	f	available	\N	t	\N	clean	\N	\N	\N	normal	\N	f	\N	[]	2026-05-03 19:27:50.394+00	2026-05-03 19:27:50.394+00	\N
658f75b6-be06-40ac-99e4-5c89e64b5cea	281fde73-7836-4511-b644-91f3663d8fcd	1aac4388-0d87-43da-a0bf-984fe39e5bcf	506	Deluxe Room 506	5	f	f	t	f	f	available	\N	t	\N	clean	\N	\N	\N	normal	\N	f	\N	[]	2026-05-03 19:27:50.394+00	2026-05-03 19:27:50.394+00	\N
cb45a695-db5a-4c9a-9097-fe308fb58e39	281fde73-7836-4511-b644-91f3663d8fcd	1aac4388-0d87-43da-a0bf-984fe39e5bcf	507	Deluxe Room 507	5	f	f	t	f	f	available	\N	t	\N	clean	\N	\N	\N	normal	\N	f	\N	[]	2026-05-03 19:27:50.394+00	2026-05-03 19:27:50.394+00	\N
6f497187-6c2d-4bdd-bcef-de6d5b13de80	281fde73-7836-4511-b644-91f3663d8fcd	1aac4388-0d87-43da-a0bf-984fe39e5bcf	508	Deluxe Room 508	5	f	f	t	f	f	available	\N	t	\N	clean	\N	\N	\N	normal	\N	f	\N	[]	2026-05-03 19:27:50.394+00	2026-05-03 19:27:50.394+00	\N
054d22bc-ce42-4eec-84fb-898c0a3a3ced	281fde73-7836-4511-b644-91f3663d8fcd	1aac4388-0d87-43da-a0bf-984fe39e5bcf	509	Deluxe Room 509	5	f	f	t	f	f	available	\N	t	\N	clean	\N	\N	\N	normal	\N	f	\N	[]	2026-05-03 19:27:50.394+00	2026-05-03 19:27:50.394+00	\N
eb11baca-16bd-4cb8-b4b2-8408692954d5	281fde73-7836-4511-b644-91f3663d8fcd	1aac4388-0d87-43da-a0bf-984fe39e5bcf	511	Deluxe Room 511	5	f	f	t	f	f	available	\N	t	\N	clean	\N	\N	\N	normal	\N	f	\N	[]	2026-05-03 19:27:50.394+00	2026-05-03 19:27:50.394+00	\N
9e816997-2f54-4716-9bd5-455d00df4a0c	281fde73-7836-4511-b644-91f3663d8fcd	1aac4388-0d87-43da-a0bf-984fe39e5bcf	512	Deluxe Room 512	5	f	f	t	f	f	available	\N	t	\N	clean	\N	\N	\N	normal	\N	f	\N	[]	2026-05-03 19:27:50.394+00	2026-05-03 19:27:50.394+00	\N
7b01b769-dcfc-48f9-a89c-54d6c33c88c5	281fde73-7836-4511-b644-91f3663d8fcd	1aac4388-0d87-43da-a0bf-984fe39e5bcf	513	Deluxe Room 513	6	f	f	t	f	f	available	\N	t	\N	clean	\N	\N	\N	normal	\N	f	\N	[]	2026-05-03 19:27:50.394+00	2026-05-03 19:27:50.394+00	\N
9e5f56c1-975f-4b63-a397-c89a52584719	281fde73-7836-4511-b644-91f3663d8fcd	1aac4388-0d87-43da-a0bf-984fe39e5bcf	514	Deluxe Room 514	6	f	f	t	f	f	available	\N	t	\N	clean	\N	\N	\N	normal	\N	f	\N	[]	2026-05-03 19:27:50.394+00	2026-05-03 19:27:50.394+00	\N
05a32361-5068-4c69-b006-6629e3cad200	281fde73-7836-4511-b644-91f3663d8fcd	1aac4388-0d87-43da-a0bf-984fe39e5bcf	515	Deluxe Room 515	6	f	f	t	f	f	available	\N	t	\N	clean	\N	\N	\N	normal	\N	f	\N	[]	2026-05-03 19:27:50.394+00	2026-05-03 19:27:50.394+00	\N
a7070013-5fe6-4b1e-b20d-8e9bd086f180	281fde73-7836-4511-b644-91f3663d8fcd	1aac4388-0d87-43da-a0bf-984fe39e5bcf	516	Deluxe Room 516	6	f	f	t	f	f	available	\N	t	\N	clean	\N	\N	\N	normal	\N	f	\N	[]	2026-05-03 19:27:50.394+00	2026-05-03 19:27:50.394+00	\N
9fac9c55-ada5-468c-87e4-efdfaf1dcb17	281fde73-7836-4511-b644-91f3663d8fcd	1aac4388-0d87-43da-a0bf-984fe39e5bcf	517	Deluxe Room 517	6	f	f	t	f	f	available	\N	t	\N	clean	\N	\N	\N	normal	\N	f	\N	[]	2026-05-03 19:27:50.394+00	2026-05-03 19:27:50.394+00	\N
70d5c81e-5c34-44c3-b028-c41866071b57	281fde73-7836-4511-b644-91f3663d8fcd	1aac4388-0d87-43da-a0bf-984fe39e5bcf	518	Deluxe Room 518	6	f	f	t	f	f	available	\N	t	\N	clean	\N	\N	\N	normal	\N	f	\N	[]	2026-05-03 19:27:50.394+00	2026-05-03 19:27:50.394+00	\N
cc36e13d-54f4-49a6-8e93-611ca14e5890	281fde73-7836-4511-b644-91f3663d8fcd	1aac4388-0d87-43da-a0bf-984fe39e5bcf	519	Deluxe Room 519	6	f	f	t	f	f	available	\N	t	\N	clean	\N	\N	\N	normal	\N	f	\N	[]	2026-05-03 19:27:50.394+00	2026-05-03 19:27:50.394+00	\N
1f1d1d8f-9b90-4dfd-aa70-8f856254b945	281fde73-7836-4511-b644-91f3663d8fcd	1aac4388-0d87-43da-a0bf-984fe39e5bcf	520	Deluxe Room 520	6	f	f	t	f	f	available	\N	t	\N	clean	\N	\N	\N	normal	\N	f	\N	[]	2026-05-03 19:27:50.394+00	2026-05-03 19:27:50.394+00	\N
5e741c3f-e135-45c1-8a7d-bcac5684a987	281fde73-7836-4511-b644-91f3663d8fcd	1aac4388-0d87-43da-a0bf-984fe39e5bcf	521	Deluxe Room 521	6	f	f	t	f	f	available	\N	t	\N	clean	\N	\N	\N	normal	\N	f	\N	[]	2026-05-03 19:27:50.394+00	2026-05-03 19:27:50.394+00	\N
1ce941b5-1909-4771-a93a-ecbcfb04cde7	281fde73-7836-4511-b644-91f3663d8fcd	1aac4388-0d87-43da-a0bf-984fe39e5bcf	522	Deluxe Room 522	6	f	f	t	f	f	available	\N	t	\N	clean	\N	\N	\N	normal	\N	f	\N	[]	2026-05-03 19:27:50.394+00	2026-05-03 19:27:50.394+00	\N
5c3d862e-b73e-4919-b9b4-350dda3ff088	281fde73-7836-4511-b644-91f3663d8fcd	1aac4388-0d87-43da-a0bf-984fe39e5bcf	523	Deluxe Room 523	6	f	f	t	f	f	available	\N	t	\N	clean	\N	\N	\N	normal	\N	f	\N	[]	2026-05-03 19:27:50.394+00	2026-05-03 19:27:50.394+00	\N
f9031700-c40e-4724-ac04-08586741fcd1	281fde73-7836-4511-b644-91f3663d8fcd	1aac4388-0d87-43da-a0bf-984fe39e5bcf	524	Deluxe Room 524	6	f	f	t	f	f	available	\N	t	\N	clean	\N	\N	\N	normal	\N	f	\N	[]	2026-05-03 19:27:50.394+00	2026-05-03 19:27:50.394+00	\N
b4c18eee-5d78-4e92-9afa-662eaeafc257	281fde73-7836-4511-b644-91f3663d8fcd	1aac4388-0d87-43da-a0bf-984fe39e5bcf	525	Deluxe Room 525	7	f	f	t	f	f	available	\N	t	\N	clean	\N	\N	\N	normal	\N	f	\N	[]	2026-05-03 19:27:50.394+00	2026-05-03 19:27:50.394+00	\N
5c5e93c8-d09c-45c7-8d77-b06423e5d20e	281fde73-7836-4511-b644-91f3663d8fcd	1aac4388-0d87-43da-a0bf-984fe39e5bcf	526	Deluxe Room 526	7	f	f	t	f	f	available	\N	t	\N	clean	\N	\N	\N	normal	\N	f	\N	[]	2026-05-03 19:27:50.394+00	2026-05-03 19:27:50.394+00	\N
469d5eea-8e43-4dd7-9a8d-f2bb05802bb0	281fde73-7836-4511-b644-91f3663d8fcd	1aac4388-0d87-43da-a0bf-984fe39e5bcf	527	Deluxe Room 527	7	f	f	t	f	f	available	\N	t	\N	clean	\N	\N	\N	normal	\N	f	\N	[]	2026-05-03 19:27:50.394+00	2026-05-03 19:27:50.394+00	\N
e9edd22b-1ac8-4e89-bd2f-c3019fa49b8f	281fde73-7836-4511-b644-91f3663d8fcd	1aac4388-0d87-43da-a0bf-984fe39e5bcf	528	Deluxe Room 528	7	f	f	t	f	f	available	\N	t	\N	clean	\N	\N	\N	normal	\N	f	\N	[]	2026-05-03 19:27:50.394+00	2026-05-03 19:27:50.394+00	\N
acefb186-d3c4-4b88-a5c0-96cdb317e279	281fde73-7836-4511-b644-91f3663d8fcd	1aac4388-0d87-43da-a0bf-984fe39e5bcf	529	Deluxe Room 529	7	f	f	t	f	f	available	\N	t	\N	clean	\N	\N	\N	normal	\N	f	\N	[]	2026-05-03 19:27:50.394+00	2026-05-03 19:27:50.394+00	\N
fd23e8c4-697d-4d84-b23a-09f7bec61025	281fde73-7836-4511-b644-91f3663d8fcd	1aac4388-0d87-43da-a0bf-984fe39e5bcf	530	Deluxe Room 530	7	f	f	t	f	f	available	\N	t	\N	clean	\N	\N	\N	normal	\N	f	\N	[]	2026-05-03 19:27:50.394+00	2026-05-03 19:27:50.394+00	\N
d7046a14-1645-4299-a8be-358382f02820	281fde73-7836-4511-b644-91f3663d8fcd	1aac4388-0d87-43da-a0bf-984fe39e5bcf	531	Deluxe Room 531	7	f	f	t	f	f	available	\N	t	\N	clean	\N	\N	\N	normal	\N	f	\N	[]	2026-05-03 19:27:50.394+00	2026-05-03 19:27:50.394+00	\N
6a8241f0-c269-4b75-a319-770a9ccd7be8	281fde73-7836-4511-b644-91f3663d8fcd	1aac4388-0d87-43da-a0bf-984fe39e5bcf	532	Deluxe Room 532	7	f	f	t	f	f	available	\N	t	\N	clean	\N	\N	\N	normal	\N	f	\N	[]	2026-05-03 19:27:50.394+00	2026-05-03 19:27:50.394+00	\N
27000284-1830-43fb-bcab-817d03871b12	281fde73-7836-4511-b644-91f3663d8fcd	1aac4388-0d87-43da-a0bf-984fe39e5bcf	533	Deluxe Room 533	7	f	f	t	f	f	available	\N	t	\N	clean	\N	\N	\N	normal	\N	f	\N	[]	2026-05-03 19:27:50.394+00	2026-05-03 19:27:50.394+00	\N
94e2c4ec-d808-435c-9726-b4f47de48b19	281fde73-7836-4511-b644-91f3663d8fcd	1aac4388-0d87-43da-a0bf-984fe39e5bcf	534	Deluxe Room 534	7	f	f	t	f	f	available	\N	t	\N	clean	\N	\N	\N	normal	\N	f	\N	[]	2026-05-03 19:27:50.394+00	2026-05-03 19:27:50.394+00	\N
1d54a877-0b6d-4349-a708-988b2577fce4	281fde73-7836-4511-b644-91f3663d8fcd	1aac4388-0d87-43da-a0bf-984fe39e5bcf	535	Deluxe Room 535	7	f	f	t	f	f	available	\N	t	\N	clean	\N	\N	\N	normal	\N	f	\N	[]	2026-05-03 19:27:50.394+00	2026-05-03 19:27:50.394+00	\N
1ba065dd-1ca4-4259-bc93-98abae34872b	281fde73-7836-4511-b644-91f3663d8fcd	1aac4388-0d87-43da-a0bf-984fe39e5bcf	536	Deluxe Room 536	7	f	f	t	f	f	available	\N	t	\N	clean	\N	\N	\N	normal	\N	f	\N	[]	2026-05-03 19:27:50.394+00	2026-05-03 19:27:50.394+00	\N
f305e01f-0d75-4f5d-b4a4-08dd973efeda	281fde73-7836-4511-b644-91f3663d8fcd	22f53ea5-00fb-4b29-9dc6-a7834cc6b481	802	Executive Suite 802	8	f	f	t	f	f	available	\N	t	\N	clean	\N	\N	\N	normal	\N	f	\N	[]	2026-05-03 19:27:50.394+00	2026-05-03 19:27:50.394+00	\N
6aeefa7d-ee39-410e-b2de-33bbad51e399	281fde73-7836-4511-b644-91f3663d8fcd	22f53ea5-00fb-4b29-9dc6-a7834cc6b481	803	Executive Suite 803	8	f	f	t	f	f	available	\N	t	\N	clean	\N	\N	\N	normal	\N	f	\N	[]	2026-05-03 19:27:50.394+00	2026-05-03 19:27:50.394+00	\N
1eddde50-f4e2-4d78-bf54-f7ecc6c11bc4	281fde73-7836-4511-b644-91f3663d8fcd	22f53ea5-00fb-4b29-9dc6-a7834cc6b481	804	Executive Suite 804	8	f	f	t	f	f	available	\N	t	\N	clean	\N	\N	\N	normal	\N	f	\N	[]	2026-05-03 19:27:50.394+00	2026-05-03 19:27:50.394+00	\N
e95c9a98-1486-42cd-8662-49172010b1be	281fde73-7836-4511-b644-91f3663d8fcd	22f53ea5-00fb-4b29-9dc6-a7834cc6b481	805	Executive Suite 805	8	f	f	t	f	f	available	\N	t	\N	clean	\N	\N	\N	normal	\N	f	\N	[]	2026-05-03 19:27:50.394+00	2026-05-03 19:27:50.394+00	\N
b59993e6-680d-4991-b670-7d87e8360a53	281fde73-7836-4511-b644-91f3663d8fcd	22f53ea5-00fb-4b29-9dc6-a7834cc6b481	806	Executive Suite 806	8	f	f	t	f	f	available	\N	t	\N	clean	\N	\N	\N	normal	\N	f	\N	[]	2026-05-03 19:27:50.394+00	2026-05-03 19:27:50.394+00	\N
f45bc4a6-1e27-4114-afc1-87ac340c2c55	281fde73-7836-4511-b644-91f3663d8fcd	22f53ea5-00fb-4b29-9dc6-a7834cc6b481	807	Executive Suite 807	8	f	f	t	f	f	available	\N	t	\N	clean	\N	\N	\N	normal	\N	f	\N	[]	2026-05-03 19:27:50.394+00	2026-05-03 19:27:50.394+00	\N
cd979504-5aed-4455-be13-ca6f0ba6b520	281fde73-7836-4511-b644-91f3663d8fcd	22f53ea5-00fb-4b29-9dc6-a7834cc6b481	808	Executive Suite 808	8	f	f	t	f	f	available	\N	t	\N	clean	\N	\N	\N	normal	\N	f	\N	[]	2026-05-03 19:27:50.394+00	2026-05-03 19:27:50.394+00	\N
29693692-8ca1-4a0e-8e21-e753d5ae8b5b	281fde73-7836-4511-b644-91f3663d8fcd	22f53ea5-00fb-4b29-9dc6-a7834cc6b481	809	Executive Suite 809	9	f	f	t	f	f	available	\N	t	\N	clean	\N	\N	\N	normal	\N	f	\N	[]	2026-05-03 19:27:50.394+00	2026-05-03 19:27:50.394+00	\N
48ff612e-5b1b-4f5a-9b36-b970fbeddd16	281fde73-7836-4511-b644-91f3663d8fcd	22f53ea5-00fb-4b29-9dc6-a7834cc6b481	810	Executive Suite 810	9	f	f	t	f	f	available	\N	t	\N	clean	\N	\N	\N	normal	\N	f	\N	[]	2026-05-03 19:27:50.394+00	2026-05-03 19:27:50.394+00	\N
90a95e0e-c233-4ed5-94cb-c42701593dca	281fde73-7836-4511-b644-91f3663d8fcd	22f53ea5-00fb-4b29-9dc6-a7834cc6b481	811	Executive Suite 811	9	f	f	t	f	f	available	\N	t	\N	clean	\N	\N	\N	normal	\N	f	\N	[]	2026-05-03 19:27:50.394+00	2026-05-03 19:27:50.394+00	\N
34a3e852-d1e6-4302-b500-72196fb9e2ca	281fde73-7836-4511-b644-91f3663d8fcd	22f53ea5-00fb-4b29-9dc6-a7834cc6b481	812	Executive Suite 812	9	f	f	t	f	f	available	\N	t	\N	clean	\N	\N	\N	normal	\N	f	\N	[]	2026-05-03 19:27:50.394+00	2026-05-03 19:27:50.394+00	\N
9cb2c5a4-b720-4ccd-86b6-1e4264a8e096	281fde73-7836-4511-b644-91f3663d8fcd	22f53ea5-00fb-4b29-9dc6-a7834cc6b481	813	Executive Suite 813	9	f	f	t	f	f	available	\N	t	\N	clean	\N	\N	\N	normal	\N	f	\N	[]	2026-05-03 19:27:50.394+00	2026-05-03 19:27:50.394+00	\N
a66af445-7703-45cd-af54-cb8654d99105	281fde73-7836-4511-b644-91f3663d8fcd	22f53ea5-00fb-4b29-9dc6-a7834cc6b481	814	Executive Suite 814	9	f	f	t	f	f	available	\N	t	\N	clean	\N	\N	\N	normal	\N	f	\N	[]	2026-05-03 19:27:50.394+00	2026-05-03 19:27:50.394+00	\N
d22a3ae6-09d1-45d1-ae61-5a202086ae1b	281fde73-7836-4511-b644-91f3663d8fcd	22f53ea5-00fb-4b29-9dc6-a7834cc6b481	815	Executive Suite 815	9	f	f	t	f	f	available	\N	t	\N	clean	\N	\N	\N	normal	\N	f	\N	[]	2026-05-03 19:27:50.394+00	2026-05-03 19:27:50.394+00	\N
1eee9d1a-37c2-4c49-ba59-6d271c036f7b	281fde73-7836-4511-b644-91f3663d8fcd	22f53ea5-00fb-4b29-9dc6-a7834cc6b481	816	Executive Suite 816	9	f	f	t	f	f	available	\N	t	\N	clean	\N	\N	\N	normal	\N	f	\N	[]	2026-05-03 19:27:50.394+00	2026-05-03 19:27:50.394+00	\N
3f4e539d-f262-44f7-8128-4f8371c06f9a	281fde73-7836-4511-b644-91f3663d8fcd	bd3a1ffd-24b8-4185-b350-6bdae97bc426	1001	Presidential Suite 1001	10	f	f	t	f	f	available	\N	t	\N	clean	\N	\N	\N	normal	\N	f	\N	[]	2026-05-03 19:27:50.394+00	2026-05-03 19:27:50.394+00	\N
8032ad67-0062-44aa-8b69-7309ff30fc52	281fde73-7836-4511-b644-91f3663d8fcd	bd3a1ffd-24b8-4185-b350-6bdae97bc426	1003	Presidential Suite 1003	10	f	f	t	f	f	available	\N	t	\N	clean	\N	\N	\N	normal	\N	f	\N	[]	2026-05-03 19:27:50.394+00	2026-05-03 19:27:50.394+00	\N
27075f59-a689-401a-8834-01366da35822	281fde73-7836-4511-b644-91f3663d8fcd	bd3a1ffd-24b8-4185-b350-6bdae97bc426	1004	Presidential Suite 1004	10	f	f	t	f	f	available	\N	t	\N	clean	\N	\N	\N	normal	\N	f	\N	[]	2026-05-03 19:27:50.394+00	2026-05-03 19:27:50.394+00	\N
9c05885e-e04c-4d0e-8792-7d79d3f5c4d7	281fde73-7836-4511-b644-91f3663d8fcd	bd3a1ffd-24b8-4185-b350-6bdae97bc426	1005	Presidential Suite 1005	10	f	f	t	f	f	available	\N	t	\N	clean	\N	\N	\N	normal	\N	f	\N	[]	2026-05-03 19:27:50.394+00	2026-05-03 19:27:50.394+00	\N
099d3527-9c08-4060-8813-fea8ca1553c7	281fde73-7836-4511-b644-91f3663d8fcd	4d5269a2-63ad-48e7-8683-4b0efca11567	102	Standard Room 102	1	f	f	f	f	f	available	\N	t	\N	cleaning	\N	\N	\N	normal	\N	f	\N	[]	2026-05-03 19:27:50.394+00	2026-05-03 19:27:50.443+00	\N
\.


--
-- Data for Name: RoomMoveLog; Type: TABLE DATA; Schema: public; Owner: -
--

COPY public."RoomMoveLog" (id, "tenantId", "propertyId", "bookingId", "guestId", "fromRoomId", "fromRoomNumber", "toRoomId", "toRoomNumber", reason, "movedBy", "previousRate", "newRate", "rateDifference", notes, "createdAt") FROM stdin;
\.


--
-- Data for Name: RoomType; Type: TABLE DATA; Schema: public; Owner: -
--

COPY public."RoomType" (id, "propertyId", name, code, description, "maxAdults", "maxChildren", "maxOccupancy", "sizeSqMeters", "sizeSqFeet", amenities, "basePrice", currency, images, "sortOrder", "totalRooms", "overbookingEnabled", "overbookingPercentage", "overbookingLimit", "wifiPlanId", status, "createdAt", "updatedAt", "deletedAt") FROM stdin;
4d5269a2-63ad-48e7-8683-4b0efca11567	281fde73-7836-4511-b644-91f3663d8fcd	Standard Room	STD	Comfortable room with essential amenities	2	1	3	25	\N	[]	3500	INR	[]	1	40	f	0	0	\N	active	2026-05-03 19:27:50.387+00	2026-05-03 19:27:50.387+00	\N
1aac4388-0d87-43da-a0bf-984fe39e5bcf	281fde73-7836-4511-b644-91f3663d8fcd	Deluxe Room	DLX	Spacious room with city views	2	2	4	35	\N	[]	5500	INR	[]	2	35	f	0	0	\N	active	2026-05-03 19:27:50.387+00	2026-05-03 19:27:50.387+00	\N
22f53ea5-00fb-4b29-9dc6-a7834cc6b481	281fde73-7836-4511-b644-91f3663d8fcd	Executive Suite	EXEC	Luxurious suite with separate living area	2	2	4	55	\N	[]	12000	INR	[]	3	25	f	0	0	\N	active	2026-05-03 19:27:50.387+00	2026-05-03 19:27:50.387+00	\N
bd3a1ffd-24b8-4185-b350-6bdae97bc426	281fde73-7836-4511-b644-91f3663d8fcd	Presidential Suite	PRES	Ultimate luxury with panoramic views	4	2	6	120	\N	[]	35000	INR	[]	4	5	f	0	0	\N	active	2026-05-03 19:27:50.387+00	2026-05-03 19:27:50.387+00	\N
629ed75e-0ec4-4289-a2ad-76e7548255af	600daed4-4d6a-4cb2-a07e-46bec7f4c43b	Mountain View Room	MTN	Cozy room with mountain views	2	1	3	28	\N	[]	4500	INR	[]	1	25	f	0	0	\N	active	2026-05-03 19:27:50.387+00	2026-05-03 19:27:50.387+00	\N
ead9ba39-c74e-4cbe-8357-db3d5a106c27	600daed4-4d6a-4cb2-a07e-46bec7f4c43b	Valley View Suite	VAL	Beautiful suite with valley views	2	2	4	45	\N	[]	8500	INR	[]	2	15	f	0	0	\N	active	2026-05-03 19:27:50.387+00	2026-05-03 19:27:50.387+00	\N
\.


--
-- Data for Name: SSOConnection; Type: TABLE DATA; Schema: public; Owner: -
--

COPY public."SSOConnection" (id, "tenantId", name, type, status, "samlEntityId", "samlSsoUrl", "samlSloUrl", "samlCertificate", "samlPrivateKey", "samlNameIdFormat", "samlSignRequest", "samlWantAssertionSigned", "ldapUrl", "ldapBaseDn", "ldapBindDn", "ldapBindPassword", "ldapSearchFilter", "ldapUseStartTls", "ldapUseSsl", "ldapTimeout", "oidcClientId", "oidcClientSecret", "oidcDiscoveryUrl", "oidcAuthorizationUrl", "oidcTokenUrl", "oidcUserInfoUrl", "oidcJwksUrl", "oidcScopes", "oidcUsePkce", "emailAttribute", "firstNameAttribute", "lastNameAttribute", "nameAttribute", "roleAttribute", "departmentAttribute", "phoneAttribute", "autoProvision", "autoProvisionRole", "syncRoles", "syncOnLogin", "allowedDomains", "lastSyncAt", "lastSyncStatus", "lastSyncError", "testConnectionAt", "testConnectionStatus", "createdAt", "updatedAt") FROM stdin;
2fa762c9-cbf6-45a9-a846-8de62cc2dc75	444017d5-e022-4c5f-ac07-ea0d51f4609b	Corporate SSO - Google Workspace	oidc	active	\N	\N	\N	\N	\N	urn:oasis:names:tc:SAML:1.1:nameid-format:emailAddress	t	t	\N	\N	\N	\N	(mail={email})	f	t	30	5d92e4c4-f97e-404a-8c15-1a9d39aa5e90	\N	https://accounts.google.com/.well-known/openid-configuration	\N	\N	\N	\N	openid profile email	t	email	givenName	sn	name	\N	\N	telephoneNumber	t	role-3	f	t	\N	2026-05-02 19:27:50.409+00	success	\N	2026-04-23 19:27:50.409+00	success	2026-05-03 19:27:50.58+00	2026-05-03 19:27:50.58+00
7c1551c5-d3c8-481d-8a88-8c5efa864b08	444017d5-e022-4c5f-ac07-ea0d51f4609b	Enterprise LDAP	ldap	testing	\N	\N	\N	\N	\N	urn:oasis:names:tc:SAML:1.1:nameid-format:emailAddress	t	t	ldaps://ldap.royalstay.in	dc=royalstay,dc=in	\N	\N	(mail={email})	f	t	30	\N	\N	\N	\N	\N	\N	\N	openid profile email	t	email	givenName	sn	name	\N	\N	telephoneNumber	t	\N	f	t	\N	\N	error	Connection timeout	\N	failed	2026-05-03 19:27:50.58+00	2026-05-03 19:27:50.58+00
\.


--
-- Data for Name: SSOSession; Type: TABLE DATA; Schema: public; Owner: -
--

COPY public."SSOSession" (id, "connectionId", "userId", "ssoProviderId", attributes, "sessionId", "ipAddress", "userAgent", "initiatedAt", "authenticatedAt", "expiresAt", "terminatedAt", "terminatedReason", "createdAt", "updatedAt") FROM stdin;
\.


--
-- Data for Name: ScheduleAccess; Type: TABLE DATA; Schema: public; Owner: -
--

COPY public."ScheduleAccess" (id, "tenantId", "propertyId", name, "daysOfWeek", "startTime", "endTime", "downloadMbps", "uploadMbps", "applyTo", "applyToPlanId", "bandwidthPolicyId", action, description, enabled, "createdAt", "updatedAt") FROM stdin;
\.


--
-- Data for Name: ScheduledCharge; Type: TABLE DATA; Schema: public; Owner: -
--

COPY public."ScheduledCharge" (id, "tenantId", "propertyId", "folioId", "bookingId", "chargeType", description, category, amount, currency, frequency, "startDate", "endDate", "nextExecutionAt", "lastExecutedAt", "isActive", "maxAmount", "executedCount", "createdAt", "updatedAt") FROM stdin;
\.


--
-- Data for Name: ScheduledNotification; Type: TABLE DATA; Schema: public; Owner: -
--

COPY public."ScheduledNotification" (id, "tenantId", "templateId", "recipientType", "recipientId", "recipientEmail", "recipientPhone", channels, subject, body, data, "scheduledFor", status, "processedAt", "sentAt", "errorMessage", "retryCount", "maxRetries", "nextRetryAt", "createdAt", "updatedAt") FROM stdin;
607d81c1-abff-47a5-aba3-1bd0566b4c96	444017d5-e022-4c5f-ac07-ea0d51f4609b	\N	guest	c5e15b10-5464-4323-87b6-41d1eb95c39a	sneha.g@email.com	\N	["email", "whatsapp"]	Your Stay is Coming Up!	Dear Sneha, your stay at Royal Stay Kolkata is confirmed for tomorrow.	{}	2026-05-04 03:27:50.409+00	pending	\N	\N	\N	0	3	\N	2026-05-03 19:27:50.552+00	2026-05-03 19:27:50.552+00
5e029b52-4aab-4b82-aaf7-971a1c4d3314	444017d5-e022-4c5f-ac07-ea0d51f4609b	\N	guest	df87b649-707f-402a-9198-75a06d22ed63	vikram.s@email.com	\N	["email"]	Exclusive Suite Upgrade Offer	Dear Vikram, upgrade to our Executive Suite for just INR 3000 more!	{}	2026-05-04 05:27:50.409+00	pending	\N	\N	\N	0	3	\N	2026-05-03 19:27:50.552+00	2026-05-03 19:27:50.552+00
6d142ecf-21ff-4f89-8c7d-767d6baa2ea1	444017d5-e022-4c5f-ac07-ea0d51f4609b	\N	guest	18349da2-1713-42c0-bad9-67856cc58d26	rina.c@email.com	\N	["email", "push"]	Thank You for Your Stay	Dear Rina, thank you for staying with us. We hope you enjoyed your time at Royal Stay Kolkata.	{}	2026-05-05 19:27:50.409+00	pending	\N	\N	\N	0	3	\N	2026-05-03 19:27:50.552+00	2026-05-03 19:27:50.552+00
1ba720c6-4eef-49ce-b903-bd2ad6e8bdd0	444017d5-e022-4c5f-ac07-ea0d51f4609b	\N	guest	cb127462-1b96-4e37-8f78-65bbd0493ee1	amit.m@email.com	\N	["email", "whatsapp"]	Checkout Reminder	Dear Amit, your checkout is tomorrow at 11:00 AM. Express checkout available.	{}	2026-05-04 15:27:50.409+00	pending	\N	\N	\N	0	3	\N	2026-05-03 19:27:50.552+00	2026-05-03 19:27:50.552+00
212b8f27-52da-453c-b324-afdf3e2885e6	444017d5-e022-4c5f-ac07-ea0d51f4609b	\N	guest	0dae0b8b-173a-4819-8a5e-7ff3be5c81d5	rahul.b@email.com	\N	["email", "whatsapp", "push"]	Loyalty Points Update	Dear Rahul, you have earned 500 loyalty points from your recent stay!	{}	2026-05-04 19:27:50.409+00	pending	\N	\N	\N	0	3	\N	2026-05-03 19:27:50.552+00	2026-05-03 19:27:50.552+00
\.


--
-- Data for Name: ScheduledReport; Type: TABLE DATA; Schema: public; Owner: -
--

COPY public."ScheduledReport" (id, "tenantId", name, type, frequency, "dayOfWeek", "dayOfMonth", "time", recipients, format, "deliveryMethod", filters, "lastRunAt", "nextRunAt", "isActive", "createdAt", "updatedAt") FROM stdin;
\.


--
-- Data for Name: SecurityEvent; Type: TABLE DATA; Schema: public; Owner: -
--

COPY public."SecurityEvent" (id, "tenantId", "cameraId", type, severity, description, thumbnail, "recordingId", metadata, "timestamp", acknowledged, "acknowledgedAt", "acknowledgedBy", notes, "createdAt", "updatedAt") FROM stdin;
5793f13b-0e47-40c1-a954-f919003f9887	444017d5-e022-4c5f-ac07-ea0d51f4609b	1f925a16-8c72-48e4-ad28-65509c33e9e5	motion_detected	low	Motion detected at parking gate after midnight	\N	\N	{"duration":"15s","confidence":0.92}	2026-05-02 19:27:50.409+00	f	\N	\N	\N	2026-05-03 19:27:50.57+00	2026-05-03 19:27:50.57+00
8834fcdb-c401-490d-b6cb-b9592789000a	444017d5-e022-4c5f-ac07-ea0d51f4609b	1f925a16-8c72-48e4-ad28-65509c33e9e5	vehicle_entry	info	Vehicle entered parking - WB 12 AB 3456	\N	\N	{"plateNumber":"WB 12 AB 3456"}	2026-05-02 19:27:50.409+00	t	2026-05-02 19:32:50.409+00	user-1	\N	2026-05-03 19:27:50.57+00	2026-05-03 19:27:50.57+00
c573a2e1-88d0-4c45-88ea-1681554f0b9d	444017d5-e022-4c5f-ac07-ea0d51f4609b	87acea97-4ea9-4d94-80f2-d927cbb20aa5	unauthorized_access	high	Person detected in restricted area near fire exit	\N	\N	{"duration":"2m","confidence":0.87}	2026-04-30 19:27:50.409+00	f	\N	\N	\N	2026-05-03 19:27:50.57+00	2026-05-03 19:27:50.57+00
c18e7da2-a32f-4a59-a86a-55c4a4e01739	444017d5-e022-4c5f-ac07-ea0d51f4609b	78ed9fb5-40ca-42cc-b9d5-b3dc7168da79	camera_offline	medium	Camera went offline - possible connectivity issue	\N	\N	{}	2026-05-03 13:27:50.409+00	t	2026-05-03 14:27:50.409+00	user-1	Network cable checked, issue resolved	2026-05-03 19:27:50.57+00	2026-05-03 19:27:50.57+00
329842ad-d483-4a1a-96db-2552bf1ab480	444017d5-e022-4c5f-ac07-ea0d51f4609b	d673b2f1-b539-431a-a6cf-3e2c1e015179	motion_detected	low	Guest movement in corridor at 3 AM	\N	\N	{}	2026-05-03 07:27:50.409+00	f	\N	\N	\N	2026-05-03 19:27:50.57+00	2026-05-03 19:27:50.57+00
\.


--
-- Data for Name: SecurityIncident; Type: TABLE DATA; Schema: public; Owner: -
--

COPY public."SecurityIncident" (id, "tenantId", "propertyId", type, severity, title, description, location, "reportedBy", "assignedTo", "cameraId", status, resolution, "resolvedAt", "resolvedBy", "incidentDate", "createdAt", "updatedAt") FROM stdin;
b115b52f-7901-4643-a8d4-eca7a066ad22	444017d5-e022-4c5f-ac07-ea0d51f4609b	281fde73-7836-4511-b644-91f3663d8fcd	lost_key	low	Lost Room Key — Room 501	Guest reported losing their room keycard. A new keycard was issued and the old keycard was deactivated in the system. No unauthorized access detected.	Floor 5 — Room 501 corridor	user-2	b763e2df-7bf1-4de8-94f8-97a1f1e7a0ec	\N	resolved	New keycard issued. Old keycard deactivated. Security footage reviewed — no suspicious activity.	2026-05-03 17:27:50.841+00	user-1	2026-05-03 15:27:50.841+00	2026-05-03 19:27:50.842+00	2026-05-03 19:27:50.842+00
\.


--
-- Data for Name: SecuritySettings; Type: TABLE DATA; Schema: public; Owner: -
--

COPY public."SecuritySettings" (id, "tenantId", "maxConcurrentSessions", "sessionTimeoutMinutes", "passwordExpiryDays", "minPasswordLength", "requireUppercase", "requireLowercase", "requireNumbers", "requireSpecialChars", "enable2FA", "createdAt", "updatedAt") FROM stdin;
0f2408e5-db5d-4160-a80b-311344cb1752	444017d5-e022-4c5f-ac07-ea0d51f4609b	3	30	90	8	t	t	t	f	f	2026-05-03 19:27:50.509+00	2026-05-03 19:27:50.509+00
\.


--
-- Data for Name: SegmentMembership; Type: TABLE DATA; Schema: public; Owner: -
--

COPY public."SegmentMembership" (id, "segmentId", "guestId", "addedAt") FROM stdin;
\.


--
-- Data for Name: ServiceRequest; Type: TABLE DATA; Schema: public; Owner: -
--

COPY public."ServiceRequest" (id, "tenantId", "propertyId", "guestId", "bookingId", "roomId", type, category, subject, description, priority, "assignedTo", "assignedAt", status, "requestedAt", "startedAt", "completedAt", rating, feedback, source, "createdAt", "updatedAt") FROM stdin;
b4990c3d-b27a-43e8-800c-5d2a3773e8a0	444017d5-e022-4c5f-ac07-ea0d51f4609b	281fde73-7836-4511-b644-91f3663d8fcd	cb127462-1b96-4e37-8f78-65bbd0493ee1	b544cc77-46a6-4e53-921e-50db663eb482	3330f9c6-2345-4db5-bc7f-4a8ca55afb8b	housekeeping	amenities	Extra towels requested	We need 2 extra bath towels and 1 extra hand towel for room-501.	low	195d4b15-e4ba-4554-affa-01c53a43f883	2026-05-03 18:27:50.774+00	completed	2026-05-03 17:27:50.774+00	2026-05-03 17:57:50.774+00	2026-05-03 18:27:50.774+00	5	Very quick response, towels arrived within 15 minutes!	app	2026-05-03 19:27:50.775+00	2026-05-03 19:27:50.775+00
bc46280a-d7ec-4bb2-9e29-72040f9a52bf	444017d5-e022-4c5f-ac07-ea0d51f4609b	281fde73-7836-4511-b644-91f3663d8fcd	0dae0b8b-173a-4819-8a5e-7ff3be5c81d5	9b7a9397-91d2-4f9c-baf4-71123765747b	df952a5d-0ea8-49c6-9445-0de11983d19a	maintenance	room	Room maintenance - bathroom faucet dripping	The bathroom faucet in room-801 has a slow drip. It is keeping us awake at night. Please have maintenance look at it.	high	cc3b3483-ad7a-452a-b623-5465962c9678	2026-05-03 18:57:50.774+00	in_progress	2026-05-03 17:27:50.774+00	2026-05-03 18:27:50.774+00	\N	\N	\N	app	2026-05-03 19:27:50.775+00	2026-05-03 19:27:50.775+00
e67ebce6-bde6-4611-a943-4d4680338608	444017d5-e022-4c5f-ac07-ea0d51f4609b	281fde73-7836-4511-b644-91f3663d8fcd	df87b649-707f-402a-9198-75a06d22ed63	231b3af0-9522-447b-8135-8ec031dc66c1	511c8197-5769-497c-9efc-293067ff0671	frontdesk	checkout	Late checkout request	Would like to request a late checkout until 2:00 PM instead of 11:00 AM for our departure tomorrow.	medium	cc3b3483-ad7a-452a-b623-5465962c9678	2026-05-03 19:12:50.774+00	open	2026-05-03 18:57:50.774+00	\N	\N	\N	\N	app	2026-05-03 19:27:50.775+00	2026-05-03 19:27:50.775+00
\.


--
-- Data for Name: Session; Type: TABLE DATA; Schema: public; Owner: -
--

COPY public."Session" (id, "userId", token, "refreshToken", "userAgent", "ipAddress", "expiresAt", "lastActive", "createdAt") FROM stdin;
dc25a059-f235-4b78-b27f-93f6d3fa0c37	b763e2df-7bf1-4de8-94f8-97a1f1e7a0ec	6556caf424aed37a4e4774b29ae5f777880db5fc93d824dab11b04f22d40c477	b6f3b46559b99db2bbc89bf7823198b1d76b6d9e705e4740e43d79687e69b996	Mozilla/5.0 (Windows NT 10.0; Win64; x64; rv:150.0) Gecko/20100101 Firefox/150.0	21.0.0.1	2026-05-04 19:27:56.17+00	2026-05-03 19:28:11.135+00	2026-05-03 19:27:56.172+00
789b8a72-4405-4f44-88fe-46dae69ec853	b763e2df-7bf1-4de8-94f8-97a1f1e7a0ec	ca14f1d95de5ea5c4e9dd9ea979d40e91d4ea7db13291a4d9d2243bf2e426fba	7de4d965ab3ff4a317239a0871eb002dce3904af8855438fe6ea0d694d548608	Mozilla/5.0 (Android 14; Mobile; rv:150.0) Gecko/150.0 Firefox/150.0	21.0.0.1	2026-05-04 19:51:57.041+00	2026-05-03 21:01:56.213+00	2026-05-03 19:51:57.042+00
\.


--
-- Data for Name: ShiftTemplate; Type: TABLE DATA; Schema: public; Owner: -
--

COPY public."ShiftTemplate" (id, "tenantId", name, code, "startTime", "endTime", "breakMinutes", "shiftType", "activeDays", department, "minStaff", "maxStaff", color, "isActive", "createdAt", "updatedAt") FROM stdin;
a8da5248-cd3d-497d-afcc-86c9400b1672	444017d5-e022-4c5f-ac07-ea0d51f4609b	Morning Shift	MORNING	06:00	14:00	30	regular	[1,2,3,4,5,6,7]	Front Desk	2	4	#f59e0b	t	2026-05-03 19:27:50.532+00	2026-05-03 19:27:50.532+00
7fca1f39-f5c5-419e-9da3-c011783b79c2	444017d5-e022-4c5f-ac07-ea0d51f4609b	Afternoon Shift	AFTERNOON	14:00	22:00	30	regular	[1,2,3,4,5,6,7]	Front Desk	2	3	#0d9488	t	2026-05-03 19:27:50.532+00	2026-05-03 19:27:50.532+00
77602760-5281-4a60-a1be-1c6b50e8639f	444017d5-e022-4c5f-ac07-ea0d51f4609b	Night Shift	NIGHT	22:00	06:00	45	regular	[1,2,3,4,5,6,7]	Front Desk	1	2	#6366f1	t	2026-05-03 19:27:50.532+00	2026-05-03 19:27:50.532+00
250c4f00-74fb-409e-a04c-d0f08dd98cbf	444017d5-e022-4c5f-ac07-ea0d51f4609b	Housekeeping Morning	HK-MORNING	07:00	15:00	30	regular	[1,2,3,4,5,6]	Housekeeping	4	8	#10b981	t	2026-05-03 19:27:50.532+00	2026-05-03 19:27:50.532+00
7515c9d9-ac73-40dd-88cb-381aa517948f	444017d5-e022-4c5f-ac07-ea0d51f4609b	Housekeeping Afternoon	HK-AFTERNOON	15:00	23:00	30	regular	[1,2,3,4,5,6]	Housekeeping	2	4	#059669	t	2026-05-03 19:27:50.532+00	2026-05-03 19:27:50.532+00
\.


--
-- Data for Name: StaffAttendance; Type: TABLE DATA; Schema: public; Owner: -
--

COPY public."StaffAttendance" (id, "tenantId", "userId", date, status, "checkIn", "checkOut", "lateMinutes", "earlyLeaveMinutes", notes, "createdAt", "updatedAt") FROM stdin;
a52e8ce8-4f75-4f6f-8871-0ee129b6a200	444017d5-e022-4c5f-ac07-ea0d51f4609b	cc3b3483-ad7a-452a-b623-5465962c9678	2026-05-03 00:00:00+00	present	2026-05-03 06:00:00+00	\N	0	0	On time for morning shift	2026-05-03 19:27:50.79+00	2026-05-03 19:27:50.79+00
\.


--
-- Data for Name: StaffChannel; Type: TABLE DATA; Schema: public; Owner: -
--

COPY public."StaffChannel" (id, "tenantId", name, description, type, department, "createdBy", "isArchived", "lastMessageAt", "lastMessage", "createdAt", "updatedAt") FROM stdin;
a88c1dd3-4761-44ff-9eff-0ee5b581d774	444017d5-e022-4c5f-ac07-ea0d51f4609b	Front Desk	Front desk operations and coordination	department	Front Desk	b763e2df-7bf1-4de8-94f8-97a1f1e7a0ec	f	2026-05-03 19:12:50.5+00	VIP guest Rahul Banerjee just arrived.	2026-05-03 19:27:50.5+00	2026-05-03 19:27:50.5+00
c737bd42-a9d4-4441-8f2b-405eec33b963	444017d5-e022-4c5f-ac07-ea0d51f4609b	Maintenance Updates	Maintenance and work order updates	team	Maintenance	b763e2df-7bf1-4de8-94f8-97a1f1e7a0ec	f	2026-05-03 17:27:50.5+00	AC repair in room 801 is in progress.	2026-05-03 19:27:50.5+00	2026-05-03 19:27:50.5+00
cdd9cdee-a6fc-4167-afde-3991f5824880	444017d5-e022-4c5f-ac07-ea0d51f4609b	General Announcements	Hotel-wide announcements and updates	team	\N	b763e2df-7bf1-4de8-94f8-97a1f1e7a0ec	f	2026-05-02 19:27:50.5+00	Staff meeting tomorrow at 9 AM in the conference room.	2026-05-03 19:27:50.5+00	2026-05-03 19:27:50.5+00
\.


--
-- Data for Name: StaffChannelMember; Type: TABLE DATA; Schema: public; Owner: -
--

COPY public."StaffChannelMember" (id, "channelId", "userId", role, "lastReadAt", muted, "joinedAt") FROM stdin;
631ca893-f895-4796-aaae-80dbfda6212c	a88c1dd3-4761-44ff-9eff-0ee5b581d774	b763e2df-7bf1-4de8-94f8-97a1f1e7a0ec	admin	\N	f	2026-03-04 19:27:50.409+00
7302decb-0e06-4e71-96f6-013ba77d7648	a88c1dd3-4761-44ff-9eff-0ee5b581d774	cc3b3483-ad7a-452a-b623-5465962c9678	member	\N	f	2026-03-04 19:27:50.409+00
aa12f1d2-98c9-4731-b91f-8223b945ffce	c737bd42-a9d4-4441-8f2b-405eec33b963	b763e2df-7bf1-4de8-94f8-97a1f1e7a0ec	admin	\N	f	2026-03-19 19:27:50.409+00
78029d71-e050-4a6f-a4d4-ca9641111b59	c737bd42-a9d4-4441-8f2b-405eec33b963	195d4b15-e4ba-4554-affa-01c53a43f883	member	\N	f	2026-03-19 19:27:50.409+00
868c9296-0451-45a9-8b51-e0453f46e9c0	cdd9cdee-a6fc-4167-afde-3991f5824880	b763e2df-7bf1-4de8-94f8-97a1f1e7a0ec	admin	\N	f	2026-02-02 19:27:50.409+00
e7a9b31b-9760-4a9b-9899-c1f6fcb52f8a	cdd9cdee-a6fc-4167-afde-3991f5824880	cc3b3483-ad7a-452a-b623-5465962c9678	member	\N	f	2026-02-02 19:27:50.409+00
0de81d02-b453-4317-9996-816bf942102e	cdd9cdee-a6fc-4167-afde-3991f5824880	195d4b15-e4ba-4554-affa-01c53a43f883	member	\N	f	2026-02-02 19:27:50.409+00
\.


--
-- Data for Name: StaffChatMessage; Type: TABLE DATA; Schema: public; Owner: -
--

COPY public."StaffChatMessage" (id, "channelId", "senderId", content, "messageType", attachments, "replyToId", "isEdited", "editedAt", "isDeleted", "deletedAt", "sentAt", "readBy", "createdAt", "updatedAt") FROM stdin;
\.


--
-- Data for Name: StaffLeave; Type: TABLE DATA; Schema: public; Owner: -
--

COPY public."StaffLeave" (id, "tenantId", "userId", "leaveType", "startDate", "endDate", "totalDays", reason, status, "approvedBy", "approvedAt", "rejectionReason", "attachmentUrl", notes, "createdAt", "updatedAt") FROM stdin;
8046e6a1-b2fa-44bc-ba8c-101e6c332b59	444017d5-e022-4c5f-ac07-ea0d51f4609b	cc3b3483-ad7a-452a-b623-5465962c9678	casual	2026-05-17 19:27:50.409+00	2026-05-19 19:27:50.409+00	3	Family function in Delhi	approved	b763e2df-7bf1-4de8-94f8-97a1f1e7a0ec	2026-04-28 19:27:50.409+00	\N	\N	\N	2026-05-03 19:27:50.536+00	2026-05-03 19:27:50.536+00
80ea7bed-0161-4856-9a20-41e0be2b1acb	444017d5-e022-4c5f-ac07-ea0d51f4609b	195d4b15-e4ba-4554-affa-01c53a43f883	sick	2026-04-23 19:27:50.409+00	2026-04-24 19:27:50.409+00	2	Food poisoning	approved	b763e2df-7bf1-4de8-94f8-97a1f1e7a0ec	2026-04-22 19:27:50.409+00	\N	\N	\N	2026-05-03 19:27:50.536+00	2026-05-03 19:27:50.536+00
c0095a5f-2b96-472f-bebc-c3867220088c	444017d5-e022-4c5f-ac07-ea0d51f4609b	b763e2df-7bf1-4de8-94f8-97a1f1e7a0ec	earned	2026-06-02 19:27:50.409+00	2026-06-06 19:27:50.409+00	5	Planned vacation to Goa	pending	\N	\N	\N	\N	\N	2026-05-03 19:27:50.536+00	2026-05-03 19:27:50.536+00
\.


--
-- Data for Name: StaffPerformance; Type: TABLE DATA; Schema: public; Owner: -
--

COPY public."StaffPerformance" (id, "tenantId", "userId", "reviewPeriod", "reviewYear", "reviewDate", "overallRating", "punctualityRating", "qualityRating", "teamworkRating", "communicationRating", "initiativeRating", "tasksCompleted", "avgResponseTime", "attendanceRate", "customerRating", "goalsSet", "goalsAchieved", "goalsComments", strengths, "areasOfImprovement", achievements, "reviewedBy", status, "acknowledgedAt", "employeeComments", "nextReviewDate", "createdAt", "updatedAt") FROM stdin;
8d80ab54-5b6b-4219-a95e-b41c87689667	444017d5-e022-4c5f-ac07-ea0d51f4609b	cc3b3483-ad7a-452a-b623-5465962c9678	Q3	2024	2026-05-03 19:27:50.538+00	4.2	4.5	4	4.3	4.1	3.8	245	12.5	96.5	4.4	5	4	\N	Excellent guest handling and quick check-in processing	Could improve upselling skills	\N	user-1	published	2026-04-30 19:27:50.409+00	\N	\N	2026-05-03 19:27:50.538+00	2026-05-03 19:27:50.538+00
4210b619-e705-4c41-8da4-e6445faf091c	444017d5-e022-4c5f-ac07-ea0d51f4609b	195d4b15-e4ba-4554-affa-01c53a43f883	Q3	2024	2026-05-03 19:27:50.538+00	3.8	4	3.9	4.2	3.5	3.3	520	8.2	94	\N	4	3	\N	Consistent room quality and fast turnaround	Communication with front desk team	\N	user-1	published	\N	\N	\N	2026-05-03 19:27:50.538+00	2026-05-03 19:27:50.538+00
\.


--
-- Data for Name: StaffSchedule; Type: TABLE DATA; Schema: public; Owner: -
--

COPY public."StaffSchedule" (id, "tenantId", "propertyId", "userId", "shiftTemplateId", date, "startTime", "endTime", department, status, "assignedBy", notes, "createdAt", "updatedAt") FROM stdin;
dacfa1cc-5cea-4f65-9714-aad23398746b	444017d5-e022-4c5f-ac07-ea0d51f4609b	281fde73-7836-4511-b644-91f3663d8fcd	b763e2df-7bf1-4de8-94f8-97a1f1e7a0ec	a8da5248-cd3d-497d-afcc-86c9400b1672	2026-05-03 19:27:50.533+00	09:00	18:00	Management	active	\N	GM on duty	2026-05-03 19:27:50.534+00	2026-05-03 19:27:50.534+00
e6fc5488-bcba-43d1-908b-2b2d1fe64a3b	444017d5-e022-4c5f-ac07-ea0d51f4609b	281fde73-7836-4511-b644-91f3663d8fcd	cc3b3483-ad7a-452a-b623-5465962c9678	a8da5248-cd3d-497d-afcc-86c9400b1672	2026-05-03 19:27:50.533+00	06:00	14:00	Front Desk	active	\N	\N	2026-05-03 19:27:50.534+00	2026-05-03 19:27:50.534+00
97aca76c-0538-4e5a-9e85-8543e7686c0f	444017d5-e022-4c5f-ac07-ea0d51f4609b	281fde73-7836-4511-b644-91f3663d8fcd	195d4b15-e4ba-4554-affa-01c53a43f883	250c4f00-74fb-409e-a04c-d0f08dd98cbf	2026-05-03 19:27:50.533+00	07:00	15:00	Housekeeping	active	\N	\N	2026-05-03 19:27:50.534+00	2026-05-03 19:27:50.534+00
72b1f5ca-6b6b-40e6-ad3d-171b726f7b3b	444017d5-e022-4c5f-ac07-ea0d51f4609b	281fde73-7836-4511-b644-91f3663d8fcd	cc3b3483-ad7a-452a-b623-5465962c9678	7fca1f39-f5c5-419e-9da3-c011783b79c2	2026-05-04 19:27:50.533+00	14:00	22:00	Front Desk	scheduled	\N	\N	2026-05-03 19:27:50.534+00	2026-05-03 19:27:50.534+00
b138a988-10fc-4e15-87ae-abd5923966c6	444017d5-e022-4c5f-ac07-ea0d51f4609b	281fde73-7836-4511-b644-91f3663d8fcd	195d4b15-e4ba-4554-affa-01c53a43f883	250c4f00-74fb-409e-a04c-d0f08dd98cbf	2026-05-04 19:27:50.533+00	07:00	15:00	Housekeeping	scheduled	\N	\N	2026-05-03 19:27:50.534+00	2026-05-03 19:27:50.534+00
\.


--
-- Data for Name: StaffShift; Type: TABLE DATA; Schema: public; Owner: -
--

COPY public."StaffShift" (id, "tenantId", "userId", date, "startTime", "endTime", "shiftType", status, "clockIn", "clockOut", notes, "createdAt", "updatedAt") FROM stdin;
98311f7c-2362-4212-b157-abe9cda55736	444017d5-e022-4c5f-ac07-ea0d51f4609b	cc3b3483-ad7a-452a-b623-5465962c9678	2026-05-03 00:00:00+00	06:00	14:00	regular	in_progress	2026-05-03 06:00:00+00	\N	\N	2026-05-03 19:27:50.788+00	2026-05-03 19:27:50.788+00
2b3c781c-0c48-419f-b7f6-fa388cbd8744	444017d5-e022-4c5f-ac07-ea0d51f4609b	195d4b15-e4ba-4554-affa-01c53a43f883	2026-05-03 00:00:00+00	14:00	22:00	regular	scheduled	\N	\N	\N	2026-05-03 19:27:50.788+00	2026-05-03 19:27:50.788+00
\.


--
-- Data for Name: StaffSkill; Type: TABLE DATA; Schema: public; Owner: -
--

COPY public."StaffSkill" (id, "tenantId", "userId", "skillName", "skillLevel", category, certified, "certifiedAt", "certifiedBy", notes, "createdAt", "updatedAt") FROM stdin;
9e641629-ee18-4ce8-b50b-37e3d70fd418	444017d5-e022-4c5f-ac07-ea0d51f4609b	195d4b15-e4ba-4554-affa-01c53a43f883	Room Cleaning	5	cleaning	t	2026-05-03 19:27:50.434+00	\N	\N	2026-05-03 19:27:50.435+00	2026-05-03 19:27:50.435+00
905f87cf-ec56-437b-9651-0e4446795fa7	444017d5-e022-4c5f-ac07-ea0d51f4609b	195d4b15-e4ba-4554-affa-01c53a43f883	Deep Cleaning	4	cleaning	t	2026-05-03 19:27:50.435+00	\N	\N	2026-05-03 19:27:50.435+00	2026-05-03 19:27:50.435+00
3f000314-fec3-4561-872c-3e0b9f72c714	444017d5-e022-4c5f-ac07-ea0d51f4609b	195d4b15-e4ba-4554-affa-01c53a43f883	Quality Inspection	3	inspection	f	\N	\N	\N	2026-05-03 19:27:50.435+00	2026-05-03 19:27:50.435+00
9de7d7f9-f257-447a-8743-184f9a8791e4	444017d5-e022-4c5f-ac07-ea0d51f4609b	195d4b15-e4ba-4554-affa-01c53a43f883	Laundry	4	cleaning	f	\N	\N	\N	2026-05-03 19:27:50.435+00	2026-05-03 19:27:50.435+00
300c4d51-a752-425b-aa5a-0eb47912952d	444017d5-e022-4c5f-ac07-ea0d51f4609b	195d4b15-e4ba-4554-affa-01c53a43f883	Public Area	3	cleaning	f	\N	\N	\N	2026-05-03 19:27:50.435+00	2026-05-03 19:27:50.435+00
c75b70da-1411-4dce-891c-1f4230fa8b5a	444017d5-e022-4c5f-ac07-ea0d51f4609b	195d4b15-e4ba-4554-affa-01c53a43f883	Chemical Handling	3	maintenance	t	2026-05-03 19:27:50.435+00	\N	\N	2026-05-03 19:27:50.435+00	2026-05-03 19:27:50.435+00
\.


--
-- Data for Name: StaffWorkload; Type: TABLE DATA; Schema: public; Owner: -
--

COPY public."StaffWorkload" (id, "tenantId", "userId", "propertyId", date, "totalTasks", "completedTasks", "totalMinutes", "workedMinutes", "capacityMinutes", efficiency, "createdAt", "updatedAt") FROM stdin;
51c14185-2499-48ac-9cb0-a08b5c2cd92f	444017d5-e022-4c5f-ac07-ea0d51f4609b	195d4b15-e4ba-4554-affa-01c53a43f883	281fde73-7836-4511-b644-91f3663d8fcd	2026-05-03 00:00:00+00	6	2	245	60	480	0.85	2026-05-03 19:27:50.442+00	2026-05-03 19:27:50.442+00
\.


--
-- Data for Name: StaticRoute; Type: TABLE DATA; Schema: public; Owner: -
--

COPY public."StaticRoute" (id, "tenantId", "propertyId", name, destination, gateway, metric, "interfaceName", protocol, "isDefault", enabled, description, "createdAt", "updatedAt") FROM stdin;
\.


--
-- Data for Name: StockConsumption; Type: TABLE DATA; Schema: public; Owner: -
--

COPY public."StockConsumption" (id, "stockItemId", quantity, type, reference, cost, notes, "recordedBy", "createdAt") FROM stdin;
\.


--
-- Data for Name: StockItem; Type: TABLE DATA; Schema: public; Owner: -
--

COPY public."StockItem" (id, "tenantId", "propertyId", name, sku, category, description, unit, "unitCost", quantity, "minQuantity", "maxQuantity", "reorderPoint", location, status, "lowStockAlert", "expiryDate", "createdAt", "updatedAt", "deletedAt") FROM stdin;
26415c3d-03ae-4b80-9b0f-ea16cb8bc732	444017d5-e022-4c5f-ac07-ea0d51f4609b	\N	Bath Towels	TOWEL-BATH	Linens	\N	piece	250	200	50	500	100	Main Storage	active	t	\N	2026-05-03 19:27:50.419+00	2026-05-03 19:27:50.419+00	\N
266404a4-bb10-4380-9a8f-6ca619846574	444017d5-e022-4c5f-ac07-ea0d51f4609b	\N	Hand Towels	TOWEL-HAND	Linens	\N	piece	150	300	75	600	150	Main Storage	active	t	\N	2026-05-03 19:27:50.419+00	2026-05-03 19:27:50.419+00	\N
8e0278eb-e73f-4e3a-a025-d5388f218557	444017d5-e022-4c5f-ac07-ea0d51f4609b	\N	Shampoo Bottles	AMEN-SHAM	Amenities	\N	piece	35	500	100	1000	200	Amenities Storage	active	t	\N	2026-05-03 19:27:50.419+00	2026-05-03 19:27:50.419+00	\N
63153f30-f124-45bb-8f5c-799a3186ed2f	444017d5-e022-4c5f-ac07-ea0d51f4609b	\N	Conditioner Bottles	AMEN-COND	Amenities	\N	piece	35	500	100	1000	200	Amenities Storage	active	t	\N	2026-05-03 19:27:50.419+00	2026-05-03 19:27:50.419+00	\N
f597f522-2755-445f-b242-c9ea656dccca	444017d5-e022-4c5f-ac07-ea0d51f4609b	\N	Toilet Paper	PAPER-TP	Consumables	\N	roll	15	1000	200	2000	400	Main Storage	active	t	\N	2026-05-03 19:27:50.419+00	2026-05-03 19:27:50.419+00	\N
e1b10563-7245-46a7-b430-0981d92589a4	444017d5-e022-4c5f-ac07-ea0d51f4609b	\N	Hand Soap	AMEN-SOAP	Amenities	\N	bottle	25	150	50	300	100	Amenities Storage	active	t	\N	2026-05-03 19:27:50.419+00	2026-05-03 19:27:50.419+00	\N
\.


--
-- Data for Name: Subscription; Type: TABLE DATA; Schema: public; Owner: -
--

COPY public."Subscription" (id, "tenantId", "planId", "planName", "billingCycle", amount, currency, status, "currentPeriodStart", "currentPeriodEnd", "cancelledAt", "paymentMethodId", "createdAt", "updatedAt") FROM stdin;
\.


--
-- Data for Name: SubscriptionInvoice; Type: TABLE DATA; Schema: public; Owner: -
--

COPY public."SubscriptionInvoice" (id, "subscriptionId", "invoiceNumber", amount, currency, status, "issuedAt", "dueAt", "paidAt", "pdfUrl", "paymentId", "createdAt", "updatedAt") FROM stdin;
\.


--
-- Data for Name: SubscriptionPlan; Type: TABLE DATA; Schema: public; Owner: -
--

COPY public."SubscriptionPlan" (id, name, "displayName", description, "monthlyPrice", "yearlyPrice", currency, "maxProperties", "maxUsers", "maxRooms", "storageLimitMb", features, "sortOrder", "isPopular", "isActive", "createdAt", "updatedAt") FROM stdin;
\.


--
-- Data for Name: SurveillanceConfig; Type: TABLE DATA; Schema: public; Owner: -
--

COPY public."SurveillanceConfig" (id, "tenantId", "propertyId", "configType", settings, "updatedAt") FROM stdin;
\.


--
-- Data for Name: SyslogServer; Type: TABLE DATA; Schema: public; Owner: -
--

COPY public."SyslogServer" (id, "tenantId", "propertyId", name, protocol, host, port, format, facility, severity, categories, enabled, "tlsCertPath", "tlsVerify", "createdAt", "updatedAt") FROM stdin;
0df7e404-703c-4a2c-99ea-d07eb143b9d8	444017d5-e022-4c5f-ac07-ea0d51f4609b	281fde73-7836-4511-b644-91f3663d8fcd	Local Syslog Server	udp	127.0.0.1	514	ietf	local1	info	["auth","firewall","dhcp","dns","portal"]	t	\N	t	2026-05-03 19:27:50.74+00	2026-05-03 19:27:50.74+00
\.


--
-- Data for Name: SystemNetworkHealth; Type: TABLE DATA; Schema: public; Owner: -
--

COPY public."SystemNetworkHealth" (id, "tenantId", "propertyId", hostname, "kernelVersion", uptime, "cpuUsage", "ramTotal", "ramUsed", "diskTotal", "diskUsed", "cpuTemperature", services, "lastUpdated", "createdAt", "updatedAt") FROM stdin;
153aa3a0-012d-4322-ada0-8fa99e72b86f	444017d5-e022-4c5f-ac07-ea0d51f4609b	281fde73-7836-4511-b644-91f3663d8fcd	gateway.royalstay.local	6.1.0-17-amd64	864000	23.5	8192	3276	128000	42000	48.2	{"freeradius":{"running":true,"pid":1234,"uptime":864000},"kea":{"running":true,"pid":5678,"uptime":864000},"dnsmasq":{"running":true,"pid":9012,"uptime":864000},"nftables":{"running":true,"rules":24},"nginx":{"running":true,"pid":3456,"uptime":864000}}	2026-05-03 19:26:50.653+00	2026-05-03 19:27:50.745+00	2026-05-03 19:27:50.745+00
\.


--
-- Data for Name: TableMerge; Type: TABLE DATA; Schema: public; Owner: -
--

COPY public."TableMerge" (id, "tenantId", "propertyId", "tableIds", "partySize", "mergedAt", "splitAt", status, "createdAt", "updatedAt") FROM stdin;
\.


--
-- Data for Name: Task; Type: TABLE DATA; Schema: public; Owner: -
--

COPY public."Task" (id, "tenantId", "propertyId", "roomId", "assignedTo", type, category, title, description, priority, status, "scheduledAt", "startedAt", "completedAt", "estimatedDuration", "actualDuration", "roomStatusBefore", "roomStatusAfter", notes, "completionNotes", attachments, "isRecurring", "recurrenceRule", deadline, "createdBy", "qualityScore", subtasks, "serviceRequestId", "createdAt", "updatedAt") FROM stdin;
b192a84b-c8df-405f-b762-d73dc6daa718	444017d5-e022-4c5f-ac07-ea0d51f4609b	281fde73-7836-4511-b644-91f3663d8fcd	2bd9e3e1-07f2-4535-ab58-5868a167f183	195d4b15-e4ba-4554-affa-01c53a43f883	cleaning	checkout	Checkout Clean - Room 101	Full checkout cleaning including bathroom deep clean, linen change, restock amenities	high	pending	2026-05-03 19:27:50.431+00	\N	\N	45	\N	occupied	available	\N	\N	[]	f	\N	\N	cc3b3483-ad7a-452a-b623-5465962c9678	\N	[]	\N	2026-05-03 19:27:50.432+00	2026-05-03 19:27:50.432+00
aaa770f3-a15b-4140-9caa-2d7057b3d858	444017d5-e022-4c5f-ac07-ea0d51f4609b	281fde73-7836-4511-b644-91f3663d8fcd	099d3527-9c08-4060-8813-fea8ca1553c7	195d4b15-e4ba-4554-affa-01c53a43f883	cleaning	stayover	Stayover Service - Room 102	Daily stayover service: fresh towels, empty bins, restock, make bed	medium	in_progress	2026-05-03 19:27:50.431+00	2026-05-03 19:12:50.431+00	\N	20	\N	\N	\N	\N	\N	[]	f	\N	\N	cc3b3483-ad7a-452a-b623-5465962c9678	\N	[]	\N	2026-05-03 19:27:50.432+00	2026-05-03 19:27:50.432+00
3db30e20-16ae-444b-980e-97437aa39fc7	444017d5-e022-4c5f-ac07-ea0d51f4609b	281fde73-7836-4511-b644-91f3663d8fcd	fa963414-5906-466f-8247-c080508d3716	195d4b15-e4ba-4554-affa-01c53a43f883	cleaning	checkout	Checkout Clean - Room 305	VIP checkout - extra attention to detail, welcome amenities restocked	urgent	pending	2026-05-03 19:27:50.431+00	\N	\N	60	\N	occupied	available	\N	\N	[]	f	\N	\N	b763e2df-7bf1-4de8-94f8-97a1f1e7a0ec	\N	[]	\N	2026-05-03 19:27:50.432+00	2026-05-03 19:27:50.432+00
207c58d7-12ef-43d5-b569-e57af7c6757c	444017d5-e022-4c5f-ac07-ea0d51f4609b	281fde73-7836-4511-b644-91f3663d8fcd	\N	\N	inspection	quality_check	Floor 3 Room Inspection	Inspect all rooms on floor 3 after morning cleaning	medium	pending	2026-05-03 21:27:50.431+00	\N	\N	30	\N	\N	\N	\N	\N	[]	f	\N	\N	b763e2df-7bf1-4de8-94f8-97a1f1e7a0ec	\N	[]	\N	2026-05-03 19:27:50.432+00	2026-05-03 19:27:50.432+00
22e9c8e0-ae84-406f-8dcc-80e2ead55dc9	444017d5-e022-4c5f-ac07-ea0d51f4609b	281fde73-7836-4511-b644-91f3663d8fcd	55acdf17-79f9-4fa7-a65e-60e68bbb1a82	\N	maintenance	repair	Fix leaking faucet - Room 103	Bathroom faucet dripping, needs washer replacement	high	pending	2026-05-03 19:57:50.431+00	\N	\N	30	\N	\N	\N	\N	\N	[]	f	\N	\N	195d4b15-e4ba-4554-affa-01c53a43f883	\N	[]	\N	2026-05-03 19:27:50.432+00	2026-05-03 19:27:50.432+00
c88343f4-373f-4909-ac70-68ed7fcea0e9	444017d5-e022-4c5f-ac07-ea0d51f4609b	281fde73-7836-4511-b644-91f3663d8fcd	9b1e3d48-842e-40bb-aa34-9f7ce7e0bb1f	195d4b15-e4ba-4554-affa-01c53a43f883	deep_clean	deep_clean	Deep Clean - Room 104	Monthly deep clean: carpet shampoo, window cleaning, behind furniture	low	completed	2026-05-02 19:27:50.431+00	\N	2026-05-02 23:27:50.431+00	120	105	\N	\N	\N	Carpet shampooed, windows cleaned, all furniture moved and vacuumed behind	[]	f	\N	\N	cc3b3483-ad7a-452a-b623-5465962c9678	5	[]	\N	2026-05-03 19:27:50.432+00	2026-05-03 19:27:50.432+00
342f7b83-ef24-4817-a126-5a9626425f92	444017d5-e022-4c5f-ac07-ea0d51f4609b	281fde73-7836-4511-b644-91f3663d8fcd	\N	195d4b15-e4ba-4554-affa-01c53a43f883	public_area	lobby	Lobby and Reception Area Cleaning	Vacuum, dust all surfaces, clean entrance glass, restock brochures	medium	completed	2026-05-03 16:27:50.431+00	\N	2026-05-03 17:27:50.431+00	45	40	\N	\N	\N	\N	[]	f	\N	\N	cc3b3483-ad7a-452a-b623-5465962c9678	\N	[]	\N	2026-05-03 19:27:50.432+00	2026-05-03 19:27:50.432+00
32a0b647-fac4-4908-bea4-fc8f81a595ce	444017d5-e022-4c5f-ac07-ea0d51f4609b	281fde73-7836-4511-b644-91f3663d8fcd	3330f9c6-2345-4db5-bc7f-4a8ca55afb8b	195d4b15-e4ba-4554-affa-01c53a43f883	cleaning	stayover	Stayover Service - Room 501 (VIP)	VIP guest - use premium amenities, extra towel set	high	in_progress	2026-05-03 19:27:50.431+00	2026-05-03 19:22:50.431+00	\N	25	\N	\N	\N	\N	\N	[]	f	\N	\N	b763e2df-7bf1-4de8-94f8-97a1f1e7a0ec	\N	[]	\N	2026-05-03 19:27:50.432+00	2026-05-03 19:27:50.432+00
\.


--
-- Data for Name: TaskAssignmentSuggestion; Type: TABLE DATA; Schema: public; Owner: -
--

COPY public."TaskAssignmentSuggestion" (id, "tenantId", "taskId", "suggestedUserId", score, reason, factors, status, "rejectedBy", "createdAt", "expiresAt", "acceptedAt", "rejectedAt") FROM stdin;
\.


--
-- Data for Name: TaxReport; Type: TABLE DATA; Schema: public; Owner: -
--

COPY public."TaxReport" (id, "tenantId", "propertyId", "reportNumber", "reportType", jurisdiction, "periodStart", "periodEnd", "filingDueDate", "grossRevenue", "taxableRevenue", "taxCollected", "taxPaid", "taxDue", "taxRefundable", adjustments, "adjustmentReason", "cgstAmount", "sgstAmount", "igstAmount", "cessAmount", "stateTaxAmount", "localTaxAmount", "vatOutput", "vatInput", "transactionCount", "exemptTransactions", "exportTransactions", status, "filedAt", "filedBy", "filingReference", "paymentReference", "paidAt", "attachmentUrl", notes, "internalNotes", "createdAt", "updatedAt") FROM stdin;
d8ea13e8-1650-45e2-88be-49065d8699f6	444017d5-e022-4c5f-ac07-ea0d51f4609b	281fde73-7836-4511-b644-91f3663d8fcd	GST-2024-Q3-001	gst	india	2024-07-01 00:00:00+00	2024-09-30 00:00:00+00	2024-10-20 00:00:00+00	4500000	3825000	687750	520000	167750	0	0	\N	343875	343875	0	0	0	0	0	0	485	12	0	draft	\N	\N	\N	\N	\N	\N	Quarter 3 GST filing	\N	2026-05-03 19:27:50.529+00	2026-05-03 19:27:50.529+00
52baba0b-ae4a-4429-ba3e-370880237ad3	444017d5-e022-4c5f-ac07-ea0d51f4609b	281fde73-7836-4511-b644-91f3663d8fcd	GST-2024-Q2-001	gst	india	2024-04-01 00:00:00+00	2024-07-01 00:00:00+00	2024-07-20 00:00:00+00	3800000	3230000	581400	581400	0	0	0	\N	290700	290700	0	0	0	0	0	0	412	8	0	filed	2024-07-18 00:00:00+00	user-1	ACK-20240618-12345	CHALLAN-20240625-67890	2024-07-25 00:00:00+00	\N	\N	\N	2026-05-03 19:27:50.529+00	2026-05-03 19:27:50.529+00
4f778d43-7d16-4884-83ed-20ee2ddb0866	444017d5-e022-4c5f-ac07-ea0d51f4609b	281fde73-7836-4511-b644-91f3663d8fcd	TDS-2024-Q3-001	tds	india	2024-07-01 00:00:00+00	2024-09-30 00:00:00+00	2024-10-31 00:00:00+00	520000	520000	52000	32000	20000	0	0	\N	0	0	0	0	0	0	0	0	28	0	0	draft	\N	\N	\N	\N	\N	\N	\N	\N	2026-05-03 19:27:50.529+00	2026-05-03 19:27:50.529+00
\.


--
-- Data for Name: Tenant; Type: TABLE DATA; Schema: public; Owner: -
--

COPY public."Tenant" (id, name, slug, logo, email, phone, address, city, country, timezone, currency, language, plan, status, "trialEndsAt", "subscriptionStartsAt", "subscriptionEndsAt", "maxProperties", "maxUsers", "maxRooms", "storageLimitMb", features, settings, "createdAt", "updatedAt", "deletedAt") FROM stdin;
444017d5-e022-4c5f-ac07-ea0d51f4609b	Royal Stay Hotels	royal-stay	\N	admin@royalstay.in	+91-33-40012345	234 Park Street	Kolkata	India	Asia/Kolkata	INR	en	enterprise	active	\N	\N	\N	1	5	50	500	{}	{}	2026-05-03 19:27:49.778+00	2026-05-03 19:27:49.778+00	\N
1afa10da-6737-4bbe-b30c-e2b76eedd4d5	Ocean View Resorts	ocean-view	\N	admin@oceanview.com	+1-305-5550100	1200 Ocean Drive	Miami	United States	America/New_York	USD	en	professional	active	\N	\N	\N	1	5	50	500	{}	{}	2026-05-03 19:27:49.788+00	2026-05-03 19:27:49.788+00	\N
\.


--
-- Data for Name: UsageLog; Type: TABLE DATA; Schema: public; Owner: -
--

COPY public."UsageLog" (id, "tenantId", type, endpoint, method, "statusCode", "dataSize", duration, "ipAddress", "userAgent", "userId", metadata, "createdAt") FROM stdin;
\.


--
-- Data for Name: UsageSummary; Type: TABLE DATA; Schema: public; Owner: -
--

COPY public."UsageSummary" (id, "tenantId", "apiCalls", "apiCallsMonth", "messagesSent", "messagesMonth", "emailsSent", "emailsMonth", "smsSent", "smsMonth", "storageUsedMb", "storageFiles", "webhooksSent", "webhooksMonth", "lastApiCallAt", "lastMessageAt", "lastStorageUploadAt", "lastResetAt", "updatedAt") FROM stdin;
\.


--
-- Data for Name: User; Type: TABLE DATA; Schema: public; Owner: -
--

COPY public."User" (id, "tenantId", email, "passwordHash", "isVerified", "verifiedAt", "firstName", "lastName", avatar, phone, "jobTitle", department, "roleId", "lastLoginAt", "lastLoginIp", "passwordChangedAt", "failedAttempts", "lockedUntil", "twoFactorEnabled", "twoFactorSecret", "backupCodes", preferences, "isPlatformAdmin", status, "invitedAt", "invitedBy", "createdAt", "updatedAt", "deletedAt") FROM stdin;
cc3b3483-ad7a-452a-b623-5465962c9678	444017d5-e022-4c5f-ac07-ea0d51f4609b	frontdesk@royalstay.in	$2b$12$fO13e5NcaTwgL4WB2W8b3eGaIgvWlyaEbGnqCrJhUS0DCfQCMnGW6	t	2026-05-03 19:27:50.377+00	Priya	Das	\N	\N	Front Desk Manager	Front Desk	4f796e3a-1a36-41d3-a9a0-5231e5425136	\N	\N	\N	0	\N	f	\N	\N	{}	f	active	\N	\N	2026-05-03 19:27:50.379+00	2026-05-03 19:27:50.379+00	\N
195d4b15-e4ba-4554-affa-01c53a43f883	444017d5-e022-4c5f-ac07-ea0d51f4609b	housekeeping@royalstay.in	$2b$12$fO13e5NcaTwgL4WB2W8b3eGaIgvWlyaEbGnqCrJhUS0DCfQCMnGW6	t	2026-05-03 19:27:50.377+00	Anita	Roy	\N	\N	Housekeeping Supervisor	Housekeeping	0b9b2d1f-8ac4-40f0-905b-9403b353f2d6	\N	\N	\N	0	\N	f	\N	\N	{}	f	active	\N	\N	2026-05-03 19:27:50.379+00	2026-05-03 19:27:50.379+00	\N
7816bbd0-fa83-4c3a-887b-3fc4d9e22a9d	444017d5-e022-4c5f-ac07-ea0d51f4609b	platform@staysuite.com	$2b$12$JG865tOh7koPVWcM3yffzuR5llrFjekllxRZEf8q/CgizpV1vX926	t	2026-05-03 19:27:50.377+00	Platform	Admin	\N	\N	Platform Administrator	Platform	510daaa7-e3c1-439b-b779-95494e12b7b9	\N	\N	\N	0	\N	f	\N	\N	{}	t	active	\N	\N	2026-05-03 19:27:50.379+00	2026-05-03 19:27:50.379+00	\N
9ecafba4-1bfb-406c-ace0-eaf309cd21dd	1afa10da-6737-4bbe-b30c-e2b76eedd4d5	admin@oceanview.com	$2b$12$JG865tOh7koPVWcM3yffzuR5llrFjekllxRZEf8q/CgizpV1vX926	t	2026-05-03 19:27:50.383+00	Carlos	Rodriguez	\N	\N	General Manager	Management	4881a555-67a2-497d-9624-04b7c92196b8	\N	\N	\N	0	\N	f	\N	\N	{}	f	active	\N	\N	2026-05-03 19:27:50.384+00	2026-05-03 19:27:50.384+00	\N
d42427df-84d8-4ea4-b531-950695576811	1afa10da-6737-4bbe-b30c-e2b76eedd4d5	frontdesk@oceanview.com	$2b$12$fO13e5NcaTwgL4WB2W8b3eGaIgvWlyaEbGnqCrJhUS0DCfQCMnGW6	t	2026-05-03 19:27:50.383+00	Maria	Gonzalez	\N	\N	Front Desk Agent	Front Desk	13da5014-aec8-4cd7-a8cc-4a985a651454	\N	\N	\N	0	\N	f	\N	\N	{}	f	active	\N	\N	2026-05-03 19:27:50.384+00	2026-05-03 19:27:50.384+00	\N
a357fe96-d2f5-46cc-8f91-6f53423fab04	1afa10da-6737-4bbe-b30c-e2b76eedd4d5	manager@oceanview.com	$2b$12$fO13e5NcaTwgL4WB2W8b3eGaIgvWlyaEbGnqCrJhUS0DCfQCMnGW6	t	2026-05-03 19:27:50.383+00	James	Wilson	\N	\N	Operations Manager	Operations	1d4d8af5-debb-47b4-8801-2771286d3aad	\N	\N	\N	0	\N	f	\N	\N	{}	f	active	\N	\N	2026-05-03 19:27:50.384+00	2026-05-03 19:27:50.384+00	\N
b763e2df-7bf1-4de8-94f8-97a1f1e7a0ec	444017d5-e022-4c5f-ac07-ea0d51f4609b	admin@royalstay.in	$2b$12$JG865tOh7koPVWcM3yffzuR5llrFjekllxRZEf8q/CgizpV1vX926	t	2026-05-03 19:27:50.377+00	Rajesh	Sharma	\N	\N	General Manager	Management	510daaa7-e3c1-439b-b779-95494e12b7b9	2026-05-03 19:51:57.037+00	\N	\N	0	\N	f	\N	\N	{}	f	active	\N	\N	2026-05-03 19:27:50.379+00	2026-05-03 19:51:57.039+00	\N
\.


--
-- Data for Name: UserFcmToken; Type: TABLE DATA; Schema: public; Owner: -
--

COPY public."UserFcmToken" (id, "tenantId", "userId", token, "deviceId", "deviceType", "deviceName", "userAgent", "isActive", "lastUsedAt", "createdAt", "updatedAt") FROM stdin;
\.


--
-- Data for Name: UserTutorial; Type: TABLE DATA; Schema: public; Owner: -
--

COPY public."UserTutorial" (id, "tenantId", "userId", "tutorialKey", completed, "completedAt", "currentStep", "totalSteps", "createdAt", "updatedAt") FROM stdin;
\.


--
-- Data for Name: Vehicle; Type: TABLE DATA; Schema: public; Owner: -
--

COPY public."Vehicle" (id, "tenantId", "guestId", "bookingId", "licensePlate", make, model, color, year, "slotId", "entryTime", "exitTime", "parkingFee", "isPaid", status, "createdAt", "updatedAt") FROM stdin;
9b7c5a92-fac7-4fdc-9779-dc15459ffdda	444017d5-e022-4c5f-ac07-ea0d51f4609b	cb127462-1b96-4e37-8f78-65bbd0493ee1	b544cc77-46a6-4e53-921e-50db663eb482	WB-01-AB-1234	Hyundai	Creta	White	2023	85d6cde7-38cc-453a-ae01-91d95fba1b21	2026-05-01 19:27:50.409+00	\N	0	f	parked	2026-05-03 19:27:50.495+00	2026-05-03 19:27:50.495+00
28b03fad-1848-491e-98d0-c46286c86b73	444017d5-e022-4c5f-ac07-ea0d51f4609b	0dae0b8b-173a-4819-8a5e-7ff3be5c81d5	9b7a9397-91d2-4f9c-baf4-71123765747b	WB-02-CD-5678	Mercedes-Benz	E-Class	Black	2024	0de676c7-b3b9-4d75-b78c-3e71ed50aab2	2026-05-02 19:27:50.409+00	\N	0	f	parked	2026-05-03 19:27:50.495+00	2026-05-03 19:27:50.495+00
ecccf84c-09aa-434c-afea-5e06b5d45cb5	444017d5-e022-4c5f-ac07-ea0d51f4609b	df87b649-707f-402a-9198-75a06d22ed63	231b3af0-9522-447b-8135-8ec031dc66c1	WB-05-EF-9012	BMW	X5	Blue	2023	\N	2026-05-03 19:27:50.494+00	\N	0	f	parked	2026-05-03 19:27:50.495+00	2026-05-03 19:27:50.495+00
3452644e-b662-4169-890d-aa43548ccf1b	444017d5-e022-4c5f-ac07-ea0d51f4609b	18349da2-1713-42c0-bad9-67856cc58d26	7e7c1dde-1748-45aa-aad9-fde8feacb222	WB-06-GH-3456	Toyota	Innova Crysta	Silver	2022	70781398-9360-4a63-837c-829287bedf0b	2026-04-30 19:27:50.409+00	2026-05-03 19:27:50.494+00	300	t	exited	2026-05-03 19:27:50.495+00	2026-05-03 19:27:50.495+00
8f5dc542-e746-407d-90cc-3292745b8af7	444017d5-e022-4c5f-ac07-ea0d51f4609b	c5e15b10-5464-4323-87b6-41d1eb95c39a	\N	WB-03-IJ-7890	Honda	City	Red	2023	78c929f0-7f03-4b6f-a558-4ca332810876	2026-05-03 19:27:50.495+00	\N	0	f	parked	2026-05-03 19:27:50.495+00	2026-05-03 19:27:50.495+00
\.


--
-- Data for Name: Vendor; Type: TABLE DATA; Schema: public; Owner: -
--

COPY public."Vendor" (id, "tenantId", name, "contactPerson", email, phone, address, type, "paymentTerms", status, notes, "portalEmail", "portalPassword", "portalToken", "portalTokenExpires", "lastPortalLogin", "createdAt", "updatedAt", "deletedAt") FROM stdin;
743f45af-b9a0-49bd-8e79-9082bdcd4026	444017d5-e022-4c5f-ac07-ea0d51f4609b	Premium Linen Supply	Rajesh Kumar	rajesh@premiumlinen.in	+91-33-24567890	\N	supplier	Net 30	active	\N	\N	\N	\N	\N	\N	2026-05-03 19:27:50.416+00	2026-05-03 19:27:50.416+00	\N
57077ad0-4ed1-484d-824e-96e48be3f929	444017d5-e022-4c5f-ac07-ea0d51f4609b	CleanPro Services	Suman Roy	suman@cleanpro.in	+91-33-24678901	\N	contractor	Net 15	active	\N	\N	\N	\N	\N	\N	2026-05-03 19:27:50.416+00	2026-05-03 19:27:50.416+00	\N
42b66844-0c28-4f97-8e19-1522ad7d2623	444017d5-e022-4c5f-ac07-ea0d51f4609b	Tech Solutions India	Amit Sharma	amit@techsolutions.in	+91-33-24789012	\N	service	Net 45	active	\N	\N	\N	\N	\N	\N	2026-05-03 19:27:50.416+00	2026-05-03 19:27:50.416+00	\N
\.


--
-- Data for Name: VendorPayment; Type: TABLE DATA; Schema: public; Owner: -
--

COPY public."VendorPayment" (id, "tenantId", "vendorId", "workOrderId", "paymentNumber", amount, currency, status, "paymentMethod", "paymentDate", "dueDate", "bankName", "bankAccount", "checkNumber", "transactionRef", notes, "paidAt", "cancelledAt", "cancelReason", "createdAt", "updatedAt") FROM stdin;
\.


--
-- Data for Name: VlanConfig; Type: TABLE DATA; Schema: public; Owner: -
--

COPY public."VlanConfig" (id, "tenantId", "propertyId", "parentInterfaceId", "vlanId", "subInterface", description, mtu, enabled, "createdAt", "updatedAt") FROM stdin;
aecc5780-c291-40bb-9ed7-09405d164437	444017d5-e022-4c5f-ac07-ea0d51f4609b	281fde73-7836-4511-b644-91f3663d8fcd	2983fc24-d37b-447e-b86c-0a57bc781a10	10	eth1.10	Guest WiFi VLAN - Internet only, no LAN access	1500	t	2026-05-03 19:27:50.694+00	2026-05-03 19:27:50.694+00
f344ec78-7c01-46c8-bc7c-f0107b5cd15c	444017d5-e022-4c5f-ac07-ea0d51f4609b	281fde73-7836-4511-b644-91f3663d8fcd	2983fc24-d37b-447e-b86c-0a57bc781a10	20	eth1.20	Staff VLAN - Full LAN and internet access	1500	t	2026-05-03 19:27:50.694+00	2026-05-03 19:27:50.694+00
098b6345-45ed-45cf-84c0-f726ea4a6cbe	444017d5-e022-4c5f-ac07-ea0d51f4609b	281fde73-7836-4511-b644-91f3663d8fcd	2983fc24-d37b-447e-b86c-0a57bc781a10	30	eth1.30	POS/Payment VLAN - Isolated for PCI compliance	1500	t	2026-05-03 19:27:50.694+00	2026-05-03 19:27:50.694+00
1c18fb39-4fce-4b1d-a7d4-d976a280ca00	444017d5-e022-4c5f-ac07-ea0d51f4609b	281fde73-7836-4511-b644-91f3663d8fcd	2983fc24-d37b-447e-b86c-0a57bc781a10	40	eth1.40	IoT Devices VLAN - Smart locks, thermostats, sensors	1500	t	2026-05-03 19:27:50.694+00	2026-05-03 19:27:50.694+00
3a6e593b-f27b-48c5-b6dc-7948591549df	444017d5-e022-4c5f-ac07-ea0d51f4609b	281fde73-7836-4511-b644-91f3663d8fcd	2983fc24-d37b-447e-b86c-0a57bc781a10	50	eth1.50	Management VLAN - Network devices and admin access	1500	t	2026-05-03 19:27:50.694+00	2026-05-03 19:27:50.694+00
\.


--
-- Data for Name: WaitlistEntry; Type: TABLE DATA; Schema: public; Owner: -
--

COPY public."WaitlistEntry" (id, "tenantId", "propertyId", "guestId", "roomTypeId", "checkIn", "checkOut", adults, children, priority, status, notes, "bookingId", "convertedAt", "createdAt", "updatedAt") FROM stdin;
51c14185-2499-48ac-9cb0-a08b5c2cd92f	444017d5-e022-4c5f-ac07-ea0d51f4609b	281fde73-7836-4511-b644-91f3663d8fcd	79877c7c-f915-4922-94a0-5d83df9e1d09	22f53ea5-00fb-4b29-9dc6-a7834cc6b481	2026-05-08 19:27:50.409+00	2026-05-11 19:27:50.409+00	2	1	3	waiting	Wants Executive Suite for anniversary weekend	\N	\N	2026-05-03 19:27:50.485+00	2026-05-03 19:27:50.485+00
f2701d7a-7193-4542-a5aa-33856ae81ce9	444017d5-e022-4c5f-ac07-ea0d51f4609b	281fde73-7836-4511-b644-91f3663d8fcd	18349da2-1713-42c0-bad9-67856cc58d26	1aac4388-0d87-43da-a0bf-984fe39e5bcf	2026-05-17 19:27:50.409+00	2026-05-20 19:27:50.409+00	2	0	1	waiting	Recurring guest, flexible on dates	\N	\N	2026-05-03 19:27:50.485+00	2026-05-03 19:27:50.485+00
757e9273-a8f4-4587-83df-da90df13231b	444017d5-e022-4c5f-ac07-ea0d51f4609b	281fde73-7836-4511-b644-91f3663d8fcd	df87b649-707f-402a-9198-75a06d22ed63	bd3a1ffd-24b8-4185-b350-6bdae97bc426	2026-05-13 19:27:50.409+00	2026-05-15 19:27:50.409+00	2	0	5	cancelled	Booked elsewhere	\N	\N	2026-05-03 19:27:50.485+00	2026-05-03 19:27:50.485+00
\.


--
-- Data for Name: WanFailover; Type: TABLE DATA; Schema: public; Owner: -
--

COPY public."WanFailover" (id, "tenantId", "propertyId", "primaryWanId", "backupWanId", "healthCheckUrl", "healthCheckInterval", "failoverThreshold", "autoSwitchback", "switchbackDelay", enabled, "createdAt", "updatedAt") FROM stdin;
2f348978-5b6b-4f7e-900f-35bcd6b502e3	444017d5-e022-4c5f-ac07-ea0d51f4609b	281fde73-7836-4511-b644-91f3663d8fcd	b13cfcc5-4e94-4245-8a5f-082eac4a7b01	45817e65-6245-490f-835a-0b88269549fd	https://1.1.1.1	30	3	t	300	t	2026-05-03 19:27:50.703+00	2026-05-03 19:27:50.703+00
\.


--
-- Data for Name: WebCategory; Type: TABLE DATA; Schema: public; Owner: -
--

COPY public."WebCategory" (id, "tenantId", "propertyId", name, description, "categoryType", "isUploadRestricted", "isDefault", "implementationOn", "sortOrder", enabled, "createdAt", "updatedAt") FROM stdin;
\.


--
-- Data for Name: WebCategorySchedule; Type: TABLE DATA; Schema: public; Owner: -
--

COPY public."WebCategorySchedule" (id, "tenantId", "propertyId", "webCategoryId", "scheduleAccessId", "isAllow", "orderIndex", "startTime", "endTime", "daysOfWeek", enabled, "createdAt", "updatedAt") FROM stdin;
\.


--
-- Data for Name: WebhookDeliveryLog; Type: TABLE DATA; Schema: public; Owner: -
--

COPY public."WebhookDeliveryLog" (id, "endpointId", "eventType", payload, "statusCode", response, status, "attemptCount", "nextRetryAt", "createdAt") FROM stdin;
\.


--
-- Data for Name: WebhookEndpoint; Type: TABLE DATA; Schema: public; Owner: -
--

COPY public."WebhookEndpoint" (id, "tenantId", name, url, events, secret, "isActive", "totalCalls", "failedCalls", "lastCalledAt", "createdAt", "updatedAt") FROM stdin;
2e486532-6028-4ac5-be35-cecc00b15ed0	444017d5-e022-4c5f-ac07-ea0d51f4609b	Booking Webhook	https://api.staysuite.com/webhooks/bookings	["booking.created","booking.confirmed","booking.cancelled","booking.checked_in","booking.checked_out"]	whsec_booking_abc123def456ghi789	t	0	0	\N	2026-05-03 19:27:50.781+00	2026-05-03 19:27:50.781+00
d1624bed-1b0e-43d4-833b-192091cdf98c	444017d5-e022-4c5f-ac07-ea0d51f4609b	Payment Webhook	https://api.staysuite.com/webhooks/payments	["payment.completed","payment.failed","payment.refunded"]	whsec_payment_xyz789abc456def123	t	0	0	\N	2026-05-03 19:27:50.781+00	2026-05-03 19:27:50.781+00
\.


--
-- Data for Name: WiFiAAAConfig; Type: TABLE DATA; Schema: public; Owner: -
--

COPY public."WiFiAAAConfig" (id, "tenantId", "propertyId", "defaultPlanId", "defaultDownloadSpeed", "defaultUploadSpeed", "defaultSessionLimit", "defaultDataLimit", "autoProvisionOnCheckin", "autoDeprovisionOnCheckout", "autoDeprovisionDelay", "authMethod", "allowMacAuth", "accountingSyncInterval", "lastSyncAt", "lastSyncId", "maxConcurrentSessions", "sessionTimeoutPolicy", "portalEnabled", "portalTitle", "portalLogo", "portalTerms", "portalRedirectUrl", "portalBrandColor", "voucherPortalUrl", "usernameFormat", "usernamePrefix", "usernameCase", "usernameMinLength", "usernameMaxLength", "passwordFormat", "passwordFixedValue", "passwordLength", "passwordIncludeUppercase", "passwordIncludeNumbers", "passwordIncludeSymbols", "credentialSeparator", "credentialPrintOnVoucher", "credentialShowInPortal", "duplicateUsernameAction", status, "createdAt", "updatedAt") FROM stdin;
16115ed2-68aa-4fd5-bfc7-ae34bac1a68d	444017d5-e022-4c5f-ac07-ea0d51f4609b	281fde73-7836-4511-b644-91f3663d8fcd	c80731b1-952f-45c0-b6e5-9cb77deb2590	5	2	1	\N	t	t	30	pap	t	5	2026-05-03 19:22:50.653+00	b288c190-7c23-4d66-890e-3f8608497154	3	hard	t	Royal Stay WiFi	/assets/wifi-logo.png	By using our WiFi service, you agree to our terms of service and acceptable use policy.	https://www.royalstay.in/welcome	#8B5E3C	\N	room_random	\N	lowercase	4	32	random_alphanumeric	\N	8	t	t	f	_	t	t	append_random	active	2026-05-03 19:27:50.681+00	2026-05-03 19:27:50.681+00
\.


--
-- Data for Name: WiFiAccountingSync; Type: TABLE DATA; Schema: public; Owner: -
--

COPY public."WiFiAccountingSync" (id, "lastRadAcctId", "lastSyncedAt", "recordsProcessed", errors, "lastError", "createdAt", "updatedAt") FROM stdin;
\.


--
-- Data for Name: WiFiGateway; Type: TABLE DATA; Schema: public; Owner: -
--

COPY public."WiFiGateway" (id, "tenantId", "propertyId", name, description, "ipAddress", "macAddress", vendor, model, version, "radiusSecret", "radiusAuthPort", "radiusAcctPort", "coaEnabled", "coaPort", "coaSecret", "captivePortalEnabled", "captivePortalUrl", "splashPageId", "defaultVlan", "guestVlan", "staffVlan", "managementUrl", "apiUsername", "apiPassword", "apiPort", status, "lastSeenAt", "firmwareVersion", "totalClients", "totalSessions", "createdAt", "updatedAt") FROM stdin;
7a0b76af-b049-4dd1-a69f-a5e92610f86b	444017d5-e022-4c5f-ac07-ea0d51f4609b	281fde73-7836-4511-b644-91f3663d8fcd	Main Controller (Cisco Meraki)	Primary WiFi controller managing all guest and staff access points across 10 floors.	10.0.0.1	00:1A:2B:3C:4D:5E	cisco	Meraki MR46	28.1.1	rs_secret_main_2024	1812	1813	t	3799	coa_secret_main	t	https://wifi.royalstay.in/portal	\N	10	10	20	https://meraki.royalstay.in	pms_api_user	encrypted_api_pass_1	443	active	2026-05-03 19:25:50.653+00	28.1.1	47	156	2026-05-03 19:27:50.679+00	2026-05-03 19:27:50.679+00
c10eac5e-c332-49a4-acff-8a23d4bc13ba	444017d5-e022-4c5f-ac07-ea0d51f4609b	281fde73-7836-4511-b644-91f3663d8fcd	Backup Controller (Ubiquiti)	Secondary controller for conference rooms and outdoor areas. Currently offline for maintenance.	10.0.0.2	00:1A:2B:3C:4D:5F	ubiquiti	UniFi U6-Pro	7.0.23	rs_secret_backup_2024	1812	1813	t	3799	\N	t	https://wifi.royalstay.in/portal-backup	\N	10	10	20	https://unifi.royalstay.in	\N	\N	\N	disconnected	2026-05-01 19:27:50.653+00	7.0.23	0	42	2026-05-03 19:27:50.679+00	2026-05-03 19:27:50.679+00
\.


--
-- Data for Name: WiFiPlan; Type: TABLE DATA; Schema: public; Owner: -
--

COPY public."WiFiPlan" (id, "tenantId", name, description, "downloadSpeed", "uploadSpeed", "dataLimit", "sessionLimit", "sessionTimeoutSec", "idleTimeoutSec", "maxDevices", "fupPolicyId", "ipPoolId", price, currency, priority, "validityDays", "validityMinutes", status, "createdAt", "updatedAt") FROM stdin;
c80731b1-952f-45c0-b6e5-9cb77deb2590	444017d5-e022-4c5f-ac07-ea0d51f4609b	Free WiFi	Complimentary basic WiFi for all guests. Suitable for browsing and email.	5	2	\N	1	\N	\N	1	\N	\N	0	INR	1	1	1440	active	2026-05-03 19:27:50.654+00	2026-05-03 19:27:50.654+00
adb7bd87-17eb-4b0e-bcf4-a6922445ac15	444017d5-e022-4c5f-ac07-ea0d51f4609b	Basic Plan	Entry-level paid plan with 2GB data. Good for light streaming.	10	5	2048	2	\N	\N	1	\N	\N	99	INR	2	1	1440	active	2026-05-03 19:27:50.654+00	2026-05-03 19:27:50.654+00
40486b74-cf4c-4f9e-82c8-d7621f36116c	444017d5-e022-4c5f-ac07-ea0d51f4609b	Standard Plan	Mid-tier plan with 5GB data. Great for video calls and streaming.	25	10	5120	3	\N	\N	1	\N	\N	199	INR	3	3	1440	active	2026-05-03 19:27:50.654+00	2026-05-03 19:27:50.654+00
418b8a64-88c1-4529-a68f-e153bb92f224	444017d5-e022-4c5f-ac07-ea0d51f4609b	Premium Plan	High-speed plan with 15GB data. Ideal for business travelers.	50	25	15360	5	\N	\N	1	\N	\N	399	INR	4	5	1440	active	2026-05-03 19:27:50.654+00	2026-05-03 19:27:50.654+00
ee35e1ab-ebdd-4e9e-ac2b-8f786d501976	444017d5-e022-4c5f-ac07-ea0d51f4609b	VIP Suite Plan	Unlimited high-speed WiFi for VIP and suite guests. Premium experience.	100	50	\N	10	\N	\N	1	\N	\N	599	INR	5	7	1440	active	2026-05-03 19:27:50.654+00	2026-05-03 19:27:50.654+00
92fcd891-9963-4bd5-891b-28d202512db8	444017d5-e022-4c5f-ac07-ea0d51f4609b	Conference Plan	Optimized for conference rooms and events. 10GB shared data per session.	30	15	10240	25	\N	\N	1	\N	\N	299	INR	3	1	1440	active	2026-05-03 19:27:50.654+00	2026-05-03 19:27:50.654+00
\.


--
-- Data for Name: WiFiSession; Type: TABLE DATA; Schema: public; Owner: -
--

COPY public."WiFiSession" (id, "tenantId", "planId", "guestId", "bookingId", username, "acctUniqueId", "macAddress", "ipAddress", "deviceName", "deviceType", "startTime", "endTime", "dataUsed", duration, "authMethod", status, "createdAt", "updatedAt") FROM stdin;
92c52d60-8e07-4377-9d8c-ef37fe244f5f	444017d5-e022-4c5f-ac07-ea0d51f4609b	418b8a64-88c1-4529-a68f-e153bb92f224	cb127462-1b96-4e37-8f78-65bbd0493ee1	b544cc77-46a6-4e53-921e-50db663eb482	\N	\N	AA:BB:CC:11:22:33	192.168.10.105	Amit-iPhone	smartphone	2026-05-03 16:27:50.653+00	\N	262144000	10800	room_number	active	2026-05-03 19:27:50.674+00	2026-05-03 19:27:50.674+00
810d4c97-bf14-4460-8536-6a3d44b6d07b	444017d5-e022-4c5f-ac07-ea0d51f4609b	ee35e1ab-ebdd-4e9e-ac2b-8f786d501976	0dae0b8b-173a-4819-8a5e-7ff3be5c81d5	9b7a9397-91d2-4f9c-baf4-71123765747b	\N	\N	AA:BB:CC:44:55:66	192.168.10.110	Rahul-MacBook	laptop	2026-05-03 14:27:50.653+00	\N	1073741824	18000	room_number	active	2026-05-03 19:27:50.674+00	2026-05-03 19:27:50.674+00
9c84d66f-82f9-40a5-aea8-6a70e6d3aaba	444017d5-e022-4c5f-ac07-ea0d51f4609b	92fcd891-9963-4bd5-891b-28d202512db8	\N	\N	\N	\N	DD:EE:FF:11:22:33	192.168.10.200	ConfRoom-Display	other	2026-05-03 18:27:50.653+00	\N	52428800	3600	voucher	active	2026-05-03 19:27:50.674+00	2026-05-03 19:27:50.674+00
934329b1-234d-47c3-af81-511953eb0258	444017d5-e022-4c5f-ac07-ea0d51f4609b	40486b74-cf4c-4f9e-82c8-d7621f36116c	c5e15b10-5464-4323-87b6-41d1eb95c39a	a539a935-cba9-4ae3-a986-1a15727495b7	\N	\N	AA:BB:CC:77:88:99	192.168.10.115	Sneha-Galaxy-S23	smartphone	2026-05-03 11:27:50.653+00	2026-05-03 17:27:50.653+00	314572800	21600	voucher	ended	2026-05-03 19:27:50.674+00	2026-05-03 19:27:50.674+00
eb09f4b6-0c4f-4b4c-82d2-3a59d3b7e4c7	444017d5-e022-4c5f-ac07-ea0d51f4609b	418b8a64-88c1-4529-a68f-e153bb92f224	df87b649-707f-402a-9198-75a06d22ed63	231b3af0-9522-447b-8135-8ec031dc66c1	\N	\N	AA:BB:CC:AA:BB:CC	192.168.10.120	Vikram-ThinkPad	laptop	2026-05-02 19:27:50.653+00	2026-05-03 03:27:50.653+00	524288000	28800	room_number	ended	2026-05-03 19:27:50.674+00	2026-05-03 19:27:50.674+00
e79cc163-6347-4c93-948e-bf0ee8b9db06	444017d5-e022-4c5f-ac07-ea0d51f4609b	c80731b1-952f-45c0-b6e5-9cb77deb2590	18349da2-1713-42c0-bad9-67856cc58d26	7e7c1dde-1748-45aa-aad9-fde8feacb222	\N	\N	AA:BB:CC:DD:EE:FF	192.168.10.125	Rina-iPad	tablet	2026-05-01 19:27:50.653+00	2026-05-01 23:27:50.653+00	104857600	14400	sms_otp	ended	2026-05-03 19:27:50.674+00	2026-05-03 19:27:50.674+00
edbf3746-0590-4564-a77d-2f9b5828ec6d	444017d5-e022-4c5f-ac07-ea0d51f4609b	40486b74-cf4c-4f9e-82c8-d7621f36116c	cb127462-1b96-4e37-8f78-65bbd0493ee1	b544cc77-46a6-4e53-921e-50db663eb482	\N	\N	AA:BB:CC:11:22:34	192.168.10.106	Amit-Surface-Pro	laptop	2026-05-02 19:27:50.653+00	2026-05-03 01:27:50.653+00	786432000	21600	room_number	ended	2026-05-03 19:27:50.674+00	2026-05-03 19:27:50.674+00
61d40862-9422-4f10-9a77-43b698ba73cb	444017d5-e022-4c5f-ac07-ea0d51f4609b	adb7bd87-17eb-4b0e-bcf4-a6922445ac15	79877c7c-f915-4922-94a0-5d83df9e1d09	\N	\N	\N	11:22:33:44:55:66	192.168.10.130	Unknown-Device	smartphone	2026-04-30 19:27:50.653+00	2026-04-30 21:27:50.653+00	52428800	7200	voucher	ended	2026-05-03 19:27:50.674+00	2026-05-03 19:27:50.674+00
91c10ef8-1922-47f3-8e74-8548675b4523	444017d5-e022-4c5f-ac07-ea0d51f4609b	c80731b1-952f-45c0-b6e5-9cb77deb2590	\N	\N	\N	\N	22:33:44:55:66:77	192.168.10.140	Suspicious-Client	other	2026-05-03 13:27:50.653+00	2026-05-03 14:27:50.653+00	1048576	3600	mac_auth	terminated	2026-05-03 19:27:50.674+00	2026-05-03 19:27:50.674+00
4dd87d33-bbfc-48ab-af38-2a44e4b12c4c	444017d5-e022-4c5f-ac07-ea0d51f4609b	adb7bd87-17eb-4b0e-bcf4-a6922445ac15	\N	\N	\N	\N	33:44:55:66:77:88	192.168.10.141	Rogue-AP-Client	other	2026-05-02 19:27:50.653+00	2026-05-02 19:57:50.653+00	524288	1800	voucher	terminated	2026-05-03 19:27:50.674+00	2026-05-03 19:27:50.674+00
\.


--
-- Data for Name: WiFiUser; Type: TABLE DATA; Schema: public; Owner: -
--

COPY public."WiFiUser" (id, "tenantId", "propertyId", username, password, "guestId", "bookingId", "userType", "planId", "ipPoolId", "validFrom", "validUntil", "maxSessions", "sessionCount", "totalBytesIn", "totalBytesOut", status, "radiusSynced", "radiusSyncedAt", "lastAccountingAt", "createdAt", "updatedAt") FROM stdin;
0d6a3f75-6dc6-46d1-890d-327d22831587	444017d5-e022-4c5f-ac07-ea0d51f4609b	281fde73-7836-4511-b644-91f3663d8fcd	guest.amit.mukherjee	hashed_password_1	cb127462-1b96-4e37-8f78-65bbd0493ee1	b544cc77-46a6-4e53-921e-50db663eb482	guest	418b8a64-88c1-4529-a68f-e153bb92f224	\N	2026-05-01 19:27:50.653+00	2026-05-04 19:27:50.653+00	5	2	524288000	104857600	active	t	2026-05-03 17:27:50.653+00	2026-05-03 19:12:50.653+00	2026-05-03 19:27:50.659+00	2026-05-03 19:27:50.659+00
adefcb58-a532-4dd5-9e7e-f6a3a9a5b124	444017d5-e022-4c5f-ac07-ea0d51f4609b	281fde73-7836-4511-b644-91f3663d8fcd	guest.rahul.banerjee	hashed_password_2	0dae0b8b-173a-4819-8a5e-7ff3be5c81d5	9b7a9397-91d2-4f9c-baf4-71123765747b	guest	ee35e1ab-ebdd-4e9e-ac2b-8f786d501976	\N	2026-05-02 19:27:50.653+00	2026-05-06 19:27:50.653+00	10	3	2000000000	500000000	active	t	2026-05-03 18:27:50.653+00	2026-05-03 19:22:50.653+00	2026-05-03 19:27:50.659+00	2026-05-03 19:27:50.659+00
98168e31-b443-42c4-8995-a4aed14f83d8	444017d5-e022-4c5f-ac07-ea0d51f4609b	281fde73-7836-4511-b644-91f3663d8fcd	guest.sneha.gupta	hashed_password_3	c5e15b10-5464-4323-87b6-41d1eb95c39a	a539a935-cba9-4ae3-a986-1a15727495b7	guest	40486b74-cf4c-4f9e-82c8-d7621f36116c	\N	2026-05-03 19:27:50.653+00	2026-05-07 19:27:50.653+00	3	1	157286400	52428800	active	t	2026-05-03 15:27:50.653+00	2026-05-03 18:57:50.653+00	2026-05-03 19:27:50.659+00	2026-05-03 19:27:50.659+00
085b8d2d-b890-445a-989d-a44ab8bd3370	444017d5-e022-4c5f-ac07-ea0d51f4609b	281fde73-7836-4511-b644-91f3663d8fcd	guest.vikram.singh	hashed_password_4	df87b649-707f-402a-9198-75a06d22ed63	231b3af0-9522-447b-8135-8ec031dc66c1	guest	ee35e1ab-ebdd-4e9e-ac2b-8f786d501976	\N	2026-05-03 19:27:50.653+00	2026-05-05 19:27:50.653+00	10	1	78643200	26214400	active	t	2026-05-03 16:27:50.653+00	2026-05-03 19:07:50.653+00	2026-05-03 19:27:50.659+00	2026-05-03 19:27:50.659+00
afb49f34-328d-4a6e-bf58-6cc12e008d58	444017d5-e022-4c5f-ac07-ea0d51f4609b	281fde73-7836-4511-b644-91f3663d8fcd	staff.priya.das	hashed_password_5	\N	\N	staff	418b8a64-88c1-4529-a68f-e153bb92f224	\N	2026-04-03 19:27:50.653+00	2026-06-02 19:27:50.653+00	3	1	314572800	104857600	active	t	2026-05-03 13:27:50.653+00	2026-05-03 18:42:50.653+00	2026-05-03 19:27:50.659+00	2026-05-03 19:27:50.659+00
62f8d715-7a6e-4d06-be6c-ee2036bbeb11	444017d5-e022-4c5f-ac07-ea0d51f4609b	281fde73-7836-4511-b644-91f3663d8fcd	staff.anita.roy	hashed_password_6	\N	\N	staff	40486b74-cf4c-4f9e-82c8-d7621f36116c	\N	2026-04-03 19:27:50.653+00	2026-06-02 19:27:50.653+00	2	0	0	0	active	f	\N	\N	2026-05-03 19:27:50.659+00	2026-05-03 19:27:50.659+00
44d47644-925a-47f7-90d8-7b5cdfb5fd83	444017d5-e022-4c5f-ac07-ea0d51f4609b	281fde73-7836-4511-b644-91f3663d8fcd	guest.rina.chatterjee	hashed_password_7	18349da2-1713-42c0-bad9-67856cc58d26	7e7c1dde-1748-45aa-aad9-fde8feacb222	guest	adb7bd87-17eb-4b0e-bcf4-a6922445ac15	\N	2026-04-30 19:27:50.653+00	2026-05-03 19:27:50.653+00	2	0	1048576	524288	expired	t	2026-05-01 19:27:50.653+00	2026-05-02 19:27:50.653+00	2026-05-03 19:27:50.659+00	2026-05-03 19:27:50.659+00
42ab323b-d973-47d2-b678-fc729bc19355	444017d5-e022-4c5f-ac07-ea0d51f4609b	281fde73-7836-4511-b644-91f3663d8fcd	conference.room1	hashed_password_8	\N	\N	event	92fcd891-9963-4bd5-891b-28d202512db8	\N	2026-05-03 19:27:50.653+00	2026-05-04 19:27:50.653+00	25	8	1000000000	500000000	active	t	2026-05-03 18:27:50.653+00	2026-05-03 19:17:50.653+00	2026-05-03 19:27:50.659+00	2026-05-03 19:27:50.659+00
\.


--
-- Data for Name: WiFiUserStatusHistory; Type: TABLE DATA; Schema: public; Owner: -
--

COPY public."WiFiUserStatusHistory" (id, "tenantId", "propertyId", username, "userId", "oldStatus", "newStatus", "changedBy", "changeReason", "ipAddress", "createdAt") FROM stdin;
\.


--
-- Data for Name: WiFiVoucher; Type: TABLE DATA; Schema: public; Owner: -
--

COPY public."WiFiVoucher" (id, "tenantId", "planId", code, "guestId", "bookingId", "isUsed", "usedAt", "validFrom", "validUntil", status, notes, "issuedTo", "issuedAt", "createdAt", "updatedAt") FROM stdin;
27421a47-c4c9-4d40-be74-3c664747ac7b	444017d5-e022-4c5f-ac07-ea0d51f4609b	418b8a64-88c1-4529-a68f-e153bb92f224	RS-PREM-A1B2C3	cb127462-1b96-4e37-8f78-65bbd0493ee1	b544cc77-46a6-4e53-921e-50db663eb482	t	2026-05-03 16:27:50.653+00	2026-05-01 19:27:50.653+00	2026-05-04 19:27:50.653+00	active	\N	\N	\N	2026-05-03 19:27:50.677+00	2026-05-03 19:27:50.677+00
f1c20917-a65e-4040-9a5d-9bf5d31c6be7	444017d5-e022-4c5f-ac07-ea0d51f4609b	ee35e1ab-ebdd-4e9e-ac2b-8f786d501976	RS-VIP-D4E5F6	0dae0b8b-173a-4819-8a5e-7ff3be5c81d5	9b7a9397-91d2-4f9c-baf4-71123765747b	t	2026-05-03 14:27:50.653+00	2026-05-02 19:27:50.653+00	2026-05-06 19:27:50.653+00	active	\N	\N	\N	2026-05-03 19:27:50.677+00	2026-05-03 19:27:50.677+00
d3cbd658-ed53-44e3-b01b-ee3786c950c0	444017d5-e022-4c5f-ac07-ea0d51f4609b	40486b74-cf4c-4f9e-82c8-d7621f36116c	RS-STD-G7H8I9	c5e15b10-5464-4323-87b6-41d1eb95c39a	a539a935-cba9-4ae3-a986-1a15727495b7	t	2026-05-03 11:27:50.653+00	2026-05-03 19:27:50.653+00	2026-05-07 19:27:50.653+00	active	\N	\N	\N	2026-05-03 19:27:50.677+00	2026-05-03 19:27:50.677+00
d41aea32-751c-4b02-a516-53c8c4b90959	444017d5-e022-4c5f-ac07-ea0d51f4609b	92fcd891-9963-4bd5-891b-28d202512db8	RS-CONF-J1K2L3	\N	\N	f	\N	2026-05-03 19:27:50.653+00	2026-05-04 19:27:50.653+00	active	\N	\N	\N	2026-05-03 19:27:50.677+00	2026-05-03 19:27:50.677+00
ddbfa50b-f879-4310-882e-9b708d845362	444017d5-e022-4c5f-ac07-ea0d51f4609b	418b8a64-88c1-4529-a68f-e153bb92f224	RS-PREM-M4N5O6	df87b649-707f-402a-9198-75a06d22ed63	231b3af0-9522-447b-8135-8ec031dc66c1	t	2026-05-02 19:27:50.653+00	2026-05-02 19:27:50.653+00	2026-05-05 19:27:50.653+00	used	\N	\N	\N	2026-05-03 19:27:50.677+00	2026-05-03 19:27:50.677+00
c7a36148-5a9f-4ffa-abc0-32e9632825d9	444017d5-e022-4c5f-ac07-ea0d51f4609b	adb7bd87-17eb-4b0e-bcf4-a6922445ac15	RS-BASIC-P7Q8R9	79877c7c-f915-4922-94a0-5d83df9e1d09	\N	t	2026-04-30 19:27:50.653+00	2026-04-30 19:27:50.653+00	2026-05-01 19:27:50.653+00	used	\N	\N	\N	2026-05-03 19:27:50.677+00	2026-05-03 19:27:50.677+00
bdfcb3fb-3b21-4d70-940e-118024d81ef0	444017d5-e022-4c5f-ac07-ea0d51f4609b	c80731b1-952f-45c0-b6e5-9cb77deb2590	RS-FREE-S1T2U3	18349da2-1713-42c0-bad9-67856cc58d26	7e7c1dde-1748-45aa-aad9-fde8feacb222	t	2026-05-01 19:27:50.653+00	2026-04-30 19:27:50.653+00	2026-05-03 19:27:50.653+00	used	\N	\N	\N	2026-05-03 19:27:50.677+00	2026-05-03 19:27:50.677+00
adf1102a-58b8-4e20-87a9-a1cc94a8cab7	444017d5-e022-4c5f-ac07-ea0d51f4609b	40486b74-cf4c-4f9e-82c8-d7621f36116c	RS-STD-V4W5X6	\N	\N	f	\N	2026-04-23 19:27:50.653+00	2026-04-26 19:27:50.653+00	expired	\N	\N	\N	2026-05-03 19:27:50.677+00	2026-05-03 19:27:50.677+00
e452129a-863a-47be-9bb1-ccc6bc6372ec	444017d5-e022-4c5f-ac07-ea0d51f4609b	adb7bd87-17eb-4b0e-bcf4-a6922445ac15	RS-BASIC-Y7Z8A9	\N	\N	f	\N	2026-04-28 19:27:50.653+00	2026-04-29 19:27:50.653+00	expired	\N	\N	\N	2026-05-03 19:27:50.677+00	2026-05-03 19:27:50.677+00
d49ada6b-1aa9-4206-a715-61a0fbb27c18	444017d5-e022-4c5f-ac07-ea0d51f4609b	92fcd891-9963-4bd5-891b-28d202512db8	RS-CONF-B1C2D3	\N	\N	f	\N	2026-05-02 19:27:50.653+00	2026-05-04 19:27:50.653+00	revoked	\N	\N	\N	2026-05-03 19:27:50.677+00	2026-05-03 19:27:50.677+00
\.


--
-- Data for Name: WorkOrder; Type: TABLE DATA; Schema: public; Owner: -
--

COPY public."WorkOrder" (id, "tenantId", "propertyId", "vendorId", "roomId", "assetId", "workOrderNumber", title, description, type, priority, status, "requestedBy", "assignedAt", "scheduledDate", "startedAt", "completedAt", "estimatedCost", "actualCost", "estimatedHours", "actualHours", notes, "completionNotes", attachments, "vendorNotes", rating, feedback, "createdAt", "updatedAt", "deletedAt") FROM stdin;
82e87643-c453-4255-8b91-bd7bccfbb4b2	444017d5-e022-4c5f-ac07-ea0d51f4609b	281fde73-7836-4511-b644-91f3663d8fcd	\N	3330f9c6-2345-4db5-bc7f-4a8ca55afb8b	\N	WO-2024-001	Leaking bathroom faucet	Guest reported slow drip from bathroom faucet in room 501. Needs immediate attention.	plumbing	high	in_progress	cc3b3483-ad7a-452a-b623-5465962c9678	2026-05-02 19:27:50.409+00	2026-05-03 19:27:50.476+00	2026-05-03 07:27:50.409+00	\N	1500	\N	2	\N	Vendor CleanPro assigned	\N	[]	\N	\N	\N	2026-05-03 19:27:50.477+00	2026-05-03 19:27:50.477+00	\N
8c908957-f493-4251-8e3c-5f5d3b118347	444017d5-e022-4c5f-ac07-ea0d51f4609b	281fde73-7836-4511-b644-91f3663d8fcd	57077ad0-4ed1-484d-824e-96e48be3f929	df952a5d-0ea8-49c6-9445-0de11983d19a	\N	WO-2024-002	AC not cooling properly	Executive Suite 801 AC is blowing warm air. Guest is a VIP platinum member.	hvac	urgent	in_progress	b763e2df-7bf1-4de8-94f8-97a1f1e7a0ec	2026-05-03 13:27:50.409+00	2026-05-03 19:27:50.476+00	2026-05-03 15:27:50.409+00	\N	5000	\N	4	\N	Temp fix applied, replacement part ordered	\N	[]	\N	\N	\N	2026-05-03 19:27:50.477+00	2026-05-03 19:27:50.477+00	\N
1aff279e-9c1e-414f-9c10-184682a3352a	444017d5-e022-4c5f-ac07-ea0d51f4609b	281fde73-7836-4511-b644-91f3663d8fcd	\N	fa963414-5906-466f-8247-c080508d3716	\N	WO-2024-003	Replace broken window latch	Window latch in room 305 is broken and won't lock. Security concern.	carpentry	medium	pending	195d4b15-e4ba-4554-affa-01c53a43f883	\N	2026-05-04 19:27:50.409+00	\N	\N	800	\N	1	\N	\N	\N	[]	\N	\N	\N	2026-05-03 19:27:50.477+00	2026-05-03 19:27:50.477+00	\N
25ff08e1-a7b7-409d-b9d4-10da1cfc8514	444017d5-e022-4c5f-ac07-ea0d51f4609b	281fde73-7836-4511-b644-91f3663d8fcd	42b66844-0c28-4f97-8e19-1522ad7d2623	2bd9e3e1-07f2-4535-ab58-5868a167f183	\N	WO-2024-004	Electrical outlet sparking	Guest reported occasional sparking from the bedside outlet in room 101.	electrical	high	completed	cc3b3483-ad7a-452a-b623-5465962c9678	2026-04-30 19:27:50.409+00	\N	2026-05-01 07:27:50.409+00	2026-05-01 19:27:50.409+00	2000	1800	2	1.5	\N	Outlet replaced with new one. Tested and working.	[]	\N	\N	\N	2026-05-03 19:27:50.477+00	2026-05-03 19:27:50.477+00	\N
e6aa6a35-5110-40d9-80e4-cdf4161a1b41	444017d5-e022-4c5f-ac07-ea0d51f4609b	281fde73-7836-4511-b644-91f3663d8fcd	\N	\N	\N	WO-2024-005	Repaint lobby walls	Lobby walls have scuff marks and need repainting before the wedding event next week.	painting	low	pending	b763e2df-7bf1-4de8-94f8-97a1f1e7a0ec	\N	2026-05-08 19:27:50.409+00	\N	\N	15000	\N	8	\N	Use premium washable paint	\N	[]	\N	\N	\N	2026-05-03 19:27:50.477+00	2026-05-03 19:27:50.477+00	\N
\.


--
-- Data for Name: _CaptivePortalToVlanConfig; Type: TABLE DATA; Schema: public; Owner: -
--

COPY public."_CaptivePortalToVlanConfig" ("A", "B") FROM stdin;
\.


--
-- Data for Name: _ModifierItems; Type: TABLE DATA; Schema: public; Owner: -
--

COPY public."_ModifierItems" ("A", "B") FROM stdin;
\.


--
-- Data for Name: data_usage_by_period; Type: TABLE DATA; Schema: public; Owner: -
--

COPY public.data_usage_by_period (username, period_start, period_end, acctinputoctets, acctoutputoctets) FROM stdin;
\.


--
-- Data for Name: fup_switch_log; Type: TABLE DATA; Schema: public; Owner: -
--

COPY public.fup_switch_log (id, username, fup_policy_name, usage_mb, limit_mb, throttle_down_kbps, throttle_up_kbps, triggered_at, property_id, plan_name, cycle_type, action, original_down_kbps, original_up_kbps, nas_ip, created_at) FROM stdin;
\.


--
-- Data for Name: nas; Type: TABLE DATA; Schema: public; Owner: -
--

COPY public.nas (id, nasname, shortname, type, ports, secret, server, community, description) FROM stdin;
1	127.0.0.1	cryptsk-local	cryptsk	1812	localkey	\N	\N	Cryptsk Multimode Gateway — built-in system NAS
2	10.0.1.1	mikrotik-main	mikrotik	1812	nas_secret_mikrotik_1	\N	public_ro	MikroTik Router - Main
3	10.0.1.2	aruba-conf	aruba	1812	nas_secret_aruba_1	\N	public_ro	Aruba Controller - Conference
\.


--
-- Data for Name: nasreload; Type: TABLE DATA; Schema: public; Owner: -
--

COPY public.nasreload (nasipaddress, reloadtime) FROM stdin;
\.


--
-- Data for Name: radacct; Type: TABLE DATA; Schema: public; Owner: -
--

COPY public.radacct (radacctid, acctsessionid, acctuniqueid, username, realm, nasipaddress, nasportid, nasporttype, acctstarttime, acctupdatetime, acctstoptime, acctinterval, acctsessiontime, acctauthentic, connectinfo_start, connectinfo_stop, acctinputoctets, acctoutputoctets, acctinputgigawords, acctoutputgigawords, calledstationid, callingstationid, acctterminatecause, servicetype, framedprotocol, framedipaddress, framedipv6address, framedipv6prefix, framedinterfaceid, delegatedipv6prefix, acctinputpackets, acctoutputpackets, acctstatus, "loginType", "createdAt", "updatedAt", class) FROM stdin;
\.


--
-- Data for Name: radcheck; Type: TABLE DATA; Schema: public; Owner: -
--

COPY public.radcheck (id, "wifiUserId", username, attribute, op, value, priority, "isActive", "createdAt", "updatedAt") FROM stdin;
b219efc1-6ab6-4667-811b-e0c574d81d82	0d6a3f75-6dc6-46d1-890d-327d22831587	guest.amit.mukherjee	Cleartext-Password	:=	Amit@2024	0	t	2026-05-03 19:27:50.663+00	2026-05-03 19:27:50.663+00
7777638f-834a-41f8-96c2-788696b77d72	adefcb58-a532-4dd5-9e7e-f6a3a9a5b124	guest.rahul.banerjee	Cleartext-Password	:=	Rahul@2024	0	t	2026-05-03 19:27:50.663+00	2026-05-03 19:27:50.663+00
06db5a97-feb4-464c-a9b3-dc9ced4daf03	98168e31-b443-42c4-8995-a4aed14f83d8	guest.sneha.gupta	Cleartext-Password	:=	Sneha@2024	0	t	2026-05-03 19:27:50.663+00	2026-05-03 19:27:50.663+00
7341af5c-8d44-4287-aee9-831159c502b3	085b8d2d-b890-445a-989d-a44ab8bd3370	guest.vikram.singh	Cleartext-Password	:=	Vikram@2024	0	t	2026-05-03 19:27:50.663+00	2026-05-03 19:27:50.663+00
427e80bf-cbfe-4680-a1be-e2914e287442	afb49f34-328d-4a6e-bf58-6cc12e008d58	staff.priya.das	Cleartext-Password	:=	Staff@Priya	0	t	2026-05-03 19:27:50.663+00	2026-05-03 19:27:50.663+00
26996700-23e5-4a95-89e7-d0adba75aa1e	62f8d715-7a6e-4d06-be6c-ee2036bbeb11	staff.anita.roy	Cleartext-Password	:=	Staff@Anita	0	t	2026-05-03 19:27:50.663+00	2026-05-03 19:27:50.663+00
ed535b1b-6321-47f8-a64d-4d10810208ed	42ab323b-d973-47d2-b678-fc729bc19355	conference.room1	Cleartext-Password	:=	Conf@2024	0	t	2026-05-03 19:27:50.663+00	2026-05-03 19:27:50.663+00
\.


--
-- Data for Name: radgroupcheck; Type: TABLE DATA; Schema: public; Owner: -
--

COPY public.radgroupcheck (id, groupname, attribute, op, value, priority, "createdAt") FROM stdin;
fcf6e387-2ae0-4e18-a9dd-0c95108e3f24	free_plan	Cryptsk-Rate-Limit	:=	5M/2M	0	2026-05-03 19:27:50.669+00
10cd8788-5b0b-4913-aae9-83a098ca502e	free_plan	Cryptsk-Bandwidth-Max-Down	:=	5000000	1	2026-05-03 19:27:50.669+00
917f716b-66d8-4955-a6f4-b34851ebbec3	free_plan	Cryptsk-Bandwidth-Max-Up	:=	2000000	2	2026-05-03 19:27:50.669+00
b38e5946-4a89-4af8-8f2a-9596b59ad4b4	free_plan	Session-Timeout	:=	86400	3	2026-05-03 19:27:50.669+00
b4f3fba2-d468-468b-875b-f6690a1ffa41	basic_plan	Cryptsk-Rate-Limit	:=	10M/5M	0	2026-05-03 19:27:50.669+00
45cf8e62-4dd2-4cc2-8d55-2cdbd3c34b62	basic_plan	Cryptsk-Bandwidth-Max-Down	:=	10000000	1	2026-05-03 19:27:50.669+00
95a7430e-8d78-4356-a037-72a26dae7ed8	basic_plan	Cryptsk-Bandwidth-Max-Up	:=	5000000	2	2026-05-03 19:27:50.669+00
1d8891d9-5fb2-4c1a-9a8c-6b15d91a57fd	basic_plan	Cryptsk-Total-Limit	:=	2147483648	3	2026-05-03 19:27:50.669+00
175e5be5-be3d-4f5b-9b16-a3b55af91156	basic_plan	Session-Timeout	:=	86400	4	2026-05-03 19:27:50.669+00
6fcf659d-ebb9-47c9-a71d-1c69736d5f3a	standard_plan	Cryptsk-Rate-Limit	:=	25M/10M	0	2026-05-03 19:27:50.669+00
04fb1417-d33d-49e7-955a-dc0ceb3b9c54	standard_plan	Cryptsk-Bandwidth-Max-Down	:=	25000000	1	2026-05-03 19:27:50.669+00
97a7c488-3262-4db6-a86c-0bfe723962e7	standard_plan	Cryptsk-Bandwidth-Max-Up	:=	10000000	2	2026-05-03 19:27:50.669+00
339ea167-c150-4d16-84f0-4ca335e0017d	standard_plan	Cryptsk-Total-Limit	:=	5368709120	3	2026-05-03 19:27:50.669+00
12e9d340-abd3-4c17-a2e7-b2ccf453b796	standard_plan	Session-Timeout	:=	259200	4	2026-05-03 19:27:50.669+00
9401b8e1-7930-42a9-b1f4-b893ea604d5d	premium_plan	Cryptsk-Rate-Limit	:=	50M/25M	0	2026-05-03 19:27:50.669+00
b9ddee14-1bfa-46ce-9bcf-c4869cf5e36f	premium_plan	Cryptsk-Bandwidth-Max-Down	:=	50000000	1	2026-05-03 19:27:50.669+00
c408d2fb-2d81-4c6f-ac68-8af0722e5cb2	premium_plan	Cryptsk-Bandwidth-Max-Up	:=	25000000	2	2026-05-03 19:27:50.669+00
019c62c7-5092-4825-a30f-f9a8ecce13cc	premium_plan	Cryptsk-Total-Limit	:=	16106127360	3	2026-05-03 19:27:50.669+00
f09f7e02-ff1c-4b43-ae3c-c60ba8598373	premium_plan	Session-Timeout	:=	432000	4	2026-05-03 19:27:50.669+00
b56c1402-cf8d-47c2-b20b-732908e117a4	vip_suite_plan	Cryptsk-Rate-Limit	:=	100M/50M	0	2026-05-03 19:27:50.669+00
db034b02-49aa-4daa-860d-055e6ca50053	vip_suite_plan	Cryptsk-Bandwidth-Max-Down	:=	100000000	1	2026-05-03 19:27:50.669+00
5837bc42-3716-4612-8692-f0e0c2b68a11	vip_suite_plan	Cryptsk-Bandwidth-Max-Up	:=	50000000	2	2026-05-03 19:27:50.669+00
edc9097a-9737-484b-ab7f-295a21da8fc8	vip_suite_plan	Session-Timeout	:=	604800	3	2026-05-03 19:27:50.669+00
5f7e8798-4f4f-4377-9ce8-61cc9aedd49c	conference_plan	Cryptsk-Rate-Limit	:=	30M/15M	0	2026-05-03 19:27:50.669+00
50800b72-9fba-416e-8fbc-14b5d451ba2e	conference_plan	Cryptsk-Bandwidth-Max-Down	:=	30000000	1	2026-05-03 19:27:50.669+00
97655cbb-62ac-4f7e-88f6-149d71c188fe	conference_plan	Cryptsk-Bandwidth-Max-Up	:=	15000000	2	2026-05-03 19:27:50.669+00
a75f20b4-d14f-4ce6-89b5-6ad624a0c6f5	conference_plan	Cryptsk-Total-Limit	:=	10737418240	3	2026-05-03 19:27:50.669+00
d1876744-c37c-483e-8e3e-2b6843fea4e9	conference_plan	Simultaneous-Use	:=	25	4	2026-05-03 19:27:50.669+00
\.


--
-- Data for Name: radgroupreply; Type: TABLE DATA; Schema: public; Owner: -
--

COPY public.radgroupreply (id, groupname, attribute, op, value, priority, "createdAt") FROM stdin;
b113f3f5-e114-4c86-9be5-778b9ee3d68d	free_plan	WISPr-Bandwidth-Max-Down	:=	5000000	0	2026-05-03 19:27:50.67+00
ea0b8f9b-8c2d-4b12-bed7-58277466c9c5	free_plan	WISPr-Bandwidth-Max-Up	:=	2000000	1	2026-05-03 19:27:50.67+00
1f7adace-6dab-406a-b80f-bf5523d850c3	basic_plan	WISPr-Bandwidth-Max-Down	:=	10000000	0	2026-05-03 19:27:50.67+00
c7c80349-3d62-4e81-ac00-ad27b3c8788f	basic_plan	WISPr-Bandwidth-Max-Up	:=	5000000	1	2026-05-03 19:27:50.67+00
da335332-5cd3-48e0-a803-4515d722ae93	standard_plan	WISPr-Bandwidth-Max-Down	:=	25000000	0	2026-05-03 19:27:50.67+00
acd73ec5-ca79-4660-955b-d923c897a993	standard_plan	WISPr-Bandwidth-Max-Up	:=	10000000	1	2026-05-03 19:27:50.67+00
bf7decff-ae81-418d-91cc-cd9972e9b58e	premium_plan	WISPr-Bandwidth-Max-Down	:=	50000000	0	2026-05-03 19:27:50.67+00
493d9f65-402b-4406-9aa9-0fde47bce870	premium_plan	WISPr-Bandwidth-Max-Up	:=	25000000	1	2026-05-03 19:27:50.67+00
7ceb6c53-de0a-4095-bdb7-ca54b54a7498	vip_suite_plan	WISPr-Bandwidth-Max-Down	:=	100000000	0	2026-05-03 19:27:50.67+00
aafcd184-123d-4d15-96ec-65f1da5c4fd5	vip_suite_plan	WISPr-Bandwidth-Max-Up	:=	50000000	1	2026-05-03 19:27:50.67+00
7cceb43a-9afd-4431-90b1-2bffc9379965	conference_plan	WISPr-Bandwidth-Max-Down	:=	30000000	0	2026-05-03 19:27:50.67+00
1852ed76-be45-4cf5-b441-c8e7edab6867	conference_plan	WISPr-Bandwidth-Max-Up	:=	15000000	1	2026-05-03 19:27:50.67+00
\.


--
-- Data for Name: radpostauth; Type: TABLE DATA; Schema: public; Owner: -
--

COPY public.radpostauth (id, username, pass, reply, calledstationid, callingstationid, authdate, "propertyId", "nasIpAddress", clientipaddress, class) FROM stdin;
1	guest.amit.mukherjee	Amit@2024	Access-Accept	AA:BB:CC:11:22:33	AA:BB:CC:11:22:33	2026-05-03 16:27:50.653+00	281fde73-7836-4511-b644-91f3663d8fcd	10.0.1.1	\N	\N
2	guest.rahul.banerjee	Rahul@2024	Access-Accept	AA:BB:CC:44:55:66	AA:BB:CC:44:55:66	2026-05-03 14:27:50.653+00	281fde73-7836-4511-b644-91f3663d8fcd	10.0.1.1	\N	\N
3	guest.sneha.gupta	Sneha@2024	Access-Accept	AA:BB:CC:77:88:99	AA:BB:CC:77:88:99	2026-05-03 11:27:50.653+00	281fde73-7836-4511-b644-91f3663d8fcd	10.0.1.2	\N	\N
4	guest.vikram.singh	Vikram@2024	Access-Accept	AA:BB:CC:AA:BB:CC	AA:BB:CC:AA:BB:CC	2026-05-03 18:27:50.653+00	281fde73-7836-4511-b644-91f3663d8fcd	10.0.1.1	\N	\N
5	staff.priya.das	Staff@Priya	Access-Accept	AA:BB:CC:55:66:77	AA:BB:CC:55:66:77	2026-05-03 13:27:50.653+00	281fde73-7836-4511-b644-91f3663d8fcd	10.0.1.1	\N	\N
6	staff.anita.roy	Staff@Anita	Access-Accept	AA:BB:CC:66:77:88	AA:BB:CC:66:77:88	2026-05-02 19:27:50.653+00	281fde73-7836-4511-b644-91f3663d8fcd	10.0.1.2	\N	\N
7	conference.room1	Conf@2024	Access-Accept	DD:EE:FF:11:22:33	DD:EE:FF:11:22:33	2026-05-03 18:27:50.653+00	281fde73-7836-4511-b644-91f3663d8fcd	10.0.1.2	\N	\N
8	guest.amit.mukherjee	Amit@2024	Access-Accept	AA:BB:CC:11:22:34	AA:BB:CC:11:22:34	2026-05-02 19:27:50.653+00	281fde73-7836-4511-b644-91f3663d8fcd	10.0.1.1	\N	\N
9	guest.rina.chatterjee	Rina@2024	Access-Accept	AA:BB:CC:DD:EE:FF	AA:BB:CC:DD:EE:FF	2026-05-01 19:27:50.653+00	281fde73-7836-4511-b644-91f3663d8fcd	10.0.1.1	\N	\N
10	guest.sneha.gupta	Sneha@2024	Access-Accept	AA:BB:CC:77:88:99	AA:BB:CC:77:88:99	2026-05-03 17:27:50.653+00	281fde73-7836-4511-b644-91f3663d8fcd	10.0.1.2	\N	\N
11	guest.rahul.banerjee	Rahul@2024	Access-Accept	AA:BB:CC:44:55:66	AA:BB:CC:44:55:66	2026-05-02 19:27:50.653+00	281fde73-7836-4511-b644-91f3663d8fcd	10.0.1.1	\N	\N
12	guest.vikram.singh	Vikram@2024	Access-Accept	AA:BB:CC:AA:BB:CC	AA:BB:CC:AA:BB:CC	2026-05-03 15:27:50.653+00	281fde73-7836-4511-b644-91f3663d8fcd	10.0.1.1	\N	\N
13	unknown_user_1	wrong	Access-Reject	22:33:44:55:66:77	22:33:44:55:66:77	2026-05-03 13:27:50.653+00	281fde73-7836-4511-b644-91f3663d8fcd	10.0.1.1	\N	\N
14	expired_guest	Expired@2024	Access-Reject	33:44:55:66:77:88	33:44:55:66:77:88	2026-05-03 14:27:50.653+00	281fde73-7836-4511-b644-91f3663d8fcd	10.0.1.1	\N	\N
15	guest.rina.chatterjee	WrongPassword	Access-Reject	AA:BB:CC:DD:EE:FF	AA:BB:CC:DD:EE:FF	2026-05-03 18:57:50.653+00	281fde73-7836-4511-b644-91f3663d8fcd	10.0.1.1	\N	\N
16	suspicious_mac_auth		Access-Reject	22:33:44:55:66:77	22:33:44:55:66:77	2026-05-03 13:27:50.653+00	281fde73-7836-4511-b644-91f3663d8fcd	10.0.1.1	\N	\N
17	rogue_client	hacked	Access-Reject	33:44:55:66:77:88	33:44:55:66:77:88	2026-05-02 19:27:50.653+00	281fde73-7836-4511-b644-91f3663d8fcd	10.0.1.2	\N	\N
18	brute_force_1	guess1	Access-Reject	44:55:66:77:88:99	44:55:66:77:88:99	2026-05-03 18:42:50.653+00	281fde73-7836-4511-b644-91f3663d8fcd	10.0.1.1	\N	\N
19	brute_force_2	guess2	Access-Reject	44:55:66:77:88:99	44:55:66:77:88:99	2026-05-03 18:43:50.653+00	281fde73-7836-4511-b644-91f3663d8fcd	10.0.1.1	\N	\N
20	brute_force_3	guess3	Access-Reject	44:55:66:77:88:99	44:55:66:77:88:99	2026-05-03 18:44:50.653+00	281fde73-7836-4511-b644-91f3663d8fcd	10.0.1.1	\N	\N
21	unknown_user_2	test123	Access-Reject	55:66:77:88:99:AA	55:66:77:88:99:AA	2026-05-03 16:27:50.653+00	281fde73-7836-4511-b644-91f3663d8fcd	10.0.1.2	\N	\N
22	denied_user	NoAccess	Access-Reject	66:77:88:99:AA:BB	66:77:88:99:AA:BB	2026-05-03 17:27:50.653+00	281fde73-7836-4511-b644-91f3663d8fcd	10.0.1.1	\N	\N
23	staff.fired	OldPassword	Access-Reject	77:88:99:AA:BB:CC	77:88:99:AA:BB:CC	2026-05-02 19:27:50.653+00	281fde73-7836-4511-b644-91f3663d8fcd	10.0.1.2	\N	\N
\.


--
-- Data for Name: radreply; Type: TABLE DATA; Schema: public; Owner: -
--

COPY public.radreply (id, "wifiUserId", username, attribute, op, value, priority, "isActive", "createdAt", "updatedAt") FROM stdin;
347eccf0-7183-4fe9-815d-0065719bfc9b	0d6a3f75-6dc6-46d1-890d-327d22831587	guest.amit.mukherjee	WISPr-Bandwidth-Max-Down	:=	50000000	0	t	2026-05-03 19:27:50.664+00	2026-05-03 19:27:50.664+00
b7cdf820-e77b-4766-a3bd-5d6fe113d4fa	0d6a3f75-6dc6-46d1-890d-327d22831587	guest.amit.mukherjee	WISPr-Bandwidth-Max-Up	:=	25000000	0	t	2026-05-03 19:27:50.664+00	2026-05-03 19:27:50.664+00
73653ceb-4496-4660-a2d9-d5e6c6b47c4c	0d6a3f75-6dc6-46d1-890d-327d22831587	guest.amit.mukherjee	Cryptsk-Rate-Limit	:=	50M/25M	0	t	2026-05-03 19:27:50.664+00	2026-05-03 19:27:50.664+00
d010ecdb-eaf4-4402-a2d9-ccb84596d1d3	0d6a3f75-6dc6-46d1-890d-327d22831587	guest.amit.mukherjee	Cryptsk-Bandwidth-Max-Down	:=	50000000	0	t	2026-05-03 19:27:50.664+00	2026-05-03 19:27:50.664+00
148655f1-548f-4fd0-b3f5-7f37081f145f	0d6a3f75-6dc6-46d1-890d-327d22831587	guest.amit.mukherjee	Cryptsk-Bandwidth-Max-Up	:=	25000000	0	t	2026-05-03 19:27:50.664+00	2026-05-03 19:27:50.664+00
c6b03aa7-1cd2-496f-b156-268f7b2d353a	0d6a3f75-6dc6-46d1-890d-327d22831587	guest.amit.mukherjee	Cryptsk-Total-Limit	:=	16106127360	0	t	2026-05-03 19:27:50.664+00	2026-05-03 19:27:50.664+00
505e708c-25cd-4237-9e33-ac90d92cbe35	adefcb58-a532-4dd5-9e7e-f6a3a9a5b124	guest.rahul.banerjee	WISPr-Bandwidth-Max-Down	:=	100000000	0	t	2026-05-03 19:27:50.664+00	2026-05-03 19:27:50.664+00
efa564fe-c2dc-4a67-a648-180230181c72	adefcb58-a532-4dd5-9e7e-f6a3a9a5b124	guest.rahul.banerjee	WISPr-Bandwidth-Max-Up	:=	50000000	0	t	2026-05-03 19:27:50.664+00	2026-05-03 19:27:50.664+00
099cfd3f-aa37-4f4e-b21a-c6212d959455	adefcb58-a532-4dd5-9e7e-f6a3a9a5b124	guest.rahul.banerjee	Cryptsk-Rate-Limit	:=	100M/50M	0	t	2026-05-03 19:27:50.664+00	2026-05-03 19:27:50.664+00
d0d0ce99-8622-4601-b462-6a9452d0d725	adefcb58-a532-4dd5-9e7e-f6a3a9a5b124	guest.rahul.banerjee	Cryptsk-Bandwidth-Max-Down	:=	100000000	0	t	2026-05-03 19:27:50.664+00	2026-05-03 19:27:50.664+00
772fdbb0-9143-4e33-a03c-936bdfdfaac0	adefcb58-a532-4dd5-9e7e-f6a3a9a5b124	guest.rahul.banerjee	Cryptsk-Bandwidth-Max-Up	:=	50000000	0	t	2026-05-03 19:27:50.664+00	2026-05-03 19:27:50.664+00
9150f8f7-b422-4e00-8424-37e985e2803f	98168e31-b443-42c4-8995-a4aed14f83d8	guest.sneha.gupta	WISPr-Bandwidth-Max-Down	:=	25000000	0	t	2026-05-03 19:27:50.664+00	2026-05-03 19:27:50.664+00
8499ac24-1f50-4b8b-b024-931cdae5d711	98168e31-b443-42c4-8995-a4aed14f83d8	guest.sneha.gupta	WISPr-Bandwidth-Max-Up	:=	10000000	0	t	2026-05-03 19:27:50.664+00	2026-05-03 19:27:50.664+00
131eeef5-1246-4eec-a08c-17276fbe185b	98168e31-b443-42c4-8995-a4aed14f83d8	guest.sneha.gupta	Cryptsk-Rate-Limit	:=	25M/10M	0	t	2026-05-03 19:27:50.664+00	2026-05-03 19:27:50.664+00
378384b4-379c-471d-88e1-463f925ae828	98168e31-b443-42c4-8995-a4aed14f83d8	guest.sneha.gupta	Cryptsk-Bandwidth-Max-Down	:=	25000000	0	t	2026-05-03 19:27:50.664+00	2026-05-03 19:27:50.664+00
fed8b9e5-9973-435c-be4d-bde0a4d7d0b4	98168e31-b443-42c4-8995-a4aed14f83d8	guest.sneha.gupta	Cryptsk-Bandwidth-Max-Up	:=	10000000	0	t	2026-05-03 19:27:50.664+00	2026-05-03 19:27:50.664+00
4e2fb682-696e-4623-9c75-78e5c0cee51e	98168e31-b443-42c4-8995-a4aed14f83d8	guest.sneha.gupta	Cryptsk-Total-Limit	:=	5368709120	0	t	2026-05-03 19:27:50.664+00	2026-05-03 19:27:50.664+00
e9334377-0657-4e55-b7d2-122431ed8935	085b8d2d-b890-445a-989d-a44ab8bd3370	guest.vikram.singh	WISPr-Bandwidth-Max-Down	:=	100000000	0	t	2026-05-03 19:27:50.664+00	2026-05-03 19:27:50.664+00
03da969c-d260-4921-89ca-344514a168f5	085b8d2d-b890-445a-989d-a44ab8bd3370	guest.vikram.singh	WISPr-Bandwidth-Max-Up	:=	50000000	0	t	2026-05-03 19:27:50.664+00	2026-05-03 19:27:50.664+00
bca729db-6c27-429b-856a-086556391248	085b8d2d-b890-445a-989d-a44ab8bd3370	guest.vikram.singh	Cryptsk-Rate-Limit	:=	100M/50M	0	t	2026-05-03 19:27:50.664+00	2026-05-03 19:27:50.664+00
35aa0793-fa70-4246-8a86-f1910eebc8a8	085b8d2d-b890-445a-989d-a44ab8bd3370	guest.vikram.singh	Cryptsk-Bandwidth-Max-Down	:=	100000000	0	t	2026-05-03 19:27:50.664+00	2026-05-03 19:27:50.664+00
5bbd3ac4-8734-45c1-aa5a-e1106d454254	085b8d2d-b890-445a-989d-a44ab8bd3370	guest.vikram.singh	Cryptsk-Bandwidth-Max-Up	:=	50000000	0	t	2026-05-03 19:27:50.664+00	2026-05-03 19:27:50.664+00
2bca30e9-40de-4ad9-b7d5-07c4565e9489	afb49f34-328d-4a6e-bf58-6cc12e008d58	staff.priya.das	WISPr-Bandwidth-Max-Down	:=	50000000	0	t	2026-05-03 19:27:50.664+00	2026-05-03 19:27:50.664+00
be68b127-8833-4d24-8274-d9e1b68f5c3f	afb49f34-328d-4a6e-bf58-6cc12e008d58	staff.priya.das	WISPr-Bandwidth-Max-Up	:=	25000000	0	t	2026-05-03 19:27:50.664+00	2026-05-03 19:27:50.664+00
cee9bfcd-5aed-4348-b90a-6a93e1a8a77b	afb49f34-328d-4a6e-bf58-6cc12e008d58	staff.priya.das	Cryptsk-Rate-Limit	:=	50M/25M	0	t	2026-05-03 19:27:50.664+00	2026-05-03 19:27:50.664+00
1e6e7ae7-a3cf-44ae-832d-0ce25568786d	afb49f34-328d-4a6e-bf58-6cc12e008d58	staff.priya.das	Cryptsk-Bandwidth-Max-Down	:=	50000000	0	t	2026-05-03 19:27:50.664+00	2026-05-03 19:27:50.664+00
e81ffcac-4b24-44a3-b099-0f6672389539	afb49f34-328d-4a6e-bf58-6cc12e008d58	staff.priya.das	Cryptsk-Bandwidth-Max-Up	:=	25000000	0	t	2026-05-03 19:27:50.664+00	2026-05-03 19:27:50.664+00
434bdd95-4d77-4294-8e7e-1fddef7e6f96	62f8d715-7a6e-4d06-be6c-ee2036bbeb11	staff.anita.roy	WISPr-Bandwidth-Max-Down	:=	25000000	0	t	2026-05-03 19:27:50.664+00	2026-05-03 19:27:50.664+00
cbfb4e2f-c7b6-4a04-b81a-9f38e677021e	62f8d715-7a6e-4d06-be6c-ee2036bbeb11	staff.anita.roy	WISPr-Bandwidth-Max-Up	:=	10000000	0	t	2026-05-03 19:27:50.664+00	2026-05-03 19:27:50.664+00
657b6a07-8a47-4293-855b-99b167ebfc73	62f8d715-7a6e-4d06-be6c-ee2036bbeb11	staff.anita.roy	Cryptsk-Rate-Limit	:=	25M/10M	0	t	2026-05-03 19:27:50.664+00	2026-05-03 19:27:50.664+00
b023a85a-6b1a-4488-a438-ed1635a06c3f	62f8d715-7a6e-4d06-be6c-ee2036bbeb11	staff.anita.roy	Cryptsk-Bandwidth-Max-Down	:=	25000000	0	t	2026-05-03 19:27:50.664+00	2026-05-03 19:27:50.664+00
56db00cd-bbd0-4faa-8d60-adc566e02e41	62f8d715-7a6e-4d06-be6c-ee2036bbeb11	staff.anita.roy	Cryptsk-Bandwidth-Max-Up	:=	10000000	0	t	2026-05-03 19:27:50.664+00	2026-05-03 19:27:50.664+00
7bd56969-6a97-4bf1-ae2f-f8e87e71c21a	42ab323b-d973-47d2-b678-fc729bc19355	conference.room1	WISPr-Bandwidth-Max-Down	:=	30000000	0	t	2026-05-03 19:27:50.664+00	2026-05-03 19:27:50.664+00
114ce14a-1463-4c11-a007-5897dae9721b	42ab323b-d973-47d2-b678-fc729bc19355	conference.room1	WISPr-Bandwidth-Max-Up	:=	15000000	0	t	2026-05-03 19:27:50.664+00	2026-05-03 19:27:50.664+00
f32352f4-0481-4203-a4c8-8bd3b36d4536	42ab323b-d973-47d2-b678-fc729bc19355	conference.room1	Cryptsk-Rate-Limit	:=	30M/15M	0	t	2026-05-03 19:27:50.664+00	2026-05-03 19:27:50.664+00
13cfd907-62e7-4496-aa5e-cb2870adc036	42ab323b-d973-47d2-b678-fc729bc19355	conference.room1	Cryptsk-Bandwidth-Max-Down	:=	30000000	0	t	2026-05-03 19:27:50.664+00	2026-05-03 19:27:50.664+00
47476d3d-cf9e-4ea5-ab86-5923bf85b029	42ab323b-d973-47d2-b678-fc729bc19355	conference.room1	Cryptsk-Bandwidth-Max-Up	:=	15000000	0	t	2026-05-03 19:27:50.664+00	2026-05-03 19:27:50.664+00
f45c9d49-7cb6-41d1-8673-1462061f78f1	42ab323b-d973-47d2-b678-fc729bc19355	conference.room1	Cryptsk-Total-Limit	:=	10737418240	0	t	2026-05-03 19:27:50.664+00	2026-05-03 19:27:50.664+00
\.


--
-- Data for Name: radusergroup; Type: TABLE DATA; Schema: public; Owner: -
--

COPY public.radusergroup (id, username, groupname, priority, "createdAt") FROM stdin;
ec7fd625-ae1a-49a5-bb30-d785133b4bbd	guest.amit.mukherjee	premium_plan	0	2026-05-03 19:27:50.668+00
0cb57a33-958a-46e0-84f8-1dbf83854a82	guest.rahul.banerjee	vip_suite_plan	0	2026-05-03 19:27:50.668+00
13ddd1d7-7fb0-4c91-85bf-8d5e0731054a	guest.sneha.gupta	standard_plan	0	2026-05-03 19:27:50.668+00
07bd2b63-65aa-411e-9e77-970e677261c6	guest.vikram.singh	vip_suite_plan	0	2026-05-03 19:27:50.668+00
0a770d8f-4e5c-457f-aaba-9cc97962bdd2	staff.priya.das	premium_plan	0	2026-05-03 19:27:50.668+00
1de6c309-1968-48d2-84bd-3fe8d094e70e	staff.anita.roy	standard_plan	0	2026-05-03 19:27:50.668+00
9292e74b-0bba-4551-8155-eedfe3aee58c	conference.room1	conference_plan	0	2026-05-03 19:27:50.668+00
\.


--
-- Name: fup_switch_log_id_seq; Type: SEQUENCE SET; Schema: public; Owner: -
--

SELECT pg_catalog.setval('public.fup_switch_log_id_seq', 1, false);


--
-- Name: nas_id_seq; Type: SEQUENCE SET; Schema: public; Owner: -
--

SELECT pg_catalog.setval('public.nas_id_seq', 3, true);


--
-- Name: radacct_radacctid_seq; Type: SEQUENCE SET; Schema: public; Owner: -
--

SELECT pg_catalog.setval('public.radacct_radacctid_seq', 1, false);


--
-- Name: radpostauth_id_seq; Type: SEQUENCE SET; Schema: public; Owner: -
--

SELECT pg_catalog.setval('public.radpostauth_id_seq', 23, true);


--
-- Name: AISuggestion AISuggestion_pkey; Type: CONSTRAINT; Schema: public; Owner: -
--

ALTER TABLE ONLY public."AISuggestion"
    ADD CONSTRAINT "AISuggestion_pkey" PRIMARY KEY (id);


--
-- Name: AdCampaign AdCampaign_pkey; Type: CONSTRAINT; Schema: public; Owner: -
--

ALTER TABLE ONLY public."AdCampaign"
    ADD CONSTRAINT "AdCampaign_pkey" PRIMARY KEY (id);


--
-- Name: AdPerformance AdPerformance_pkey; Type: CONSTRAINT; Schema: public; Owner: -
--

ALTER TABLE ONLY public."AdPerformance"
    ADD CONSTRAINT "AdPerformance_pkey" PRIMARY KEY (id);


--
-- Name: AiConversationMessage AiConversationMessage_pkey; Type: CONSTRAINT; Schema: public; Owner: -
--

ALTER TABLE ONLY public."AiConversationMessage"
    ADD CONSTRAINT "AiConversationMessage_pkey" PRIMARY KEY (id);


--
-- Name: AiConversation AiConversation_pkey; Type: CONSTRAINT; Schema: public; Owner: -
--

ALTER TABLE ONLY public."AiConversation"
    ADD CONSTRAINT "AiConversation_pkey" PRIMARY KEY (id);


--
-- Name: Amenity Amenity_pkey; Type: CONSTRAINT; Schema: public; Owner: -
--

ALTER TABLE ONLY public."Amenity"
    ADD CONSTRAINT "Amenity_pkey" PRIMARY KEY (id);


--
-- Name: Asset Asset_pkey; Type: CONSTRAINT; Schema: public; Owner: -
--

ALTER TABLE ONLY public."Asset"
    ADD CONSTRAINT "Asset_pkey" PRIMARY KEY (id);


--
-- Name: AuditLog AuditLog_pkey; Type: CONSTRAINT; Schema: public; Owner: -
--

ALTER TABLE ONLY public."AuditLog"
    ADD CONSTRAINT "AuditLog_pkey" PRIMARY KEY (id);


--
-- Name: AutomationExecutionLog AutomationExecutionLog_pkey; Type: CONSTRAINT; Schema: public; Owner: -
--

ALTER TABLE ONLY public."AutomationExecutionLog"
    ADD CONSTRAINT "AutomationExecutionLog_pkey" PRIMARY KEY (id);


--
-- Name: AutomationRule AutomationRule_pkey; Type: CONSTRAINT; Schema: public; Owner: -
--

ALTER TABLE ONLY public."AutomationRule"
    ADD CONSTRAINT "AutomationRule_pkey" PRIMARY KEY (id);


--
-- Name: BandwidthPolicyDetail BandwidthPolicyDetail_pkey; Type: CONSTRAINT; Schema: public; Owner: -
--

ALTER TABLE ONLY public."BandwidthPolicyDetail"
    ADD CONSTRAINT "BandwidthPolicyDetail_pkey" PRIMARY KEY (id);


--
-- Name: BandwidthPolicy BandwidthPolicy_pkey; Type: CONSTRAINT; Schema: public; Owner: -
--

ALTER TABLE ONLY public."BandwidthPolicy"
    ADD CONSTRAINT "BandwidthPolicy_pkey" PRIMARY KEY (id);


--
-- Name: BandwidthPool BandwidthPool_pkey; Type: CONSTRAINT; Schema: public; Owner: -
--

ALTER TABLE ONLY public."BandwidthPool"
    ADD CONSTRAINT "BandwidthPool_pkey" PRIMARY KEY (id);


--
-- Name: BandwidthTopup BandwidthTopup_pkey; Type: CONSTRAINT; Schema: public; Owner: -
--

ALTER TABLE ONLY public."BandwidthTopup"
    ADD CONSTRAINT "BandwidthTopup_pkey" PRIMARY KEY (id);


--
-- Name: BandwidthUsageDaily BandwidthUsageDaily_pkey; Type: CONSTRAINT; Schema: public; Owner: -
--

ALTER TABLE ONLY public."BandwidthUsageDaily"
    ADD CONSTRAINT "BandwidthUsageDaily_pkey" PRIMARY KEY (id);


--
-- Name: BandwidthUsageSession BandwidthUsageSession_pkey; Type: CONSTRAINT; Schema: public; Owner: -
--

ALTER TABLE ONLY public."BandwidthUsageSession"
    ADD CONSTRAINT "BandwidthUsageSession_pkey" PRIMARY KEY (id);


--
-- Name: BankAccount BankAccount_pkey; Type: CONSTRAINT; Schema: public; Owner: -
--

ALTER TABLE ONLY public."BankAccount"
    ADD CONSTRAINT "BankAccount_pkey" PRIMARY KEY (id);


--
-- Name: BankTransaction BankTransaction_pkey; Type: CONSTRAINT; Schema: public; Owner: -
--

ALTER TABLE ONLY public."BankTransaction"
    ADD CONSTRAINT "BankTransaction_pkey" PRIMARY KEY (id);


--
-- Name: BondConfig BondConfig_pkey; Type: CONSTRAINT; Schema: public; Owner: -
--

ALTER TABLE ONLY public."BondConfig"
    ADD CONSTRAINT "BondConfig_pkey" PRIMARY KEY (id);


--
-- Name: BondMember BondMember_pkey; Type: CONSTRAINT; Schema: public; Owner: -
--

ALTER TABLE ONLY public."BondMember"
    ADD CONSTRAINT "BondMember_pkey" PRIMARY KEY (id);


--
-- Name: BookingAuditLog BookingAuditLog_pkey; Type: CONSTRAINT; Schema: public; Owner: -
--

ALTER TABLE ONLY public."BookingAuditLog"
    ADD CONSTRAINT "BookingAuditLog_pkey" PRIMARY KEY (id);


--
-- Name: Booking Booking_pkey; Type: CONSTRAINT; Schema: public; Owner: -
--

ALTER TABLE ONLY public."Booking"
    ADD CONSTRAINT "Booking_pkey" PRIMARY KEY (id);


--
-- Name: Brand Brand_pkey; Type: CONSTRAINT; Schema: public; Owner: -
--

ALTER TABLE ONLY public."Brand"
    ADD CONSTRAINT "Brand_pkey" PRIMARY KEY (id);


--
-- Name: BridgeConfig BridgeConfig_pkey; Type: CONSTRAINT; Schema: public; Owner: -
--

ALTER TABLE ONLY public."BridgeConfig"
    ADD CONSTRAINT "BridgeConfig_pkey" PRIMARY KEY (id);


--
-- Name: CameraEvent CameraEvent_pkey; Type: CONSTRAINT; Schema: public; Owner: -
--

ALTER TABLE ONLY public."CameraEvent"
    ADD CONSTRAINT "CameraEvent_pkey" PRIMARY KEY (id);


--
-- Name: CameraGroup CameraGroup_pkey; Type: CONSTRAINT; Schema: public; Owner: -
--

ALTER TABLE ONLY public."CameraGroup"
    ADD CONSTRAINT "CameraGroup_pkey" PRIMARY KEY (id);


--
-- Name: Camera Camera_pkey; Type: CONSTRAINT; Schema: public; Owner: -
--

ALTER TABLE ONLY public."Camera"
    ADD CONSTRAINT "Camera_pkey" PRIMARY KEY (id);


--
-- Name: CampaignAbTest CampaignAbTest_pkey; Type: CONSTRAINT; Schema: public; Owner: -
--

ALTER TABLE ONLY public."CampaignAbTest"
    ADD CONSTRAINT "CampaignAbTest_pkey" PRIMARY KEY (id);


--
-- Name: CampaignSegment CampaignSegment_pkey; Type: CONSTRAINT; Schema: public; Owner: -
--

ALTER TABLE ONLY public."CampaignSegment"
    ADD CONSTRAINT "CampaignSegment_pkey" PRIMARY KEY (id);


--
-- Name: Campaign Campaign_pkey; Type: CONSTRAINT; Schema: public; Owner: -
--

ALTER TABLE ONLY public."Campaign"
    ADD CONSTRAINT "Campaign_pkey" PRIMARY KEY (id);


--
-- Name: CancellationPenalty CancellationPenalty_pkey; Type: CONSTRAINT; Schema: public; Owner: -
--

ALTER TABLE ONLY public."CancellationPenalty"
    ADD CONSTRAINT "CancellationPenalty_pkey" PRIMARY KEY (id);


--
-- Name: CancellationPolicy CancellationPolicy_pkey; Type: CONSTRAINT; Schema: public; Owner: -
--

ALTER TABLE ONLY public."CancellationPolicy"
    ADD CONSTRAINT "CancellationPolicy_pkey" PRIMARY KEY (id);


--
-- Name: CaptivePortal CaptivePortal_pkey; Type: CONSTRAINT; Schema: public; Owner: -
--

ALTER TABLE ONLY public."CaptivePortal"
    ADD CONSTRAINT "CaptivePortal_pkey" PRIMARY KEY (id);


--
-- Name: ChannelConnection ChannelConnection_pkey; Type: CONSTRAINT; Schema: public; Owner: -
--

ALTER TABLE ONLY public."ChannelConnection"
    ADD CONSTRAINT "ChannelConnection_pkey" PRIMARY KEY (id);


--
-- Name: ChannelDeadLetterQueue ChannelDeadLetterQueue_pkey; Type: CONSTRAINT; Schema: public; Owner: -
--

ALTER TABLE ONLY public."ChannelDeadLetterQueue"
    ADD CONSTRAINT "ChannelDeadLetterQueue_pkey" PRIMARY KEY (id);


--
-- Name: ChannelMapping ChannelMapping_pkey; Type: CONSTRAINT; Schema: public; Owner: -
--

ALTER TABLE ONLY public."ChannelMapping"
    ADD CONSTRAINT "ChannelMapping_pkey" PRIMARY KEY (id);


--
-- Name: ChannelRestriction ChannelRestriction_pkey; Type: CONSTRAINT; Schema: public; Owner: -
--

ALTER TABLE ONLY public."ChannelRestriction"
    ADD CONSTRAINT "ChannelRestriction_pkey" PRIMARY KEY (id);


--
-- Name: ChannelRetryQueue ChannelRetryQueue_pkey; Type: CONSTRAINT; Schema: public; Owner: -
--

ALTER TABLE ONLY public."ChannelRetryQueue"
    ADD CONSTRAINT "ChannelRetryQueue_pkey" PRIMARY KEY (id);


--
-- Name: ChannelSyncLog ChannelSyncLog_pkey; Type: CONSTRAINT; Schema: public; Owner: -
--

ALTER TABLE ONLY public."ChannelSyncLog"
    ADD CONSTRAINT "ChannelSyncLog_pkey" PRIMARY KEY (id);


--
-- Name: ChatAttachment ChatAttachment_pkey; Type: CONSTRAINT; Schema: public; Owner: -
--

ALTER TABLE ONLY public."ChatAttachment"
    ADD CONSTRAINT "ChatAttachment_pkey" PRIMARY KEY (id);


--
-- Name: ChatConversation ChatConversation_pkey; Type: CONSTRAINT; Schema: public; Owner: -
--

ALTER TABLE ONLY public."ChatConversation"
    ADD CONSTRAINT "ChatConversation_pkey" PRIMARY KEY (id);


--
-- Name: ChatMessage ChatMessage_pkey; Type: CONSTRAINT; Schema: public; Owner: -
--

ALTER TABLE ONLY public."ChatMessage"
    ADD CONSTRAINT "ChatMessage_pkey" PRIMARY KEY (id);


--
-- Name: ChatTransfer ChatTransfer_pkey; Type: CONSTRAINT; Schema: public; Owner: -
--

ALTER TABLE ONLY public."ChatTransfer"
    ADD CONSTRAINT "ChatTransfer_pkey" PRIMARY KEY (id);


--
-- Name: CoaSessionDetail CoaSessionDetail_pkey; Type: CONSTRAINT; Schema: public; Owner: -
--

ALTER TABLE ONLY public."CoaSessionDetail"
    ADD CONSTRAINT "CoaSessionDetail_pkey" PRIMARY KEY (id);


--
-- Name: CommunicationChannel CommunicationChannel_pkey; Type: CONSTRAINT; Schema: public; Owner: -
--

ALTER TABLE ONLY public."CommunicationChannel"
    ADD CONSTRAINT "CommunicationChannel_pkey" PRIMARY KEY (id);


--
-- Name: CompetitorPrice CompetitorPrice_pkey; Type: CONSTRAINT; Schema: public; Owner: -
--

ALTER TABLE ONLY public."CompetitorPrice"
    ADD CONSTRAINT "CompetitorPrice_pkey" PRIMARY KEY (id);


--
-- Name: CompetitorSyncLog CompetitorSyncLog_pkey; Type: CONSTRAINT; Schema: public; Owner: -
--

ALTER TABLE ONLY public."CompetitorSyncLog"
    ADD CONSTRAINT "CompetitorSyncLog_pkey" PRIMARY KEY (id);


--
-- Name: ConsentRecord ConsentRecord_pkey; Type: CONSTRAINT; Schema: public; Owner: -
--

ALTER TABLE ONLY public."ConsentRecord"
    ADD CONSTRAINT "ConsentRecord_pkey" PRIMARY KEY (id);


--
-- Name: ContentFilter ContentFilter_pkey; Type: CONSTRAINT; Schema: public; Owner: -
--

ALTER TABLE ONLY public."ContentFilter"
    ADD CONSTRAINT "ContentFilter_pkey" PRIMARY KEY (id);


--
-- Name: CreditNote CreditNote_pkey; Type: CONSTRAINT; Schema: public; Owner: -
--

ALTER TABLE ONLY public."CreditNote"
    ADD CONSTRAINT "CreditNote_pkey" PRIMARY KEY (id);


--
-- Name: DemandForecast DemandForecast_pkey; Type: CONSTRAINT; Schema: public; Owner: -
--

ALTER TABLE ONLY public."DemandForecast"
    ADD CONSTRAINT "DemandForecast_pkey" PRIMARY KEY (id);


--
-- Name: DeviceProfile DeviceProfile_pkey; Type: CONSTRAINT; Schema: public; Owner: -
--

ALTER TABLE ONLY public."DeviceProfile"
    ADD CONSTRAINT "DeviceProfile_pkey" PRIMARY KEY (id);


--
-- Name: DhcpBlacklist DhcpBlacklist_pkey; Type: CONSTRAINT; Schema: public; Owner: -
--

ALTER TABLE ONLY public."DhcpBlacklist"
    ADD CONSTRAINT "DhcpBlacklist_pkey" PRIMARY KEY (id);


--
-- Name: DhcpHostnameFilter DhcpHostnameFilter_pkey; Type: CONSTRAINT; Schema: public; Owner: -
--

ALTER TABLE ONLY public."DhcpHostnameFilter"
    ADD CONSTRAINT "DhcpHostnameFilter_pkey" PRIMARY KEY (id);


--
-- Name: DhcpLeaseScript DhcpLeaseScript_pkey; Type: CONSTRAINT; Schema: public; Owner: -
--

ALTER TABLE ONLY public."DhcpLeaseScript"
    ADD CONSTRAINT "DhcpLeaseScript_pkey" PRIMARY KEY (id);


--
-- Name: DhcpLease DhcpLease_pkey; Type: CONSTRAINT; Schema: public; Owner: -
--

ALTER TABLE ONLY public."DhcpLease"
    ADD CONSTRAINT "DhcpLease_pkey" PRIMARY KEY (id);


--
-- Name: DhcpOption DhcpOption_pkey; Type: CONSTRAINT; Schema: public; Owner: -
--

ALTER TABLE ONLY public."DhcpOption"
    ADD CONSTRAINT "DhcpOption_pkey" PRIMARY KEY (id);


--
-- Name: DhcpReservation DhcpReservation_pkey; Type: CONSTRAINT; Schema: public; Owner: -
--

ALTER TABLE ONLY public."DhcpReservation"
    ADD CONSTRAINT "DhcpReservation_pkey" PRIMARY KEY (id);


--
-- Name: DhcpSubnet DhcpSubnet_pkey; Type: CONSTRAINT; Schema: public; Owner: -
--

ALTER TABLE ONLY public."DhcpSubnet"
    ADD CONSTRAINT "DhcpSubnet_pkey" PRIMARY KEY (id);


--
-- Name: DhcpTagRule DhcpTagRule_pkey; Type: CONSTRAINT; Schema: public; Owner: -
--

ALTER TABLE ONLY public."DhcpTagRule"
    ADD CONSTRAINT "DhcpTagRule_pkey" PRIMARY KEY (id);


--
-- Name: DigitalKeyAccessLog DigitalKeyAccessLog_pkey; Type: CONSTRAINT; Schema: public; Owner: -
--

ALTER TABLE ONLY public."DigitalKeyAccessLog"
    ADD CONSTRAINT "DigitalKeyAccessLog_pkey" PRIMARY KEY (id);


--
-- Name: Discount Discount_pkey; Type: CONSTRAINT; Schema: public; Owner: -
--

ALTER TABLE ONLY public."Discount"
    ADD CONSTRAINT "Discount_pkey" PRIMARY KEY (id);


--
-- Name: DnsRecord DnsRecord_pkey; Type: CONSTRAINT; Schema: public; Owner: -
--

ALTER TABLE ONLY public."DnsRecord"
    ADD CONSTRAINT "DnsRecord_pkey" PRIMARY KEY (id);


--
-- Name: DnsRedirectRule DnsRedirectRule_pkey; Type: CONSTRAINT; Schema: public; Owner: -
--

ALTER TABLE ONLY public."DnsRedirectRule"
    ADD CONSTRAINT "DnsRedirectRule_pkey" PRIMARY KEY (id);


--
-- Name: DnsZone DnsZone_pkey; Type: CONSTRAINT; Schema: public; Owner: -
--

ALTER TABLE ONLY public."DnsZone"
    ADD CONSTRAINT "DnsZone_pkey" PRIMARY KEY (id);


--
-- Name: EnergyMetric EnergyMetric_pkey; Type: CONSTRAINT; Schema: public; Owner: -
--

ALTER TABLE ONLY public."EnergyMetric"
    ADD CONSTRAINT "EnergyMetric_pkey" PRIMARY KEY (id);


--
-- Name: EventResource EventResource_pkey; Type: CONSTRAINT; Schema: public; Owner: -
--

ALTER TABLE ONLY public."EventResource"
    ADD CONSTRAINT "EventResource_pkey" PRIMARY KEY (id);


--
-- Name: EventSpace EventSpace_pkey; Type: CONSTRAINT; Schema: public; Owner: -
--

ALTER TABLE ONLY public."EventSpace"
    ADD CONSTRAINT "EventSpace_pkey" PRIMARY KEY (id);


--
-- Name: Event Event_pkey; Type: CONSTRAINT; Schema: public; Owner: -
--

ALTER TABLE ONLY public."Event"
    ADD CONSTRAINT "Event_pkey" PRIMARY KEY (id);


--
-- Name: ExchangeRate ExchangeRate_pkey; Type: CONSTRAINT; Schema: public; Owner: -
--

ALTER TABLE ONLY public."ExchangeRate"
    ADD CONSTRAINT "ExchangeRate_pkey" PRIMARY KEY (id);


--
-- Name: ExperienceBooking ExperienceBooking_pkey; Type: CONSTRAINT; Schema: public; Owner: -
--

ALTER TABLE ONLY public."ExperienceBooking"
    ADD CONSTRAINT "ExperienceBooking_pkey" PRIMARY KEY (id);


--
-- Name: ExperienceFeedback ExperienceFeedback_pkey; Type: CONSTRAINT; Schema: public; Owner: -
--

ALTER TABLE ONLY public."ExperienceFeedback"
    ADD CONSTRAINT "ExperienceFeedback_pkey" PRIMARY KEY (id);


--
-- Name: ExperiencePricing ExperiencePricing_pkey; Type: CONSTRAINT; Schema: public; Owner: -
--

ALTER TABLE ONLY public."ExperiencePricing"
    ADD CONSTRAINT "ExperiencePricing_pkey" PRIMARY KEY (id);


--
-- Name: ExperienceVendor ExperienceVendor_pkey; Type: CONSTRAINT; Schema: public; Owner: -
--

ALTER TABLE ONLY public."ExperienceVendor"
    ADD CONSTRAINT "ExperienceVendor_pkey" PRIMARY KEY (id);


--
-- Name: Experience Experience_pkey; Type: CONSTRAINT; Schema: public; Owner: -
--

ALTER TABLE ONLY public."Experience"
    ADD CONSTRAINT "Experience_pkey" PRIMARY KEY (id);


--
-- Name: ExternalReview ExternalReview_pkey; Type: CONSTRAINT; Schema: public; Owner: -
--

ALTER TABLE ONLY public."ExternalReview"
    ADD CONSTRAINT "ExternalReview_pkey" PRIMARY KEY (id);


--
-- Name: FairAccessPolicy FairAccessPolicy_pkey; Type: CONSTRAINT; Schema: public; Owner: -
--

ALTER TABLE ONLY public."FairAccessPolicy"
    ADD CONSTRAINT "FairAccessPolicy_pkey" PRIMARY KEY (id);


--
-- Name: FeatureAnnouncement FeatureAnnouncement_pkey; Type: CONSTRAINT; Schema: public; Owner: -
--

ALTER TABLE ONLY public."FeatureAnnouncement"
    ADD CONSTRAINT "FeatureAnnouncement_pkey" PRIMARY KEY (id);


--
-- Name: FirewallRule FirewallRule_pkey; Type: CONSTRAINT; Schema: public; Owner: -
--

ALTER TABLE ONLY public."FirewallRule"
    ADD CONSTRAINT "FirewallRule_pkey" PRIMARY KEY (id);


--
-- Name: FirewallSchedule FirewallSchedule_pkey; Type: CONSTRAINT; Schema: public; Owner: -
--

ALTER TABLE ONLY public."FirewallSchedule"
    ADD CONSTRAINT "FirewallSchedule_pkey" PRIMARY KEY (id);


--
-- Name: FirewallZone FirewallZone_pkey; Type: CONSTRAINT; Schema: public; Owner: -
--

ALTER TABLE ONLY public."FirewallZone"
    ADD CONSTRAINT "FirewallZone_pkey" PRIMARY KEY (id);


--
-- Name: FloorPlanRoom FloorPlanRoom_pkey; Type: CONSTRAINT; Schema: public; Owner: -
--

ALTER TABLE ONLY public."FloorPlanRoom"
    ADD CONSTRAINT "FloorPlanRoom_pkey" PRIMARY KEY (id);


--
-- Name: FloorPlan FloorPlan_pkey; Type: CONSTRAINT; Schema: public; Owner: -
--

ALTER TABLE ONLY public."FloorPlan"
    ADD CONSTRAINT "FloorPlan_pkey" PRIMARY KEY (id);


--
-- Name: FolioLineItemAudit FolioLineItemAudit_pkey; Type: CONSTRAINT; Schema: public; Owner: -
--

ALTER TABLE ONLY public."FolioLineItemAudit"
    ADD CONSTRAINT "FolioLineItemAudit_pkey" PRIMARY KEY (id);


--
-- Name: FolioLineItem FolioLineItem_pkey; Type: CONSTRAINT; Schema: public; Owner: -
--

ALTER TABLE ONLY public."FolioLineItem"
    ADD CONSTRAINT "FolioLineItem_pkey" PRIMARY KEY (id);


--
-- Name: FolioTransfer FolioTransfer_pkey; Type: CONSTRAINT; Schema: public; Owner: -
--

ALTER TABLE ONLY public."FolioTransfer"
    ADD CONSTRAINT "FolioTransfer_pkey" PRIMARY KEY (id);


--
-- Name: Folio Folio_pkey; Type: CONSTRAINT; Schema: public; Owner: -
--

ALTER TABLE ONLY public."Folio"
    ADD CONSTRAINT "Folio_pkey" PRIMARY KEY (id);


--
-- Name: GDPRRequest GDPRRequest_pkey; Type: CONSTRAINT; Schema: public; Owner: -
--

ALTER TABLE ONLY public."GDPRRequest"
    ADD CONSTRAINT "GDPRRequest_pkey" PRIMARY KEY (id);


--
-- Name: GatewayExplicitRoute GatewayExplicitRoute_pkey; Type: CONSTRAINT; Schema: public; Owner: -
--

ALTER TABLE ONLY public."GatewayExplicitRoute"
    ADD CONSTRAINT "GatewayExplicitRoute_pkey" PRIMARY KEY (id);


--
-- Name: GatewayFwmark GatewayFwmark_pkey; Type: CONSTRAINT; Schema: public; Owner: -
--

ALTER TABLE ONLY public."GatewayFwmark"
    ADD CONSTRAINT "GatewayFwmark_pkey" PRIMARY KEY (id);


--
-- Name: GatewayHealthRule GatewayHealthRule_pkey; Type: CONSTRAINT; Schema: public; Owner: -
--

ALTER TABLE ONLY public."GatewayHealthRule"
    ADD CONSTRAINT "GatewayHealthRule_pkey" PRIMARY KEY (id);


--
-- Name: Gateway Gateway_pkey; Type: CONSTRAINT; Schema: public; Owner: -
--

ALTER TABLE ONLY public."Gateway"
    ADD CONSTRAINT "Gateway_pkey" PRIMARY KEY (id);


--
-- Name: GoogleHotelAdsConnection GoogleHotelAdsConnection_pkey; Type: CONSTRAINT; Schema: public; Owner: -
--

ALTER TABLE ONLY public."GoogleHotelAdsConnection"
    ADD CONSTRAINT "GoogleHotelAdsConnection_pkey" PRIMARY KEY (id);


--
-- Name: GroupBooking GroupBooking_pkey; Type: CONSTRAINT; Schema: public; Owner: -
--

ALTER TABLE ONLY public."GroupBooking"
    ADD CONSTRAINT "GroupBooking_pkey" PRIMARY KEY (id);


--
-- Name: GuestBehavior GuestBehavior_pkey; Type: CONSTRAINT; Schema: public; Owner: -
--

ALTER TABLE ONLY public."GuestBehavior"
    ADD CONSTRAINT "GuestBehavior_pkey" PRIMARY KEY (id);


--
-- Name: GuestDocument GuestDocument_pkey; Type: CONSTRAINT; Schema: public; Owner: -
--

ALTER TABLE ONLY public."GuestDocument"
    ADD CONSTRAINT "GuestDocument_pkey" PRIMARY KEY (id);


--
-- Name: GuestFeedback GuestFeedback_pkey; Type: CONSTRAINT; Schema: public; Owner: -
--

ALTER TABLE ONLY public."GuestFeedback"
    ADD CONSTRAINT "GuestFeedback_pkey" PRIMARY KEY (id);


--
-- Name: GuestJourney GuestJourney_pkey; Type: CONSTRAINT; Schema: public; Owner: -
--

ALTER TABLE ONLY public."GuestJourney"
    ADD CONSTRAINT "GuestJourney_pkey" PRIMARY KEY (id);


--
-- Name: GuestRecommendation GuestRecommendation_pkey; Type: CONSTRAINT; Schema: public; Owner: -
--

ALTER TABLE ONLY public."GuestRecommendation"
    ADD CONSTRAINT "GuestRecommendation_pkey" PRIMARY KEY (id);


--
-- Name: GuestReview GuestReview_pkey; Type: CONSTRAINT; Schema: public; Owner: -
--

ALTER TABLE ONLY public."GuestReview"
    ADD CONSTRAINT "GuestReview_pkey" PRIMARY KEY (id);


--
-- Name: GuestSegment GuestSegment_pkey; Type: CONSTRAINT; Schema: public; Owner: -
--

ALTER TABLE ONLY public."GuestSegment"
    ADD CONSTRAINT "GuestSegment_pkey" PRIMARY KEY (id);


--
-- Name: GuestStay GuestStay_pkey; Type: CONSTRAINT; Schema: public; Owner: -
--

ALTER TABLE ONLY public."GuestStay"
    ADD CONSTRAINT "GuestStay_pkey" PRIMARY KEY (id);


--
-- Name: Guest Guest_pkey; Type: CONSTRAINT; Schema: public; Owner: -
--

ALTER TABLE ONLY public."Guest"
    ADD CONSTRAINT "Guest_pkey" PRIMARY KEY (id);


--
-- Name: HelpArticle HelpArticle_pkey; Type: CONSTRAINT; Schema: public; Owner: -
--

ALTER TABLE ONLY public."HelpArticle"
    ADD CONSTRAINT "HelpArticle_pkey" PRIMARY KEY (id);


--
-- Name: HelpCategory HelpCategory_pkey; Type: CONSTRAINT; Schema: public; Owner: -
--

ALTER TABLE ONLY public."HelpCategory"
    ADD CONSTRAINT "HelpCategory_pkey" PRIMARY KEY (id);


--
-- Name: IdempotencyKey IdempotencyKey_pkey; Type: CONSTRAINT; Schema: public; Owner: -
--

ALTER TABLE ONLY public."IdempotencyKey"
    ADD CONSTRAINT "IdempotencyKey_pkey" PRIMARY KEY (id);


--
-- Name: InspectionResult InspectionResult_pkey; Type: CONSTRAINT; Schema: public; Owner: -
--

ALTER TABLE ONLY public."InspectionResult"
    ADD CONSTRAINT "InspectionResult_pkey" PRIMARY KEY (id);


--
-- Name: InspectionTemplate InspectionTemplate_pkey; Type: CONSTRAINT; Schema: public; Owner: -
--

ALTER TABLE ONLY public."InspectionTemplate"
    ADD CONSTRAINT "InspectionTemplate_pkey" PRIMARY KEY (id);


--
-- Name: Integration Integration_pkey; Type: CONSTRAINT; Schema: public; Owner: -
--

ALTER TABLE ONLY public."Integration"
    ADD CONSTRAINT "Integration_pkey" PRIMARY KEY (id);


--
-- Name: InterfaceAlias InterfaceAlias_pkey; Type: CONSTRAINT; Schema: public; Owner: -
--

ALTER TABLE ONLY public."InterfaceAlias"
    ADD CONSTRAINT "InterfaceAlias_pkey" PRIMARY KEY (id);


--
-- Name: InterfaceConfig InterfaceConfig_pkey; Type: CONSTRAINT; Schema: public; Owner: -
--

ALTER TABLE ONLY public."InterfaceConfig"
    ADD CONSTRAINT "InterfaceConfig_pkey" PRIMARY KEY (id);


--
-- Name: InterfaceRole InterfaceRole_pkey; Type: CONSTRAINT; Schema: public; Owner: -
--

ALTER TABLE ONLY public."InterfaceRole"
    ADD CONSTRAINT "InterfaceRole_pkey" PRIMARY KEY (id);


--
-- Name: InventoryItem InventoryItem_pkey; Type: CONSTRAINT; Schema: public; Owner: -
--

ALTER TABLE ONLY public."InventoryItem"
    ADD CONSTRAINT "InventoryItem_pkey" PRIMARY KEY (id);


--
-- Name: InventoryLock InventoryLock_pkey; Type: CONSTRAINT; Schema: public; Owner: -
--

ALTER TABLE ONLY public."InventoryLock"
    ADD CONSTRAINT "InventoryLock_pkey" PRIMARY KEY (id);


--
-- Name: InventoryMovement InventoryMovement_pkey; Type: CONSTRAINT; Schema: public; Owner: -
--

ALTER TABLE ONLY public."InventoryMovement"
    ADD CONSTRAINT "InventoryMovement_pkey" PRIMARY KEY (id);


--
-- Name: InventoryTransferItem InventoryTransferItem_pkey; Type: CONSTRAINT; Schema: public; Owner: -
--

ALTER TABLE ONLY public."InventoryTransferItem"
    ADD CONSTRAINT "InventoryTransferItem_pkey" PRIMARY KEY (id);


--
-- Name: InventoryTransfer InventoryTransfer_pkey; Type: CONSTRAINT; Schema: public; Owner: -
--

ALTER TABLE ONLY public."InventoryTransfer"
    ADD CONSTRAINT "InventoryTransfer_pkey" PRIMARY KEY (id);


--
-- Name: InvoiceTemplate InvoiceTemplate_pkey; Type: CONSTRAINT; Schema: public; Owner: -
--

ALTER TABLE ONLY public."InvoiceTemplate"
    ADD CONSTRAINT "InvoiceTemplate_pkey" PRIMARY KEY (id);


--
-- Name: Invoice Invoice_pkey; Type: CONSTRAINT; Schema: public; Owner: -
--

ALTER TABLE ONLY public."Invoice"
    ADD CONSTRAINT "Invoice_pkey" PRIMARY KEY (id);


--
-- Name: IoTCommand IoTCommand_pkey; Type: CONSTRAINT; Schema: public; Owner: -
--

ALTER TABLE ONLY public."IoTCommand"
    ADD CONSTRAINT "IoTCommand_pkey" PRIMARY KEY (id);


--
-- Name: IoTDevice IoTDevice_pkey; Type: CONSTRAINT; Schema: public; Owner: -
--

ALTER TABLE ONLY public."IoTDevice"
    ADD CONSTRAINT "IoTDevice_pkey" PRIMARY KEY (id);


--
-- Name: IoTReading IoTReading_pkey; Type: CONSTRAINT; Schema: public; Owner: -
--

ALTER TABLE ONLY public."IoTReading"
    ADD CONSTRAINT "IoTReading_pkey" PRIMARY KEY (id);


--
-- Name: IpPoolRange IpPoolRange_pkey; Type: CONSTRAINT; Schema: public; Owner: -
--

ALTER TABLE ONLY public."IpPoolRange"
    ADD CONSTRAINT "IpPoolRange_pkey" PRIMARY KEY (id);


--
-- Name: IpPool IpPool_pkey; Type: CONSTRAINT; Schema: public; Owner: -
--

ALTER TABLE ONLY public."IpPool"
    ADD CONSTRAINT "IpPool_pkey" PRIMARY KEY (id);


--
-- Name: KeyCard KeyCard_pkey; Type: CONSTRAINT; Schema: public; Owner: -
--

ALTER TABLE ONLY public."KeyCard"
    ADD CONSTRAINT "KeyCard_pkey" PRIMARY KEY (id);


--
-- Name: KioskSettings KioskSettings_pkey; Type: CONSTRAINT; Schema: public; Owner: -
--

ALTER TABLE ONLY public."KioskSettings"
    ADD CONSTRAINT "KioskSettings_pkey" PRIMARY KEY (id);


--
-- Name: LicenseKey LicenseKey_pkey; Type: CONSTRAINT; Schema: public; Owner: -
--

ALTER TABLE ONLY public."LicenseKey"
    ADD CONSTRAINT "LicenseKey_pkey" PRIMARY KEY (id);


--
-- Name: LiveSession LiveSession_pkey; Type: CONSTRAINT; Schema: public; Owner: -
--

ALTER TABLE ONLY public."LiveSession"
    ADD CONSTRAINT "LiveSession_pkey" PRIMARY KEY (id);


--
-- Name: LoyaltyPointTransaction LoyaltyPointTransaction_pkey; Type: CONSTRAINT; Schema: public; Owner: -
--

ALTER TABLE ONLY public."LoyaltyPointTransaction"
    ADD CONSTRAINT "LoyaltyPointTransaction_pkey" PRIMARY KEY (id);


--
-- Name: LoyaltyRedemption LoyaltyRedemption_pkey; Type: CONSTRAINT; Schema: public; Owner: -
--

ALTER TABLE ONLY public."LoyaltyRedemption"
    ADD CONSTRAINT "LoyaltyRedemption_pkey" PRIMARY KEY (id);


--
-- Name: LoyaltyReward LoyaltyReward_pkey; Type: CONSTRAINT; Schema: public; Owner: -
--

ALTER TABLE ONLY public."LoyaltyReward"
    ADD CONSTRAINT "LoyaltyReward_pkey" PRIMARY KEY (id);


--
-- Name: LoyaltyTier LoyaltyTier_pkey; Type: CONSTRAINT; Schema: public; Owner: -
--

ALTER TABLE ONLY public."LoyaltyTier"
    ADD CONSTRAINT "LoyaltyTier_pkey" PRIMARY KEY (id);


--
-- Name: LoyaltyTransaction LoyaltyTransaction_pkey; Type: CONSTRAINT; Schema: public; Owner: -
--

ALTER TABLE ONLY public."LoyaltyTransaction"
    ADD CONSTRAINT "LoyaltyTransaction_pkey" PRIMARY KEY (id);


--
-- Name: MacFilter MacFilter_pkey; Type: CONSTRAINT; Schema: public; Owner: -
--

ALTER TABLE ONLY public."MacFilter"
    ADD CONSTRAINT "MacFilter_pkey" PRIMARY KEY (id);


--
-- Name: MaintenanceBlock MaintenanceBlock_pkey; Type: CONSTRAINT; Schema: public; Owner: -
--

ALTER TABLE ONLY public."MaintenanceBlock"
    ADD CONSTRAINT "MaintenanceBlock_pkey" PRIMARY KEY (id);


--
-- Name: ManualTransaction ManualTransaction_pkey; Type: CONSTRAINT; Schema: public; Owner: -
--

ALTER TABLE ONLY public."ManualTransaction"
    ADD CONSTRAINT "ManualTransaction_pkey" PRIMARY KEY (id);


--
-- Name: MenuItem MenuItem_pkey; Type: CONSTRAINT; Schema: public; Owner: -
--

ALTER TABLE ONLY public."MenuItem"
    ADD CONSTRAINT "MenuItem_pkey" PRIMARY KEY (id);


--
-- Name: MenuModifierOption MenuModifierOption_pkey; Type: CONSTRAINT; Schema: public; Owner: -
--

ALTER TABLE ONLY public."MenuModifierOption"
    ADD CONSTRAINT "MenuModifierOption_pkey" PRIMARY KEY (id);


--
-- Name: MenuModifier MenuModifier_pkey; Type: CONSTRAINT; Schema: public; Owner: -
--

ALTER TABLE ONLY public."MenuModifier"
    ADD CONSTRAINT "MenuModifier_pkey" PRIMARY KEY (id);


--
-- Name: MenuVariant MenuVariant_pkey; Type: CONSTRAINT; Schema: public; Owner: -
--

ALTER TABLE ONLY public."MenuVariant"
    ADD CONSTRAINT "MenuVariant_pkey" PRIMARY KEY (id);


--
-- Name: MessageTemplate MessageTemplate_pkey; Type: CONSTRAINT; Schema: public; Owner: -
--

ALTER TABLE ONLY public."MessageTemplate"
    ADD CONSTRAINT "MessageTemplate_pkey" PRIMARY KEY (id);


--
-- Name: MetasearchConnection MetasearchConnection_pkey; Type: CONSTRAINT; Schema: public; Owner: -
--

ALTER TABLE ONLY public."MetasearchConnection"
    ADD CONSTRAINT "MetasearchConnection_pkey" PRIMARY KEY (id);


--
-- Name: MultiWanConfig MultiWanConfig_pkey; Type: CONSTRAINT; Schema: public; Owner: -
--

ALTER TABLE ONLY public."MultiWanConfig"
    ADD CONSTRAINT "MultiWanConfig_pkey" PRIMARY KEY (id);


--
-- Name: NasHealthLog NasHealthLog_pkey; Type: CONSTRAINT; Schema: public; Owner: -
--

ALTER TABLE ONLY public."NasHealthLog"
    ADD CONSTRAINT "NasHealthLog_pkey" PRIMARY KEY (id);


--
-- Name: NatLog NatLog_pkey; Type: CONSTRAINT; Schema: public; Owner: -
--

ALTER TABLE ONLY public."NatLog"
    ADD CONSTRAINT "NatLog_pkey" PRIMARY KEY (id);


--
-- Name: NetworkConfigBackup NetworkConfigBackup_pkey; Type: CONSTRAINT; Schema: public; Owner: -
--

ALTER TABLE ONLY public."NetworkConfigBackup"
    ADD CONSTRAINT "NetworkConfigBackup_pkey" PRIMARY KEY (id);


--
-- Name: NetworkInterface NetworkInterface_pkey; Type: CONSTRAINT; Schema: public; Owner: -
--

ALTER TABLE ONLY public."NetworkInterface"
    ADD CONSTRAINT "NetworkInterface_pkey" PRIMARY KEY (id);


--
-- Name: NotificationLog NotificationLog_pkey; Type: CONSTRAINT; Schema: public; Owner: -
--

ALTER TABLE ONLY public."NotificationLog"
    ADD CONSTRAINT "NotificationLog_pkey" PRIMARY KEY (id);


--
-- Name: NotificationPreference NotificationPreference_pkey; Type: CONSTRAINT; Schema: public; Owner: -
--

ALTER TABLE ONLY public."NotificationPreference"
    ADD CONSTRAINT "NotificationPreference_pkey" PRIMARY KEY (id);


--
-- Name: NotificationTemplate NotificationTemplate_pkey; Type: CONSTRAINT; Schema: public; Owner: -
--

ALTER TABLE ONLY public."NotificationTemplate"
    ADD CONSTRAINT "NotificationTemplate_pkey" PRIMARY KEY (id);


--
-- Name: Notification Notification_pkey; Type: CONSTRAINT; Schema: public; Owner: -
--

ALTER TABLE ONLY public."Notification"
    ADD CONSTRAINT "Notification_pkey" PRIMARY KEY (id);


--
-- Name: OrderCategory OrderCategory_pkey; Type: CONSTRAINT; Schema: public; Owner: -
--

ALTER TABLE ONLY public."OrderCategory"
    ADD CONSTRAINT "OrderCategory_pkey" PRIMARY KEY (id);


--
-- Name: OrderDiscount OrderDiscount_pkey; Type: CONSTRAINT; Schema: public; Owner: -
--

ALTER TABLE ONLY public."OrderDiscount"
    ADD CONSTRAINT "OrderDiscount_pkey" PRIMARY KEY (id);


--
-- Name: OrderItem OrderItem_pkey; Type: CONSTRAINT; Schema: public; Owner: -
--

ALTER TABLE ONLY public."OrderItem"
    ADD CONSTRAINT "OrderItem_pkey" PRIMARY KEY (id);


--
-- Name: Order Order_pkey; Type: CONSTRAINT; Schema: public; Owner: -
--

ALTER TABLE ONLY public."Order"
    ADD CONSTRAINT "Order_pkey" PRIMARY KEY (id);


--
-- Name: ParkingPass ParkingPass_pkey; Type: CONSTRAINT; Schema: public; Owner: -
--

ALTER TABLE ONLY public."ParkingPass"
    ADD CONSTRAINT "ParkingPass_pkey" PRIMARY KEY (id);


--
-- Name: ParkingSlot ParkingSlot_pkey; Type: CONSTRAINT; Schema: public; Owner: -
--

ALTER TABLE ONLY public."ParkingSlot"
    ADD CONSTRAINT "ParkingSlot_pkey" PRIMARY KEY (id);


--
-- Name: PaymentGateway PaymentGateway_pkey; Type: CONSTRAINT; Schema: public; Owner: -
--

ALTER TABLE ONLY public."PaymentGateway"
    ADD CONSTRAINT "PaymentGateway_pkey" PRIMARY KEY (id);


--
-- Name: PaymentSchedule PaymentSchedule_pkey; Type: CONSTRAINT; Schema: public; Owner: -
--

ALTER TABLE ONLY public."PaymentSchedule"
    ADD CONSTRAINT "PaymentSchedule_pkey" PRIMARY KEY (id);


--
-- Name: PaymentToken PaymentToken_pkey; Type: CONSTRAINT; Schema: public; Owner: -
--

ALTER TABLE ONLY public."PaymentToken"
    ADD CONSTRAINT "PaymentToken_pkey" PRIMARY KEY (id);


--
-- Name: Payment Payment_pkey; Type: CONSTRAINT; Schema: public; Owner: -
--

ALTER TABLE ONLY public."Payment"
    ADD CONSTRAINT "Payment_pkey" PRIMARY KEY (id);


--
-- Name: PortForwardRule PortForwardRule_pkey; Type: CONSTRAINT; Schema: public; Owner: -
--

ALTER TABLE ONLY public."PortForwardRule"
    ADD CONSTRAINT "PortForwardRule_pkey" PRIMARY KEY (id);


--
-- Name: PortalAuthentication PortalAuthentication_pkey; Type: CONSTRAINT; Schema: public; Owner: -
--

ALTER TABLE ONLY public."PortalAuthentication"
    ADD CONSTRAINT "PortalAuthentication_pkey" PRIMARY KEY (id);


--
-- Name: PortalMapping PortalMapping_pkey; Type: CONSTRAINT; Schema: public; Owner: -
--

ALTER TABLE ONLY public."PortalMapping"
    ADD CONSTRAINT "PortalMapping_pkey" PRIMARY KEY (id);


--
-- Name: PortalPage PortalPage_pkey; Type: CONSTRAINT; Schema: public; Owner: -
--

ALTER TABLE ONLY public."PortalPage"
    ADD CONSTRAINT "PortalPage_pkey" PRIMARY KEY (id);


--
-- Name: PortalTemplate PortalTemplate_pkey; Type: CONSTRAINT; Schema: public; Owner: -
--

ALTER TABLE ONLY public."PortalTemplate"
    ADD CONSTRAINT "PortalTemplate_pkey" PRIMARY KEY (id);


--
-- Name: PortalWhitelist PortalWhitelist_pkey; Type: CONSTRAINT; Schema: public; Owner: -
--

ALTER TABLE ONLY public."PortalWhitelist"
    ADD CONSTRAINT "PortalWhitelist_pkey" PRIMARY KEY (id);


--
-- Name: PreventiveMaintenance PreventiveMaintenance_pkey; Type: CONSTRAINT; Schema: public; Owner: -
--

ALTER TABLE ONLY public."PreventiveMaintenance"
    ADD CONSTRAINT "PreventiveMaintenance_pkey" PRIMARY KEY (id);


--
-- Name: PriceOverride PriceOverride_pkey; Type: CONSTRAINT; Schema: public; Owner: -
--

ALTER TABLE ONLY public."PriceOverride"
    ADD CONSTRAINT "PriceOverride_pkey" PRIMARY KEY (id);


--
-- Name: PricingRule PricingRule_pkey; Type: CONSTRAINT; Schema: public; Owner: -
--

ALTER TABLE ONLY public."PricingRule"
    ADD CONSTRAINT "PricingRule_pkey" PRIMARY KEY (id);


--
-- Name: Promotion Promotion_pkey; Type: CONSTRAINT; Schema: public; Owner: -
--

ALTER TABLE ONLY public."Promotion"
    ADD CONSTRAINT "Promotion_pkey" PRIMARY KEY (id);


--
-- Name: Property Property_pkey; Type: CONSTRAINT; Schema: public; Owner: -
--

ALTER TABLE ONLY public."Property"
    ADD CONSTRAINT "Property_pkey" PRIMARY KEY (id);


--
-- Name: PurchaseOrderItem PurchaseOrderItem_pkey; Type: CONSTRAINT; Schema: public; Owner: -
--

ALTER TABLE ONLY public."PurchaseOrderItem"
    ADD CONSTRAINT "PurchaseOrderItem_pkey" PRIMARY KEY (id);


--
-- Name: PurchaseOrder PurchaseOrder_pkey; Type: CONSTRAINT; Schema: public; Owner: -
--

ALTER TABLE ONLY public."PurchaseOrder"
    ADD CONSTRAINT "PurchaseOrder_pkey" PRIMARY KEY (id);


--
-- Name: RadiusAuthLog RadiusAuthLog_pkey; Type: CONSTRAINT; Schema: public; Owner: -
--

ALTER TABLE ONLY public."RadiusAuthLog"
    ADD CONSTRAINT "RadiusAuthLog_pkey" PRIMARY KEY (id);


--
-- Name: RadiusCoaLog RadiusCoaLog_pkey; Type: CONSTRAINT; Schema: public; Owner: -
--

ALTER TABLE ONLY public."RadiusCoaLog"
    ADD CONSTRAINT "RadiusCoaLog_pkey" PRIMARY KEY (id);


--
-- Name: RadiusEventUser RadiusEventUser_pkey; Type: CONSTRAINT; Schema: public; Owner: -
--

ALTER TABLE ONLY public."RadiusEventUser"
    ADD CONSTRAINT "RadiusEventUser_pkey" PRIMARY KEY (id);


--
-- Name: RadiusMacAuth RadiusMacAuth_pkey; Type: CONSTRAINT; Schema: public; Owner: -
--

ALTER TABLE ONLY public."RadiusMacAuth"
    ADD CONSTRAINT "RadiusMacAuth_pkey" PRIMARY KEY (id);


--
-- Name: RadiusNAS RadiusNAS_pkey; Type: CONSTRAINT; Schema: public; Owner: -
--

ALTER TABLE ONLY public."RadiusNAS"
    ADD CONSTRAINT "RadiusNAS_pkey" PRIMARY KEY (id);


--
-- Name: RadiusProvisioningLog RadiusProvisioningLog_pkey; Type: CONSTRAINT; Schema: public; Owner: -
--

ALTER TABLE ONLY public."RadiusProvisioningLog"
    ADD CONSTRAINT "RadiusProvisioningLog_pkey" PRIMARY KEY (id);


--
-- Name: RadiusServerConfig RadiusServerConfig_pkey; Type: CONSTRAINT; Schema: public; Owner: -
--

ALTER TABLE ONLY public."RadiusServerConfig"
    ADD CONSTRAINT "RadiusServerConfig_pkey" PRIMARY KEY (id);


--
-- Name: RatePlan RatePlan_pkey; Type: CONSTRAINT; Schema: public; Owner: -
--

ALTER TABLE ONLY public."RatePlan"
    ADD CONSTRAINT "RatePlan_pkey" PRIMARY KEY (id);


--
-- Name: RecipeIngredient RecipeIngredient_pkey; Type: CONSTRAINT; Schema: public; Owner: -
--

ALTER TABLE ONLY public."RecipeIngredient"
    ADD CONSTRAINT "RecipeIngredient_pkey" PRIMARY KEY (id);


--
-- Name: Recipe Recipe_pkey; Type: CONSTRAINT; Schema: public; Owner: -
--

ALTER TABLE ONLY public."Recipe"
    ADD CONSTRAINT "Recipe_pkey" PRIMARY KEY (id);


--
-- Name: Reconciliation Reconciliation_pkey; Type: CONSTRAINT; Schema: public; Owner: -
--

ALTER TABLE ONLY public."Reconciliation"
    ADD CONSTRAINT "Reconciliation_pkey" PRIMARY KEY (id);


--
-- Name: RegistrationCard RegistrationCard_pkey; Type: CONSTRAINT; Schema: public; Owner: -
--

ALTER TABLE ONLY public."RegistrationCard"
    ADD CONSTRAINT "RegistrationCard_pkey" PRIMARY KEY (id);


--
-- Name: RegistrationPlan RegistrationPlan_pkey; Type: CONSTRAINT; Schema: public; Owner: -
--

ALTER TABLE ONLY public."RegistrationPlan"
    ADD CONSTRAINT "RegistrationPlan_pkey" PRIMARY KEY (id);


--
-- Name: ReportCache ReportCache_pkey; Type: CONSTRAINT; Schema: public; Owner: -
--

ALTER TABLE ONLY public."ReportCache"
    ADD CONSTRAINT "ReportCache_pkey" PRIMARY KEY (id);


--
-- Name: ReportHistory ReportHistory_pkey; Type: CONSTRAINT; Schema: public; Owner: -
--

ALTER TABLE ONLY public."ReportHistory"
    ADD CONSTRAINT "ReportHistory_pkey" PRIMARY KEY (id);


--
-- Name: Reservation Reservation_pkey; Type: CONSTRAINT; Schema: public; Owner: -
--

ALTER TABLE ONLY public."Reservation"
    ADD CONSTRAINT "Reservation_pkey" PRIMARY KEY (id);


--
-- Name: RestaurantTable RestaurantTable_pkey; Type: CONSTRAINT; Schema: public; Owner: -
--

ALTER TABLE ONLY public."RestaurantTable"
    ADD CONSTRAINT "RestaurantTable_pkey" PRIMARY KEY (id);


--
-- Name: Role Role_pkey; Type: CONSTRAINT; Schema: public; Owner: -
--

ALTER TABLE ONLY public."Role"
    ADD CONSTRAINT "Role_pkey" PRIMARY KEY (id);


--
-- Name: RoomMoveLog RoomMoveLog_pkey; Type: CONSTRAINT; Schema: public; Owner: -
--

ALTER TABLE ONLY public."RoomMoveLog"
    ADD CONSTRAINT "RoomMoveLog_pkey" PRIMARY KEY (id);


--
-- Name: RoomType RoomType_pkey; Type: CONSTRAINT; Schema: public; Owner: -
--

ALTER TABLE ONLY public."RoomType"
    ADD CONSTRAINT "RoomType_pkey" PRIMARY KEY (id);


--
-- Name: Room Room_pkey; Type: CONSTRAINT; Schema: public; Owner: -
--

ALTER TABLE ONLY public."Room"
    ADD CONSTRAINT "Room_pkey" PRIMARY KEY (id);


--
-- Name: SSOConnection SSOConnection_pkey; Type: CONSTRAINT; Schema: public; Owner: -
--

ALTER TABLE ONLY public."SSOConnection"
    ADD CONSTRAINT "SSOConnection_pkey" PRIMARY KEY (id);


--
-- Name: SSOSession SSOSession_pkey; Type: CONSTRAINT; Schema: public; Owner: -
--

ALTER TABLE ONLY public."SSOSession"
    ADD CONSTRAINT "SSOSession_pkey" PRIMARY KEY (id);


--
-- Name: ScheduleAccess ScheduleAccess_pkey; Type: CONSTRAINT; Schema: public; Owner: -
--

ALTER TABLE ONLY public."ScheduleAccess"
    ADD CONSTRAINT "ScheduleAccess_pkey" PRIMARY KEY (id);


--
-- Name: ScheduledCharge ScheduledCharge_pkey; Type: CONSTRAINT; Schema: public; Owner: -
--

ALTER TABLE ONLY public."ScheduledCharge"
    ADD CONSTRAINT "ScheduledCharge_pkey" PRIMARY KEY (id);


--
-- Name: ScheduledNotification ScheduledNotification_pkey; Type: CONSTRAINT; Schema: public; Owner: -
--

ALTER TABLE ONLY public."ScheduledNotification"
    ADD CONSTRAINT "ScheduledNotification_pkey" PRIMARY KEY (id);


--
-- Name: ScheduledReport ScheduledReport_pkey; Type: CONSTRAINT; Schema: public; Owner: -
--

ALTER TABLE ONLY public."ScheduledReport"
    ADD CONSTRAINT "ScheduledReport_pkey" PRIMARY KEY (id);


--
-- Name: SecurityEvent SecurityEvent_pkey; Type: CONSTRAINT; Schema: public; Owner: -
--

ALTER TABLE ONLY public."SecurityEvent"
    ADD CONSTRAINT "SecurityEvent_pkey" PRIMARY KEY (id);


--
-- Name: SecurityIncident SecurityIncident_pkey; Type: CONSTRAINT; Schema: public; Owner: -
--

ALTER TABLE ONLY public."SecurityIncident"
    ADD CONSTRAINT "SecurityIncident_pkey" PRIMARY KEY (id);


--
-- Name: SecuritySettings SecuritySettings_pkey; Type: CONSTRAINT; Schema: public; Owner: -
--

ALTER TABLE ONLY public."SecuritySettings"
    ADD CONSTRAINT "SecuritySettings_pkey" PRIMARY KEY (id);


--
-- Name: SegmentMembership SegmentMembership_pkey; Type: CONSTRAINT; Schema: public; Owner: -
--

ALTER TABLE ONLY public."SegmentMembership"
    ADD CONSTRAINT "SegmentMembership_pkey" PRIMARY KEY (id);


--
-- Name: ServiceRequest ServiceRequest_pkey; Type: CONSTRAINT; Schema: public; Owner: -
--

ALTER TABLE ONLY public."ServiceRequest"
    ADD CONSTRAINT "ServiceRequest_pkey" PRIMARY KEY (id);


--
-- Name: Session Session_pkey; Type: CONSTRAINT; Schema: public; Owner: -
--

ALTER TABLE ONLY public."Session"
    ADD CONSTRAINT "Session_pkey" PRIMARY KEY (id);


--
-- Name: ShiftTemplate ShiftTemplate_pkey; Type: CONSTRAINT; Schema: public; Owner: -
--

ALTER TABLE ONLY public."ShiftTemplate"
    ADD CONSTRAINT "ShiftTemplate_pkey" PRIMARY KEY (id);


--
-- Name: StaffAttendance StaffAttendance_pkey; Type: CONSTRAINT; Schema: public; Owner: -
--

ALTER TABLE ONLY public."StaffAttendance"
    ADD CONSTRAINT "StaffAttendance_pkey" PRIMARY KEY (id);


--
-- Name: StaffChannelMember StaffChannelMember_pkey; Type: CONSTRAINT; Schema: public; Owner: -
--

ALTER TABLE ONLY public."StaffChannelMember"
    ADD CONSTRAINT "StaffChannelMember_pkey" PRIMARY KEY (id);


--
-- Name: StaffChannel StaffChannel_pkey; Type: CONSTRAINT; Schema: public; Owner: -
--

ALTER TABLE ONLY public."StaffChannel"
    ADD CONSTRAINT "StaffChannel_pkey" PRIMARY KEY (id);


--
-- Name: StaffChatMessage StaffChatMessage_pkey; Type: CONSTRAINT; Schema: public; Owner: -
--

ALTER TABLE ONLY public."StaffChatMessage"
    ADD CONSTRAINT "StaffChatMessage_pkey" PRIMARY KEY (id);


--
-- Name: StaffLeave StaffLeave_pkey; Type: CONSTRAINT; Schema: public; Owner: -
--

ALTER TABLE ONLY public."StaffLeave"
    ADD CONSTRAINT "StaffLeave_pkey" PRIMARY KEY (id);


--
-- Name: StaffPerformance StaffPerformance_pkey; Type: CONSTRAINT; Schema: public; Owner: -
--

ALTER TABLE ONLY public."StaffPerformance"
    ADD CONSTRAINT "StaffPerformance_pkey" PRIMARY KEY (id);


--
-- Name: StaffSchedule StaffSchedule_pkey; Type: CONSTRAINT; Schema: public; Owner: -
--

ALTER TABLE ONLY public."StaffSchedule"
    ADD CONSTRAINT "StaffSchedule_pkey" PRIMARY KEY (id);


--
-- Name: StaffShift StaffShift_pkey; Type: CONSTRAINT; Schema: public; Owner: -
--

ALTER TABLE ONLY public."StaffShift"
    ADD CONSTRAINT "StaffShift_pkey" PRIMARY KEY (id);


--
-- Name: StaffSkill StaffSkill_pkey; Type: CONSTRAINT; Schema: public; Owner: -
--

ALTER TABLE ONLY public."StaffSkill"
    ADD CONSTRAINT "StaffSkill_pkey" PRIMARY KEY (id);


--
-- Name: StaffWorkload StaffWorkload_pkey; Type: CONSTRAINT; Schema: public; Owner: -
--

ALTER TABLE ONLY public."StaffWorkload"
    ADD CONSTRAINT "StaffWorkload_pkey" PRIMARY KEY (id);


--
-- Name: StaticRoute StaticRoute_pkey; Type: CONSTRAINT; Schema: public; Owner: -
--

ALTER TABLE ONLY public."StaticRoute"
    ADD CONSTRAINT "StaticRoute_pkey" PRIMARY KEY (id);


--
-- Name: StockConsumption StockConsumption_pkey; Type: CONSTRAINT; Schema: public; Owner: -
--

ALTER TABLE ONLY public."StockConsumption"
    ADD CONSTRAINT "StockConsumption_pkey" PRIMARY KEY (id);


--
-- Name: StockItem StockItem_pkey; Type: CONSTRAINT; Schema: public; Owner: -
--

ALTER TABLE ONLY public."StockItem"
    ADD CONSTRAINT "StockItem_pkey" PRIMARY KEY (id);


--
-- Name: SubscriptionInvoice SubscriptionInvoice_pkey; Type: CONSTRAINT; Schema: public; Owner: -
--

ALTER TABLE ONLY public."SubscriptionInvoice"
    ADD CONSTRAINT "SubscriptionInvoice_pkey" PRIMARY KEY (id);


--
-- Name: SubscriptionPlan SubscriptionPlan_pkey; Type: CONSTRAINT; Schema: public; Owner: -
--

ALTER TABLE ONLY public."SubscriptionPlan"
    ADD CONSTRAINT "SubscriptionPlan_pkey" PRIMARY KEY (id);


--
-- Name: Subscription Subscription_pkey; Type: CONSTRAINT; Schema: public; Owner: -
--

ALTER TABLE ONLY public."Subscription"
    ADD CONSTRAINT "Subscription_pkey" PRIMARY KEY (id);


--
-- Name: SurveillanceConfig SurveillanceConfig_pkey; Type: CONSTRAINT; Schema: public; Owner: -
--

ALTER TABLE ONLY public."SurveillanceConfig"
    ADD CONSTRAINT "SurveillanceConfig_pkey" PRIMARY KEY (id);


--
-- Name: SyslogServer SyslogServer_pkey; Type: CONSTRAINT; Schema: public; Owner: -
--

ALTER TABLE ONLY public."SyslogServer"
    ADD CONSTRAINT "SyslogServer_pkey" PRIMARY KEY (id);


--
-- Name: SystemNetworkHealth SystemNetworkHealth_pkey; Type: CONSTRAINT; Schema: public; Owner: -
--

ALTER TABLE ONLY public."SystemNetworkHealth"
    ADD CONSTRAINT "SystemNetworkHealth_pkey" PRIMARY KEY (id);


--
-- Name: TableMerge TableMerge_pkey; Type: CONSTRAINT; Schema: public; Owner: -
--

ALTER TABLE ONLY public."TableMerge"
    ADD CONSTRAINT "TableMerge_pkey" PRIMARY KEY (id);


--
-- Name: TaskAssignmentSuggestion TaskAssignmentSuggestion_pkey; Type: CONSTRAINT; Schema: public; Owner: -
--

ALTER TABLE ONLY public."TaskAssignmentSuggestion"
    ADD CONSTRAINT "TaskAssignmentSuggestion_pkey" PRIMARY KEY (id);


--
-- Name: Task Task_pkey; Type: CONSTRAINT; Schema: public; Owner: -
--

ALTER TABLE ONLY public."Task"
    ADD CONSTRAINT "Task_pkey" PRIMARY KEY (id);


--
-- Name: TaxReport TaxReport_pkey; Type: CONSTRAINT; Schema: public; Owner: -
--

ALTER TABLE ONLY public."TaxReport"
    ADD CONSTRAINT "TaxReport_pkey" PRIMARY KEY (id);


--
-- Name: Tenant Tenant_pkey; Type: CONSTRAINT; Schema: public; Owner: -
--

ALTER TABLE ONLY public."Tenant"
    ADD CONSTRAINT "Tenant_pkey" PRIMARY KEY (id);


--
-- Name: UsageLog UsageLog_pkey; Type: CONSTRAINT; Schema: public; Owner: -
--

ALTER TABLE ONLY public."UsageLog"
    ADD CONSTRAINT "UsageLog_pkey" PRIMARY KEY (id);


--
-- Name: UsageSummary UsageSummary_pkey; Type: CONSTRAINT; Schema: public; Owner: -
--

ALTER TABLE ONLY public."UsageSummary"
    ADD CONSTRAINT "UsageSummary_pkey" PRIMARY KEY (id);


--
-- Name: UserFcmToken UserFcmToken_pkey; Type: CONSTRAINT; Schema: public; Owner: -
--

ALTER TABLE ONLY public."UserFcmToken"
    ADD CONSTRAINT "UserFcmToken_pkey" PRIMARY KEY (id);


--
-- Name: UserTutorial UserTutorial_pkey; Type: CONSTRAINT; Schema: public; Owner: -
--

ALTER TABLE ONLY public."UserTutorial"
    ADD CONSTRAINT "UserTutorial_pkey" PRIMARY KEY (id);


--
-- Name: User User_pkey; Type: CONSTRAINT; Schema: public; Owner: -
--

ALTER TABLE ONLY public."User"
    ADD CONSTRAINT "User_pkey" PRIMARY KEY (id);


--
-- Name: Vehicle Vehicle_pkey; Type: CONSTRAINT; Schema: public; Owner: -
--

ALTER TABLE ONLY public."Vehicle"
    ADD CONSTRAINT "Vehicle_pkey" PRIMARY KEY (id);


--
-- Name: VendorPayment VendorPayment_pkey; Type: CONSTRAINT; Schema: public; Owner: -
--

ALTER TABLE ONLY public."VendorPayment"
    ADD CONSTRAINT "VendorPayment_pkey" PRIMARY KEY (id);


--
-- Name: Vendor Vendor_pkey; Type: CONSTRAINT; Schema: public; Owner: -
--

ALTER TABLE ONLY public."Vendor"
    ADD CONSTRAINT "Vendor_pkey" PRIMARY KEY (id);


--
-- Name: VlanConfig VlanConfig_pkey; Type: CONSTRAINT; Schema: public; Owner: -
--

ALTER TABLE ONLY public."VlanConfig"
    ADD CONSTRAINT "VlanConfig_pkey" PRIMARY KEY (id);


--
-- Name: WaitlistEntry WaitlistEntry_pkey; Type: CONSTRAINT; Schema: public; Owner: -
--

ALTER TABLE ONLY public."WaitlistEntry"
    ADD CONSTRAINT "WaitlistEntry_pkey" PRIMARY KEY (id);


--
-- Name: WanFailover WanFailover_pkey; Type: CONSTRAINT; Schema: public; Owner: -
--

ALTER TABLE ONLY public."WanFailover"
    ADD CONSTRAINT "WanFailover_pkey" PRIMARY KEY (id);


--
-- Name: WebCategorySchedule WebCategorySchedule_pkey; Type: CONSTRAINT; Schema: public; Owner: -
--

ALTER TABLE ONLY public."WebCategorySchedule"
    ADD CONSTRAINT "WebCategorySchedule_pkey" PRIMARY KEY (id);


--
-- Name: WebCategory WebCategory_pkey; Type: CONSTRAINT; Schema: public; Owner: -
--

ALTER TABLE ONLY public."WebCategory"
    ADD CONSTRAINT "WebCategory_pkey" PRIMARY KEY (id);


--
-- Name: WebhookDeliveryLog WebhookDeliveryLog_pkey; Type: CONSTRAINT; Schema: public; Owner: -
--

ALTER TABLE ONLY public."WebhookDeliveryLog"
    ADD CONSTRAINT "WebhookDeliveryLog_pkey" PRIMARY KEY (id);


--
-- Name: WebhookEndpoint WebhookEndpoint_pkey; Type: CONSTRAINT; Schema: public; Owner: -
--

ALTER TABLE ONLY public."WebhookEndpoint"
    ADD CONSTRAINT "WebhookEndpoint_pkey" PRIMARY KEY (id);


--
-- Name: WiFiAAAConfig WiFiAAAConfig_pkey; Type: CONSTRAINT; Schema: public; Owner: -
--

ALTER TABLE ONLY public."WiFiAAAConfig"
    ADD CONSTRAINT "WiFiAAAConfig_pkey" PRIMARY KEY (id);


--
-- Name: WiFiAccountingSync WiFiAccountingSync_pkey; Type: CONSTRAINT; Schema: public; Owner: -
--

ALTER TABLE ONLY public."WiFiAccountingSync"
    ADD CONSTRAINT "WiFiAccountingSync_pkey" PRIMARY KEY (id);


--
-- Name: WiFiGateway WiFiGateway_pkey; Type: CONSTRAINT; Schema: public; Owner: -
--

ALTER TABLE ONLY public."WiFiGateway"
    ADD CONSTRAINT "WiFiGateway_pkey" PRIMARY KEY (id);


--
-- Name: WiFiPlan WiFiPlan_pkey; Type: CONSTRAINT; Schema: public; Owner: -
--

ALTER TABLE ONLY public."WiFiPlan"
    ADD CONSTRAINT "WiFiPlan_pkey" PRIMARY KEY (id);


--
-- Name: WiFiSession WiFiSession_pkey; Type: CONSTRAINT; Schema: public; Owner: -
--

ALTER TABLE ONLY public."WiFiSession"
    ADD CONSTRAINT "WiFiSession_pkey" PRIMARY KEY (id);


--
-- Name: WiFiUserStatusHistory WiFiUserStatusHistory_pkey; Type: CONSTRAINT; Schema: public; Owner: -
--

ALTER TABLE ONLY public."WiFiUserStatusHistory"
    ADD CONSTRAINT "WiFiUserStatusHistory_pkey" PRIMARY KEY (id);


--
-- Name: WiFiUser WiFiUser_pkey; Type: CONSTRAINT; Schema: public; Owner: -
--

ALTER TABLE ONLY public."WiFiUser"
    ADD CONSTRAINT "WiFiUser_pkey" PRIMARY KEY (id);


--
-- Name: WiFiVoucher WiFiVoucher_pkey; Type: CONSTRAINT; Schema: public; Owner: -
--

ALTER TABLE ONLY public."WiFiVoucher"
    ADD CONSTRAINT "WiFiVoucher_pkey" PRIMARY KEY (id);


--
-- Name: WorkOrder WorkOrder_pkey; Type: CONSTRAINT; Schema: public; Owner: -
--

ALTER TABLE ONLY public."WorkOrder"
    ADD CONSTRAINT "WorkOrder_pkey" PRIMARY KEY (id);


--
-- Name: _CaptivePortalToVlanConfig _CaptivePortalToVlanConfig_AB_pkey; Type: CONSTRAINT; Schema: public; Owner: -
--

ALTER TABLE ONLY public."_CaptivePortalToVlanConfig"
    ADD CONSTRAINT "_CaptivePortalToVlanConfig_AB_pkey" PRIMARY KEY ("A", "B");


--
-- Name: _ModifierItems _ModifierItems_AB_pkey; Type: CONSTRAINT; Schema: public; Owner: -
--

ALTER TABLE ONLY public."_ModifierItems"
    ADD CONSTRAINT "_ModifierItems_AB_pkey" PRIMARY KEY ("A", "B");


--
-- Name: data_usage_by_period data_usage_by_period_pkey; Type: CONSTRAINT; Schema: public; Owner: -
--

ALTER TABLE ONLY public.data_usage_by_period
    ADD CONSTRAINT data_usage_by_period_pkey PRIMARY KEY (username, period_start);


--
-- Name: fup_switch_log fup_switch_log_pkey; Type: CONSTRAINT; Schema: public; Owner: -
--

ALTER TABLE ONLY public.fup_switch_log
    ADD CONSTRAINT fup_switch_log_pkey PRIMARY KEY (id);


--
-- Name: nas nas_pkey; Type: CONSTRAINT; Schema: public; Owner: -
--

ALTER TABLE ONLY public.nas
    ADD CONSTRAINT nas_pkey PRIMARY KEY (id);


--
-- Name: nasreload nasreload_pkey; Type: CONSTRAINT; Schema: public; Owner: -
--

ALTER TABLE ONLY public.nasreload
    ADD CONSTRAINT nasreload_pkey PRIMARY KEY (nasipaddress);


--
-- Name: radacct radacct_pkey; Type: CONSTRAINT; Schema: public; Owner: -
--

ALTER TABLE ONLY public.radacct
    ADD CONSTRAINT radacct_pkey PRIMARY KEY (radacctid);


--
-- Name: radcheck radcheck_pkey; Type: CONSTRAINT; Schema: public; Owner: -
--

ALTER TABLE ONLY public.radcheck
    ADD CONSTRAINT radcheck_pkey PRIMARY KEY (id);


--
-- Name: radgroupcheck radgroupcheck_pkey; Type: CONSTRAINT; Schema: public; Owner: -
--

ALTER TABLE ONLY public.radgroupcheck
    ADD CONSTRAINT radgroupcheck_pkey PRIMARY KEY (id);


--
-- Name: radgroupreply radgroupreply_pkey; Type: CONSTRAINT; Schema: public; Owner: -
--

ALTER TABLE ONLY public.radgroupreply
    ADD CONSTRAINT radgroupreply_pkey PRIMARY KEY (id);


--
-- Name: radpostauth radpostauth_pkey; Type: CONSTRAINT; Schema: public; Owner: -
--

ALTER TABLE ONLY public.radpostauth
    ADD CONSTRAINT radpostauth_pkey PRIMARY KEY (id);


--
-- Name: radreply radreply_pkey; Type: CONSTRAINT; Schema: public; Owner: -
--

ALTER TABLE ONLY public.radreply
    ADD CONSTRAINT radreply_pkey PRIMARY KEY (id);


--
-- Name: radusergroup radusergroup_pkey; Type: CONSTRAINT; Schema: public; Owner: -
--

ALTER TABLE ONLY public.radusergroup
    ADD CONSTRAINT radusergroup_pkey PRIMARY KEY (id);


--
-- Name: AISuggestion_status_idx; Type: INDEX; Schema: public; Owner: -
--

CREATE INDEX "AISuggestion_status_idx" ON public."AISuggestion" USING btree (status);


--
-- Name: AISuggestion_tenantId_idx; Type: INDEX; Schema: public; Owner: -
--

CREATE INDEX "AISuggestion_tenantId_idx" ON public."AISuggestion" USING btree ("tenantId");


--
-- Name: AISuggestion_type_idx; Type: INDEX; Schema: public; Owner: -
--

CREATE INDEX "AISuggestion_type_idx" ON public."AISuggestion" USING btree (type);


--
-- Name: AdCampaign_platform_idx; Type: INDEX; Schema: public; Owner: -
--

CREATE INDEX "AdCampaign_platform_idx" ON public."AdCampaign" USING btree (platform);


--
-- Name: AdCampaign_status_idx; Type: INDEX; Schema: public; Owner: -
--

CREATE INDEX "AdCampaign_status_idx" ON public."AdCampaign" USING btree (status);


--
-- Name: AdCampaign_tenantId_idx; Type: INDEX; Schema: public; Owner: -
--

CREATE INDEX "AdCampaign_tenantId_idx" ON public."AdCampaign" USING btree ("tenantId");


--
-- Name: AdCampaign_type_idx; Type: INDEX; Schema: public; Owner: -
--

CREATE INDEX "AdCampaign_type_idx" ON public."AdCampaign" USING btree (type);


--
-- Name: AdPerformance_campaignId_date_key; Type: INDEX; Schema: public; Owner: -
--

CREATE UNIQUE INDEX "AdPerformance_campaignId_date_key" ON public."AdPerformance" USING btree ("campaignId", date);


--
-- Name: AdPerformance_campaignId_idx; Type: INDEX; Schema: public; Owner: -
--

CREATE INDEX "AdPerformance_campaignId_idx" ON public."AdPerformance" USING btree ("campaignId");


--
-- Name: AdPerformance_date_idx; Type: INDEX; Schema: public; Owner: -
--

CREATE INDEX "AdPerformance_date_idx" ON public."AdPerformance" USING btree (date);


--
-- Name: AiConversationMessage_conversationId_idx; Type: INDEX; Schema: public; Owner: -
--

CREATE INDEX "AiConversationMessage_conversationId_idx" ON public."AiConversationMessage" USING btree ("conversationId");


--
-- Name: AiConversationMessage_createdAt_idx; Type: INDEX; Schema: public; Owner: -
--

CREATE INDEX "AiConversationMessage_createdAt_idx" ON public."AiConversationMessage" USING btree ("createdAt");


--
-- Name: AiConversation_createdAt_idx; Type: INDEX; Schema: public; Owner: -
--

CREATE INDEX "AiConversation_createdAt_idx" ON public."AiConversation" USING btree ("createdAt");


--
-- Name: AiConversation_tenantId_idx; Type: INDEX; Schema: public; Owner: -
--

CREATE INDEX "AiConversation_tenantId_idx" ON public."AiConversation" USING btree ("tenantId");


--
-- Name: AiConversation_userId_idx; Type: INDEX; Schema: public; Owner: -
--

CREATE INDEX "AiConversation_userId_idx" ON public."AiConversation" USING btree ("userId");


--
-- Name: Amenity_category_idx; Type: INDEX; Schema: public; Owner: -
--

CREATE INDEX "Amenity_category_idx" ON public."Amenity" USING btree (category);


--
-- Name: Amenity_tenantId_idx; Type: INDEX; Schema: public; Owner: -
--

CREATE INDEX "Amenity_tenantId_idx" ON public."Amenity" USING btree ("tenantId");


--
-- Name: Amenity_tenantId_name_key; Type: INDEX; Schema: public; Owner: -
--

CREATE UNIQUE INDEX "Amenity_tenantId_name_key" ON public."Amenity" USING btree ("tenantId", name);


--
-- Name: Asset_category_idx; Type: INDEX; Schema: public; Owner: -
--

CREATE INDEX "Asset_category_idx" ON public."Asset" USING btree (category);


--
-- Name: Asset_propertyId_idx; Type: INDEX; Schema: public; Owner: -
--

CREATE INDEX "Asset_propertyId_idx" ON public."Asset" USING btree ("propertyId");


--
-- Name: Asset_roomId_idx; Type: INDEX; Schema: public; Owner: -
--

CREATE INDEX "Asset_roomId_idx" ON public."Asset" USING btree ("roomId");


--
-- Name: Asset_status_idx; Type: INDEX; Schema: public; Owner: -
--

CREATE INDEX "Asset_status_idx" ON public."Asset" USING btree (status);


--
-- Name: Asset_tenantId_idx; Type: INDEX; Schema: public; Owner: -
--

CREATE INDEX "Asset_tenantId_idx" ON public."Asset" USING btree ("tenantId");


--
-- Name: AuditLog_entityType_entityId_idx; Type: INDEX; Schema: public; Owner: -
--

CREATE INDEX "AuditLog_entityType_entityId_idx" ON public."AuditLog" USING btree ("entityType", "entityId");


--
-- Name: AuditLog_tenantId_idx; Type: INDEX; Schema: public; Owner: -
--

CREATE INDEX "AuditLog_tenantId_idx" ON public."AuditLog" USING btree ("tenantId");


--
-- Name: AuditLog_userId_idx; Type: INDEX; Schema: public; Owner: -
--

CREATE INDEX "AuditLog_userId_idx" ON public."AuditLog" USING btree ("userId");


--
-- Name: AutomationExecutionLog_executedAt_idx; Type: INDEX; Schema: public; Owner: -
--

CREATE INDEX "AutomationExecutionLog_executedAt_idx" ON public."AutomationExecutionLog" USING btree ("executedAt");


--
-- Name: AutomationExecutionLog_ruleId_idx; Type: INDEX; Schema: public; Owner: -
--

CREATE INDEX "AutomationExecutionLog_ruleId_idx" ON public."AutomationExecutionLog" USING btree ("ruleId");


--
-- Name: AutomationRule_tenantId_idx; Type: INDEX; Schema: public; Owner: -
--

CREATE INDEX "AutomationRule_tenantId_idx" ON public."AutomationRule" USING btree ("tenantId");


--
-- Name: AutomationRule_triggerEvent_idx; Type: INDEX; Schema: public; Owner: -
--

CREATE INDEX "AutomationRule_triggerEvent_idx" ON public."AutomationRule" USING btree ("triggerEvent");


--
-- Name: BandwidthPolicyDetail_bandwidthPolicyId_idx; Type: INDEX; Schema: public; Owner: -
--

CREATE INDEX "BandwidthPolicyDetail_bandwidthPolicyId_idx" ON public."BandwidthPolicyDetail" USING btree ("bandwidthPolicyId");


--
-- Name: BandwidthPolicyDetail_isEnabled_idx; Type: INDEX; Schema: public; Owner: -
--

CREATE INDEX "BandwidthPolicyDetail_isEnabled_idx" ON public."BandwidthPolicyDetail" USING btree ("isEnabled");


--
-- Name: BandwidthPolicyDetail_scheduleAccessId_idx; Type: INDEX; Schema: public; Owner: -
--

CREATE INDEX "BandwidthPolicyDetail_scheduleAccessId_idx" ON public."BandwidthPolicyDetail" USING btree ("scheduleAccessId");


--
-- Name: BandwidthPolicyDetail_tenantId_idx; Type: INDEX; Schema: public; Owner: -
--

CREATE INDEX "BandwidthPolicyDetail_tenantId_idx" ON public."BandwidthPolicyDetail" USING btree ("tenantId");


--
-- Name: BandwidthPolicy_enabled_idx; Type: INDEX; Schema: public; Owner: -
--

CREATE INDEX "BandwidthPolicy_enabled_idx" ON public."BandwidthPolicy" USING btree (enabled);


--
-- Name: BandwidthPolicy_planId_idx; Type: INDEX; Schema: public; Owner: -
--

CREATE INDEX "BandwidthPolicy_planId_idx" ON public."BandwidthPolicy" USING btree ("planId");


--
-- Name: BandwidthPolicy_propertyId_idx; Type: INDEX; Schema: public; Owner: -
--

CREATE INDEX "BandwidthPolicy_propertyId_idx" ON public."BandwidthPolicy" USING btree ("propertyId");


--
-- Name: BandwidthPolicy_tenantId_idx; Type: INDEX; Schema: public; Owner: -
--

CREATE INDEX "BandwidthPolicy_tenantId_idx" ON public."BandwidthPolicy" USING btree ("tenantId");


--
-- Name: BandwidthPool_enabled_idx; Type: INDEX; Schema: public; Owner: -
--

CREATE INDEX "BandwidthPool_enabled_idx" ON public."BandwidthPool" USING btree (enabled);


--
-- Name: BandwidthPool_propertyId_idx; Type: INDEX; Schema: public; Owner: -
--

CREATE INDEX "BandwidthPool_propertyId_idx" ON public."BandwidthPool" USING btree ("propertyId");


--
-- Name: BandwidthPool_tenantId_idx; Type: INDEX; Schema: public; Owner: -
--

CREATE INDEX "BandwidthPool_tenantId_idx" ON public."BandwidthPool" USING btree ("tenantId");


--
-- Name: BandwidthPool_vlanId_idx; Type: INDEX; Schema: public; Owner: -
--

CREATE INDEX "BandwidthPool_vlanId_idx" ON public."BandwidthPool" USING btree ("vlanId");


--
-- Name: BandwidthTopup_enabled_idx; Type: INDEX; Schema: public; Owner: -
--

CREATE INDEX "BandwidthTopup_enabled_idx" ON public."BandwidthTopup" USING btree (enabled);


--
-- Name: BandwidthTopup_propertyId_idx; Type: INDEX; Schema: public; Owner: -
--

CREATE INDEX "BandwidthTopup_propertyId_idx" ON public."BandwidthTopup" USING btree ("propertyId");


--
-- Name: BandwidthTopup_tenantId_idx; Type: INDEX; Schema: public; Owner: -
--

CREATE INDEX "BandwidthTopup_tenantId_idx" ON public."BandwidthTopup" USING btree ("tenantId");


--
-- Name: BandwidthUsageDaily_date_idx; Type: INDEX; Schema: public; Owner: -
--

CREATE INDEX "BandwidthUsageDaily_date_idx" ON public."BandwidthUsageDaily" USING btree (date);


--
-- Name: BandwidthUsageDaily_propertyId_date_key; Type: INDEX; Schema: public; Owner: -
--

CREATE UNIQUE INDEX "BandwidthUsageDaily_propertyId_date_key" ON public."BandwidthUsageDaily" USING btree ("propertyId", date);


--
-- Name: BandwidthUsageDaily_propertyId_idx; Type: INDEX; Schema: public; Owner: -
--

CREATE INDEX "BandwidthUsageDaily_propertyId_idx" ON public."BandwidthUsageDaily" USING btree ("propertyId");


--
-- Name: BandwidthUsageDaily_tenantId_idx; Type: INDEX; Schema: public; Owner: -
--

CREATE INDEX "BandwidthUsageDaily_tenantId_idx" ON public."BandwidthUsageDaily" USING btree ("tenantId");


--
-- Name: BandwidthUsageSession_endedAt_idx; Type: INDEX; Schema: public; Owner: -
--

CREATE INDEX "BandwidthUsageSession_endedAt_idx" ON public."BandwidthUsageSession" USING btree ("endedAt");


--
-- Name: BandwidthUsageSession_ipAddress_idx; Type: INDEX; Schema: public; Owner: -
--

CREATE INDEX "BandwidthUsageSession_ipAddress_idx" ON public."BandwidthUsageSession" USING btree ("ipAddress");


--
-- Name: BandwidthUsageSession_propertyId_idx; Type: INDEX; Schema: public; Owner: -
--

CREATE INDEX "BandwidthUsageSession_propertyId_idx" ON public."BandwidthUsageSession" USING btree ("propertyId");


--
-- Name: BandwidthUsageSession_sessionId_idx; Type: INDEX; Schema: public; Owner: -
--

CREATE INDEX "BandwidthUsageSession_sessionId_idx" ON public."BandwidthUsageSession" USING btree ("sessionId");


--
-- Name: BandwidthUsageSession_startedAt_idx; Type: INDEX; Schema: public; Owner: -
--

CREATE INDEX "BandwidthUsageSession_startedAt_idx" ON public."BandwidthUsageSession" USING btree ("startedAt");


--
-- Name: BandwidthUsageSession_tenantId_idx; Type: INDEX; Schema: public; Owner: -
--

CREATE INDEX "BandwidthUsageSession_tenantId_idx" ON public."BandwidthUsageSession" USING btree ("tenantId");


--
-- Name: BankAccount_bankName_idx; Type: INDEX; Schema: public; Owner: -
--

CREATE INDEX "BankAccount_bankName_idx" ON public."BankAccount" USING btree ("bankName");


--
-- Name: BankAccount_status_idx; Type: INDEX; Schema: public; Owner: -
--

CREATE INDEX "BankAccount_status_idx" ON public."BankAccount" USING btree (status);


--
-- Name: BankAccount_tenantId_idx; Type: INDEX; Schema: public; Owner: -
--

CREATE INDEX "BankAccount_tenantId_idx" ON public."BankAccount" USING btree ("tenantId");


--
-- Name: BankTransaction_bankAccountId_idx; Type: INDEX; Schema: public; Owner: -
--

CREATE INDEX "BankTransaction_bankAccountId_idx" ON public."BankTransaction" USING btree ("bankAccountId");


--
-- Name: BankTransaction_importBatchId_idx; Type: INDEX; Schema: public; Owner: -
--

CREATE INDEX "BankTransaction_importBatchId_idx" ON public."BankTransaction" USING btree ("importBatchId");


--
-- Name: BankTransaction_isReconciled_idx; Type: INDEX; Schema: public; Owner: -
--

CREATE INDEX "BankTransaction_isReconciled_idx" ON public."BankTransaction" USING btree ("isReconciled");


--
-- Name: BankTransaction_tenantId_idx; Type: INDEX; Schema: public; Owner: -
--

CREATE INDEX "BankTransaction_tenantId_idx" ON public."BankTransaction" USING btree ("tenantId");


--
-- Name: BankTransaction_transactionDate_idx; Type: INDEX; Schema: public; Owner: -
--

CREATE INDEX "BankTransaction_transactionDate_idx" ON public."BankTransaction" USING btree ("transactionDate");


--
-- Name: BankTransaction_transactionType_idx; Type: INDEX; Schema: public; Owner: -
--

CREATE INDEX "BankTransaction_transactionType_idx" ON public."BankTransaction" USING btree ("transactionType");


--
-- Name: BondConfig_propertyId_idx; Type: INDEX; Schema: public; Owner: -
--

CREATE INDEX "BondConfig_propertyId_idx" ON public."BondConfig" USING btree ("propertyId");


--
-- Name: BondConfig_propertyId_name_key; Type: INDEX; Schema: public; Owner: -
--

CREATE UNIQUE INDEX "BondConfig_propertyId_name_key" ON public."BondConfig" USING btree ("propertyId", name);


--
-- Name: BondConfig_tenantId_idx; Type: INDEX; Schema: public; Owner: -
--

CREATE INDEX "BondConfig_tenantId_idx" ON public."BondConfig" USING btree ("tenantId");


--
-- Name: BondMember_bondConfigId_idx; Type: INDEX; Schema: public; Owner: -
--

CREATE INDEX "BondMember_bondConfigId_idx" ON public."BondMember" USING btree ("bondConfigId");


--
-- Name: BondMember_bondConfigId_interfaceId_key; Type: INDEX; Schema: public; Owner: -
--

CREATE UNIQUE INDEX "BondMember_bondConfigId_interfaceId_key" ON public."BondMember" USING btree ("bondConfigId", "interfaceId");


--
-- Name: BookingAuditLog_bookingId_idx; Type: INDEX; Schema: public; Owner: -
--

CREATE INDEX "BookingAuditLog_bookingId_idx" ON public."BookingAuditLog" USING btree ("bookingId");


--
-- Name: Booking_checkIn_idx; Type: INDEX; Schema: public; Owner: -
--

CREATE INDEX "Booking_checkIn_idx" ON public."Booking" USING btree ("checkIn");


--
-- Name: Booking_checkOut_idx; Type: INDEX; Schema: public; Owner: -
--

CREATE INDEX "Booking_checkOut_idx" ON public."Booking" USING btree ("checkOut");


--
-- Name: Booking_confirmationCode_key; Type: INDEX; Schema: public; Owner: -
--

CREATE UNIQUE INDEX "Booking_confirmationCode_key" ON public."Booking" USING btree ("confirmationCode");


--
-- Name: Booking_groupId_idx; Type: INDEX; Schema: public; Owner: -
--

CREATE INDEX "Booking_groupId_idx" ON public."Booking" USING btree ("groupId");


--
-- Name: Booking_idempotencyKey_key; Type: INDEX; Schema: public; Owner: -
--

CREATE UNIQUE INDEX "Booking_idempotencyKey_key" ON public."Booking" USING btree ("idempotencyKey");


--
-- Name: Booking_portalToken_key; Type: INDEX; Schema: public; Owner: -
--

CREATE UNIQUE INDEX "Booking_portalToken_key" ON public."Booking" USING btree ("portalToken");


--
-- Name: Booking_primaryGuestId_idx; Type: INDEX; Schema: public; Owner: -
--

CREATE INDEX "Booking_primaryGuestId_idx" ON public."Booking" USING btree ("primaryGuestId");


--
-- Name: Booking_propertyId_idx; Type: INDEX; Schema: public; Owner: -
--

CREATE INDEX "Booking_propertyId_idx" ON public."Booking" USING btree ("propertyId");


--
-- Name: Booking_status_idx; Type: INDEX; Schema: public; Owner: -
--

CREATE INDEX "Booking_status_idx" ON public."Booking" USING btree (status);


--
-- Name: Booking_tenantId_checkIn_idx; Type: INDEX; Schema: public; Owner: -
--

CREATE INDEX "Booking_tenantId_checkIn_idx" ON public."Booking" USING btree ("tenantId", "checkIn");


--
-- Name: Booking_tenantId_checkOut_idx; Type: INDEX; Schema: public; Owner: -
--

CREATE INDEX "Booking_tenantId_checkOut_idx" ON public."Booking" USING btree ("tenantId", "checkOut");


--
-- Name: Booking_tenantId_idx; Type: INDEX; Schema: public; Owner: -
--

CREATE INDEX "Booking_tenantId_idx" ON public."Booking" USING btree ("tenantId");


--
-- Name: Booking_tenantId_propertyId_status_idx; Type: INDEX; Schema: public; Owner: -
--

CREATE INDEX "Booking_tenantId_propertyId_status_idx" ON public."Booking" USING btree ("tenantId", "propertyId", status);


--
-- Name: Brand_code_key; Type: INDEX; Schema: public; Owner: -
--

CREATE UNIQUE INDEX "Brand_code_key" ON public."Brand" USING btree (code);


--
-- Name: Brand_tenantId_idx; Type: INDEX; Schema: public; Owner: -
--

CREATE INDEX "Brand_tenantId_idx" ON public."Brand" USING btree ("tenantId");


--
-- Name: BridgeConfig_propertyId_idx; Type: INDEX; Schema: public; Owner: -
--

CREATE INDEX "BridgeConfig_propertyId_idx" ON public."BridgeConfig" USING btree ("propertyId");


--
-- Name: BridgeConfig_propertyId_name_key; Type: INDEX; Schema: public; Owner: -
--

CREATE UNIQUE INDEX "BridgeConfig_propertyId_name_key" ON public."BridgeConfig" USING btree ("propertyId", name);


--
-- Name: BridgeConfig_tenantId_idx; Type: INDEX; Schema: public; Owner: -
--

CREATE INDEX "BridgeConfig_tenantId_idx" ON public."BridgeConfig" USING btree ("tenantId");


--
-- Name: CameraEvent_cameraId_idx; Type: INDEX; Schema: public; Owner: -
--

CREATE INDEX "CameraEvent_cameraId_idx" ON public."CameraEvent" USING btree ("cameraId");


--
-- Name: CameraEvent_tenantId_idx; Type: INDEX; Schema: public; Owner: -
--

CREATE INDEX "CameraEvent_tenantId_idx" ON public."CameraEvent" USING btree ("tenantId");


--
-- Name: CameraEvent_timestamp_idx; Type: INDEX; Schema: public; Owner: -
--

CREATE INDEX "CameraEvent_timestamp_idx" ON public."CameraEvent" USING btree ("timestamp");


--
-- Name: CameraGroup_propertyId_idx; Type: INDEX; Schema: public; Owner: -
--

CREATE INDEX "CameraGroup_propertyId_idx" ON public."CameraGroup" USING btree ("propertyId");


--
-- Name: Camera_propertyId_idx; Type: INDEX; Schema: public; Owner: -
--

CREATE INDEX "Camera_propertyId_idx" ON public."Camera" USING btree ("propertyId");


--
-- Name: CampaignAbTest_campaignId_idx; Type: INDEX; Schema: public; Owner: -
--

CREATE INDEX "CampaignAbTest_campaignId_idx" ON public."CampaignAbTest" USING btree ("campaignId");


--
-- Name: CampaignAbTest_campaignId_variantLabel_key; Type: INDEX; Schema: public; Owner: -
--

CREATE UNIQUE INDEX "CampaignAbTest_campaignId_variantLabel_key" ON public."CampaignAbTest" USING btree ("campaignId", "variantLabel");


--
-- Name: CampaignAbTest_tenantId_idx; Type: INDEX; Schema: public; Owner: -
--

CREATE INDEX "CampaignAbTest_tenantId_idx" ON public."CampaignAbTest" USING btree ("tenantId");


--
-- Name: CampaignSegment_campaignId_segmentId_key; Type: INDEX; Schema: public; Owner: -
--

CREATE UNIQUE INDEX "CampaignSegment_campaignId_segmentId_key" ON public."CampaignSegment" USING btree ("campaignId", "segmentId");


--
-- Name: Campaign_status_idx; Type: INDEX; Schema: public; Owner: -
--

CREATE INDEX "Campaign_status_idx" ON public."Campaign" USING btree (status);


--
-- Name: Campaign_tenantId_idx; Type: INDEX; Schema: public; Owner: -
--

CREATE INDEX "Campaign_tenantId_idx" ON public."Campaign" USING btree ("tenantId");


--
-- Name: CancellationPenalty_bookingId_idx; Type: INDEX; Schema: public; Owner: -
--

CREATE INDEX "CancellationPenalty_bookingId_idx" ON public."CancellationPenalty" USING btree ("bookingId");


--
-- Name: CancellationPenalty_folioId_idx; Type: INDEX; Schema: public; Owner: -
--

CREATE INDEX "CancellationPenalty_folioId_idx" ON public."CancellationPenalty" USING btree ("folioId");


--
-- Name: CancellationPenalty_policyId_idx; Type: INDEX; Schema: public; Owner: -
--

CREATE INDEX "CancellationPenalty_policyId_idx" ON public."CancellationPenalty" USING btree ("policyId");


--
-- Name: CancellationPenalty_status_idx; Type: INDEX; Schema: public; Owner: -
--

CREATE INDEX "CancellationPenalty_status_idx" ON public."CancellationPenalty" USING btree (status);


--
-- Name: CancellationPenalty_tenantId_idx; Type: INDEX; Schema: public; Owner: -
--

CREATE INDEX "CancellationPenalty_tenantId_idx" ON public."CancellationPenalty" USING btree ("tenantId");


--
-- Name: CancellationPolicy_isActive_idx; Type: INDEX; Schema: public; Owner: -
--

CREATE INDEX "CancellationPolicy_isActive_idx" ON public."CancellationPolicy" USING btree ("isActive");


--
-- Name: CancellationPolicy_propertyId_idx; Type: INDEX; Schema: public; Owner: -
--

CREATE INDEX "CancellationPolicy_propertyId_idx" ON public."CancellationPolicy" USING btree ("propertyId");


--
-- Name: CancellationPolicy_ratePlanId_idx; Type: INDEX; Schema: public; Owner: -
--

CREATE INDEX "CancellationPolicy_ratePlanId_idx" ON public."CancellationPolicy" USING btree ("ratePlanId");


--
-- Name: CancellationPolicy_tenantId_idx; Type: INDEX; Schema: public; Owner: -
--

CREATE INDEX "CancellationPolicy_tenantId_idx" ON public."CancellationPolicy" USING btree ("tenantId");


--
-- Name: CaptivePortal_enabled_idx; Type: INDEX; Schema: public; Owner: -
--

CREATE INDEX "CaptivePortal_enabled_idx" ON public."CaptivePortal" USING btree (enabled);


--
-- Name: CaptivePortal_propertyId_idx; Type: INDEX; Schema: public; Owner: -
--

CREATE INDEX "CaptivePortal_propertyId_idx" ON public."CaptivePortal" USING btree ("propertyId");


--
-- Name: CaptivePortal_slug_key; Type: INDEX; Schema: public; Owner: -
--

CREATE UNIQUE INDEX "CaptivePortal_slug_key" ON public."CaptivePortal" USING btree (slug);


--
-- Name: CaptivePortal_tenantId_idx; Type: INDEX; Schema: public; Owner: -
--

CREATE INDEX "CaptivePortal_tenantId_idx" ON public."CaptivePortal" USING btree ("tenantId");


--
-- Name: ChannelConnection_channel_idx; Type: INDEX; Schema: public; Owner: -
--

CREATE INDEX "ChannelConnection_channel_idx" ON public."ChannelConnection" USING btree (channel);


--
-- Name: ChannelConnection_status_idx; Type: INDEX; Schema: public; Owner: -
--

CREATE INDEX "ChannelConnection_status_idx" ON public."ChannelConnection" USING btree (status);


--
-- Name: ChannelConnection_tenantId_idx; Type: INDEX; Schema: public; Owner: -
--

CREATE INDEX "ChannelConnection_tenantId_idx" ON public."ChannelConnection" USING btree ("tenantId");


--
-- Name: ChannelDeadLetterQueue_channelCode_idx; Type: INDEX; Schema: public; Owner: -
--

CREATE INDEX "ChannelDeadLetterQueue_channelCode_idx" ON public."ChannelDeadLetterQueue" USING btree ("channelCode");


--
-- Name: ChannelDeadLetterQueue_createdAt_idx; Type: INDEX; Schema: public; Owner: -
--

CREATE INDEX "ChannelDeadLetterQueue_createdAt_idx" ON public."ChannelDeadLetterQueue" USING btree ("createdAt");


--
-- Name: ChannelDeadLetterQueue_tenantId_idx; Type: INDEX; Schema: public; Owner: -
--

CREATE INDEX "ChannelDeadLetterQueue_tenantId_idx" ON public."ChannelDeadLetterQueue" USING btree ("tenantId");


--
-- Name: ChannelMapping_connectionId_roomTypeId_ratePlanId_key; Type: INDEX; Schema: public; Owner: -
--

CREATE UNIQUE INDEX "ChannelMapping_connectionId_roomTypeId_ratePlanId_key" ON public."ChannelMapping" USING btree ("connectionId", "roomTypeId", "ratePlanId");


--
-- Name: ChannelRestriction_connectionId_idx; Type: INDEX; Schema: public; Owner: -
--

CREATE INDEX "ChannelRestriction_connectionId_idx" ON public."ChannelRestriction" USING btree ("connectionId");


--
-- Name: ChannelRestriction_connectionId_roomTypeId_startDate_key; Type: INDEX; Schema: public; Owner: -
--

CREATE UNIQUE INDEX "ChannelRestriction_connectionId_roomTypeId_startDate_key" ON public."ChannelRestriction" USING btree ("connectionId", "roomTypeId", "startDate");


--
-- Name: ChannelRestriction_roomTypeId_idx; Type: INDEX; Schema: public; Owner: -
--

CREATE INDEX "ChannelRestriction_roomTypeId_idx" ON public."ChannelRestriction" USING btree ("roomTypeId");


--
-- Name: ChannelRestriction_startDate_endDate_idx; Type: INDEX; Schema: public; Owner: -
--

CREATE INDEX "ChannelRestriction_startDate_endDate_idx" ON public."ChannelRestriction" USING btree ("startDate", "endDate");


--
-- Name: ChannelRetryQueue_channelCode_idx; Type: INDEX; Schema: public; Owner: -
--

CREATE INDEX "ChannelRetryQueue_channelCode_idx" ON public."ChannelRetryQueue" USING btree ("channelCode");


--
-- Name: ChannelRetryQueue_nextRetryAt_idx; Type: INDEX; Schema: public; Owner: -
--

CREATE INDEX "ChannelRetryQueue_nextRetryAt_idx" ON public."ChannelRetryQueue" USING btree ("nextRetryAt");


--
-- Name: ChannelRetryQueue_status_idx; Type: INDEX; Schema: public; Owner: -
--

CREATE INDEX "ChannelRetryQueue_status_idx" ON public."ChannelRetryQueue" USING btree (status);


--
-- Name: ChannelRetryQueue_tenantId_idx; Type: INDEX; Schema: public; Owner: -
--

CREATE INDEX "ChannelRetryQueue_tenantId_idx" ON public."ChannelRetryQueue" USING btree ("tenantId");


--
-- Name: ChannelSyncLog_connectionId_idx; Type: INDEX; Schema: public; Owner: -
--

CREATE INDEX "ChannelSyncLog_connectionId_idx" ON public."ChannelSyncLog" USING btree ("connectionId");


--
-- Name: ChannelSyncLog_createdAt_idx; Type: INDEX; Schema: public; Owner: -
--

CREATE INDEX "ChannelSyncLog_createdAt_idx" ON public."ChannelSyncLog" USING btree ("createdAt");


--
-- Name: ChatAttachment_conversationId_idx; Type: INDEX; Schema: public; Owner: -
--

CREATE INDEX "ChatAttachment_conversationId_idx" ON public."ChatAttachment" USING btree ("conversationId");


--
-- Name: ChatAttachment_tenantId_idx; Type: INDEX; Schema: public; Owner: -
--

CREATE INDEX "ChatAttachment_tenantId_idx" ON public."ChatAttachment" USING btree ("tenantId");


--
-- Name: ChatConversation_channel_idx; Type: INDEX; Schema: public; Owner: -
--

CREATE INDEX "ChatConversation_channel_idx" ON public."ChatConversation" USING btree (channel);


--
-- Name: ChatConversation_guestId_idx; Type: INDEX; Schema: public; Owner: -
--

CREATE INDEX "ChatConversation_guestId_idx" ON public."ChatConversation" USING btree ("guestId");


--
-- Name: ChatConversation_propertyId_idx; Type: INDEX; Schema: public; Owner: -
--

CREATE INDEX "ChatConversation_propertyId_idx" ON public."ChatConversation" USING btree ("propertyId");


--
-- Name: ChatConversation_status_idx; Type: INDEX; Schema: public; Owner: -
--

CREATE INDEX "ChatConversation_status_idx" ON public."ChatConversation" USING btree (status);


--
-- Name: ChatConversation_tenantId_idx; Type: INDEX; Schema: public; Owner: -
--

CREATE INDEX "ChatConversation_tenantId_idx" ON public."ChatConversation" USING btree ("tenantId");


--
-- Name: ChatMessage_conversationId_idx; Type: INDEX; Schema: public; Owner: -
--

CREATE INDEX "ChatMessage_conversationId_idx" ON public."ChatMessage" USING btree ("conversationId");


--
-- Name: ChatTransfer_conversationId_idx; Type: INDEX; Schema: public; Owner: -
--

CREATE INDEX "ChatTransfer_conversationId_idx" ON public."ChatTransfer" USING btree ("conversationId");


--
-- Name: ChatTransfer_tenantId_idx; Type: INDEX; Schema: public; Owner: -
--

CREATE INDEX "ChatTransfer_tenantId_idx" ON public."ChatTransfer" USING btree ("tenantId");


--
-- Name: CoaSessionDetail_coaType_idx; Type: INDEX; Schema: public; Owner: -
--

CREATE INDEX "CoaSessionDetail_coaType_idx" ON public."CoaSessionDetail" USING btree ("coaType");


--
-- Name: CoaSessionDetail_createdAt_idx; Type: INDEX; Schema: public; Owner: -
--

CREATE INDEX "CoaSessionDetail_createdAt_idx" ON public."CoaSessionDetail" USING btree ("createdAt");


--
-- Name: CoaSessionDetail_propertyId_idx; Type: INDEX; Schema: public; Owner: -
--

CREATE INDEX "CoaSessionDetail_propertyId_idx" ON public."CoaSessionDetail" USING btree ("propertyId");


--
-- Name: CoaSessionDetail_sessionId_idx; Type: INDEX; Schema: public; Owner: -
--

CREATE INDEX "CoaSessionDetail_sessionId_idx" ON public."CoaSessionDetail" USING btree ("sessionId");


--
-- Name: CoaSessionDetail_tenantId_idx; Type: INDEX; Schema: public; Owner: -
--

CREATE INDEX "CoaSessionDetail_tenantId_idx" ON public."CoaSessionDetail" USING btree ("tenantId");


--
-- Name: CoaSessionDetail_userId_idx; Type: INDEX; Schema: public; Owner: -
--

CREATE INDEX "CoaSessionDetail_userId_idx" ON public."CoaSessionDetail" USING btree ("userId");


--
-- Name: CoaSessionDetail_username_idx; Type: INDEX; Schema: public; Owner: -
--

CREATE INDEX "CoaSessionDetail_username_idx" ON public."CoaSessionDetail" USING btree (username);


--
-- Name: CommunicationChannel_status_idx; Type: INDEX; Schema: public; Owner: -
--

CREATE INDEX "CommunicationChannel_status_idx" ON public."CommunicationChannel" USING btree (status);


--
-- Name: CommunicationChannel_tenantId_idx; Type: INDEX; Schema: public; Owner: -
--

CREATE INDEX "CommunicationChannel_tenantId_idx" ON public."CommunicationChannel" USING btree ("tenantId");


--
-- Name: CommunicationChannel_tenantId_type_key; Type: INDEX; Schema: public; Owner: -
--

CREATE UNIQUE INDEX "CommunicationChannel_tenantId_type_key" ON public."CommunicationChannel" USING btree ("tenantId", type);


--
-- Name: CompetitorPrice_date_idx; Type: INDEX; Schema: public; Owner: -
--

CREATE INDEX "CompetitorPrice_date_idx" ON public."CompetitorPrice" USING btree (date);


--
-- Name: CompetitorPrice_propertyId_competitorName_date_key; Type: INDEX; Schema: public; Owner: -
--

CREATE UNIQUE INDEX "CompetitorPrice_propertyId_competitorName_date_key" ON public."CompetitorPrice" USING btree ("propertyId", "competitorName", date);


--
-- Name: CompetitorPrice_propertyId_idx; Type: INDEX; Schema: public; Owner: -
--

CREATE INDEX "CompetitorPrice_propertyId_idx" ON public."CompetitorPrice" USING btree ("propertyId");


--
-- Name: CompetitorPrice_tenantId_idx; Type: INDEX; Schema: public; Owner: -
--

CREATE INDEX "CompetitorPrice_tenantId_idx" ON public."CompetitorPrice" USING btree ("tenantId");


--
-- Name: CompetitorSyncLog_competitorName_idx; Type: INDEX; Schema: public; Owner: -
--

CREATE INDEX "CompetitorSyncLog_competitorName_idx" ON public."CompetitorSyncLog" USING btree ("competitorName");


--
-- Name: CompetitorSyncLog_propertyId_idx; Type: INDEX; Schema: public; Owner: -
--

CREATE INDEX "CompetitorSyncLog_propertyId_idx" ON public."CompetitorSyncLog" USING btree ("propertyId");


--
-- Name: CompetitorSyncLog_startedAt_idx; Type: INDEX; Schema: public; Owner: -
--

CREATE INDEX "CompetitorSyncLog_startedAt_idx" ON public."CompetitorSyncLog" USING btree ("startedAt");


--
-- Name: CompetitorSyncLog_tenantId_idx; Type: INDEX; Schema: public; Owner: -
--

CREATE INDEX "CompetitorSyncLog_tenantId_idx" ON public."CompetitorSyncLog" USING btree ("tenantId");


--
-- Name: ConsentRecord_consentType_idx; Type: INDEX; Schema: public; Owner: -
--

CREATE INDEX "ConsentRecord_consentType_idx" ON public."ConsentRecord" USING btree ("consentType");


--
-- Name: ConsentRecord_createdAt_idx; Type: INDEX; Schema: public; Owner: -
--

CREATE INDEX "ConsentRecord_createdAt_idx" ON public."ConsentRecord" USING btree ("createdAt");


--
-- Name: ConsentRecord_granted_idx; Type: INDEX; Schema: public; Owner: -
--

CREATE INDEX "ConsentRecord_granted_idx" ON public."ConsentRecord" USING btree (granted);


--
-- Name: ConsentRecord_guestId_idx; Type: INDEX; Schema: public; Owner: -
--

CREATE INDEX "ConsentRecord_guestId_idx" ON public."ConsentRecord" USING btree ("guestId");


--
-- Name: ConsentRecord_tenantId_idx; Type: INDEX; Schema: public; Owner: -
--

CREATE INDEX "ConsentRecord_tenantId_idx" ON public."ConsentRecord" USING btree ("tenantId");


--
-- Name: ConsentRecord_userId_idx; Type: INDEX; Schema: public; Owner: -
--

CREATE INDEX "ConsentRecord_userId_idx" ON public."ConsentRecord" USING btree ("userId");


--
-- Name: ContentFilter_category_idx; Type: INDEX; Schema: public; Owner: -
--

CREATE INDEX "ContentFilter_category_idx" ON public."ContentFilter" USING btree (category);


--
-- Name: ContentFilter_enabled_idx; Type: INDEX; Schema: public; Owner: -
--

CREATE INDEX "ContentFilter_enabled_idx" ON public."ContentFilter" USING btree (enabled);


--
-- Name: ContentFilter_propertyId_idx; Type: INDEX; Schema: public; Owner: -
--

CREATE INDEX "ContentFilter_propertyId_idx" ON public."ContentFilter" USING btree ("propertyId");


--
-- Name: ContentFilter_tenantId_idx; Type: INDEX; Schema: public; Owner: -
--

CREATE INDEX "ContentFilter_tenantId_idx" ON public."ContentFilter" USING btree ("tenantId");


--
-- Name: CreditNote_bookingId_idx; Type: INDEX; Schema: public; Owner: -
--

CREATE INDEX "CreditNote_bookingId_idx" ON public."CreditNote" USING btree ("bookingId");


--
-- Name: CreditNote_creditNoteNumber_key; Type: INDEX; Schema: public; Owner: -
--

CREATE UNIQUE INDEX "CreditNote_creditNoteNumber_key" ON public."CreditNote" USING btree ("creditNoteNumber");


--
-- Name: CreditNote_folioId_idx; Type: INDEX; Schema: public; Owner: -
--

CREATE INDEX "CreditNote_folioId_idx" ON public."CreditNote" USING btree ("folioId");


--
-- Name: CreditNote_guestId_idx; Type: INDEX; Schema: public; Owner: -
--

CREATE INDEX "CreditNote_guestId_idx" ON public."CreditNote" USING btree ("guestId");


--
-- Name: CreditNote_propertyId_idx; Type: INDEX; Schema: public; Owner: -
--

CREATE INDEX "CreditNote_propertyId_idx" ON public."CreditNote" USING btree ("propertyId");


--
-- Name: CreditNote_status_idx; Type: INDEX; Schema: public; Owner: -
--

CREATE INDEX "CreditNote_status_idx" ON public."CreditNote" USING btree (status);


--
-- Name: CreditNote_tenantId_idx; Type: INDEX; Schema: public; Owner: -
--

CREATE INDEX "CreditNote_tenantId_idx" ON public."CreditNote" USING btree ("tenantId");


--
-- Name: DemandForecast_date_idx; Type: INDEX; Schema: public; Owner: -
--

CREATE INDEX "DemandForecast_date_idx" ON public."DemandForecast" USING btree (date);


--
-- Name: DemandForecast_date_key; Type: INDEX; Schema: public; Owner: -
--

CREATE UNIQUE INDEX "DemandForecast_date_key" ON public."DemandForecast" USING btree (date);


--
-- Name: DemandForecast_propertyId_idx; Type: INDEX; Schema: public; Owner: -
--

CREATE INDEX "DemandForecast_propertyId_idx" ON public."DemandForecast" USING btree ("propertyId");


--
-- Name: DemandForecast_tenantId_idx; Type: INDEX; Schema: public; Owner: -
--

CREATE INDEX "DemandForecast_tenantId_idx" ON public."DemandForecast" USING btree ("tenantId");


--
-- Name: DeviceProfile_fingerprintHash_propertyId_key; Type: INDEX; Schema: public; Owner: -
--

CREATE UNIQUE INDEX "DeviceProfile_fingerprintHash_propertyId_key" ON public."DeviceProfile" USING btree ("fingerprintHash", "propertyId");


--
-- Name: DeviceProfile_guestId_idx; Type: INDEX; Schema: public; Owner: -
--

CREATE INDEX "DeviceProfile_guestId_idx" ON public."DeviceProfile" USING btree ("guestId");


--
-- Name: DeviceProfile_isActive_idx; Type: INDEX; Schema: public; Owner: -
--

CREATE INDEX "DeviceProfile_isActive_idx" ON public."DeviceProfile" USING btree ("isActive");


--
-- Name: DeviceProfile_storageToken_propertyId_key; Type: INDEX; Schema: public; Owner: -
--

CREATE UNIQUE INDEX "DeviceProfile_storageToken_propertyId_key" ON public."DeviceProfile" USING btree ("storageToken", "propertyId");


--
-- Name: DeviceProfile_tenantId_propertyId_lastSeenAt_idx; Type: INDEX; Schema: public; Owner: -
--

CREATE INDEX "DeviceProfile_tenantId_propertyId_lastSeenAt_idx" ON public."DeviceProfile" USING btree ("tenantId", "propertyId", "lastSeenAt");


--
-- Name: DeviceProfile_wifiUserId_idx; Type: INDEX; Schema: public; Owner: -
--

CREATE INDEX "DeviceProfile_wifiUserId_idx" ON public."DeviceProfile" USING btree ("wifiUserId");


--
-- Name: DhcpBlacklist_macAddress_idx; Type: INDEX; Schema: public; Owner: -
--

CREATE INDEX "DhcpBlacklist_macAddress_idx" ON public."DhcpBlacklist" USING btree ("macAddress");


--
-- Name: DhcpBlacklist_propertyId_idx; Type: INDEX; Schema: public; Owner: -
--

CREATE INDEX "DhcpBlacklist_propertyId_idx" ON public."DhcpBlacklist" USING btree ("propertyId");


--
-- Name: DhcpBlacklist_subnetId_idx; Type: INDEX; Schema: public; Owner: -
--

CREATE INDEX "DhcpBlacklist_subnetId_idx" ON public."DhcpBlacklist" USING btree ("subnetId");


--
-- Name: DhcpBlacklist_tenantId_idx; Type: INDEX; Schema: public; Owner: -
--

CREATE INDEX "DhcpBlacklist_tenantId_idx" ON public."DhcpBlacklist" USING btree ("tenantId");


--
-- Name: DhcpHostnameFilter_propertyId_idx; Type: INDEX; Schema: public; Owner: -
--

CREATE INDEX "DhcpHostnameFilter_propertyId_idx" ON public."DhcpHostnameFilter" USING btree ("propertyId");


--
-- Name: DhcpHostnameFilter_subnetId_idx; Type: INDEX; Schema: public; Owner: -
--

CREATE INDEX "DhcpHostnameFilter_subnetId_idx" ON public."DhcpHostnameFilter" USING btree ("subnetId");


--
-- Name: DhcpHostnameFilter_tenantId_idx; Type: INDEX; Schema: public; Owner: -
--

CREATE INDEX "DhcpHostnameFilter_tenantId_idx" ON public."DhcpHostnameFilter" USING btree ("tenantId");


--
-- Name: DhcpLeaseScript_enabled_idx; Type: INDEX; Schema: public; Owner: -
--

CREATE INDEX "DhcpLeaseScript_enabled_idx" ON public."DhcpLeaseScript" USING btree (enabled);


--
-- Name: DhcpLeaseScript_propertyId_idx; Type: INDEX; Schema: public; Owner: -
--

CREATE INDEX "DhcpLeaseScript_propertyId_idx" ON public."DhcpLeaseScript" USING btree ("propertyId");


--
-- Name: DhcpLeaseScript_tenantId_idx; Type: INDEX; Schema: public; Owner: -
--

CREATE INDEX "DhcpLeaseScript_tenantId_idx" ON public."DhcpLeaseScript" USING btree ("tenantId");


--
-- Name: DhcpLeaseScript_tenantId_scriptPath_key; Type: INDEX; Schema: public; Owner: -
--

CREATE UNIQUE INDEX "DhcpLeaseScript_tenantId_scriptPath_key" ON public."DhcpLeaseScript" USING btree ("tenantId", "scriptPath");


--
-- Name: DhcpLease_leaseEnd_idx; Type: INDEX; Schema: public; Owner: -
--

CREATE INDEX "DhcpLease_leaseEnd_idx" ON public."DhcpLease" USING btree ("leaseEnd");


--
-- Name: DhcpLease_macAddress_idx; Type: INDEX; Schema: public; Owner: -
--

CREATE INDEX "DhcpLease_macAddress_idx" ON public."DhcpLease" USING btree ("macAddress");


--
-- Name: DhcpLease_propertyId_idx; Type: INDEX; Schema: public; Owner: -
--

CREATE INDEX "DhcpLease_propertyId_idx" ON public."DhcpLease" USING btree ("propertyId");


--
-- Name: DhcpLease_state_idx; Type: INDEX; Schema: public; Owner: -
--

CREATE INDEX "DhcpLease_state_idx" ON public."DhcpLease" USING btree (state);


--
-- Name: DhcpLease_subnetId_ipAddress_key; Type: INDEX; Schema: public; Owner: -
--

CREATE UNIQUE INDEX "DhcpLease_subnetId_ipAddress_key" ON public."DhcpLease" USING btree ("subnetId", "ipAddress");


--
-- Name: DhcpLease_tenantId_idx; Type: INDEX; Schema: public; Owner: -
--

CREATE INDEX "DhcpLease_tenantId_idx" ON public."DhcpLease" USING btree ("tenantId");


--
-- Name: DhcpOption_code_idx; Type: INDEX; Schema: public; Owner: -
--

CREATE INDEX "DhcpOption_code_idx" ON public."DhcpOption" USING btree (code);


--
-- Name: DhcpOption_propertyId_idx; Type: INDEX; Schema: public; Owner: -
--

CREATE INDEX "DhcpOption_propertyId_idx" ON public."DhcpOption" USING btree ("propertyId");


--
-- Name: DhcpOption_subnetId_idx; Type: INDEX; Schema: public; Owner: -
--

CREATE INDEX "DhcpOption_subnetId_idx" ON public."DhcpOption" USING btree ("subnetId");


--
-- Name: DhcpOption_tenantId_idx; Type: INDEX; Schema: public; Owner: -
--

CREATE INDEX "DhcpOption_tenantId_idx" ON public."DhcpOption" USING btree ("tenantId");


--
-- Name: DhcpReservation_macAddress_idx; Type: INDEX; Schema: public; Owner: -
--

CREATE INDEX "DhcpReservation_macAddress_idx" ON public."DhcpReservation" USING btree ("macAddress");


--
-- Name: DhcpReservation_propertyId_idx; Type: INDEX; Schema: public; Owner: -
--

CREATE INDEX "DhcpReservation_propertyId_idx" ON public."DhcpReservation" USING btree ("propertyId");


--
-- Name: DhcpReservation_subnetId_ipAddress_key; Type: INDEX; Schema: public; Owner: -
--

CREATE UNIQUE INDEX "DhcpReservation_subnetId_ipAddress_key" ON public."DhcpReservation" USING btree ("subnetId", "ipAddress");


--
-- Name: DhcpReservation_subnetId_macAddress_key; Type: INDEX; Schema: public; Owner: -
--

CREATE UNIQUE INDEX "DhcpReservation_subnetId_macAddress_key" ON public."DhcpReservation" USING btree ("subnetId", "macAddress");


--
-- Name: DhcpReservation_tenantId_idx; Type: INDEX; Schema: public; Owner: -
--

CREATE INDEX "DhcpReservation_tenantId_idx" ON public."DhcpReservation" USING btree ("tenantId");


--
-- Name: DhcpSubnet_enabled_idx; Type: INDEX; Schema: public; Owner: -
--

CREATE INDEX "DhcpSubnet_enabled_idx" ON public."DhcpSubnet" USING btree (enabled);


--
-- Name: DhcpSubnet_propertyId_idx; Type: INDEX; Schema: public; Owner: -
--

CREATE INDEX "DhcpSubnet_propertyId_idx" ON public."DhcpSubnet" USING btree ("propertyId");


--
-- Name: DhcpSubnet_subnet_idx; Type: INDEX; Schema: public; Owner: -
--

CREATE INDEX "DhcpSubnet_subnet_idx" ON public."DhcpSubnet" USING btree (subnet);


--
-- Name: DhcpSubnet_tenantId_idx; Type: INDEX; Schema: public; Owner: -
--

CREATE INDEX "DhcpSubnet_tenantId_idx" ON public."DhcpSubnet" USING btree ("tenantId");


--
-- Name: DhcpTagRule_matchType_idx; Type: INDEX; Schema: public; Owner: -
--

CREATE INDEX "DhcpTagRule_matchType_idx" ON public."DhcpTagRule" USING btree ("matchType");


--
-- Name: DhcpTagRule_propertyId_idx; Type: INDEX; Schema: public; Owner: -
--

CREATE INDEX "DhcpTagRule_propertyId_idx" ON public."DhcpTagRule" USING btree ("propertyId");


--
-- Name: DhcpTagRule_setTag_idx; Type: INDEX; Schema: public; Owner: -
--

CREATE INDEX "DhcpTagRule_setTag_idx" ON public."DhcpTagRule" USING btree ("setTag");


--
-- Name: DhcpTagRule_subnetId_idx; Type: INDEX; Schema: public; Owner: -
--

CREATE INDEX "DhcpTagRule_subnetId_idx" ON public."DhcpTagRule" USING btree ("subnetId");


--
-- Name: DhcpTagRule_tenantId_idx; Type: INDEX; Schema: public; Owner: -
--

CREATE INDEX "DhcpTagRule_tenantId_idx" ON public."DhcpTagRule" USING btree ("tenantId");


--
-- Name: DigitalKeyAccessLog_accessedAt_idx; Type: INDEX; Schema: public; Owner: -
--

CREATE INDEX "DigitalKeyAccessLog_accessedAt_idx" ON public."DigitalKeyAccessLog" USING btree ("accessedAt");


--
-- Name: DigitalKeyAccessLog_guestId_idx; Type: INDEX; Schema: public; Owner: -
--

CREATE INDEX "DigitalKeyAccessLog_guestId_idx" ON public."DigitalKeyAccessLog" USING btree ("guestId");


--
-- Name: DigitalKeyAccessLog_roomId_idx; Type: INDEX; Schema: public; Owner: -
--

CREATE INDEX "DigitalKeyAccessLog_roomId_idx" ON public."DigitalKeyAccessLog" USING btree ("roomId");


--
-- Name: DigitalKeyAccessLog_tenantId_idx; Type: INDEX; Schema: public; Owner: -
--

CREATE INDEX "DigitalKeyAccessLog_tenantId_idx" ON public."DigitalKeyAccessLog" USING btree ("tenantId");


--
-- Name: Discount_code_idx; Type: INDEX; Schema: public; Owner: -
--

CREATE INDEX "Discount_code_idx" ON public."Discount" USING btree (code);


--
-- Name: Discount_isActive_idx; Type: INDEX; Schema: public; Owner: -
--

CREATE INDEX "Discount_isActive_idx" ON public."Discount" USING btree ("isActive");


--
-- Name: Discount_tenantId_code_key; Type: INDEX; Schema: public; Owner: -
--

CREATE UNIQUE INDEX "Discount_tenantId_code_key" ON public."Discount" USING btree ("tenantId", code);


--
-- Name: Discount_tenantId_idx; Type: INDEX; Schema: public; Owner: -
--

CREATE INDEX "Discount_tenantId_idx" ON public."Discount" USING btree ("tenantId");


--
-- Name: DnsRecord_tenantId_idx; Type: INDEX; Schema: public; Owner: -
--

CREATE INDEX "DnsRecord_tenantId_idx" ON public."DnsRecord" USING btree ("tenantId");


--
-- Name: DnsRecord_zoneId_idx; Type: INDEX; Schema: public; Owner: -
--

CREATE INDEX "DnsRecord_zoneId_idx" ON public."DnsRecord" USING btree ("zoneId");


--
-- Name: DnsRecord_zoneId_name_type_key; Type: INDEX; Schema: public; Owner: -
--

CREATE UNIQUE INDEX "DnsRecord_zoneId_name_type_key" ON public."DnsRecord" USING btree ("zoneId", name, type);


--
-- Name: DnsRedirectRule_enabled_idx; Type: INDEX; Schema: public; Owner: -
--

CREATE INDEX "DnsRedirectRule_enabled_idx" ON public."DnsRedirectRule" USING btree (enabled);


--
-- Name: DnsRedirectRule_priority_idx; Type: INDEX; Schema: public; Owner: -
--

CREATE INDEX "DnsRedirectRule_priority_idx" ON public."DnsRedirectRule" USING btree (priority);


--
-- Name: DnsRedirectRule_propertyId_idx; Type: INDEX; Schema: public; Owner: -
--

CREATE INDEX "DnsRedirectRule_propertyId_idx" ON public."DnsRedirectRule" USING btree ("propertyId");


--
-- Name: DnsRedirectRule_tenantId_idx; Type: INDEX; Schema: public; Owner: -
--

CREATE INDEX "DnsRedirectRule_tenantId_idx" ON public."DnsRedirectRule" USING btree ("tenantId");


--
-- Name: DnsZone_propertyId_domain_key; Type: INDEX; Schema: public; Owner: -
--

CREATE UNIQUE INDEX "DnsZone_propertyId_domain_key" ON public."DnsZone" USING btree ("propertyId", domain);


--
-- Name: DnsZone_propertyId_idx; Type: INDEX; Schema: public; Owner: -
--

CREATE INDEX "DnsZone_propertyId_idx" ON public."DnsZone" USING btree ("propertyId");


--
-- Name: DnsZone_tenantId_idx; Type: INDEX; Schema: public; Owner: -
--

CREATE INDEX "DnsZone_tenantId_idx" ON public."DnsZone" USING btree ("tenantId");


--
-- Name: EnergyMetric_date_idx; Type: INDEX; Schema: public; Owner: -
--

CREATE INDEX "EnergyMetric_date_idx" ON public."EnergyMetric" USING btree (date);


--
-- Name: EnergyMetric_propertyId_date_key; Type: INDEX; Schema: public; Owner: -
--

CREATE UNIQUE INDEX "EnergyMetric_propertyId_date_key" ON public."EnergyMetric" USING btree ("propertyId", date);


--
-- Name: EnergyMetric_tenantId_idx; Type: INDEX; Schema: public; Owner: -
--

CREATE INDEX "EnergyMetric_tenantId_idx" ON public."EnergyMetric" USING btree ("tenantId");


--
-- Name: EventResource_category_idx; Type: INDEX; Schema: public; Owner: -
--

CREATE INDEX "EventResource_category_idx" ON public."EventResource" USING btree (category);


--
-- Name: EventResource_eventId_idx; Type: INDEX; Schema: public; Owner: -
--

CREATE INDEX "EventResource_eventId_idx" ON public."EventResource" USING btree ("eventId");


--
-- Name: EventResource_status_idx; Type: INDEX; Schema: public; Owner: -
--

CREATE INDEX "EventResource_status_idx" ON public."EventResource" USING btree (status);


--
-- Name: EventSpace_propertyId_idx; Type: INDEX; Schema: public; Owner: -
--

CREATE INDEX "EventSpace_propertyId_idx" ON public."EventSpace" USING btree ("propertyId");


--
-- Name: Event_propertyId_idx; Type: INDEX; Schema: public; Owner: -
--

CREATE INDEX "Event_propertyId_idx" ON public."Event" USING btree ("propertyId");


--
-- Name: Event_startDate_idx; Type: INDEX; Schema: public; Owner: -
--

CREATE INDEX "Event_startDate_idx" ON public."Event" USING btree ("startDate");


--
-- Name: Event_tenantId_idx; Type: INDEX; Schema: public; Owner: -
--

CREATE INDEX "Event_tenantId_idx" ON public."Event" USING btree ("tenantId");


--
-- Name: ExchangeRate_fromCurrency_idx; Type: INDEX; Schema: public; Owner: -
--

CREATE INDEX "ExchangeRate_fromCurrency_idx" ON public."ExchangeRate" USING btree ("fromCurrency");


--
-- Name: ExchangeRate_isActive_idx; Type: INDEX; Schema: public; Owner: -
--

CREATE INDEX "ExchangeRate_isActive_idx" ON public."ExchangeRate" USING btree ("isActive");


--
-- Name: ExchangeRate_tenantId_fromCurrency_toCurrency_validFrom_key; Type: INDEX; Schema: public; Owner: -
--

CREATE UNIQUE INDEX "ExchangeRate_tenantId_fromCurrency_toCurrency_validFrom_key" ON public."ExchangeRate" USING btree ("tenantId", "fromCurrency", "toCurrency", "validFrom");


--
-- Name: ExchangeRate_tenantId_idx; Type: INDEX; Schema: public; Owner: -
--

CREATE INDEX "ExchangeRate_tenantId_idx" ON public."ExchangeRate" USING btree ("tenantId");


--
-- Name: ExchangeRate_toCurrency_idx; Type: INDEX; Schema: public; Owner: -
--

CREATE INDEX "ExchangeRate_toCurrency_idx" ON public."ExchangeRate" USING btree ("toCurrency");


--
-- Name: ExperienceBooking_bookingDate_idx; Type: INDEX; Schema: public; Owner: -
--

CREATE INDEX "ExperienceBooking_bookingDate_idx" ON public."ExperienceBooking" USING btree ("bookingDate");


--
-- Name: ExperienceBooking_experienceId_idx; Type: INDEX; Schema: public; Owner: -
--

CREATE INDEX "ExperienceBooking_experienceId_idx" ON public."ExperienceBooking" USING btree ("experienceId");


--
-- Name: ExperienceBooking_status_idx; Type: INDEX; Schema: public; Owner: -
--

CREATE INDEX "ExperienceBooking_status_idx" ON public."ExperienceBooking" USING btree (status);


--
-- Name: ExperienceBooking_tenantId_idx; Type: INDEX; Schema: public; Owner: -
--

CREATE INDEX "ExperienceBooking_tenantId_idx" ON public."ExperienceBooking" USING btree ("tenantId");


--
-- Name: ExperienceFeedback_experienceId_idx; Type: INDEX; Schema: public; Owner: -
--

CREATE INDEX "ExperienceFeedback_experienceId_idx" ON public."ExperienceFeedback" USING btree ("experienceId");


--
-- Name: ExperienceFeedback_rating_idx; Type: INDEX; Schema: public; Owner: -
--

CREATE INDEX "ExperienceFeedback_rating_idx" ON public."ExperienceFeedback" USING btree (rating);


--
-- Name: ExperienceFeedback_tenantId_idx; Type: INDEX; Schema: public; Owner: -
--

CREATE INDEX "ExperienceFeedback_tenantId_idx" ON public."ExperienceFeedback" USING btree ("tenantId");


--
-- Name: ExperiencePricing_experienceId_idx; Type: INDEX; Schema: public; Owner: -
--

CREATE INDEX "ExperiencePricing_experienceId_idx" ON public."ExperiencePricing" USING btree ("experienceId");


--
-- Name: ExperiencePricing_tenantId_idx; Type: INDEX; Schema: public; Owner: -
--

CREATE INDEX "ExperiencePricing_tenantId_idx" ON public."ExperiencePricing" USING btree ("tenantId");


--
-- Name: ExperiencePricing_type_idx; Type: INDEX; Schema: public; Owner: -
--

CREATE INDEX "ExperiencePricing_type_idx" ON public."ExperiencePricing" USING btree (type);


--
-- Name: ExperienceVendor_status_idx; Type: INDEX; Schema: public; Owner: -
--

CREATE INDEX "ExperienceVendor_status_idx" ON public."ExperienceVendor" USING btree (status);


--
-- Name: ExperienceVendor_tenantId_idx; Type: INDEX; Schema: public; Owner: -
--

CREATE INDEX "ExperienceVendor_tenantId_idx" ON public."ExperienceVendor" USING btree ("tenantId");


--
-- Name: Experience_categoryId_idx; Type: INDEX; Schema: public; Owner: -
--

CREATE INDEX "Experience_categoryId_idx" ON public."Experience" USING btree ("categoryId");


--
-- Name: Experience_status_idx; Type: INDEX; Schema: public; Owner: -
--

CREATE INDEX "Experience_status_idx" ON public."Experience" USING btree (status);


--
-- Name: Experience_tenantId_idx; Type: INDEX; Schema: public; Owner: -
--

CREATE INDEX "Experience_tenantId_idx" ON public."Experience" USING btree ("tenantId");


--
-- Name: ExternalReview_propertyId_idx; Type: INDEX; Schema: public; Owner: -
--

CREATE INDEX "ExternalReview_propertyId_idx" ON public."ExternalReview" USING btree ("propertyId");


--
-- Name: ExternalReview_reviewDate_idx; Type: INDEX; Schema: public; Owner: -
--

CREATE INDEX "ExternalReview_reviewDate_idx" ON public."ExternalReview" USING btree ("reviewDate");


--
-- Name: ExternalReview_source_idx; Type: INDEX; Schema: public; Owner: -
--

CREATE INDEX "ExternalReview_source_idx" ON public."ExternalReview" USING btree (source);


--
-- Name: ExternalReview_tenantId_idx; Type: INDEX; Schema: public; Owner: -
--

CREATE INDEX "ExternalReview_tenantId_idx" ON public."ExternalReview" USING btree ("tenantId");


--
-- Name: FairAccessPolicy_cycleType_idx; Type: INDEX; Schema: public; Owner: -
--

CREATE INDEX "FairAccessPolicy_cycleType_idx" ON public."FairAccessPolicy" USING btree ("cycleType");


--
-- Name: FairAccessPolicy_isEnabled_idx; Type: INDEX; Schema: public; Owner: -
--

CREATE INDEX "FairAccessPolicy_isEnabled_idx" ON public."FairAccessPolicy" USING btree ("isEnabled");


--
-- Name: FairAccessPolicy_propertyId_idx; Type: INDEX; Schema: public; Owner: -
--

CREATE INDEX "FairAccessPolicy_propertyId_idx" ON public."FairAccessPolicy" USING btree ("propertyId");


--
-- Name: FairAccessPolicy_tenantId_idx; Type: INDEX; Schema: public; Owner: -
--

CREATE INDEX "FairAccessPolicy_tenantId_idx" ON public."FairAccessPolicy" USING btree ("tenantId");


--
-- Name: FeatureAnnouncement_status_idx; Type: INDEX; Schema: public; Owner: -
--

CREATE INDEX "FeatureAnnouncement_status_idx" ON public."FeatureAnnouncement" USING btree (status);


--
-- Name: FirewallRule_enabled_idx; Type: INDEX; Schema: public; Owner: -
--

CREATE INDEX "FirewallRule_enabled_idx" ON public."FirewallRule" USING btree (enabled);


--
-- Name: FirewallRule_priority_idx; Type: INDEX; Schema: public; Owner: -
--

CREATE INDEX "FirewallRule_priority_idx" ON public."FirewallRule" USING btree (priority);


--
-- Name: FirewallRule_propertyId_idx; Type: INDEX; Schema: public; Owner: -
--

CREATE INDEX "FirewallRule_propertyId_idx" ON public."FirewallRule" USING btree ("propertyId");


--
-- Name: FirewallRule_tenantId_idx; Type: INDEX; Schema: public; Owner: -
--

CREATE INDEX "FirewallRule_tenantId_idx" ON public."FirewallRule" USING btree ("tenantId");


--
-- Name: FirewallRule_zoneId_idx; Type: INDEX; Schema: public; Owner: -
--

CREATE INDEX "FirewallRule_zoneId_idx" ON public."FirewallRule" USING btree ("zoneId");


--
-- Name: FirewallSchedule_propertyId_idx; Type: INDEX; Schema: public; Owner: -
--

CREATE INDEX "FirewallSchedule_propertyId_idx" ON public."FirewallSchedule" USING btree ("propertyId");


--
-- Name: FirewallSchedule_tenantId_idx; Type: INDEX; Schema: public; Owner: -
--

CREATE INDEX "FirewallSchedule_tenantId_idx" ON public."FirewallSchedule" USING btree ("tenantId");


--
-- Name: FirewallZone_propertyId_idx; Type: INDEX; Schema: public; Owner: -
--

CREATE INDEX "FirewallZone_propertyId_idx" ON public."FirewallZone" USING btree ("propertyId");


--
-- Name: FirewallZone_propertyId_name_key; Type: INDEX; Schema: public; Owner: -
--

CREATE UNIQUE INDEX "FirewallZone_propertyId_name_key" ON public."FirewallZone" USING btree ("propertyId", name);


--
-- Name: FirewallZone_tenantId_idx; Type: INDEX; Schema: public; Owner: -
--

CREATE INDEX "FirewallZone_tenantId_idx" ON public."FirewallZone" USING btree ("tenantId");


--
-- Name: FloorPlanRoom_floorPlanId_idx; Type: INDEX; Schema: public; Owner: -
--

CREATE INDEX "FloorPlanRoom_floorPlanId_idx" ON public."FloorPlanRoom" USING btree ("floorPlanId");


--
-- Name: FloorPlanRoom_floorPlanId_roomId_key; Type: INDEX; Schema: public; Owner: -
--

CREATE UNIQUE INDEX "FloorPlanRoom_floorPlanId_roomId_key" ON public."FloorPlanRoom" USING btree ("floorPlanId", "roomId");


--
-- Name: FloorPlanRoom_roomId_idx; Type: INDEX; Schema: public; Owner: -
--

CREATE INDEX "FloorPlanRoom_roomId_idx" ON public."FloorPlanRoom" USING btree ("roomId");


--
-- Name: FloorPlan_propertyId_floor_key; Type: INDEX; Schema: public; Owner: -
--

CREATE UNIQUE INDEX "FloorPlan_propertyId_floor_key" ON public."FloorPlan" USING btree ("propertyId", floor);


--
-- Name: FolioLineItemAudit_createdAt_idx; Type: INDEX; Schema: public; Owner: -
--

CREATE INDEX "FolioLineItemAudit_createdAt_idx" ON public."FolioLineItemAudit" USING btree ("createdAt");


--
-- Name: FolioLineItemAudit_folioId_idx; Type: INDEX; Schema: public; Owner: -
--

CREATE INDEX "FolioLineItemAudit_folioId_idx" ON public."FolioLineItemAudit" USING btree ("folioId");


--
-- Name: FolioLineItemAudit_lineItemId_idx; Type: INDEX; Schema: public; Owner: -
--

CREATE INDEX "FolioLineItemAudit_lineItemId_idx" ON public."FolioLineItemAudit" USING btree ("lineItemId");


--
-- Name: FolioLineItemAudit_tenantId_idx; Type: INDEX; Schema: public; Owner: -
--

CREATE INDEX "FolioLineItemAudit_tenantId_idx" ON public."FolioLineItemAudit" USING btree ("tenantId");


--
-- Name: FolioLineItem_discountId_idx; Type: INDEX; Schema: public; Owner: -
--

CREATE INDEX "FolioLineItem_discountId_idx" ON public."FolioLineItem" USING btree ("discountId");


--
-- Name: FolioLineItem_folioId_idx; Type: INDEX; Schema: public; Owner: -
--

CREATE INDEX "FolioLineItem_folioId_idx" ON public."FolioLineItem" USING btree ("folioId");


--
-- Name: FolioTransfer_bookingId_idx; Type: INDEX; Schema: public; Owner: -
--

CREATE INDEX "FolioTransfer_bookingId_idx" ON public."FolioTransfer" USING btree ("bookingId");


--
-- Name: FolioTransfer_fromFolioId_idx; Type: INDEX; Schema: public; Owner: -
--

CREATE INDEX "FolioTransfer_fromFolioId_idx" ON public."FolioTransfer" USING btree ("fromFolioId");


--
-- Name: FolioTransfer_propertyId_idx; Type: INDEX; Schema: public; Owner: -
--

CREATE INDEX "FolioTransfer_propertyId_idx" ON public."FolioTransfer" USING btree ("propertyId");


--
-- Name: FolioTransfer_tenantId_idx; Type: INDEX; Schema: public; Owner: -
--

CREATE INDEX "FolioTransfer_tenantId_idx" ON public."FolioTransfer" USING btree ("tenantId");


--
-- Name: FolioTransfer_toFolioId_idx; Type: INDEX; Schema: public; Owner: -
--

CREATE INDEX "FolioTransfer_toFolioId_idx" ON public."FolioTransfer" USING btree ("toFolioId");


--
-- Name: Folio_bookingId_idx; Type: INDEX; Schema: public; Owner: -
--

CREATE INDEX "Folio_bookingId_idx" ON public."Folio" USING btree ("bookingId");


--
-- Name: Folio_folioNumber_key; Type: INDEX; Schema: public; Owner: -
--

CREATE UNIQUE INDEX "Folio_folioNumber_key" ON public."Folio" USING btree ("folioNumber");


--
-- Name: Folio_guestId_idx; Type: INDEX; Schema: public; Owner: -
--

CREATE INDEX "Folio_guestId_idx" ON public."Folio" USING btree ("guestId");


--
-- Name: Folio_tenantId_idx; Type: INDEX; Schema: public; Owner: -
--

CREATE INDEX "Folio_tenantId_idx" ON public."Folio" USING btree ("tenantId");


--
-- Name: GDPRRequest_createdAt_idx; Type: INDEX; Schema: public; Owner: -
--

CREATE INDEX "GDPRRequest_createdAt_idx" ON public."GDPRRequest" USING btree ("createdAt");


--
-- Name: GDPRRequest_expiresAt_idx; Type: INDEX; Schema: public; Owner: -
--

CREATE INDEX "GDPRRequest_expiresAt_idx" ON public."GDPRRequest" USING btree ("expiresAt");


--
-- Name: GDPRRequest_guestId_idx; Type: INDEX; Schema: public; Owner: -
--

CREATE INDEX "GDPRRequest_guestId_idx" ON public."GDPRRequest" USING btree ("guestId");


--
-- Name: GDPRRequest_requestType_idx; Type: INDEX; Schema: public; Owner: -
--

CREATE INDEX "GDPRRequest_requestType_idx" ON public."GDPRRequest" USING btree ("requestType");


--
-- Name: GDPRRequest_status_idx; Type: INDEX; Schema: public; Owner: -
--

CREATE INDEX "GDPRRequest_status_idx" ON public."GDPRRequest" USING btree (status);


--
-- Name: GDPRRequest_tenantId_idx; Type: INDEX; Schema: public; Owner: -
--

CREATE INDEX "GDPRRequest_tenantId_idx" ON public."GDPRRequest" USING btree ("tenantId");


--
-- Name: GatewayExplicitRoute_gatewayId_idx; Type: INDEX; Schema: public; Owner: -
--

CREATE INDEX "GatewayExplicitRoute_gatewayId_idx" ON public."GatewayExplicitRoute" USING btree ("gatewayId");


--
-- Name: GatewayExplicitRoute_gatewayId_network_key; Type: INDEX; Schema: public; Owner: -
--

CREATE UNIQUE INDEX "GatewayExplicitRoute_gatewayId_network_key" ON public."GatewayExplicitRoute" USING btree ("gatewayId", network);


--
-- Name: GatewayExplicitRoute_propertyId_idx; Type: INDEX; Schema: public; Owner: -
--

CREATE INDEX "GatewayExplicitRoute_propertyId_idx" ON public."GatewayExplicitRoute" USING btree ("propertyId");


--
-- Name: GatewayExplicitRoute_tenantId_idx; Type: INDEX; Schema: public; Owner: -
--

CREATE INDEX "GatewayExplicitRoute_tenantId_idx" ON public."GatewayExplicitRoute" USING btree ("tenantId");


--
-- Name: GatewayFwmark_gatewayId_fwmarkValue_key; Type: INDEX; Schema: public; Owner: -
--

CREATE UNIQUE INDEX "GatewayFwmark_gatewayId_fwmarkValue_key" ON public."GatewayFwmark" USING btree ("gatewayId", "fwmarkValue");


--
-- Name: GatewayFwmark_gatewayId_idx; Type: INDEX; Schema: public; Owner: -
--

CREATE INDEX "GatewayFwmark_gatewayId_idx" ON public."GatewayFwmark" USING btree ("gatewayId");


--
-- Name: GatewayFwmark_tenantId_idx; Type: INDEX; Schema: public; Owner: -
--

CREATE INDEX "GatewayFwmark_tenantId_idx" ON public."GatewayFwmark" USING btree ("tenantId");


--
-- Name: GatewayHealthRule_gatewayId_idx; Type: INDEX; Schema: public; Owner: -
--

CREATE INDEX "GatewayHealthRule_gatewayId_idx" ON public."GatewayHealthRule" USING btree ("gatewayId");


--
-- Name: GatewayHealthRule_gatewayId_sortOrder_key; Type: INDEX; Schema: public; Owner: -
--

CREATE UNIQUE INDEX "GatewayHealthRule_gatewayId_sortOrder_key" ON public."GatewayHealthRule" USING btree ("gatewayId", "sortOrder");


--
-- Name: GatewayHealthRule_tenantId_idx; Type: INDEX; Schema: public; Owner: -
--

CREATE INDEX "GatewayHealthRule_tenantId_idx" ON public."GatewayHealthRule" USING btree ("tenantId");


--
-- Name: Gateway_backupGatewayId_idx; Type: INDEX; Schema: public; Owner: -
--

CREATE INDEX "Gateway_backupGatewayId_idx" ON public."Gateway" USING btree ("backupGatewayId");


--
-- Name: Gateway_multiWanConfigId_idx; Type: INDEX; Schema: public; Owner: -
--

CREATE INDEX "Gateway_multiWanConfigId_idx" ON public."Gateway" USING btree ("multiWanConfigId");


--
-- Name: Gateway_multiWanConfigId_interfaceName_key; Type: INDEX; Schema: public; Owner: -
--

CREATE UNIQUE INDEX "Gateway_multiWanConfigId_interfaceName_key" ON public."Gateway" USING btree ("multiWanConfigId", "interfaceName");


--
-- Name: Gateway_propertyId_idx; Type: INDEX; Schema: public; Owner: -
--

CREATE INDEX "Gateway_propertyId_idx" ON public."Gateway" USING btree ("propertyId");


--
-- Name: Gateway_tenantId_idx; Type: INDEX; Schema: public; Owner: -
--

CREATE INDEX "Gateway_tenantId_idx" ON public."Gateway" USING btree ("tenantId");


--
-- Name: GoogleHotelAdsConnection_status_idx; Type: INDEX; Schema: public; Owner: -
--

CREATE INDEX "GoogleHotelAdsConnection_status_idx" ON public."GoogleHotelAdsConnection" USING btree (status);


--
-- Name: GoogleHotelAdsConnection_tenantId_idx; Type: INDEX; Schema: public; Owner: -
--

CREATE INDEX "GoogleHotelAdsConnection_tenantId_idx" ON public."GoogleHotelAdsConnection" USING btree ("tenantId");


--
-- Name: GoogleHotelAdsConnection_tenantId_propertyId_key; Type: INDEX; Schema: public; Owner: -
--

CREATE UNIQUE INDEX "GoogleHotelAdsConnection_tenantId_propertyId_key" ON public."GoogleHotelAdsConnection" USING btree ("tenantId", "propertyId");


--
-- Name: GroupBooking_propertyId_idx; Type: INDEX; Schema: public; Owner: -
--

CREATE INDEX "GroupBooking_propertyId_idx" ON public."GroupBooking" USING btree ("propertyId");


--
-- Name: GroupBooking_tenantId_idx; Type: INDEX; Schema: public; Owner: -
--

CREATE INDEX "GroupBooking_tenantId_idx" ON public."GroupBooking" USING btree ("tenantId");


--
-- Name: GuestBehavior_guestId_idx; Type: INDEX; Schema: public; Owner: -
--

CREATE INDEX "GuestBehavior_guestId_idx" ON public."GuestBehavior" USING btree ("guestId");


--
-- Name: GuestBehavior_guestId_key; Type: INDEX; Schema: public; Owner: -
--

CREATE UNIQUE INDEX "GuestBehavior_guestId_key" ON public."GuestBehavior" USING btree ("guestId");


--
-- Name: GuestBehavior_isRepeatGuest_idx; Type: INDEX; Schema: public; Owner: -
--

CREATE INDEX "GuestBehavior_isRepeatGuest_idx" ON public."GuestBehavior" USING btree ("isRepeatGuest");


--
-- Name: GuestBehavior_tenantId_idx; Type: INDEX; Schema: public; Owner: -
--

CREATE INDEX "GuestBehavior_tenantId_idx" ON public."GuestBehavior" USING btree ("tenantId");


--
-- Name: GuestDocument_guestId_idx; Type: INDEX; Schema: public; Owner: -
--

CREATE INDEX "GuestDocument_guestId_idx" ON public."GuestDocument" USING btree ("guestId");


--
-- Name: GuestFeedback_guestId_idx; Type: INDEX; Schema: public; Owner: -
--

CREATE INDEX "GuestFeedback_guestId_idx" ON public."GuestFeedback" USING btree ("guestId");


--
-- Name: GuestFeedback_propertyId_idx; Type: INDEX; Schema: public; Owner: -
--

CREATE INDEX "GuestFeedback_propertyId_idx" ON public."GuestFeedback" USING btree ("propertyId");


--
-- Name: GuestJourney_guestId_idx; Type: INDEX; Schema: public; Owner: -
--

CREATE INDEX "GuestJourney_guestId_idx" ON public."GuestJourney" USING btree ("guestId");


--
-- Name: GuestJourney_occurredAt_idx; Type: INDEX; Schema: public; Owner: -
--

CREATE INDEX "GuestJourney_occurredAt_idx" ON public."GuestJourney" USING btree ("occurredAt");


--
-- Name: GuestJourney_stage_idx; Type: INDEX; Schema: public; Owner: -
--

CREATE INDEX "GuestJourney_stage_idx" ON public."GuestJourney" USING btree (stage);


--
-- Name: GuestJourney_tenantId_idx; Type: INDEX; Schema: public; Owner: -
--

CREATE INDEX "GuestJourney_tenantId_idx" ON public."GuestJourney" USING btree ("tenantId");


--
-- Name: GuestRecommendation_expiresAt_idx; Type: INDEX; Schema: public; Owner: -
--

CREATE INDEX "GuestRecommendation_expiresAt_idx" ON public."GuestRecommendation" USING btree ("expiresAt");


--
-- Name: GuestRecommendation_guestId_idx; Type: INDEX; Schema: public; Owner: -
--

CREATE INDEX "GuestRecommendation_guestId_idx" ON public."GuestRecommendation" USING btree ("guestId");


--
-- Name: GuestRecommendation_status_idx; Type: INDEX; Schema: public; Owner: -
--

CREATE INDEX "GuestRecommendation_status_idx" ON public."GuestRecommendation" USING btree (status);


--
-- Name: GuestRecommendation_tenantId_idx; Type: INDEX; Schema: public; Owner: -
--

CREATE INDEX "GuestRecommendation_tenantId_idx" ON public."GuestRecommendation" USING btree ("tenantId");


--
-- Name: GuestReview_guestId_idx; Type: INDEX; Schema: public; Owner: -
--

CREATE INDEX "GuestReview_guestId_idx" ON public."GuestReview" USING btree ("guestId");


--
-- Name: GuestReview_propertyId_idx; Type: INDEX; Schema: public; Owner: -
--

CREATE INDEX "GuestReview_propertyId_idx" ON public."GuestReview" USING btree ("propertyId");


--
-- Name: GuestSegment_tenantId_idx; Type: INDEX; Schema: public; Owner: -
--

CREATE INDEX "GuestSegment_tenantId_idx" ON public."GuestSegment" USING btree ("tenantId");


--
-- Name: GuestStay_guestId_bookingId_key; Type: INDEX; Schema: public; Owner: -
--

CREATE UNIQUE INDEX "GuestStay_guestId_bookingId_key" ON public."GuestStay" USING btree ("guestId", "bookingId");


--
-- Name: Guest_email_idx; Type: INDEX; Schema: public; Owner: -
--

CREATE INDEX "Guest_email_idx" ON public."Guest" USING btree (email);


--
-- Name: Guest_phone_idx; Type: INDEX; Schema: public; Owner: -
--

CREATE INDEX "Guest_phone_idx" ON public."Guest" USING btree (phone);


--
-- Name: Guest_tenantId_email_idx; Type: INDEX; Schema: public; Owner: -
--

CREATE INDEX "Guest_tenantId_email_idx" ON public."Guest" USING btree ("tenantId", email);


--
-- Name: Guest_tenantId_idx; Type: INDEX; Schema: public; Owner: -
--

CREATE INDEX "Guest_tenantId_idx" ON public."Guest" USING btree ("tenantId");


--
-- Name: HelpArticle_category_idx; Type: INDEX; Schema: public; Owner: -
--

CREATE INDEX "HelpArticle_category_idx" ON public."HelpArticle" USING btree (category);


--
-- Name: HelpArticle_slug_key; Type: INDEX; Schema: public; Owner: -
--

CREATE UNIQUE INDEX "HelpArticle_slug_key" ON public."HelpArticle" USING btree (slug);


--
-- Name: HelpArticle_status_idx; Type: INDEX; Schema: public; Owner: -
--

CREATE INDEX "HelpArticle_status_idx" ON public."HelpArticle" USING btree (status);


--
-- Name: HelpCategory_parentId_idx; Type: INDEX; Schema: public; Owner: -
--

CREATE INDEX "HelpCategory_parentId_idx" ON public."HelpCategory" USING btree ("parentId");


--
-- Name: HelpCategory_slug_key; Type: INDEX; Schema: public; Owner: -
--

CREATE UNIQUE INDEX "HelpCategory_slug_key" ON public."HelpCategory" USING btree (slug);


--
-- Name: IdempotencyKey_key_idx; Type: INDEX; Schema: public; Owner: -
--

CREATE INDEX "IdempotencyKey_key_idx" ON public."IdempotencyKey" USING btree (key);


--
-- Name: IdempotencyKey_key_key; Type: INDEX; Schema: public; Owner: -
--

CREATE UNIQUE INDEX "IdempotencyKey_key_key" ON public."IdempotencyKey" USING btree (key);


--
-- Name: IdempotencyKey_tenantId_idx; Type: INDEX; Schema: public; Owner: -
--

CREATE INDEX "IdempotencyKey_tenantId_idx" ON public."IdempotencyKey" USING btree ("tenantId");


--
-- Name: InspectionResult_completedAt_idx; Type: INDEX; Schema: public; Owner: -
--

CREATE INDEX "InspectionResult_completedAt_idx" ON public."InspectionResult" USING btree ("completedAt");


--
-- Name: InspectionResult_inspectorId_idx; Type: INDEX; Schema: public; Owner: -
--

CREATE INDEX "InspectionResult_inspectorId_idx" ON public."InspectionResult" USING btree ("inspectorId");


--
-- Name: InspectionResult_propertyId_idx; Type: INDEX; Schema: public; Owner: -
--

CREATE INDEX "InspectionResult_propertyId_idx" ON public."InspectionResult" USING btree ("propertyId");


--
-- Name: InspectionResult_roomId_idx; Type: INDEX; Schema: public; Owner: -
--

CREATE INDEX "InspectionResult_roomId_idx" ON public."InspectionResult" USING btree ("roomId");


--
-- Name: InspectionResult_taskId_idx; Type: INDEX; Schema: public; Owner: -
--

CREATE INDEX "InspectionResult_taskId_idx" ON public."InspectionResult" USING btree ("taskId");


--
-- Name: InspectionResult_templateId_idx; Type: INDEX; Schema: public; Owner: -
--

CREATE INDEX "InspectionResult_templateId_idx" ON public."InspectionResult" USING btree ("templateId");


--
-- Name: InspectionResult_tenantId_idx; Type: INDEX; Schema: public; Owner: -
--

CREATE INDEX "InspectionResult_tenantId_idx" ON public."InspectionResult" USING btree ("tenantId");


--
-- Name: InspectionTemplate_isActive_idx; Type: INDEX; Schema: public; Owner: -
--

CREATE INDEX "InspectionTemplate_isActive_idx" ON public."InspectionTemplate" USING btree ("isActive");


--
-- Name: InspectionTemplate_propertyId_idx; Type: INDEX; Schema: public; Owner: -
--

CREATE INDEX "InspectionTemplate_propertyId_idx" ON public."InspectionTemplate" USING btree ("propertyId");


--
-- Name: InspectionTemplate_roomType_idx; Type: INDEX; Schema: public; Owner: -
--

CREATE INDEX "InspectionTemplate_roomType_idx" ON public."InspectionTemplate" USING btree ("roomType");


--
-- Name: InspectionTemplate_tenantId_idx; Type: INDEX; Schema: public; Owner: -
--

CREATE INDEX "InspectionTemplate_tenantId_idx" ON public."InspectionTemplate" USING btree ("tenantId");


--
-- Name: Integration_tenantId_idx; Type: INDEX; Schema: public; Owner: -
--

CREATE INDEX "Integration_tenantId_idx" ON public."Integration" USING btree ("tenantId");


--
-- Name: Integration_tenantId_type_provider_key; Type: INDEX; Schema: public; Owner: -
--

CREATE UNIQUE INDEX "Integration_tenantId_type_provider_key" ON public."Integration" USING btree ("tenantId", type, provider);


--
-- Name: InterfaceAlias_interfaceId_idx; Type: INDEX; Schema: public; Owner: -
--

CREATE INDEX "InterfaceAlias_interfaceId_idx" ON public."InterfaceAlias" USING btree ("interfaceId");


--
-- Name: InterfaceAlias_propertyId_idx; Type: INDEX; Schema: public; Owner: -
--

CREATE INDEX "InterfaceAlias_propertyId_idx" ON public."InterfaceAlias" USING btree ("propertyId");


--
-- Name: InterfaceAlias_propertyId_interfaceId_ipAddress_key; Type: INDEX; Schema: public; Owner: -
--

CREATE UNIQUE INDEX "InterfaceAlias_propertyId_interfaceId_ipAddress_key" ON public."InterfaceAlias" USING btree ("propertyId", "interfaceId", "ipAddress");


--
-- Name: InterfaceAlias_tenantId_idx; Type: INDEX; Schema: public; Owner: -
--

CREATE INDEX "InterfaceAlias_tenantId_idx" ON public."InterfaceAlias" USING btree ("tenantId");


--
-- Name: InterfaceConfig_propertyId_idx; Type: INDEX; Schema: public; Owner: -
--

CREATE INDEX "InterfaceConfig_propertyId_idx" ON public."InterfaceConfig" USING btree ("propertyId");


--
-- Name: InterfaceConfig_propertyId_interfaceId_key; Type: INDEX; Schema: public; Owner: -
--

CREATE UNIQUE INDEX "InterfaceConfig_propertyId_interfaceId_key" ON public."InterfaceConfig" USING btree ("propertyId", "interfaceId");


--
-- Name: InterfaceConfig_tenantId_idx; Type: INDEX; Schema: public; Owner: -
--

CREATE INDEX "InterfaceConfig_tenantId_idx" ON public."InterfaceConfig" USING btree ("tenantId");


--
-- Name: InterfaceRole_propertyId_idx; Type: INDEX; Schema: public; Owner: -
--

CREATE INDEX "InterfaceRole_propertyId_idx" ON public."InterfaceRole" USING btree ("propertyId");


--
-- Name: InterfaceRole_propertyId_interfaceId_key; Type: INDEX; Schema: public; Owner: -
--

CREATE UNIQUE INDEX "InterfaceRole_propertyId_interfaceId_key" ON public."InterfaceRole" USING btree ("propertyId", "interfaceId");


--
-- Name: InterfaceRole_role_idx; Type: INDEX; Schema: public; Owner: -
--

CREATE INDEX "InterfaceRole_role_idx" ON public."InterfaceRole" USING btree (role);


--
-- Name: InterfaceRole_tenantId_idx; Type: INDEX; Schema: public; Owner: -
--

CREATE INDEX "InterfaceRole_tenantId_idx" ON public."InterfaceRole" USING btree ("tenantId");


--
-- Name: InventoryItem_propertyId_idx; Type: INDEX; Schema: public; Owner: -
--

CREATE INDEX "InventoryItem_propertyId_idx" ON public."InventoryItem" USING btree ("propertyId");


--
-- Name: InventoryItem_status_idx; Type: INDEX; Schema: public; Owner: -
--

CREATE INDEX "InventoryItem_status_idx" ON public."InventoryItem" USING btree (status);


--
-- Name: InventoryLock_expiresAt_idx; Type: INDEX; Schema: public; Owner: -
--

CREATE INDEX "InventoryLock_expiresAt_idx" ON public."InventoryLock" USING btree ("expiresAt");


--
-- Name: InventoryLock_propertyId_idx; Type: INDEX; Schema: public; Owner: -
--

CREATE INDEX "InventoryLock_propertyId_idx" ON public."InventoryLock" USING btree ("propertyId");


--
-- Name: InventoryLock_roomId_idx; Type: INDEX; Schema: public; Owner: -
--

CREATE INDEX "InventoryLock_roomId_idx" ON public."InventoryLock" USING btree ("roomId");


--
-- Name: InventoryLock_roomTypeId_idx; Type: INDEX; Schema: public; Owner: -
--

CREATE INDEX "InventoryLock_roomTypeId_idx" ON public."InventoryLock" USING btree ("roomTypeId");


--
-- Name: InventoryLock_sessionId_idx; Type: INDEX; Schema: public; Owner: -
--

CREATE INDEX "InventoryLock_sessionId_idx" ON public."InventoryLock" USING btree ("sessionId");


--
-- Name: InventoryLock_tenantId_idx; Type: INDEX; Schema: public; Owner: -
--

CREATE INDEX "InventoryLock_tenantId_idx" ON public."InventoryLock" USING btree ("tenantId");


--
-- Name: InventoryMovement_inventoryItemId_idx; Type: INDEX; Schema: public; Owner: -
--

CREATE INDEX "InventoryMovement_inventoryItemId_idx" ON public."InventoryMovement" USING btree ("inventoryItemId");


--
-- Name: InventoryMovement_propertyId_idx; Type: INDEX; Schema: public; Owner: -
--

CREATE INDEX "InventoryMovement_propertyId_idx" ON public."InventoryMovement" USING btree ("propertyId");


--
-- Name: InventoryTransferItem_stockItemId_idx; Type: INDEX; Schema: public; Owner: -
--

CREATE INDEX "InventoryTransferItem_stockItemId_idx" ON public."InventoryTransferItem" USING btree ("stockItemId");


--
-- Name: InventoryTransferItem_transferId_idx; Type: INDEX; Schema: public; Owner: -
--

CREATE INDEX "InventoryTransferItem_transferId_idx" ON public."InventoryTransferItem" USING btree ("transferId");


--
-- Name: InventoryTransfer_fromPropertyId_idx; Type: INDEX; Schema: public; Owner: -
--

CREATE INDEX "InventoryTransfer_fromPropertyId_idx" ON public."InventoryTransfer" USING btree ("fromPropertyId");


--
-- Name: InventoryTransfer_status_idx; Type: INDEX; Schema: public; Owner: -
--

CREATE INDEX "InventoryTransfer_status_idx" ON public."InventoryTransfer" USING btree (status);


--
-- Name: InventoryTransfer_tenantId_idx; Type: INDEX; Schema: public; Owner: -
--

CREATE INDEX "InventoryTransfer_tenantId_idx" ON public."InventoryTransfer" USING btree ("tenantId");


--
-- Name: InventoryTransfer_toPropertyId_idx; Type: INDEX; Schema: public; Owner: -
--

CREATE INDEX "InventoryTransfer_toPropertyId_idx" ON public."InventoryTransfer" USING btree ("toPropertyId");


--
-- Name: InvoiceTemplate_tenantId_idx; Type: INDEX; Schema: public; Owner: -
--

CREATE INDEX "InvoiceTemplate_tenantId_idx" ON public."InvoiceTemplate" USING btree ("tenantId");


--
-- Name: Invoice_invoiceNumber_key; Type: INDEX; Schema: public; Owner: -
--

CREATE UNIQUE INDEX "Invoice_invoiceNumber_key" ON public."Invoice" USING btree ("invoiceNumber");


--
-- Name: Invoice_isRecurring_recurringNextDate_idx; Type: INDEX; Schema: public; Owner: -
--

CREATE INDEX "Invoice_isRecurring_recurringNextDate_idx" ON public."Invoice" USING btree ("isRecurring", "recurringNextDate");


--
-- Name: Invoice_tenantId_idx; Type: INDEX; Schema: public; Owner: -
--

CREATE INDEX "Invoice_tenantId_idx" ON public."Invoice" USING btree ("tenantId");


--
-- Name: IoTCommand_deviceId_idx; Type: INDEX; Schema: public; Owner: -
--

CREATE INDEX "IoTCommand_deviceId_idx" ON public."IoTCommand" USING btree ("deviceId");


--
-- Name: IoTCommand_status_idx; Type: INDEX; Schema: public; Owner: -
--

CREATE INDEX "IoTCommand_status_idx" ON public."IoTCommand" USING btree (status);


--
-- Name: IoTDevice_propertyId_idx; Type: INDEX; Schema: public; Owner: -
--

CREATE INDEX "IoTDevice_propertyId_idx" ON public."IoTDevice" USING btree ("propertyId");


--
-- Name: IoTDevice_roomId_idx; Type: INDEX; Schema: public; Owner: -
--

CREATE INDEX "IoTDevice_roomId_idx" ON public."IoTDevice" USING btree ("roomId");


--
-- Name: IoTDevice_tenantId_idx; Type: INDEX; Schema: public; Owner: -
--

CREATE INDEX "IoTDevice_tenantId_idx" ON public."IoTDevice" USING btree ("tenantId");


--
-- Name: IoTReading_deviceId_idx; Type: INDEX; Schema: public; Owner: -
--

CREATE INDEX "IoTReading_deviceId_idx" ON public."IoTReading" USING btree ("deviceId");


--
-- Name: IoTReading_timestamp_idx; Type: INDEX; Schema: public; Owner: -
--

CREATE INDEX "IoTReading_timestamp_idx" ON public."IoTReading" USING btree ("timestamp");


--
-- Name: IpPoolRange_poolId_idx; Type: INDEX; Schema: public; Owner: -
--

CREATE INDEX "IpPoolRange_poolId_idx" ON public."IpPoolRange" USING btree ("poolId");


--
-- Name: IpPool_captivePortal_idx; Type: INDEX; Schema: public; Owner: -
--

CREATE INDEX "IpPool_captivePortal_idx" ON public."IpPool" USING btree ("captivePortal");


--
-- Name: IpPool_isDefault_idx; Type: INDEX; Schema: public; Owner: -
--

CREATE INDEX "IpPool_isDefault_idx" ON public."IpPool" USING btree ("isDefault");


--
-- Name: IpPool_propertyId_idx; Type: INDEX; Schema: public; Owner: -
--

CREATE INDEX "IpPool_propertyId_idx" ON public."IpPool" USING btree ("propertyId");


--
-- Name: IpPool_tenantId_idx; Type: INDEX; Schema: public; Owner: -
--

CREATE INDEX "IpPool_tenantId_idx" ON public."IpPool" USING btree ("tenantId");


--
-- Name: IpPool_tenantId_name_key; Type: INDEX; Schema: public; Owner: -
--

CREATE UNIQUE INDEX "IpPool_tenantId_name_key" ON public."IpPool" USING btree ("tenantId", name);


--
-- Name: KeyCard_bookingId_idx; Type: INDEX; Schema: public; Owner: -
--

CREATE INDEX "KeyCard_bookingId_idx" ON public."KeyCard" USING btree ("bookingId");


--
-- Name: KeyCard_cardNumber_idx; Type: INDEX; Schema: public; Owner: -
--

CREATE INDEX "KeyCard_cardNumber_idx" ON public."KeyCard" USING btree ("cardNumber");


--
-- Name: KeyCard_cardNumber_key; Type: INDEX; Schema: public; Owner: -
--

CREATE UNIQUE INDEX "KeyCard_cardNumber_key" ON public."KeyCard" USING btree ("cardNumber");


--
-- Name: KeyCard_guestId_idx; Type: INDEX; Schema: public; Owner: -
--

CREATE INDEX "KeyCard_guestId_idx" ON public."KeyCard" USING btree ("guestId");


--
-- Name: KeyCard_propertyId_idx; Type: INDEX; Schema: public; Owner: -
--

CREATE INDEX "KeyCard_propertyId_idx" ON public."KeyCard" USING btree ("propertyId");


--
-- Name: KeyCard_roomId_idx; Type: INDEX; Schema: public; Owner: -
--

CREATE INDEX "KeyCard_roomId_idx" ON public."KeyCard" USING btree ("roomId");


--
-- Name: KeyCard_status_idx; Type: INDEX; Schema: public; Owner: -
--

CREATE INDEX "KeyCard_status_idx" ON public."KeyCard" USING btree (status);


--
-- Name: KeyCard_tenantId_idx; Type: INDEX; Schema: public; Owner: -
--

CREATE INDEX "KeyCard_tenantId_idx" ON public."KeyCard" USING btree ("tenantId");


--
-- Name: KeyCard_validFrom_idx; Type: INDEX; Schema: public; Owner: -
--

CREATE INDEX "KeyCard_validFrom_idx" ON public."KeyCard" USING btree ("validFrom");


--
-- Name: KeyCard_validTo_idx; Type: INDEX; Schema: public; Owner: -
--

CREATE INDEX "KeyCard_validTo_idx" ON public."KeyCard" USING btree ("validTo");


--
-- Name: KioskSettings_propertyId_idx; Type: INDEX; Schema: public; Owner: -
--

CREATE INDEX "KioskSettings_propertyId_idx" ON public."KioskSettings" USING btree ("propertyId");


--
-- Name: KioskSettings_propertyId_key; Type: INDEX; Schema: public; Owner: -
--

CREATE UNIQUE INDEX "KioskSettings_propertyId_key" ON public."KioskSettings" USING btree ("propertyId");


--
-- Name: KioskSettings_tenantId_idx; Type: INDEX; Schema: public; Owner: -
--

CREATE INDEX "KioskSettings_tenantId_idx" ON public."KioskSettings" USING btree ("tenantId");


--
-- Name: LicenseKey_activatedBy_idx; Type: INDEX; Schema: public; Owner: -
--

CREATE INDEX "LicenseKey_activatedBy_idx" ON public."LicenseKey" USING btree ("activatedBy");


--
-- Name: LicenseKey_batchId_idx; Type: INDEX; Schema: public; Owner: -
--

CREATE INDEX "LicenseKey_batchId_idx" ON public."LicenseKey" USING btree ("batchId");


--
-- Name: LicenseKey_key_idx; Type: INDEX; Schema: public; Owner: -
--

CREATE INDEX "LicenseKey_key_idx" ON public."LicenseKey" USING btree (key);


--
-- Name: LicenseKey_key_key; Type: INDEX; Schema: public; Owner: -
--

CREATE UNIQUE INDEX "LicenseKey_key_key" ON public."LicenseKey" USING btree (key);


--
-- Name: LicenseKey_planId_idx; Type: INDEX; Schema: public; Owner: -
--

CREATE INDEX "LicenseKey_planId_idx" ON public."LicenseKey" USING btree ("planId");


--
-- Name: LicenseKey_status_idx; Type: INDEX; Schema: public; Owner: -
--

CREATE INDEX "LicenseKey_status_idx" ON public."LicenseKey" USING btree (status);


--
-- Name: LicenseKey_tenantId_idx; Type: INDEX; Schema: public; Owner: -
--

CREATE INDEX "LicenseKey_tenantId_idx" ON public."LicenseKey" USING btree ("tenantId");


--
-- Name: LiveSession_acctSessionId_key; Type: INDEX; Schema: public; Owner: -
--

CREATE UNIQUE INDEX "LiveSession_acctSessionId_key" ON public."LiveSession" USING btree ("acctSessionId");


--
-- Name: LiveSession_framedIpAddress_idx; Type: INDEX; Schema: public; Owner: -
--

CREATE INDEX "LiveSession_framedIpAddress_idx" ON public."LiveSession" USING btree ("framedIpAddress");


--
-- Name: LiveSession_macAddress_idx; Type: INDEX; Schema: public; Owner: -
--

CREATE INDEX "LiveSession_macAddress_idx" ON public."LiveSession" USING btree ("macAddress");


--
-- Name: LiveSession_nasIpAddress_idx; Type: INDEX; Schema: public; Owner: -
--

CREATE INDEX "LiveSession_nasIpAddress_idx" ON public."LiveSession" USING btree ("nasIpAddress");


--
-- Name: LiveSession_propertyId_idx; Type: INDEX; Schema: public; Owner: -
--

CREATE INDEX "LiveSession_propertyId_idx" ON public."LiveSession" USING btree ("propertyId");


--
-- Name: LiveSession_status_idx; Type: INDEX; Schema: public; Owner: -
--

CREATE INDEX "LiveSession_status_idx" ON public."LiveSession" USING btree (status);


--
-- Name: LiveSession_tenantId_idx; Type: INDEX; Schema: public; Owner: -
--

CREATE INDEX "LiveSession_tenantId_idx" ON public."LiveSession" USING btree ("tenantId");


--
-- Name: LiveSession_userId_idx; Type: INDEX; Schema: public; Owner: -
--

CREATE INDEX "LiveSession_userId_idx" ON public."LiveSession" USING btree ("userId");


--
-- Name: LiveSession_username_idx; Type: INDEX; Schema: public; Owner: -
--

CREATE INDEX "LiveSession_username_idx" ON public."LiveSession" USING btree (username);


--
-- Name: LiveSession_username_key; Type: INDEX; Schema: public; Owner: -
--

CREATE UNIQUE INDEX "LiveSession_username_key" ON public."LiveSession" USING btree (username);


--
-- Name: LoyaltyPointTransaction_expiresAt_idx; Type: INDEX; Schema: public; Owner: -
--

CREATE INDEX "LoyaltyPointTransaction_expiresAt_idx" ON public."LoyaltyPointTransaction" USING btree ("expiresAt");


--
-- Name: LoyaltyPointTransaction_guestId_idx; Type: INDEX; Schema: public; Owner: -
--

CREATE INDEX "LoyaltyPointTransaction_guestId_idx" ON public."LoyaltyPointTransaction" USING btree ("guestId");


--
-- Name: LoyaltyPointTransaction_tenantId_idx; Type: INDEX; Schema: public; Owner: -
--

CREATE INDEX "LoyaltyPointTransaction_tenantId_idx" ON public."LoyaltyPointTransaction" USING btree ("tenantId");


--
-- Name: LoyaltyPointTransaction_type_idx; Type: INDEX; Schema: public; Owner: -
--

CREATE INDEX "LoyaltyPointTransaction_type_idx" ON public."LoyaltyPointTransaction" USING btree (type);


--
-- Name: LoyaltyRedemption_guestId_idx; Type: INDEX; Schema: public; Owner: -
--

CREATE INDEX "LoyaltyRedemption_guestId_idx" ON public."LoyaltyRedemption" USING btree ("guestId");


--
-- Name: LoyaltyRedemption_redemptionCode_idx; Type: INDEX; Schema: public; Owner: -
--

CREATE INDEX "LoyaltyRedemption_redemptionCode_idx" ON public."LoyaltyRedemption" USING btree ("redemptionCode");


--
-- Name: LoyaltyRedemption_redemptionCode_key; Type: INDEX; Schema: public; Owner: -
--

CREATE UNIQUE INDEX "LoyaltyRedemption_redemptionCode_key" ON public."LoyaltyRedemption" USING btree ("redemptionCode");


--
-- Name: LoyaltyRedemption_rewardId_idx; Type: INDEX; Schema: public; Owner: -
--

CREATE INDEX "LoyaltyRedemption_rewardId_idx" ON public."LoyaltyRedemption" USING btree ("rewardId");


--
-- Name: LoyaltyRedemption_status_idx; Type: INDEX; Schema: public; Owner: -
--

CREATE INDEX "LoyaltyRedemption_status_idx" ON public."LoyaltyRedemption" USING btree (status);


--
-- Name: LoyaltyRedemption_tenantId_idx; Type: INDEX; Schema: public; Owner: -
--

CREATE INDEX "LoyaltyRedemption_tenantId_idx" ON public."LoyaltyRedemption" USING btree ("tenantId");


--
-- Name: LoyaltyReward_category_idx; Type: INDEX; Schema: public; Owner: -
--

CREATE INDEX "LoyaltyReward_category_idx" ON public."LoyaltyReward" USING btree (category);


--
-- Name: LoyaltyReward_isAvailable_idx; Type: INDEX; Schema: public; Owner: -
--

CREATE INDEX "LoyaltyReward_isAvailable_idx" ON public."LoyaltyReward" USING btree ("isAvailable");


--
-- Name: LoyaltyReward_tenantId_idx; Type: INDEX; Schema: public; Owner: -
--

CREATE INDEX "LoyaltyReward_tenantId_idx" ON public."LoyaltyReward" USING btree ("tenantId");


--
-- Name: LoyaltyTier_minPoints_idx; Type: INDEX; Schema: public; Owner: -
--

CREATE INDEX "LoyaltyTier_minPoints_idx" ON public."LoyaltyTier" USING btree ("minPoints");


--
-- Name: LoyaltyTier_tenantId_idx; Type: INDEX; Schema: public; Owner: -
--

CREATE INDEX "LoyaltyTier_tenantId_idx" ON public."LoyaltyTier" USING btree ("tenantId");


--
-- Name: LoyaltyTier_tenantId_name_key; Type: INDEX; Schema: public; Owner: -
--

CREATE UNIQUE INDEX "LoyaltyTier_tenantId_name_key" ON public."LoyaltyTier" USING btree ("tenantId", name);


--
-- Name: LoyaltyTransaction_guestId_idx; Type: INDEX; Schema: public; Owner: -
--

CREATE INDEX "LoyaltyTransaction_guestId_idx" ON public."LoyaltyTransaction" USING btree ("guestId");


--
-- Name: LoyaltyTransaction_tenantId_idx; Type: INDEX; Schema: public; Owner: -
--

CREATE INDEX "LoyaltyTransaction_tenantId_idx" ON public."LoyaltyTransaction" USING btree ("tenantId");


--
-- Name: MacFilter_enabled_idx; Type: INDEX; Schema: public; Owner: -
--

CREATE INDEX "MacFilter_enabled_idx" ON public."MacFilter" USING btree (enabled);


--
-- Name: MacFilter_listType_idx; Type: INDEX; Schema: public; Owner: -
--

CREATE INDEX "MacFilter_listType_idx" ON public."MacFilter" USING btree ("listType");


--
-- Name: MacFilter_propertyId_idx; Type: INDEX; Schema: public; Owner: -
--

CREATE INDEX "MacFilter_propertyId_idx" ON public."MacFilter" USING btree ("propertyId");


--
-- Name: MacFilter_propertyId_macAddress_key; Type: INDEX; Schema: public; Owner: -
--

CREATE UNIQUE INDEX "MacFilter_propertyId_macAddress_key" ON public."MacFilter" USING btree ("propertyId", "macAddress");


--
-- Name: MacFilter_tenantId_idx; Type: INDEX; Schema: public; Owner: -
--

CREATE INDEX "MacFilter_tenantId_idx" ON public."MacFilter" USING btree ("tenantId");


--
-- Name: MaintenanceBlock_endDate_idx; Type: INDEX; Schema: public; Owner: -
--

CREATE INDEX "MaintenanceBlock_endDate_idx" ON public."MaintenanceBlock" USING btree ("endDate");


--
-- Name: MaintenanceBlock_propertyId_idx; Type: INDEX; Schema: public; Owner: -
--

CREATE INDEX "MaintenanceBlock_propertyId_idx" ON public."MaintenanceBlock" USING btree ("propertyId");


--
-- Name: MaintenanceBlock_roomId_idx; Type: INDEX; Schema: public; Owner: -
--

CREATE INDEX "MaintenanceBlock_roomId_idx" ON public."MaintenanceBlock" USING btree ("roomId");


--
-- Name: MaintenanceBlock_startDate_idx; Type: INDEX; Schema: public; Owner: -
--

CREATE INDEX "MaintenanceBlock_startDate_idx" ON public."MaintenanceBlock" USING btree ("startDate");


--
-- Name: MaintenanceBlock_status_idx; Type: INDEX; Schema: public; Owner: -
--

CREATE INDEX "MaintenanceBlock_status_idx" ON public."MaintenanceBlock" USING btree (status);


--
-- Name: MaintenanceBlock_tenantId_idx; Type: INDEX; Schema: public; Owner: -
--

CREATE INDEX "MaintenanceBlock_tenantId_idx" ON public."MaintenanceBlock" USING btree ("tenantId");


--
-- Name: ManualTransaction_paymentId_idx; Type: INDEX; Schema: public; Owner: -
--

CREATE INDEX "ManualTransaction_paymentId_idx" ON public."ManualTransaction" USING btree ("paymentId");


--
-- Name: ManualTransaction_status_idx; Type: INDEX; Schema: public; Owner: -
--

CREATE INDEX "ManualTransaction_status_idx" ON public."ManualTransaction" USING btree (status);


--
-- Name: ManualTransaction_tenantId_idx; Type: INDEX; Schema: public; Owner: -
--

CREATE INDEX "ManualTransaction_tenantId_idx" ON public."ManualTransaction" USING btree ("tenantId");


--
-- Name: MenuItem_categoryId_idx; Type: INDEX; Schema: public; Owner: -
--

CREATE INDEX "MenuItem_categoryId_idx" ON public."MenuItem" USING btree ("categoryId");


--
-- Name: MenuItem_propertyId_idx; Type: INDEX; Schema: public; Owner: -
--

CREATE INDEX "MenuItem_propertyId_idx" ON public."MenuItem" USING btree ("propertyId");


--
-- Name: MenuModifierOption_modifierGroupId_idx; Type: INDEX; Schema: public; Owner: -
--

CREATE INDEX "MenuModifierOption_modifierGroupId_idx" ON public."MenuModifierOption" USING btree ("modifierGroupId");


--
-- Name: MenuModifierOption_propertyId_idx; Type: INDEX; Schema: public; Owner: -
--

CREATE INDEX "MenuModifierOption_propertyId_idx" ON public."MenuModifierOption" USING btree ("propertyId");


--
-- Name: MenuModifier_isAvailable_idx; Type: INDEX; Schema: public; Owner: -
--

CREATE INDEX "MenuModifier_isAvailable_idx" ON public."MenuModifier" USING btree ("isAvailable");


--
-- Name: MenuModifier_propertyId_idx; Type: INDEX; Schema: public; Owner: -
--

CREATE INDEX "MenuModifier_propertyId_idx" ON public."MenuModifier" USING btree ("propertyId");


--
-- Name: MenuVariant_menuItemId_idx; Type: INDEX; Schema: public; Owner: -
--

CREATE INDEX "MenuVariant_menuItemId_idx" ON public."MenuVariant" USING btree ("menuItemId");


--
-- Name: MenuVariant_propertyId_idx; Type: INDEX; Schema: public; Owner: -
--

CREATE INDEX "MenuVariant_propertyId_idx" ON public."MenuVariant" USING btree ("propertyId");


--
-- Name: MessageTemplate_category_idx; Type: INDEX; Schema: public; Owner: -
--

CREATE INDEX "MessageTemplate_category_idx" ON public."MessageTemplate" USING btree (category);


--
-- Name: MessageTemplate_channel_idx; Type: INDEX; Schema: public; Owner: -
--

CREATE INDEX "MessageTemplate_channel_idx" ON public."MessageTemplate" USING btree (channel);


--
-- Name: MessageTemplate_tenantId_idx; Type: INDEX; Schema: public; Owner: -
--

CREATE INDEX "MessageTemplate_tenantId_idx" ON public."MessageTemplate" USING btree ("tenantId");


--
-- Name: MessageTemplate_tenantId_name_channel_key; Type: INDEX; Schema: public; Owner: -
--

CREATE UNIQUE INDEX "MessageTemplate_tenantId_name_channel_key" ON public."MessageTemplate" USING btree ("tenantId", name, channel);


--
-- Name: MetasearchConnection_platform_idx; Type: INDEX; Schema: public; Owner: -
--

CREATE INDEX "MetasearchConnection_platform_idx" ON public."MetasearchConnection" USING btree (platform);


--
-- Name: MetasearchConnection_status_idx; Type: INDEX; Schema: public; Owner: -
--

CREATE INDEX "MetasearchConnection_status_idx" ON public."MetasearchConnection" USING btree (status);


--
-- Name: MetasearchConnection_tenantId_idx; Type: INDEX; Schema: public; Owner: -
--

CREATE INDEX "MetasearchConnection_tenantId_idx" ON public."MetasearchConnection" USING btree ("tenantId");


--
-- Name: MetasearchConnection_tenantId_propertyId_platform_key; Type: INDEX; Schema: public; Owner: -
--

CREATE UNIQUE INDEX "MetasearchConnection_tenantId_propertyId_platform_key" ON public."MetasearchConnection" USING btree ("tenantId", "propertyId", platform);


--
-- Name: MultiWanConfig_propertyId_key; Type: INDEX; Schema: public; Owner: -
--

CREATE UNIQUE INDEX "MultiWanConfig_propertyId_key" ON public."MultiWanConfig" USING btree ("propertyId");


--
-- Name: MultiWanConfig_tenantId_idx; Type: INDEX; Schema: public; Owner: -
--

CREATE INDEX "MultiWanConfig_tenantId_idx" ON public."MultiWanConfig" USING btree ("tenantId");


--
-- Name: NasHealthLog_createdAt_idx; Type: INDEX; Schema: public; Owner: -
--

CREATE INDEX "NasHealthLog_createdAt_idx" ON public."NasHealthLog" USING btree ("createdAt");


--
-- Name: NasHealthLog_isOnline_idx; Type: INDEX; Schema: public; Owner: -
--

CREATE INDEX "NasHealthLog_isOnline_idx" ON public."NasHealthLog" USING btree ("isOnline");


--
-- Name: NasHealthLog_nasIpAddress_idx; Type: INDEX; Schema: public; Owner: -
--

CREATE INDEX "NasHealthLog_nasIpAddress_idx" ON public."NasHealthLog" USING btree ("nasIpAddress");


--
-- Name: NasHealthLog_propertyId_idx; Type: INDEX; Schema: public; Owner: -
--

CREATE INDEX "NasHealthLog_propertyId_idx" ON public."NasHealthLog" USING btree ("propertyId");


--
-- Name: NasHealthLog_tenantId_idx; Type: INDEX; Schema: public; Owner: -
--

CREATE INDEX "NasHealthLog_tenantId_idx" ON public."NasHealthLog" USING btree ("tenantId");


--
-- Name: NatLog_destDomain_idx; Type: INDEX; Schema: public; Owner: -
--

CREATE INDEX "NatLog_destDomain_idx" ON public."NatLog" USING btree ("destDomain");


--
-- Name: NatLog_propertyId_idx; Type: INDEX; Schema: public; Owner: -
--

CREATE INDEX "NatLog_propertyId_idx" ON public."NatLog" USING btree ("propertyId");


--
-- Name: NatLog_sessionId_idx; Type: INDEX; Schema: public; Owner: -
--

CREATE INDEX "NatLog_sessionId_idx" ON public."NatLog" USING btree ("sessionId");


--
-- Name: NatLog_sourceIp_idx; Type: INDEX; Schema: public; Owner: -
--

CREATE INDEX "NatLog_sourceIp_idx" ON public."NatLog" USING btree ("sourceIp");


--
-- Name: NatLog_tenantId_idx; Type: INDEX; Schema: public; Owner: -
--

CREATE INDEX "NatLog_tenantId_idx" ON public."NatLog" USING btree ("tenantId");


--
-- Name: NatLog_timestamp_idx; Type: INDEX; Schema: public; Owner: -
--

CREATE INDEX "NatLog_timestamp_idx" ON public."NatLog" USING btree ("timestamp");


--
-- Name: NetworkConfigBackup_createdAt_idx; Type: INDEX; Schema: public; Owner: -
--

CREATE INDEX "NetworkConfigBackup_createdAt_idx" ON public."NetworkConfigBackup" USING btree ("createdAt");


--
-- Name: NetworkConfigBackup_propertyId_idx; Type: INDEX; Schema: public; Owner: -
--

CREATE INDEX "NetworkConfigBackup_propertyId_idx" ON public."NetworkConfigBackup" USING btree ("propertyId");


--
-- Name: NetworkConfigBackup_tenantId_idx; Type: INDEX; Schema: public; Owner: -
--

CREATE INDEX "NetworkConfigBackup_tenantId_idx" ON public."NetworkConfigBackup" USING btree ("tenantId");


--
-- Name: NetworkInterface_propertyId_idx; Type: INDEX; Schema: public; Owner: -
--

CREATE INDEX "NetworkInterface_propertyId_idx" ON public."NetworkInterface" USING btree ("propertyId");


--
-- Name: NetworkInterface_propertyId_name_key; Type: INDEX; Schema: public; Owner: -
--

CREATE UNIQUE INDEX "NetworkInterface_propertyId_name_key" ON public."NetworkInterface" USING btree ("propertyId", name);


--
-- Name: NetworkInterface_status_idx; Type: INDEX; Schema: public; Owner: -
--

CREATE INDEX "NetworkInterface_status_idx" ON public."NetworkInterface" USING btree (status);


--
-- Name: NetworkInterface_tenantId_idx; Type: INDEX; Schema: public; Owner: -
--

CREATE INDEX "NetworkInterface_tenantId_idx" ON public."NetworkInterface" USING btree ("tenantId");


--
-- Name: NotificationLog_recipientId_idx; Type: INDEX; Schema: public; Owner: -
--

CREATE INDEX "NotificationLog_recipientId_idx" ON public."NotificationLog" USING btree ("recipientId");


--
-- Name: NotificationLog_status_idx; Type: INDEX; Schema: public; Owner: -
--

CREATE INDEX "NotificationLog_status_idx" ON public."NotificationLog" USING btree (status);


--
-- Name: NotificationLog_tenantId_idx; Type: INDEX; Schema: public; Owner: -
--

CREATE INDEX "NotificationLog_tenantId_idx" ON public."NotificationLog" USING btree ("tenantId");


--
-- Name: NotificationPreference_tenantId_idx; Type: INDEX; Schema: public; Owner: -
--

CREATE INDEX "NotificationPreference_tenantId_idx" ON public."NotificationPreference" USING btree ("tenantId");


--
-- Name: NotificationPreference_userId_category_key; Type: INDEX; Schema: public; Owner: -
--

CREATE UNIQUE INDEX "NotificationPreference_userId_category_key" ON public."NotificationPreference" USING btree ("userId", category);


--
-- Name: NotificationPreference_userId_idx; Type: INDEX; Schema: public; Owner: -
--

CREATE INDEX "NotificationPreference_userId_idx" ON public."NotificationPreference" USING btree ("userId");


--
-- Name: NotificationTemplate_tenantId_idx; Type: INDEX; Schema: public; Owner: -
--

CREATE INDEX "NotificationTemplate_tenantId_idx" ON public."NotificationTemplate" USING btree ("tenantId");


--
-- Name: NotificationTemplate_tenantId_triggerEvent_type_key; Type: INDEX; Schema: public; Owner: -
--

CREATE UNIQUE INDEX "NotificationTemplate_tenantId_triggerEvent_type_key" ON public."NotificationTemplate" USING btree ("tenantId", "triggerEvent", type);


--
-- Name: Notification_createdAt_idx; Type: INDEX; Schema: public; Owner: -
--

CREATE INDEX "Notification_createdAt_idx" ON public."Notification" USING btree ("createdAt");


--
-- Name: Notification_expiresAt_idx; Type: INDEX; Schema: public; Owner: -
--

CREATE INDEX "Notification_expiresAt_idx" ON public."Notification" USING btree ("expiresAt");


--
-- Name: Notification_readAt_idx; Type: INDEX; Schema: public; Owner: -
--

CREATE INDEX "Notification_readAt_idx" ON public."Notification" USING btree ("readAt");


--
-- Name: Notification_tenantId_idx; Type: INDEX; Schema: public; Owner: -
--

CREATE INDEX "Notification_tenantId_idx" ON public."Notification" USING btree ("tenantId");


--
-- Name: Notification_type_idx; Type: INDEX; Schema: public; Owner: -
--

CREATE INDEX "Notification_type_idx" ON public."Notification" USING btree (type);


--
-- Name: Notification_userId_idx; Type: INDEX; Schema: public; Owner: -
--

CREATE INDEX "Notification_userId_idx" ON public."Notification" USING btree ("userId");


--
-- Name: OrderCategory_propertyId_idx; Type: INDEX; Schema: public; Owner: -
--

CREATE INDEX "OrderCategory_propertyId_idx" ON public."OrderCategory" USING btree ("propertyId");


--
-- Name: OrderDiscount_orderId_idx; Type: INDEX; Schema: public; Owner: -
--

CREATE INDEX "OrderDiscount_orderId_idx" ON public."OrderDiscount" USING btree ("orderId");


--
-- Name: OrderDiscount_tenantId_idx; Type: INDEX; Schema: public; Owner: -
--

CREATE INDEX "OrderDiscount_tenantId_idx" ON public."OrderDiscount" USING btree ("tenantId");


--
-- Name: OrderItem_orderId_idx; Type: INDEX; Schema: public; Owner: -
--

CREATE INDEX "OrderItem_orderId_idx" ON public."OrderItem" USING btree ("orderId");


--
-- Name: Order_orderNumber_key; Type: INDEX; Schema: public; Owner: -
--

CREATE UNIQUE INDEX "Order_orderNumber_key" ON public."Order" USING btree ("orderNumber");


--
-- Name: Order_propertyId_idx; Type: INDEX; Schema: public; Owner: -
--

CREATE INDEX "Order_propertyId_idx" ON public."Order" USING btree ("propertyId");


--
-- Name: Order_roomNumber_idx; Type: INDEX; Schema: public; Owner: -
--

CREATE INDEX "Order_roomNumber_idx" ON public."Order" USING btree ("roomNumber");


--
-- Name: Order_status_idx; Type: INDEX; Schema: public; Owner: -
--

CREATE INDEX "Order_status_idx" ON public."Order" USING btree (status);


--
-- Name: Order_tenantId_idx; Type: INDEX; Schema: public; Owner: -
--

CREATE INDEX "Order_tenantId_idx" ON public."Order" USING btree ("tenantId");


--
-- Name: ParkingPass_endDate_idx; Type: INDEX; Schema: public; Owner: -
--

CREATE INDEX "ParkingPass_endDate_idx" ON public."ParkingPass" USING btree ("endDate");


--
-- Name: ParkingPass_propertyId_idx; Type: INDEX; Schema: public; Owner: -
--

CREATE INDEX "ParkingPass_propertyId_idx" ON public."ParkingPass" USING btree ("propertyId");


--
-- Name: ParkingPass_status_idx; Type: INDEX; Schema: public; Owner: -
--

CREATE INDEX "ParkingPass_status_idx" ON public."ParkingPass" USING btree (status);


--
-- Name: ParkingPass_tenantId_idx; Type: INDEX; Schema: public; Owner: -
--

CREATE INDEX "ParkingPass_tenantId_idx" ON public."ParkingPass" USING btree ("tenantId");


--
-- Name: ParkingSlot_tenantId_idx; Type: INDEX; Schema: public; Owner: -
--

CREATE INDEX "ParkingSlot_tenantId_idx" ON public."ParkingSlot" USING btree ("tenantId");


--
-- Name: ParkingSlot_tenantId_number_key; Type: INDEX; Schema: public; Owner: -
--

CREATE UNIQUE INDEX "ParkingSlot_tenantId_number_key" ON public."ParkingSlot" USING btree ("tenantId", number);


--
-- Name: PaymentGateway_status_idx; Type: INDEX; Schema: public; Owner: -
--

CREATE INDEX "PaymentGateway_status_idx" ON public."PaymentGateway" USING btree (status);


--
-- Name: PaymentGateway_tenantId_idx; Type: INDEX; Schema: public; Owner: -
--

CREATE INDEX "PaymentGateway_tenantId_idx" ON public."PaymentGateway" USING btree ("tenantId");


--
-- Name: PaymentGateway_tenantId_provider_key; Type: INDEX; Schema: public; Owner: -
--

CREATE UNIQUE INDEX "PaymentGateway_tenantId_provider_key" ON public."PaymentGateway" USING btree ("tenantId", provider);


--
-- Name: PaymentSchedule_bookingId_idx; Type: INDEX; Schema: public; Owner: -
--

CREATE INDEX "PaymentSchedule_bookingId_idx" ON public."PaymentSchedule" USING btree ("bookingId");


--
-- Name: PaymentSchedule_folioId_idx; Type: INDEX; Schema: public; Owner: -
--

CREATE INDEX "PaymentSchedule_folioId_idx" ON public."PaymentSchedule" USING btree ("folioId");


--
-- Name: PaymentSchedule_propertyId_idx; Type: INDEX; Schema: public; Owner: -
--

CREATE INDEX "PaymentSchedule_propertyId_idx" ON public."PaymentSchedule" USING btree ("propertyId");


--
-- Name: PaymentSchedule_status_idx; Type: INDEX; Schema: public; Owner: -
--

CREATE INDEX "PaymentSchedule_status_idx" ON public."PaymentSchedule" USING btree (status);


--
-- Name: PaymentSchedule_tenantId_idx; Type: INDEX; Schema: public; Owner: -
--

CREATE INDEX "PaymentSchedule_tenantId_idx" ON public."PaymentSchedule" USING btree ("tenantId");


--
-- Name: PaymentToken_folioId_idx; Type: INDEX; Schema: public; Owner: -
--

CREATE INDEX "PaymentToken_folioId_idx" ON public."PaymentToken" USING btree ("folioId");


--
-- Name: PaymentToken_guestId_idx; Type: INDEX; Schema: public; Owner: -
--

CREATE INDEX "PaymentToken_guestId_idx" ON public."PaymentToken" USING btree ("guestId");


--
-- Name: PaymentToken_propertyId_idx; Type: INDEX; Schema: public; Owner: -
--

CREATE INDEX "PaymentToken_propertyId_idx" ON public."PaymentToken" USING btree ("propertyId");


--
-- Name: PaymentToken_status_idx; Type: INDEX; Schema: public; Owner: -
--

CREATE INDEX "PaymentToken_status_idx" ON public."PaymentToken" USING btree (status);


--
-- Name: PaymentToken_tenantId_idx; Type: INDEX; Schema: public; Owner: -
--

CREATE INDEX "PaymentToken_tenantId_idx" ON public."PaymentToken" USING btree ("tenantId");


--
-- Name: Payment_folioId_idx; Type: INDEX; Schema: public; Owner: -
--

CREATE INDEX "Payment_folioId_idx" ON public."Payment" USING btree ("folioId");


--
-- Name: Payment_gatewayRef_idx; Type: INDEX; Schema: public; Owner: -
--

CREATE INDEX "Payment_gatewayRef_idx" ON public."Payment" USING btree ("gatewayRef");


--
-- Name: Payment_gateway_idx; Type: INDEX; Schema: public; Owner: -
--

CREATE INDEX "Payment_gateway_idx" ON public."Payment" USING btree (gateway);


--
-- Name: Payment_idempotencyKey_key; Type: INDEX; Schema: public; Owner: -
--

CREATE UNIQUE INDEX "Payment_idempotencyKey_key" ON public."Payment" USING btree ("idempotencyKey");


--
-- Name: Payment_status_idx; Type: INDEX; Schema: public; Owner: -
--

CREATE INDEX "Payment_status_idx" ON public."Payment" USING btree (status);


--
-- Name: Payment_tenantId_idx; Type: INDEX; Schema: public; Owner: -
--

CREATE INDEX "Payment_tenantId_idx" ON public."Payment" USING btree ("tenantId");


--
-- Name: Payment_tenantId_status_idx; Type: INDEX; Schema: public; Owner: -
--

CREATE INDEX "Payment_tenantId_status_idx" ON public."Payment" USING btree ("tenantId", status);


--
-- Name: PortForwardRule_enabled_idx; Type: INDEX; Schema: public; Owner: -
--

CREATE INDEX "PortForwardRule_enabled_idx" ON public."PortForwardRule" USING btree (enabled);


--
-- Name: PortForwardRule_propertyId_idx; Type: INDEX; Schema: public; Owner: -
--

CREATE INDEX "PortForwardRule_propertyId_idx" ON public."PortForwardRule" USING btree ("propertyId");


--
-- Name: PortForwardRule_tenantId_idx; Type: INDEX; Schema: public; Owner: -
--

CREATE INDEX "PortForwardRule_tenantId_idx" ON public."PortForwardRule" USING btree ("tenantId");


--
-- Name: PortalAuthentication_portalId_idx; Type: INDEX; Schema: public; Owner: -
--

CREATE INDEX "PortalAuthentication_portalId_idx" ON public."PortalAuthentication" USING btree ("portalId");


--
-- Name: PortalAuthentication_portalId_method_key; Type: INDEX; Schema: public; Owner: -
--

CREATE UNIQUE INDEX "PortalAuthentication_portalId_method_key" ON public."PortalAuthentication" USING btree ("portalId", method);


--
-- Name: PortalAuthentication_propertyId_idx; Type: INDEX; Schema: public; Owner: -
--

CREATE INDEX "PortalAuthentication_propertyId_idx" ON public."PortalAuthentication" USING btree ("propertyId");


--
-- Name: PortalAuthentication_tenantId_idx; Type: INDEX; Schema: public; Owner: -
--

CREATE INDEX "PortalAuthentication_tenantId_idx" ON public."PortalAuthentication" USING btree ("tenantId");


--
-- Name: PortalMapping_enabled_idx; Type: INDEX; Schema: public; Owner: -
--

CREATE INDEX "PortalMapping_enabled_idx" ON public."PortalMapping" USING btree (enabled);


--
-- Name: PortalMapping_portalId_idx; Type: INDEX; Schema: public; Owner: -
--

CREATE INDEX "PortalMapping_portalId_idx" ON public."PortalMapping" USING btree ("portalId");


--
-- Name: PortalMapping_propertyId_idx; Type: INDEX; Schema: public; Owner: -
--

CREATE INDEX "PortalMapping_propertyId_idx" ON public."PortalMapping" USING btree ("propertyId");


--
-- Name: PortalMapping_ssid_idx; Type: INDEX; Schema: public; Owner: -
--

CREATE INDEX "PortalMapping_ssid_idx" ON public."PortalMapping" USING btree (ssid);


--
-- Name: PortalMapping_tenantId_idx; Type: INDEX; Schema: public; Owner: -
--

CREATE INDEX "PortalMapping_tenantId_idx" ON public."PortalMapping" USING btree ("tenantId");


--
-- Name: PortalPage_portalId_idx; Type: INDEX; Schema: public; Owner: -
--

CREATE INDEX "PortalPage_portalId_idx" ON public."PortalPage" USING btree ("portalId");


--
-- Name: PortalPage_portalId_language_key; Type: INDEX; Schema: public; Owner: -
--

CREATE UNIQUE INDEX "PortalPage_portalId_language_key" ON public."PortalPage" USING btree ("portalId", language);


--
-- Name: PortalPage_tenantId_idx; Type: INDEX; Schema: public; Owner: -
--

CREATE INDEX "PortalPage_tenantId_idx" ON public."PortalPage" USING btree ("tenantId");


--
-- Name: PortalTemplate_category_idx; Type: INDEX; Schema: public; Owner: -
--

CREATE INDEX "PortalTemplate_category_idx" ON public."PortalTemplate" USING btree (category);


--
-- Name: PortalTemplate_tenantId_idx; Type: INDEX; Schema: public; Owner: -
--

CREATE INDEX "PortalTemplate_tenantId_idx" ON public."PortalTemplate" USING btree ("tenantId");


--
-- Name: PortalWhitelist_domain_idx; Type: INDEX; Schema: public; Owner: -
--

CREATE INDEX "PortalWhitelist_domain_idx" ON public."PortalWhitelist" USING btree (domain);


--
-- Name: PortalWhitelist_propertyId_domain_path_key; Type: INDEX; Schema: public; Owner: -
--

CREATE UNIQUE INDEX "PortalWhitelist_propertyId_domain_path_key" ON public."PortalWhitelist" USING btree ("propertyId", domain, path);


--
-- Name: PortalWhitelist_propertyId_idx; Type: INDEX; Schema: public; Owner: -
--

CREATE INDEX "PortalWhitelist_propertyId_idx" ON public."PortalWhitelist" USING btree ("propertyId");


--
-- Name: PortalWhitelist_status_idx; Type: INDEX; Schema: public; Owner: -
--

CREATE INDEX "PortalWhitelist_status_idx" ON public."PortalWhitelist" USING btree (status);


--
-- Name: PreventiveMaintenance_assetId_idx; Type: INDEX; Schema: public; Owner: -
--

CREATE INDEX "PreventiveMaintenance_assetId_idx" ON public."PreventiveMaintenance" USING btree ("assetId");


--
-- Name: PreventiveMaintenance_nextDueAt_idx; Type: INDEX; Schema: public; Owner: -
--

CREATE INDEX "PreventiveMaintenance_nextDueAt_idx" ON public."PreventiveMaintenance" USING btree ("nextDueAt");


--
-- Name: PreventiveMaintenance_propertyId_idx; Type: INDEX; Schema: public; Owner: -
--

CREATE INDEX "PreventiveMaintenance_propertyId_idx" ON public."PreventiveMaintenance" USING btree ("propertyId");


--
-- Name: PreventiveMaintenance_status_idx; Type: INDEX; Schema: public; Owner: -
--

CREATE INDEX "PreventiveMaintenance_status_idx" ON public."PreventiveMaintenance" USING btree (status);


--
-- Name: PreventiveMaintenance_tenantId_idx; Type: INDEX; Schema: public; Owner: -
--

CREATE INDEX "PreventiveMaintenance_tenantId_idx" ON public."PreventiveMaintenance" USING btree ("tenantId");


--
-- Name: PriceOverride_ratePlanId_date_key; Type: INDEX; Schema: public; Owner: -
--

CREATE UNIQUE INDEX "PriceOverride_ratePlanId_date_key" ON public."PriceOverride" USING btree ("ratePlanId", date);


--
-- Name: PricingRule_isActive_idx; Type: INDEX; Schema: public; Owner: -
--

CREATE INDEX "PricingRule_isActive_idx" ON public."PricingRule" USING btree ("isActive");


--
-- Name: PricingRule_propertyId_idx; Type: INDEX; Schema: public; Owner: -
--

CREATE INDEX "PricingRule_propertyId_idx" ON public."PricingRule" USING btree ("propertyId");


--
-- Name: PricingRule_tenantId_idx; Type: INDEX; Schema: public; Owner: -
--

CREATE INDEX "PricingRule_tenantId_idx" ON public."PricingRule" USING btree ("tenantId");


--
-- Name: PricingRule_type_idx; Type: INDEX; Schema: public; Owner: -
--

CREATE INDEX "PricingRule_type_idx" ON public."PricingRule" USING btree (type);


--
-- Name: Promotion_code_idx; Type: INDEX; Schema: public; Owner: -
--

CREATE INDEX "Promotion_code_idx" ON public."Promotion" USING btree (code);


--
-- Name: Promotion_code_key; Type: INDEX; Schema: public; Owner: -
--

CREATE UNIQUE INDEX "Promotion_code_key" ON public."Promotion" USING btree (code);


--
-- Name: Promotion_tenantId_idx; Type: INDEX; Schema: public; Owner: -
--

CREATE INDEX "Promotion_tenantId_idx" ON public."Promotion" USING btree ("tenantId");


--
-- Name: Property_brandId_idx; Type: INDEX; Schema: public; Owner: -
--

CREATE INDEX "Property_brandId_idx" ON public."Property" USING btree ("brandId");


--
-- Name: Property_tenantId_idx; Type: INDEX; Schema: public; Owner: -
--

CREATE INDEX "Property_tenantId_idx" ON public."Property" USING btree ("tenantId");


--
-- Name: Property_tenantId_slug_key; Type: INDEX; Schema: public; Owner: -
--

CREATE UNIQUE INDEX "Property_tenantId_slug_key" ON public."Property" USING btree ("tenantId", slug);


--
-- Name: PurchaseOrderItem_purchaseOrderId_idx; Type: INDEX; Schema: public; Owner: -
--

CREATE INDEX "PurchaseOrderItem_purchaseOrderId_idx" ON public."PurchaseOrderItem" USING btree ("purchaseOrderId");


--
-- Name: PurchaseOrder_orderNumber_key; Type: INDEX; Schema: public; Owner: -
--

CREATE UNIQUE INDEX "PurchaseOrder_orderNumber_key" ON public."PurchaseOrder" USING btree ("orderNumber");


--
-- Name: PurchaseOrder_tenantId_idx; Type: INDEX; Schema: public; Owner: -
--

CREATE INDEX "PurchaseOrder_tenantId_idx" ON public."PurchaseOrder" USING btree ("tenantId");


--
-- Name: RadiusAuthLog_authResult_idx; Type: INDEX; Schema: public; Owner: -
--

CREATE INDEX "RadiusAuthLog_authResult_idx" ON public."RadiusAuthLog" USING btree ("authResult");


--
-- Name: RadiusAuthLog_callingStationId_idx; Type: INDEX; Schema: public; Owner: -
--

CREATE INDEX "RadiusAuthLog_callingStationId_idx" ON public."RadiusAuthLog" USING btree ("callingStationId");


--
-- Name: RadiusAuthLog_propertyId_idx; Type: INDEX; Schema: public; Owner: -
--

CREATE INDEX "RadiusAuthLog_propertyId_idx" ON public."RadiusAuthLog" USING btree ("propertyId");


--
-- Name: RadiusAuthLog_timestamp_idx; Type: INDEX; Schema: public; Owner: -
--

CREATE INDEX "RadiusAuthLog_timestamp_idx" ON public."RadiusAuthLog" USING btree ("timestamp");


--
-- Name: RadiusAuthLog_username_idx; Type: INDEX; Schema: public; Owner: -
--

CREATE INDEX "RadiusAuthLog_username_idx" ON public."RadiusAuthLog" USING btree (username);


--
-- Name: RadiusCoaLog_action_idx; Type: INDEX; Schema: public; Owner: -
--

CREATE INDEX "RadiusCoaLog_action_idx" ON public."RadiusCoaLog" USING btree (action);


--
-- Name: RadiusCoaLog_propertyId_idx; Type: INDEX; Schema: public; Owner: -
--

CREATE INDEX "RadiusCoaLog_propertyId_idx" ON public."RadiusCoaLog" USING btree ("propertyId");


--
-- Name: RadiusCoaLog_result_idx; Type: INDEX; Schema: public; Owner: -
--

CREATE INDEX "RadiusCoaLog_result_idx" ON public."RadiusCoaLog" USING btree (result);


--
-- Name: RadiusCoaLog_timestamp_idx; Type: INDEX; Schema: public; Owner: -
--

CREATE INDEX "RadiusCoaLog_timestamp_idx" ON public."RadiusCoaLog" USING btree ("timestamp");


--
-- Name: RadiusCoaLog_username_idx; Type: INDEX; Schema: public; Owner: -
--

CREATE INDEX "RadiusCoaLog_username_idx" ON public."RadiusCoaLog" USING btree (username);


--
-- Name: RadiusEventUser_eventId_idx; Type: INDEX; Schema: public; Owner: -
--

CREATE INDEX "RadiusEventUser_eventId_idx" ON public."RadiusEventUser" USING btree ("eventId");


--
-- Name: RadiusEventUser_propertyId_idx; Type: INDEX; Schema: public; Owner: -
--

CREATE INDEX "RadiusEventUser_propertyId_idx" ON public."RadiusEventUser" USING btree ("propertyId");


--
-- Name: RadiusEventUser_status_idx; Type: INDEX; Schema: public; Owner: -
--

CREATE INDEX "RadiusEventUser_status_idx" ON public."RadiusEventUser" USING btree (status);


--
-- Name: RadiusEventUser_username_key; Type: INDEX; Schema: public; Owner: -
--

CREATE UNIQUE INDEX "RadiusEventUser_username_key" ON public."RadiusEventUser" USING btree (username);


--
-- Name: RadiusEventUser_validUntil_idx; Type: INDEX; Schema: public; Owner: -
--

CREATE INDEX "RadiusEventUser_validUntil_idx" ON public."RadiusEventUser" USING btree ("validUntil");


--
-- Name: RadiusMacAuth_guestId_idx; Type: INDEX; Schema: public; Owner: -
--

CREATE INDEX "RadiusMacAuth_guestId_idx" ON public."RadiusMacAuth" USING btree ("guestId");


--
-- Name: RadiusMacAuth_macAddress_idx; Type: INDEX; Schema: public; Owner: -
--

CREATE INDEX "RadiusMacAuth_macAddress_idx" ON public."RadiusMacAuth" USING btree ("macAddress");


--
-- Name: RadiusMacAuth_planId_idx; Type: INDEX; Schema: public; Owner: -
--

CREATE INDEX "RadiusMacAuth_planId_idx" ON public."RadiusMacAuth" USING btree ("planId");


--
-- Name: RadiusMacAuth_propertyId_idx; Type: INDEX; Schema: public; Owner: -
--

CREATE INDEX "RadiusMacAuth_propertyId_idx" ON public."RadiusMacAuth" USING btree ("propertyId");


--
-- Name: RadiusMacAuth_propertyId_macAddress_key; Type: INDEX; Schema: public; Owner: -
--

CREATE UNIQUE INDEX "RadiusMacAuth_propertyId_macAddress_key" ON public."RadiusMacAuth" USING btree ("propertyId", "macAddress");


--
-- Name: RadiusMacAuth_status_idx; Type: INDEX; Schema: public; Owner: -
--

CREATE INDEX "RadiusMacAuth_status_idx" ON public."RadiusMacAuth" USING btree (status);


--
-- Name: RadiusNAS_propertyId_idx; Type: INDEX; Schema: public; Owner: -
--

CREATE INDEX "RadiusNAS_propertyId_idx" ON public."RadiusNAS" USING btree ("propertyId");


--
-- Name: RadiusNAS_propertyId_ipAddress_key; Type: INDEX; Schema: public; Owner: -
--

CREATE UNIQUE INDEX "RadiusNAS_propertyId_ipAddress_key" ON public."RadiusNAS" USING btree ("propertyId", "ipAddress");


--
-- Name: RadiusNAS_propertyId_shortname_key; Type: INDEX; Schema: public; Owner: -
--

CREATE UNIQUE INDEX "RadiusNAS_propertyId_shortname_key" ON public."RadiusNAS" USING btree ("propertyId", shortname);


--
-- Name: RadiusNAS_status_idx; Type: INDEX; Schema: public; Owner: -
--

CREATE INDEX "RadiusNAS_status_idx" ON public."RadiusNAS" USING btree (status);


--
-- Name: RadiusNAS_tenantId_idx; Type: INDEX; Schema: public; Owner: -
--

CREATE INDEX "RadiusNAS_tenantId_idx" ON public."RadiusNAS" USING btree ("tenantId");


--
-- Name: RadiusProvisioningLog_action_idx; Type: INDEX; Schema: public; Owner: -
--

CREATE INDEX "RadiusProvisioningLog_action_idx" ON public."RadiusProvisioningLog" USING btree (action);


--
-- Name: RadiusProvisioningLog_bookingId_idx; Type: INDEX; Schema: public; Owner: -
--

CREATE INDEX "RadiusProvisioningLog_bookingId_idx" ON public."RadiusProvisioningLog" USING btree ("bookingId");


--
-- Name: RadiusProvisioningLog_propertyId_idx; Type: INDEX; Schema: public; Owner: -
--

CREATE INDEX "RadiusProvisioningLog_propertyId_idx" ON public."RadiusProvisioningLog" USING btree ("propertyId");


--
-- Name: RadiusProvisioningLog_result_idx; Type: INDEX; Schema: public; Owner: -
--

CREATE INDEX "RadiusProvisioningLog_result_idx" ON public."RadiusProvisioningLog" USING btree (result);


--
-- Name: RadiusProvisioningLog_timestamp_idx; Type: INDEX; Schema: public; Owner: -
--

CREATE INDEX "RadiusProvisioningLog_timestamp_idx" ON public."RadiusProvisioningLog" USING btree ("timestamp");


--
-- Name: RadiusProvisioningLog_username_idx; Type: INDEX; Schema: public; Owner: -
--

CREATE INDEX "RadiusProvisioningLog_username_idx" ON public."RadiusProvisioningLog" USING btree (username);


--
-- Name: RadiusServerConfig_propertyId_key; Type: INDEX; Schema: public; Owner: -
--

CREATE UNIQUE INDEX "RadiusServerConfig_propertyId_key" ON public."RadiusServerConfig" USING btree ("propertyId");


--
-- Name: RadiusServerConfig_tenantId_idx; Type: INDEX; Schema: public; Owner: -
--

CREATE INDEX "RadiusServerConfig_tenantId_idx" ON public."RadiusServerConfig" USING btree ("tenantId");


--
-- Name: RatePlan_derivedFromId_idx; Type: INDEX; Schema: public; Owner: -
--

CREATE INDEX "RatePlan_derivedFromId_idx" ON public."RatePlan" USING btree ("derivedFromId");


--
-- Name: RatePlan_roomTypeId_idx; Type: INDEX; Schema: public; Owner: -
--

CREATE INDEX "RatePlan_roomTypeId_idx" ON public."RatePlan" USING btree ("roomTypeId");


--
-- Name: RatePlan_tenantId_idx; Type: INDEX; Schema: public; Owner: -
--

CREATE INDEX "RatePlan_tenantId_idx" ON public."RatePlan" USING btree ("tenantId");


--
-- Name: RatePlan_tenantId_roomTypeId_code_key; Type: INDEX; Schema: public; Owner: -
--

CREATE UNIQUE INDEX "RatePlan_tenantId_roomTypeId_code_key" ON public."RatePlan" USING btree ("tenantId", "roomTypeId", code);


--
-- Name: RecipeIngredient_recipeId_idx; Type: INDEX; Schema: public; Owner: -
--

CREATE INDEX "RecipeIngredient_recipeId_idx" ON public."RecipeIngredient" USING btree ("recipeId");


--
-- Name: RecipeIngredient_tenantId_idx; Type: INDEX; Schema: public; Owner: -
--

CREATE INDEX "RecipeIngredient_tenantId_idx" ON public."RecipeIngredient" USING btree ("tenantId");


--
-- Name: Recipe_menuItemId_idx; Type: INDEX; Schema: public; Owner: -
--

CREATE INDEX "Recipe_menuItemId_idx" ON public."Recipe" USING btree ("menuItemId");


--
-- Name: Recipe_menuItemId_key; Type: INDEX; Schema: public; Owner: -
--

CREATE UNIQUE INDEX "Recipe_menuItemId_key" ON public."Recipe" USING btree ("menuItemId");


--
-- Name: Recipe_tenantId_idx; Type: INDEX; Schema: public; Owner: -
--

CREATE INDEX "Recipe_tenantId_idx" ON public."Recipe" USING btree ("tenantId");


--
-- Name: Reconciliation_bankAccountId_idx; Type: INDEX; Schema: public; Owner: -
--

CREATE INDEX "Reconciliation_bankAccountId_idx" ON public."Reconciliation" USING btree ("bankAccountId");


--
-- Name: Reconciliation_bankTransactionId_idx; Type: INDEX; Schema: public; Owner: -
--

CREATE INDEX "Reconciliation_bankTransactionId_idx" ON public."Reconciliation" USING btree ("bankTransactionId");


--
-- Name: Reconciliation_paymentId_idx; Type: INDEX; Schema: public; Owner: -
--

CREATE INDEX "Reconciliation_paymentId_idx" ON public."Reconciliation" USING btree ("paymentId");


--
-- Name: Reconciliation_reconciledAt_idx; Type: INDEX; Schema: public; Owner: -
--

CREATE INDEX "Reconciliation_reconciledAt_idx" ON public."Reconciliation" USING btree ("reconciledAt");


--
-- Name: Reconciliation_status_idx; Type: INDEX; Schema: public; Owner: -
--

CREATE INDEX "Reconciliation_status_idx" ON public."Reconciliation" USING btree (status);


--
-- Name: Reconciliation_tenantId_idx; Type: INDEX; Schema: public; Owner: -
--

CREATE INDEX "Reconciliation_tenantId_idx" ON public."Reconciliation" USING btree ("tenantId");


--
-- Name: RegistrationCard_bookingId_idx; Type: INDEX; Schema: public; Owner: -
--

CREATE INDEX "RegistrationCard_bookingId_idx" ON public."RegistrationCard" USING btree ("bookingId");


--
-- Name: RegistrationCard_cardNumber_idx; Type: INDEX; Schema: public; Owner: -
--

CREATE INDEX "RegistrationCard_cardNumber_idx" ON public."RegistrationCard" USING btree ("cardNumber");


--
-- Name: RegistrationCard_cardNumber_key; Type: INDEX; Schema: public; Owner: -
--

CREATE UNIQUE INDEX "RegistrationCard_cardNumber_key" ON public."RegistrationCard" USING btree ("cardNumber");


--
-- Name: RegistrationCard_guestId_idx; Type: INDEX; Schema: public; Owner: -
--

CREATE INDEX "RegistrationCard_guestId_idx" ON public."RegistrationCard" USING btree ("guestId");


--
-- Name: RegistrationCard_propertyId_idx; Type: INDEX; Schema: public; Owner: -
--

CREATE INDEX "RegistrationCard_propertyId_idx" ON public."RegistrationCard" USING btree ("propertyId");


--
-- Name: RegistrationCard_tenantId_idx; Type: INDEX; Schema: public; Owner: -
--

CREATE INDEX "RegistrationCard_tenantId_idx" ON public."RegistrationCard" USING btree ("tenantId");


--
-- Name: RegistrationPlan_isActive_idx; Type: INDEX; Schema: public; Owner: -
--

CREATE INDEX "RegistrationPlan_isActive_idx" ON public."RegistrationPlan" USING btree ("isActive");


--
-- Name: RegistrationPlan_name_key; Type: INDEX; Schema: public; Owner: -
--

CREATE UNIQUE INDEX "RegistrationPlan_name_key" ON public."RegistrationPlan" USING btree (name);


--
-- Name: RegistrationPlan_sortOrder_idx; Type: INDEX; Schema: public; Owner: -
--

CREATE INDEX "RegistrationPlan_sortOrder_idx" ON public."RegistrationPlan" USING btree ("sortOrder");


--
-- Name: ReportCache_expiresAt_idx; Type: INDEX; Schema: public; Owner: -
--

CREATE INDEX "ReportCache_expiresAt_idx" ON public."ReportCache" USING btree ("expiresAt");


--
-- Name: ReportCache_tenantId_idx; Type: INDEX; Schema: public; Owner: -
--

CREATE INDEX "ReportCache_tenantId_idx" ON public."ReportCache" USING btree ("tenantId");


--
-- Name: ReportCache_tenantId_reportType_periodStart_periodEnd_key; Type: INDEX; Schema: public; Owner: -
--

CREATE UNIQUE INDEX "ReportCache_tenantId_reportType_periodStart_periodEnd_key" ON public."ReportCache" USING btree ("tenantId", "reportType", "periodStart", "periodEnd");


--
-- Name: ReportHistory_generatedAt_idx; Type: INDEX; Schema: public; Owner: -
--

CREATE INDEX "ReportHistory_generatedAt_idx" ON public."ReportHistory" USING btree ("generatedAt");


--
-- Name: ReportHistory_tenantId_idx; Type: INDEX; Schema: public; Owner: -
--

CREATE INDEX "ReportHistory_tenantId_idx" ON public."ReportHistory" USING btree ("tenantId");


--
-- Name: ReportHistory_type_idx; Type: INDEX; Schema: public; Owner: -
--

CREATE INDEX "ReportHistory_type_idx" ON public."ReportHistory" USING btree (type);


--
-- Name: Reservation_date_idx; Type: INDEX; Schema: public; Owner: -
--

CREATE INDEX "Reservation_date_idx" ON public."Reservation" USING btree (date);


--
-- Name: Reservation_propertyId_idx; Type: INDEX; Schema: public; Owner: -
--

CREATE INDEX "Reservation_propertyId_idx" ON public."Reservation" USING btree ("propertyId");


--
-- Name: Reservation_status_idx; Type: INDEX; Schema: public; Owner: -
--

CREATE INDEX "Reservation_status_idx" ON public."Reservation" USING btree (status);


--
-- Name: Reservation_tableId_idx; Type: INDEX; Schema: public; Owner: -
--

CREATE INDEX "Reservation_tableId_idx" ON public."Reservation" USING btree ("tableId");


--
-- Name: RestaurantTable_propertyId_idx; Type: INDEX; Schema: public; Owner: -
--

CREATE INDEX "RestaurantTable_propertyId_idx" ON public."RestaurantTable" USING btree ("propertyId");


--
-- Name: RestaurantTable_propertyId_number_key; Type: INDEX; Schema: public; Owner: -
--

CREATE UNIQUE INDEX "RestaurantTable_propertyId_number_key" ON public."RestaurantTable" USING btree ("propertyId", number);


--
-- Name: Role_tenantId_idx; Type: INDEX; Schema: public; Owner: -
--

CREATE INDEX "Role_tenantId_idx" ON public."Role" USING btree ("tenantId");


--
-- Name: Role_tenantId_name_key; Type: INDEX; Schema: public; Owner: -
--

CREATE UNIQUE INDEX "Role_tenantId_name_key" ON public."Role" USING btree ("tenantId", name);


--
-- Name: RoomMoveLog_bookingId_idx; Type: INDEX; Schema: public; Owner: -
--

CREATE INDEX "RoomMoveLog_bookingId_idx" ON public."RoomMoveLog" USING btree ("bookingId");


--
-- Name: RoomMoveLog_createdAt_idx; Type: INDEX; Schema: public; Owner: -
--

CREATE INDEX "RoomMoveLog_createdAt_idx" ON public."RoomMoveLog" USING btree ("createdAt");


--
-- Name: RoomMoveLog_guestId_idx; Type: INDEX; Schema: public; Owner: -
--

CREATE INDEX "RoomMoveLog_guestId_idx" ON public."RoomMoveLog" USING btree ("guestId");


--
-- Name: RoomMoveLog_propertyId_idx; Type: INDEX; Schema: public; Owner: -
--

CREATE INDEX "RoomMoveLog_propertyId_idx" ON public."RoomMoveLog" USING btree ("propertyId");


--
-- Name: RoomMoveLog_tenantId_idx; Type: INDEX; Schema: public; Owner: -
--

CREATE INDEX "RoomMoveLog_tenantId_idx" ON public."RoomMoveLog" USING btree ("tenantId");


--
-- Name: RoomType_propertyId_code_key; Type: INDEX; Schema: public; Owner: -
--

CREATE UNIQUE INDEX "RoomType_propertyId_code_key" ON public."RoomType" USING btree ("propertyId", code);


--
-- Name: RoomType_propertyId_idx; Type: INDEX; Schema: public; Owner: -
--

CREATE INDEX "RoomType_propertyId_idx" ON public."RoomType" USING btree ("propertyId");


--
-- Name: Room_currentTaskId_idx; Type: INDEX; Schema: public; Owner: -
--

CREATE INDEX "Room_currentTaskId_idx" ON public."Room" USING btree ("currentTaskId");


--
-- Name: Room_currentTaskId_key; Type: INDEX; Schema: public; Owner: -
--

CREATE UNIQUE INDEX "Room_currentTaskId_key" ON public."Room" USING btree ("currentTaskId");


--
-- Name: Room_housekeepingStatus_idx; Type: INDEX; Schema: public; Owner: -
--

CREATE INDEX "Room_housekeepingStatus_idx" ON public."Room" USING btree ("housekeepingStatus");


--
-- Name: Room_propertyId_idx; Type: INDEX; Schema: public; Owner: -
--

CREATE INDEX "Room_propertyId_idx" ON public."Room" USING btree ("propertyId");


--
-- Name: Room_propertyId_number_key; Type: INDEX; Schema: public; Owner: -
--

CREATE UNIQUE INDEX "Room_propertyId_number_key" ON public."Room" USING btree ("propertyId", number);


--
-- Name: Room_propertyId_status_idx; Type: INDEX; Schema: public; Owner: -
--

CREATE INDEX "Room_propertyId_status_idx" ON public."Room" USING btree ("propertyId", status);


--
-- Name: Room_roomTypeId_idx; Type: INDEX; Schema: public; Owner: -
--

CREATE INDEX "Room_roomTypeId_idx" ON public."Room" USING btree ("roomTypeId");


--
-- Name: Room_status_idx; Type: INDEX; Schema: public; Owner: -
--

CREATE INDEX "Room_status_idx" ON public."Room" USING btree (status);


--
-- Name: SSOConnection_status_idx; Type: INDEX; Schema: public; Owner: -
--

CREATE INDEX "SSOConnection_status_idx" ON public."SSOConnection" USING btree (status);


--
-- Name: SSOConnection_tenantId_idx; Type: INDEX; Schema: public; Owner: -
--

CREATE INDEX "SSOConnection_tenantId_idx" ON public."SSOConnection" USING btree ("tenantId");


--
-- Name: SSOConnection_type_idx; Type: INDEX; Schema: public; Owner: -
--

CREATE INDEX "SSOConnection_type_idx" ON public."SSOConnection" USING btree (type);


--
-- Name: SSOSession_connectionId_idx; Type: INDEX; Schema: public; Owner: -
--

CREATE INDEX "SSOSession_connectionId_idx" ON public."SSOSession" USING btree ("connectionId");


--
-- Name: SSOSession_expiresAt_idx; Type: INDEX; Schema: public; Owner: -
--

CREATE INDEX "SSOSession_expiresAt_idx" ON public."SSOSession" USING btree ("expiresAt");


--
-- Name: SSOSession_sessionId_idx; Type: INDEX; Schema: public; Owner: -
--

CREATE INDEX "SSOSession_sessionId_idx" ON public."SSOSession" USING btree ("sessionId");


--
-- Name: SSOSession_ssoProviderId_idx; Type: INDEX; Schema: public; Owner: -
--

CREATE INDEX "SSOSession_ssoProviderId_idx" ON public."SSOSession" USING btree ("ssoProviderId");


--
-- Name: SSOSession_userId_idx; Type: INDEX; Schema: public; Owner: -
--

CREATE INDEX "SSOSession_userId_idx" ON public."SSOSession" USING btree ("userId");


--
-- Name: ScheduleAccess_enabled_idx; Type: INDEX; Schema: public; Owner: -
--

CREATE INDEX "ScheduleAccess_enabled_idx" ON public."ScheduleAccess" USING btree (enabled);


--
-- Name: ScheduleAccess_propertyId_idx; Type: INDEX; Schema: public; Owner: -
--

CREATE INDEX "ScheduleAccess_propertyId_idx" ON public."ScheduleAccess" USING btree ("propertyId");


--
-- Name: ScheduleAccess_tenantId_idx; Type: INDEX; Schema: public; Owner: -
--

CREATE INDEX "ScheduleAccess_tenantId_idx" ON public."ScheduleAccess" USING btree ("tenantId");


--
-- Name: ScheduledCharge_bookingId_idx; Type: INDEX; Schema: public; Owner: -
--

CREATE INDEX "ScheduledCharge_bookingId_idx" ON public."ScheduledCharge" USING btree ("bookingId");


--
-- Name: ScheduledCharge_folioId_idx; Type: INDEX; Schema: public; Owner: -
--

CREATE INDEX "ScheduledCharge_folioId_idx" ON public."ScheduledCharge" USING btree ("folioId");


--
-- Name: ScheduledCharge_isActive_idx; Type: INDEX; Schema: public; Owner: -
--

CREATE INDEX "ScheduledCharge_isActive_idx" ON public."ScheduledCharge" USING btree ("isActive");


--
-- Name: ScheduledCharge_nextExecutionAt_idx; Type: INDEX; Schema: public; Owner: -
--

CREATE INDEX "ScheduledCharge_nextExecutionAt_idx" ON public."ScheduledCharge" USING btree ("nextExecutionAt");


--
-- Name: ScheduledCharge_propertyId_idx; Type: INDEX; Schema: public; Owner: -
--

CREATE INDEX "ScheduledCharge_propertyId_idx" ON public."ScheduledCharge" USING btree ("propertyId");


--
-- Name: ScheduledCharge_tenantId_idx; Type: INDEX; Schema: public; Owner: -
--

CREATE INDEX "ScheduledCharge_tenantId_idx" ON public."ScheduledCharge" USING btree ("tenantId");


--
-- Name: ScheduledNotification_nextRetryAt_idx; Type: INDEX; Schema: public; Owner: -
--

CREATE INDEX "ScheduledNotification_nextRetryAt_idx" ON public."ScheduledNotification" USING btree ("nextRetryAt");


--
-- Name: ScheduledNotification_recipientId_idx; Type: INDEX; Schema: public; Owner: -
--

CREATE INDEX "ScheduledNotification_recipientId_idx" ON public."ScheduledNotification" USING btree ("recipientId");


--
-- Name: ScheduledNotification_scheduledFor_idx; Type: INDEX; Schema: public; Owner: -
--

CREATE INDEX "ScheduledNotification_scheduledFor_idx" ON public."ScheduledNotification" USING btree ("scheduledFor");


--
-- Name: ScheduledNotification_status_idx; Type: INDEX; Schema: public; Owner: -
--

CREATE INDEX "ScheduledNotification_status_idx" ON public."ScheduledNotification" USING btree (status);


--
-- Name: ScheduledNotification_tenantId_idx; Type: INDEX; Schema: public; Owner: -
--

CREATE INDEX "ScheduledNotification_tenantId_idx" ON public."ScheduledNotification" USING btree ("tenantId");


--
-- Name: ScheduledReport_tenantId_idx; Type: INDEX; Schema: public; Owner: -
--

CREATE INDEX "ScheduledReport_tenantId_idx" ON public."ScheduledReport" USING btree ("tenantId");


--
-- Name: SecurityEvent_acknowledged_idx; Type: INDEX; Schema: public; Owner: -
--

CREATE INDEX "SecurityEvent_acknowledged_idx" ON public."SecurityEvent" USING btree (acknowledged);


--
-- Name: SecurityEvent_cameraId_idx; Type: INDEX; Schema: public; Owner: -
--

CREATE INDEX "SecurityEvent_cameraId_idx" ON public."SecurityEvent" USING btree ("cameraId");


--
-- Name: SecurityEvent_severity_idx; Type: INDEX; Schema: public; Owner: -
--

CREATE INDEX "SecurityEvent_severity_idx" ON public."SecurityEvent" USING btree (severity);


--
-- Name: SecurityEvent_tenantId_idx; Type: INDEX; Schema: public; Owner: -
--

CREATE INDEX "SecurityEvent_tenantId_idx" ON public."SecurityEvent" USING btree ("tenantId");


--
-- Name: SecurityEvent_timestamp_idx; Type: INDEX; Schema: public; Owner: -
--

CREATE INDEX "SecurityEvent_timestamp_idx" ON public."SecurityEvent" USING btree ("timestamp");


--
-- Name: SecurityIncident_incidentDate_idx; Type: INDEX; Schema: public; Owner: -
--

CREATE INDEX "SecurityIncident_incidentDate_idx" ON public."SecurityIncident" USING btree ("incidentDate");


--
-- Name: SecurityIncident_severity_idx; Type: INDEX; Schema: public; Owner: -
--

CREATE INDEX "SecurityIncident_severity_idx" ON public."SecurityIncident" USING btree (severity);


--
-- Name: SecurityIncident_status_idx; Type: INDEX; Schema: public; Owner: -
--

CREATE INDEX "SecurityIncident_status_idx" ON public."SecurityIncident" USING btree (status);


--
-- Name: SecurityIncident_tenantId_idx; Type: INDEX; Schema: public; Owner: -
--

CREATE INDEX "SecurityIncident_tenantId_idx" ON public."SecurityIncident" USING btree ("tenantId");


--
-- Name: SecuritySettings_tenantId_idx; Type: INDEX; Schema: public; Owner: -
--

CREATE INDEX "SecuritySettings_tenantId_idx" ON public."SecuritySettings" USING btree ("tenantId");


--
-- Name: SecuritySettings_tenantId_key; Type: INDEX; Schema: public; Owner: -
--

CREATE UNIQUE INDEX "SecuritySettings_tenantId_key" ON public."SecuritySettings" USING btree ("tenantId");


--
-- Name: SegmentMembership_segmentId_guestId_key; Type: INDEX; Schema: public; Owner: -
--

CREATE UNIQUE INDEX "SegmentMembership_segmentId_guestId_key" ON public."SegmentMembership" USING btree ("segmentId", "guestId");


--
-- Name: ServiceRequest_propertyId_idx; Type: INDEX; Schema: public; Owner: -
--

CREATE INDEX "ServiceRequest_propertyId_idx" ON public."ServiceRequest" USING btree ("propertyId");


--
-- Name: ServiceRequest_status_idx; Type: INDEX; Schema: public; Owner: -
--

CREATE INDEX "ServiceRequest_status_idx" ON public."ServiceRequest" USING btree (status);


--
-- Name: ServiceRequest_tenantId_idx; Type: INDEX; Schema: public; Owner: -
--

CREATE INDEX "ServiceRequest_tenantId_idx" ON public."ServiceRequest" USING btree ("tenantId");


--
-- Name: Session_refreshToken_key; Type: INDEX; Schema: public; Owner: -
--

CREATE UNIQUE INDEX "Session_refreshToken_key" ON public."Session" USING btree ("refreshToken");


--
-- Name: Session_token_idx; Type: INDEX; Schema: public; Owner: -
--

CREATE INDEX "Session_token_idx" ON public."Session" USING btree (token);


--
-- Name: Session_token_key; Type: INDEX; Schema: public; Owner: -
--

CREATE UNIQUE INDEX "Session_token_key" ON public."Session" USING btree (token);


--
-- Name: Session_userId_idx; Type: INDEX; Schema: public; Owner: -
--

CREATE INDEX "Session_userId_idx" ON public."Session" USING btree ("userId");


--
-- Name: ShiftTemplate_tenantId_idx; Type: INDEX; Schema: public; Owner: -
--

CREATE INDEX "ShiftTemplate_tenantId_idx" ON public."ShiftTemplate" USING btree ("tenantId");


--
-- Name: StaffAttendance_date_idx; Type: INDEX; Schema: public; Owner: -
--

CREATE INDEX "StaffAttendance_date_idx" ON public."StaffAttendance" USING btree (date);


--
-- Name: StaffAttendance_tenantId_idx; Type: INDEX; Schema: public; Owner: -
--

CREATE INDEX "StaffAttendance_tenantId_idx" ON public."StaffAttendance" USING btree ("tenantId");


--
-- Name: StaffAttendance_userId_date_key; Type: INDEX; Schema: public; Owner: -
--

CREATE UNIQUE INDEX "StaffAttendance_userId_date_key" ON public."StaffAttendance" USING btree ("userId", date);


--
-- Name: StaffChannelMember_channelId_idx; Type: INDEX; Schema: public; Owner: -
--

CREATE INDEX "StaffChannelMember_channelId_idx" ON public."StaffChannelMember" USING btree ("channelId");


--
-- Name: StaffChannelMember_channelId_userId_key; Type: INDEX; Schema: public; Owner: -
--

CREATE UNIQUE INDEX "StaffChannelMember_channelId_userId_key" ON public."StaffChannelMember" USING btree ("channelId", "userId");


--
-- Name: StaffChannelMember_userId_idx; Type: INDEX; Schema: public; Owner: -
--

CREATE INDEX "StaffChannelMember_userId_idx" ON public."StaffChannelMember" USING btree ("userId");


--
-- Name: StaffChannel_department_idx; Type: INDEX; Schema: public; Owner: -
--

CREATE INDEX "StaffChannel_department_idx" ON public."StaffChannel" USING btree (department);


--
-- Name: StaffChannel_tenantId_idx; Type: INDEX; Schema: public; Owner: -
--

CREATE INDEX "StaffChannel_tenantId_idx" ON public."StaffChannel" USING btree ("tenantId");


--
-- Name: StaffChannel_type_idx; Type: INDEX; Schema: public; Owner: -
--

CREATE INDEX "StaffChannel_type_idx" ON public."StaffChannel" USING btree (type);


--
-- Name: StaffChatMessage_channelId_idx; Type: INDEX; Schema: public; Owner: -
--

CREATE INDEX "StaffChatMessage_channelId_idx" ON public."StaffChatMessage" USING btree ("channelId");


--
-- Name: StaffChatMessage_senderId_idx; Type: INDEX; Schema: public; Owner: -
--

CREATE INDEX "StaffChatMessage_senderId_idx" ON public."StaffChatMessage" USING btree ("senderId");


--
-- Name: StaffChatMessage_sentAt_idx; Type: INDEX; Schema: public; Owner: -
--

CREATE INDEX "StaffChatMessage_sentAt_idx" ON public."StaffChatMessage" USING btree ("sentAt");


--
-- Name: StaffLeave_startDate_idx; Type: INDEX; Schema: public; Owner: -
--

CREATE INDEX "StaffLeave_startDate_idx" ON public."StaffLeave" USING btree ("startDate");


--
-- Name: StaffLeave_status_idx; Type: INDEX; Schema: public; Owner: -
--

CREATE INDEX "StaffLeave_status_idx" ON public."StaffLeave" USING btree (status);


--
-- Name: StaffLeave_tenantId_idx; Type: INDEX; Schema: public; Owner: -
--

CREATE INDEX "StaffLeave_tenantId_idx" ON public."StaffLeave" USING btree ("tenantId");


--
-- Name: StaffLeave_userId_idx; Type: INDEX; Schema: public; Owner: -
--

CREATE INDEX "StaffLeave_userId_idx" ON public."StaffLeave" USING btree ("userId");


--
-- Name: StaffPerformance_reviewYear_idx; Type: INDEX; Schema: public; Owner: -
--

CREATE INDEX "StaffPerformance_reviewYear_idx" ON public."StaffPerformance" USING btree ("reviewYear");


--
-- Name: StaffPerformance_tenantId_idx; Type: INDEX; Schema: public; Owner: -
--

CREATE INDEX "StaffPerformance_tenantId_idx" ON public."StaffPerformance" USING btree ("tenantId");


--
-- Name: StaffPerformance_userId_idx; Type: INDEX; Schema: public; Owner: -
--

CREATE INDEX "StaffPerformance_userId_idx" ON public."StaffPerformance" USING btree ("userId");


--
-- Name: StaffPerformance_userId_reviewPeriod_reviewYear_key; Type: INDEX; Schema: public; Owner: -
--

CREATE UNIQUE INDEX "StaffPerformance_userId_reviewPeriod_reviewYear_key" ON public."StaffPerformance" USING btree ("userId", "reviewPeriod", "reviewYear");


--
-- Name: StaffSchedule_date_idx; Type: INDEX; Schema: public; Owner: -
--

CREATE INDEX "StaffSchedule_date_idx" ON public."StaffSchedule" USING btree (date);


--
-- Name: StaffSchedule_tenantId_idx; Type: INDEX; Schema: public; Owner: -
--

CREATE INDEX "StaffSchedule_tenantId_idx" ON public."StaffSchedule" USING btree ("tenantId");


--
-- Name: StaffSchedule_userId_date_key; Type: INDEX; Schema: public; Owner: -
--

CREATE UNIQUE INDEX "StaffSchedule_userId_date_key" ON public."StaffSchedule" USING btree ("userId", date);


--
-- Name: StaffSchedule_userId_idx; Type: INDEX; Schema: public; Owner: -
--

CREATE INDEX "StaffSchedule_userId_idx" ON public."StaffSchedule" USING btree ("userId");


--
-- Name: StaffShift_date_idx; Type: INDEX; Schema: public; Owner: -
--

CREATE INDEX "StaffShift_date_idx" ON public."StaffShift" USING btree (date);


--
-- Name: StaffShift_tenantId_idx; Type: INDEX; Schema: public; Owner: -
--

CREATE INDEX "StaffShift_tenantId_idx" ON public."StaffShift" USING btree ("tenantId");


--
-- Name: StaffShift_userId_idx; Type: INDEX; Schema: public; Owner: -
--

CREATE INDEX "StaffShift_userId_idx" ON public."StaffShift" USING btree ("userId");


--
-- Name: StaffSkill_category_idx; Type: INDEX; Schema: public; Owner: -
--

CREATE INDEX "StaffSkill_category_idx" ON public."StaffSkill" USING btree (category);


--
-- Name: StaffSkill_tenantId_idx; Type: INDEX; Schema: public; Owner: -
--

CREATE INDEX "StaffSkill_tenantId_idx" ON public."StaffSkill" USING btree ("tenantId");


--
-- Name: StaffSkill_userId_idx; Type: INDEX; Schema: public; Owner: -
--

CREATE INDEX "StaffSkill_userId_idx" ON public."StaffSkill" USING btree ("userId");


--
-- Name: StaffSkill_userId_skillName_key; Type: INDEX; Schema: public; Owner: -
--

CREATE UNIQUE INDEX "StaffSkill_userId_skillName_key" ON public."StaffSkill" USING btree ("userId", "skillName");


--
-- Name: StaffWorkload_date_idx; Type: INDEX; Schema: public; Owner: -
--

CREATE INDEX "StaffWorkload_date_idx" ON public."StaffWorkload" USING btree (date);


--
-- Name: StaffWorkload_tenantId_idx; Type: INDEX; Schema: public; Owner: -
--

CREATE INDEX "StaffWorkload_tenantId_idx" ON public."StaffWorkload" USING btree ("tenantId");


--
-- Name: StaffWorkload_userId_date_key; Type: INDEX; Schema: public; Owner: -
--

CREATE UNIQUE INDEX "StaffWorkload_userId_date_key" ON public."StaffWorkload" USING btree ("userId", date);


--
-- Name: StaffWorkload_userId_idx; Type: INDEX; Schema: public; Owner: -
--

CREATE INDEX "StaffWorkload_userId_idx" ON public."StaffWorkload" USING btree ("userId");


--
-- Name: StaticRoute_enabled_idx; Type: INDEX; Schema: public; Owner: -
--

CREATE INDEX "StaticRoute_enabled_idx" ON public."StaticRoute" USING btree (enabled);


--
-- Name: StaticRoute_isDefault_idx; Type: INDEX; Schema: public; Owner: -
--

CREATE INDEX "StaticRoute_isDefault_idx" ON public."StaticRoute" USING btree ("isDefault");


--
-- Name: StaticRoute_propertyId_idx; Type: INDEX; Schema: public; Owner: -
--

CREATE INDEX "StaticRoute_propertyId_idx" ON public."StaticRoute" USING btree ("propertyId");


--
-- Name: StaticRoute_tenantId_idx; Type: INDEX; Schema: public; Owner: -
--

CREATE INDEX "StaticRoute_tenantId_idx" ON public."StaticRoute" USING btree ("tenantId");


--
-- Name: StockConsumption_stockItemId_idx; Type: INDEX; Schema: public; Owner: -
--

CREATE INDEX "StockConsumption_stockItemId_idx" ON public."StockConsumption" USING btree ("stockItemId");


--
-- Name: StockItem_expiryDate_idx; Type: INDEX; Schema: public; Owner: -
--

CREATE INDEX "StockItem_expiryDate_idx" ON public."StockItem" USING btree ("expiryDate");


--
-- Name: StockItem_tenantId_idx; Type: INDEX; Schema: public; Owner: -
--

CREATE INDEX "StockItem_tenantId_idx" ON public."StockItem" USING btree ("tenantId");


--
-- Name: SubscriptionInvoice_invoiceNumber_key; Type: INDEX; Schema: public; Owner: -
--

CREATE UNIQUE INDEX "SubscriptionInvoice_invoiceNumber_key" ON public."SubscriptionInvoice" USING btree ("invoiceNumber");


--
-- Name: SubscriptionInvoice_subscriptionId_idx; Type: INDEX; Schema: public; Owner: -
--

CREATE INDEX "SubscriptionInvoice_subscriptionId_idx" ON public."SubscriptionInvoice" USING btree ("subscriptionId");


--
-- Name: Subscription_tenantId_idx; Type: INDEX; Schema: public; Owner: -
--

CREATE INDEX "Subscription_tenantId_idx" ON public."Subscription" USING btree ("tenantId");


--
-- Name: SurveillanceConfig_propertyId_idx; Type: INDEX; Schema: public; Owner: -
--

CREATE INDEX "SurveillanceConfig_propertyId_idx" ON public."SurveillanceConfig" USING btree ("propertyId");


--
-- Name: SurveillanceConfig_tenantId_idx; Type: INDEX; Schema: public; Owner: -
--

CREATE INDEX "SurveillanceConfig_tenantId_idx" ON public."SurveillanceConfig" USING btree ("tenantId");


--
-- Name: SurveillanceConfig_tenantId_propertyId_configType_key; Type: INDEX; Schema: public; Owner: -
--

CREATE UNIQUE INDEX "SurveillanceConfig_tenantId_propertyId_configType_key" ON public."SurveillanceConfig" USING btree ("tenantId", "propertyId", "configType");


--
-- Name: SyslogServer_enabled_idx; Type: INDEX; Schema: public; Owner: -
--

CREATE INDEX "SyslogServer_enabled_idx" ON public."SyslogServer" USING btree (enabled);


--
-- Name: SyslogServer_propertyId_idx; Type: INDEX; Schema: public; Owner: -
--

CREATE INDEX "SyslogServer_propertyId_idx" ON public."SyslogServer" USING btree ("propertyId");


--
-- Name: SyslogServer_tenantId_idx; Type: INDEX; Schema: public; Owner: -
--

CREATE INDEX "SyslogServer_tenantId_idx" ON public."SyslogServer" USING btree ("tenantId");


--
-- Name: SystemNetworkHealth_propertyId_key; Type: INDEX; Schema: public; Owner: -
--

CREATE UNIQUE INDEX "SystemNetworkHealth_propertyId_key" ON public."SystemNetworkHealth" USING btree ("propertyId");


--
-- Name: SystemNetworkHealth_tenantId_idx; Type: INDEX; Schema: public; Owner: -
--

CREATE INDEX "SystemNetworkHealth_tenantId_idx" ON public."SystemNetworkHealth" USING btree ("tenantId");


--
-- Name: TableMerge_propertyId_idx; Type: INDEX; Schema: public; Owner: -
--

CREATE INDEX "TableMerge_propertyId_idx" ON public."TableMerge" USING btree ("propertyId");


--
-- Name: TableMerge_status_idx; Type: INDEX; Schema: public; Owner: -
--

CREATE INDEX "TableMerge_status_idx" ON public."TableMerge" USING btree (status);


--
-- Name: TableMerge_tenantId_idx; Type: INDEX; Schema: public; Owner: -
--

CREATE INDEX "TableMerge_tenantId_idx" ON public."TableMerge" USING btree ("tenantId");


--
-- Name: TaskAssignmentSuggestion_expiresAt_idx; Type: INDEX; Schema: public; Owner: -
--

CREATE INDEX "TaskAssignmentSuggestion_expiresAt_idx" ON public."TaskAssignmentSuggestion" USING btree ("expiresAt");


--
-- Name: TaskAssignmentSuggestion_status_idx; Type: INDEX; Schema: public; Owner: -
--

CREATE INDEX "TaskAssignmentSuggestion_status_idx" ON public."TaskAssignmentSuggestion" USING btree (status);


--
-- Name: TaskAssignmentSuggestion_suggestedUserId_idx; Type: INDEX; Schema: public; Owner: -
--

CREATE INDEX "TaskAssignmentSuggestion_suggestedUserId_idx" ON public."TaskAssignmentSuggestion" USING btree ("suggestedUserId");


--
-- Name: TaskAssignmentSuggestion_taskId_idx; Type: INDEX; Schema: public; Owner: -
--

CREATE INDEX "TaskAssignmentSuggestion_taskId_idx" ON public."TaskAssignmentSuggestion" USING btree ("taskId");


--
-- Name: TaskAssignmentSuggestion_tenantId_idx; Type: INDEX; Schema: public; Owner: -
--

CREATE INDEX "TaskAssignmentSuggestion_tenantId_idx" ON public."TaskAssignmentSuggestion" USING btree ("tenantId");


--
-- Name: Task_assignedTo_idx; Type: INDEX; Schema: public; Owner: -
--

CREATE INDEX "Task_assignedTo_idx" ON public."Task" USING btree ("assignedTo");


--
-- Name: Task_priority_idx; Type: INDEX; Schema: public; Owner: -
--

CREATE INDEX "Task_priority_idx" ON public."Task" USING btree (priority);


--
-- Name: Task_propertyId_idx; Type: INDEX; Schema: public; Owner: -
--

CREATE INDEX "Task_propertyId_idx" ON public."Task" USING btree ("propertyId");


--
-- Name: Task_propertyId_status_idx; Type: INDEX; Schema: public; Owner: -
--

CREATE INDEX "Task_propertyId_status_idx" ON public."Task" USING btree ("propertyId", status);


--
-- Name: Task_roomId_idx; Type: INDEX; Schema: public; Owner: -
--

CREATE INDEX "Task_roomId_idx" ON public."Task" USING btree ("roomId");


--
-- Name: Task_status_idx; Type: INDEX; Schema: public; Owner: -
--

CREATE INDEX "Task_status_idx" ON public."Task" USING btree (status);


--
-- Name: Task_tenantId_idx; Type: INDEX; Schema: public; Owner: -
--

CREATE INDEX "Task_tenantId_idx" ON public."Task" USING btree ("tenantId");


--
-- Name: Task_tenantId_propertyId_status_idx; Type: INDEX; Schema: public; Owner: -
--

CREATE INDEX "Task_tenantId_propertyId_status_idx" ON public."Task" USING btree ("tenantId", "propertyId", status);


--
-- Name: TaxReport_filingDueDate_idx; Type: INDEX; Schema: public; Owner: -
--

CREATE INDEX "TaxReport_filingDueDate_idx" ON public."TaxReport" USING btree ("filingDueDate");


--
-- Name: TaxReport_jurisdiction_idx; Type: INDEX; Schema: public; Owner: -
--

CREATE INDEX "TaxReport_jurisdiction_idx" ON public."TaxReport" USING btree (jurisdiction);


--
-- Name: TaxReport_periodStart_periodEnd_idx; Type: INDEX; Schema: public; Owner: -
--

CREATE INDEX "TaxReport_periodStart_periodEnd_idx" ON public."TaxReport" USING btree ("periodStart", "periodEnd");


--
-- Name: TaxReport_propertyId_idx; Type: INDEX; Schema: public; Owner: -
--

CREATE INDEX "TaxReport_propertyId_idx" ON public."TaxReport" USING btree ("propertyId");


--
-- Name: TaxReport_reportNumber_key; Type: INDEX; Schema: public; Owner: -
--

CREATE UNIQUE INDEX "TaxReport_reportNumber_key" ON public."TaxReport" USING btree ("reportNumber");


--
-- Name: TaxReport_reportType_idx; Type: INDEX; Schema: public; Owner: -
--

CREATE INDEX "TaxReport_reportType_idx" ON public."TaxReport" USING btree ("reportType");


--
-- Name: TaxReport_status_idx; Type: INDEX; Schema: public; Owner: -
--

CREATE INDEX "TaxReport_status_idx" ON public."TaxReport" USING btree (status);


--
-- Name: TaxReport_tenantId_idx; Type: INDEX; Schema: public; Owner: -
--

CREATE INDEX "TaxReport_tenantId_idx" ON public."TaxReport" USING btree ("tenantId");


--
-- Name: Tenant_slug_key; Type: INDEX; Schema: public; Owner: -
--

CREATE UNIQUE INDEX "Tenant_slug_key" ON public."Tenant" USING btree (slug);


--
-- Name: UsageLog_createdAt_idx; Type: INDEX; Schema: public; Owner: -
--

CREATE INDEX "UsageLog_createdAt_idx" ON public."UsageLog" USING btree ("createdAt");


--
-- Name: UsageLog_tenantId_idx; Type: INDEX; Schema: public; Owner: -
--

CREATE INDEX "UsageLog_tenantId_idx" ON public."UsageLog" USING btree ("tenantId");


--
-- Name: UsageLog_tenantId_type_createdAt_idx; Type: INDEX; Schema: public; Owner: -
--

CREATE INDEX "UsageLog_tenantId_type_createdAt_idx" ON public."UsageLog" USING btree ("tenantId", type, "createdAt");


--
-- Name: UsageLog_type_idx; Type: INDEX; Schema: public; Owner: -
--

CREATE INDEX "UsageLog_type_idx" ON public."UsageLog" USING btree (type);


--
-- Name: UsageSummary_lastResetAt_idx; Type: INDEX; Schema: public; Owner: -
--

CREATE INDEX "UsageSummary_lastResetAt_idx" ON public."UsageSummary" USING btree ("lastResetAt");


--
-- Name: UsageSummary_tenantId_idx; Type: INDEX; Schema: public; Owner: -
--

CREATE INDEX "UsageSummary_tenantId_idx" ON public."UsageSummary" USING btree ("tenantId");


--
-- Name: UsageSummary_tenantId_key; Type: INDEX; Schema: public; Owner: -
--

CREATE UNIQUE INDEX "UsageSummary_tenantId_key" ON public."UsageSummary" USING btree ("tenantId");


--
-- Name: UserFcmToken_isActive_idx; Type: INDEX; Schema: public; Owner: -
--

CREATE INDEX "UserFcmToken_isActive_idx" ON public."UserFcmToken" USING btree ("isActive");


--
-- Name: UserFcmToken_tenantId_idx; Type: INDEX; Schema: public; Owner: -
--

CREATE INDEX "UserFcmToken_tenantId_idx" ON public."UserFcmToken" USING btree ("tenantId");


--
-- Name: UserFcmToken_token_idx; Type: INDEX; Schema: public; Owner: -
--

CREATE INDEX "UserFcmToken_token_idx" ON public."UserFcmToken" USING btree (token);


--
-- Name: UserFcmToken_token_key; Type: INDEX; Schema: public; Owner: -
--

CREATE UNIQUE INDEX "UserFcmToken_token_key" ON public."UserFcmToken" USING btree (token);


--
-- Name: UserFcmToken_userId_idx; Type: INDEX; Schema: public; Owner: -
--

CREATE INDEX "UserFcmToken_userId_idx" ON public."UserFcmToken" USING btree ("userId");


--
-- Name: UserTutorial_tenantId_idx; Type: INDEX; Schema: public; Owner: -
--

CREATE INDEX "UserTutorial_tenantId_idx" ON public."UserTutorial" USING btree ("tenantId");


--
-- Name: UserTutorial_userId_idx; Type: INDEX; Schema: public; Owner: -
--

CREATE INDEX "UserTutorial_userId_idx" ON public."UserTutorial" USING btree ("userId");


--
-- Name: UserTutorial_userId_tutorialKey_key; Type: INDEX; Schema: public; Owner: -
--

CREATE UNIQUE INDEX "UserTutorial_userId_tutorialKey_key" ON public."UserTutorial" USING btree ("userId", "tutorialKey");


--
-- Name: User_email_idx; Type: INDEX; Schema: public; Owner: -
--

CREATE INDEX "User_email_idx" ON public."User" USING btree (email);


--
-- Name: User_tenantId_email_key; Type: INDEX; Schema: public; Owner: -
--

CREATE UNIQUE INDEX "User_tenantId_email_key" ON public."User" USING btree ("tenantId", email);


--
-- Name: User_tenantId_idx; Type: INDEX; Schema: public; Owner: -
--

CREATE INDEX "User_tenantId_idx" ON public."User" USING btree ("tenantId");


--
-- Name: Vehicle_licensePlate_idx; Type: INDEX; Schema: public; Owner: -
--

CREATE INDEX "Vehicle_licensePlate_idx" ON public."Vehicle" USING btree ("licensePlate");


--
-- Name: Vehicle_tenantId_idx; Type: INDEX; Schema: public; Owner: -
--

CREATE INDEX "Vehicle_tenantId_idx" ON public."Vehicle" USING btree ("tenantId");


--
-- Name: VendorPayment_dueDate_idx; Type: INDEX; Schema: public; Owner: -
--

CREATE INDEX "VendorPayment_dueDate_idx" ON public."VendorPayment" USING btree ("dueDate");


--
-- Name: VendorPayment_paymentNumber_key; Type: INDEX; Schema: public; Owner: -
--

CREATE UNIQUE INDEX "VendorPayment_paymentNumber_key" ON public."VendorPayment" USING btree ("paymentNumber");


--
-- Name: VendorPayment_status_idx; Type: INDEX; Schema: public; Owner: -
--

CREATE INDEX "VendorPayment_status_idx" ON public."VendorPayment" USING btree (status);


--
-- Name: VendorPayment_tenantId_idx; Type: INDEX; Schema: public; Owner: -
--

CREATE INDEX "VendorPayment_tenantId_idx" ON public."VendorPayment" USING btree ("tenantId");


--
-- Name: VendorPayment_vendorId_idx; Type: INDEX; Schema: public; Owner: -
--

CREATE INDEX "VendorPayment_vendorId_idx" ON public."VendorPayment" USING btree ("vendorId");


--
-- Name: VendorPayment_workOrderId_idx; Type: INDEX; Schema: public; Owner: -
--

CREATE INDEX "VendorPayment_workOrderId_idx" ON public."VendorPayment" USING btree ("workOrderId");


--
-- Name: Vendor_portalEmail_key; Type: INDEX; Schema: public; Owner: -
--

CREATE UNIQUE INDEX "Vendor_portalEmail_key" ON public."Vendor" USING btree ("portalEmail");


--
-- Name: Vendor_portalToken_key; Type: INDEX; Schema: public; Owner: -
--

CREATE UNIQUE INDEX "Vendor_portalToken_key" ON public."Vendor" USING btree ("portalToken");


--
-- Name: Vendor_status_idx; Type: INDEX; Schema: public; Owner: -
--

CREATE INDEX "Vendor_status_idx" ON public."Vendor" USING btree (status);


--
-- Name: Vendor_tenantId_idx; Type: INDEX; Schema: public; Owner: -
--

CREATE INDEX "Vendor_tenantId_idx" ON public."Vendor" USING btree ("tenantId");


--
-- Name: Vendor_type_idx; Type: INDEX; Schema: public; Owner: -
--

CREATE INDEX "Vendor_type_idx" ON public."Vendor" USING btree (type);


--
-- Name: VlanConfig_propertyId_idx; Type: INDEX; Schema: public; Owner: -
--

CREATE INDEX "VlanConfig_propertyId_idx" ON public."VlanConfig" USING btree ("propertyId");


--
-- Name: VlanConfig_propertyId_subInterface_key; Type: INDEX; Schema: public; Owner: -
--

CREATE UNIQUE INDEX "VlanConfig_propertyId_subInterface_key" ON public."VlanConfig" USING btree ("propertyId", "subInterface");


--
-- Name: VlanConfig_propertyId_vlanId_key; Type: INDEX; Schema: public; Owner: -
--

CREATE UNIQUE INDEX "VlanConfig_propertyId_vlanId_key" ON public."VlanConfig" USING btree ("propertyId", "vlanId");


--
-- Name: VlanConfig_tenantId_idx; Type: INDEX; Schema: public; Owner: -
--

CREATE INDEX "VlanConfig_tenantId_idx" ON public."VlanConfig" USING btree ("tenantId");


--
-- Name: WaitlistEntry_bookingId_key; Type: INDEX; Schema: public; Owner: -
--

CREATE UNIQUE INDEX "WaitlistEntry_bookingId_key" ON public."WaitlistEntry" USING btree ("bookingId");


--
-- Name: WaitlistEntry_propertyId_idx; Type: INDEX; Schema: public; Owner: -
--

CREATE INDEX "WaitlistEntry_propertyId_idx" ON public."WaitlistEntry" USING btree ("propertyId");


--
-- Name: WaitlistEntry_status_idx; Type: INDEX; Schema: public; Owner: -
--

CREATE INDEX "WaitlistEntry_status_idx" ON public."WaitlistEntry" USING btree (status);


--
-- Name: WaitlistEntry_tenantId_idx; Type: INDEX; Schema: public; Owner: -
--

CREATE INDEX "WaitlistEntry_tenantId_idx" ON public."WaitlistEntry" USING btree ("tenantId");


--
-- Name: WanFailover_propertyId_key; Type: INDEX; Schema: public; Owner: -
--

CREATE UNIQUE INDEX "WanFailover_propertyId_key" ON public."WanFailover" USING btree ("propertyId");


--
-- Name: WanFailover_tenantId_idx; Type: INDEX; Schema: public; Owner: -
--

CREATE INDEX "WanFailover_tenantId_idx" ON public."WanFailover" USING btree ("tenantId");


--
-- Name: WebCategorySchedule_propertyId_idx; Type: INDEX; Schema: public; Owner: -
--

CREATE INDEX "WebCategorySchedule_propertyId_idx" ON public."WebCategorySchedule" USING btree ("propertyId");


--
-- Name: WebCategorySchedule_scheduleAccessId_idx; Type: INDEX; Schema: public; Owner: -
--

CREATE INDEX "WebCategorySchedule_scheduleAccessId_idx" ON public."WebCategorySchedule" USING btree ("scheduleAccessId");


--
-- Name: WebCategorySchedule_tenantId_idx; Type: INDEX; Schema: public; Owner: -
--

CREATE INDEX "WebCategorySchedule_tenantId_idx" ON public."WebCategorySchedule" USING btree ("tenantId");


--
-- Name: WebCategorySchedule_webCategoryId_idx; Type: INDEX; Schema: public; Owner: -
--

CREATE INDEX "WebCategorySchedule_webCategoryId_idx" ON public."WebCategorySchedule" USING btree ("webCategoryId");


--
-- Name: WebCategory_categoryType_idx; Type: INDEX; Schema: public; Owner: -
--

CREATE INDEX "WebCategory_categoryType_idx" ON public."WebCategory" USING btree ("categoryType");


--
-- Name: WebCategory_enabled_idx; Type: INDEX; Schema: public; Owner: -
--

CREATE INDEX "WebCategory_enabled_idx" ON public."WebCategory" USING btree (enabled);


--
-- Name: WebCategory_propertyId_idx; Type: INDEX; Schema: public; Owner: -
--

CREATE INDEX "WebCategory_propertyId_idx" ON public."WebCategory" USING btree ("propertyId");


--
-- Name: WebCategory_propertyId_name_key; Type: INDEX; Schema: public; Owner: -
--

CREATE UNIQUE INDEX "WebCategory_propertyId_name_key" ON public."WebCategory" USING btree ("propertyId", name);


--
-- Name: WebCategory_tenantId_idx; Type: INDEX; Schema: public; Owner: -
--

CREATE INDEX "WebCategory_tenantId_idx" ON public."WebCategory" USING btree ("tenantId");


--
-- Name: WebhookDeliveryLog_endpointId_idx; Type: INDEX; Schema: public; Owner: -
--

CREATE INDEX "WebhookDeliveryLog_endpointId_idx" ON public."WebhookDeliveryLog" USING btree ("endpointId");


--
-- Name: WebhookDeliveryLog_status_idx; Type: INDEX; Schema: public; Owner: -
--

CREATE INDEX "WebhookDeliveryLog_status_idx" ON public."WebhookDeliveryLog" USING btree (status);


--
-- Name: WebhookEndpoint_tenantId_idx; Type: INDEX; Schema: public; Owner: -
--

CREATE INDEX "WebhookEndpoint_tenantId_idx" ON public."WebhookEndpoint" USING btree ("tenantId");


--
-- Name: WiFiAAAConfig_propertyId_key; Type: INDEX; Schema: public; Owner: -
--

CREATE UNIQUE INDEX "WiFiAAAConfig_propertyId_key" ON public."WiFiAAAConfig" USING btree ("propertyId");


--
-- Name: WiFiAAAConfig_tenantId_idx; Type: INDEX; Schema: public; Owner: -
--

CREATE INDEX "WiFiAAAConfig_tenantId_idx" ON public."WiFiAAAConfig" USING btree ("tenantId");


--
-- Name: WiFiGateway_propertyId_idx; Type: INDEX; Schema: public; Owner: -
--

CREATE INDEX "WiFiGateway_propertyId_idx" ON public."WiFiGateway" USING btree ("propertyId");


--
-- Name: WiFiGateway_propertyId_ipAddress_key; Type: INDEX; Schema: public; Owner: -
--

CREATE UNIQUE INDEX "WiFiGateway_propertyId_ipAddress_key" ON public."WiFiGateway" USING btree ("propertyId", "ipAddress");


--
-- Name: WiFiGateway_status_idx; Type: INDEX; Schema: public; Owner: -
--

CREATE INDEX "WiFiGateway_status_idx" ON public."WiFiGateway" USING btree (status);


--
-- Name: WiFiGateway_tenantId_idx; Type: INDEX; Schema: public; Owner: -
--

CREATE INDEX "WiFiGateway_tenantId_idx" ON public."WiFiGateway" USING btree ("tenantId");


--
-- Name: WiFiGateway_vendor_idx; Type: INDEX; Schema: public; Owner: -
--

CREATE INDEX "WiFiGateway_vendor_idx" ON public."WiFiGateway" USING btree (vendor);


--
-- Name: WiFiPlan_ipPoolId_idx; Type: INDEX; Schema: public; Owner: -
--

CREATE INDEX "WiFiPlan_ipPoolId_idx" ON public."WiFiPlan" USING btree ("ipPoolId");


--
-- Name: WiFiPlan_tenantId_idx; Type: INDEX; Schema: public; Owner: -
--

CREATE INDEX "WiFiPlan_tenantId_idx" ON public."WiFiPlan" USING btree ("tenantId");


--
-- Name: WiFiSession_acctUniqueId_idx; Type: INDEX; Schema: public; Owner: -
--

CREATE INDEX "WiFiSession_acctUniqueId_idx" ON public."WiFiSession" USING btree ("acctUniqueId");


--
-- Name: WiFiSession_guestId_idx; Type: INDEX; Schema: public; Owner: -
--

CREATE INDEX "WiFiSession_guestId_idx" ON public."WiFiSession" USING btree ("guestId");


--
-- Name: WiFiSession_macAddress_idx; Type: INDEX; Schema: public; Owner: -
--

CREATE INDEX "WiFiSession_macAddress_idx" ON public."WiFiSession" USING btree ("macAddress");


--
-- Name: WiFiSession_tenantId_idx; Type: INDEX; Schema: public; Owner: -
--

CREATE INDEX "WiFiSession_tenantId_idx" ON public."WiFiSession" USING btree ("tenantId");


--
-- Name: WiFiSession_username_idx; Type: INDEX; Schema: public; Owner: -
--

CREATE INDEX "WiFiSession_username_idx" ON public."WiFiSession" USING btree (username);


--
-- Name: WiFiUserStatusHistory_createdAt_idx; Type: INDEX; Schema: public; Owner: -
--

CREATE INDEX "WiFiUserStatusHistory_createdAt_idx" ON public."WiFiUserStatusHistory" USING btree ("createdAt");


--
-- Name: WiFiUserStatusHistory_propertyId_idx; Type: INDEX; Schema: public; Owner: -
--

CREATE INDEX "WiFiUserStatusHistory_propertyId_idx" ON public."WiFiUserStatusHistory" USING btree ("propertyId");


--
-- Name: WiFiUserStatusHistory_tenantId_idx; Type: INDEX; Schema: public; Owner: -
--

CREATE INDEX "WiFiUserStatusHistory_tenantId_idx" ON public."WiFiUserStatusHistory" USING btree ("tenantId");


--
-- Name: WiFiUserStatusHistory_userId_idx; Type: INDEX; Schema: public; Owner: -
--

CREATE INDEX "WiFiUserStatusHistory_userId_idx" ON public."WiFiUserStatusHistory" USING btree ("userId");


--
-- Name: WiFiUserStatusHistory_username_idx; Type: INDEX; Schema: public; Owner: -
--

CREATE INDEX "WiFiUserStatusHistory_username_idx" ON public."WiFiUserStatusHistory" USING btree (username);


--
-- Name: WiFiUser_bookingId_idx; Type: INDEX; Schema: public; Owner: -
--

CREATE INDEX "WiFiUser_bookingId_idx" ON public."WiFiUser" USING btree ("bookingId");


--
-- Name: WiFiUser_guestId_idx; Type: INDEX; Schema: public; Owner: -
--

CREATE INDEX "WiFiUser_guestId_idx" ON public."WiFiUser" USING btree ("guestId");


--
-- Name: WiFiUser_ipPoolId_idx; Type: INDEX; Schema: public; Owner: -
--

CREATE INDEX "WiFiUser_ipPoolId_idx" ON public."WiFiUser" USING btree ("ipPoolId");


--
-- Name: WiFiUser_propertyId_idx; Type: INDEX; Schema: public; Owner: -
--

CREATE INDEX "WiFiUser_propertyId_idx" ON public."WiFiUser" USING btree ("propertyId");


--
-- Name: WiFiUser_status_idx; Type: INDEX; Schema: public; Owner: -
--

CREATE INDEX "WiFiUser_status_idx" ON public."WiFiUser" USING btree (status);


--
-- Name: WiFiUser_tenantId_idx; Type: INDEX; Schema: public; Owner: -
--

CREATE INDEX "WiFiUser_tenantId_idx" ON public."WiFiUser" USING btree ("tenantId");


--
-- Name: WiFiUser_username_idx; Type: INDEX; Schema: public; Owner: -
--

CREATE INDEX "WiFiUser_username_idx" ON public."WiFiUser" USING btree (username);


--
-- Name: WiFiUser_username_key; Type: INDEX; Schema: public; Owner: -
--

CREATE UNIQUE INDEX "WiFiUser_username_key" ON public."WiFiUser" USING btree (username);


--
-- Name: WiFiVoucher_code_idx; Type: INDEX; Schema: public; Owner: -
--

CREATE INDEX "WiFiVoucher_code_idx" ON public."WiFiVoucher" USING btree (code);


--
-- Name: WiFiVoucher_code_key; Type: INDEX; Schema: public; Owner: -
--

CREATE UNIQUE INDEX "WiFiVoucher_code_key" ON public."WiFiVoucher" USING btree (code);


--
-- Name: WiFiVoucher_tenantId_idx; Type: INDEX; Schema: public; Owner: -
--

CREATE INDEX "WiFiVoucher_tenantId_idx" ON public."WiFiVoucher" USING btree ("tenantId");


--
-- Name: WorkOrder_priority_idx; Type: INDEX; Schema: public; Owner: -
--

CREATE INDEX "WorkOrder_priority_idx" ON public."WorkOrder" USING btree (priority);


--
-- Name: WorkOrder_propertyId_idx; Type: INDEX; Schema: public; Owner: -
--

CREATE INDEX "WorkOrder_propertyId_idx" ON public."WorkOrder" USING btree ("propertyId");


--
-- Name: WorkOrder_scheduledDate_idx; Type: INDEX; Schema: public; Owner: -
--

CREATE INDEX "WorkOrder_scheduledDate_idx" ON public."WorkOrder" USING btree ("scheduledDate");


--
-- Name: WorkOrder_status_idx; Type: INDEX; Schema: public; Owner: -
--

CREATE INDEX "WorkOrder_status_idx" ON public."WorkOrder" USING btree (status);


--
-- Name: WorkOrder_tenantId_idx; Type: INDEX; Schema: public; Owner: -
--

CREATE INDEX "WorkOrder_tenantId_idx" ON public."WorkOrder" USING btree ("tenantId");


--
-- Name: WorkOrder_type_idx; Type: INDEX; Schema: public; Owner: -
--

CREATE INDEX "WorkOrder_type_idx" ON public."WorkOrder" USING btree (type);


--
-- Name: WorkOrder_vendorId_idx; Type: INDEX; Schema: public; Owner: -
--

CREATE INDEX "WorkOrder_vendorId_idx" ON public."WorkOrder" USING btree ("vendorId");


--
-- Name: WorkOrder_workOrderNumber_key; Type: INDEX; Schema: public; Owner: -
--

CREATE UNIQUE INDEX "WorkOrder_workOrderNumber_key" ON public."WorkOrder" USING btree ("workOrderNumber");


--
-- Name: _CaptivePortalToVlanConfig_B_index; Type: INDEX; Schema: public; Owner: -
--

CREATE INDEX "_CaptivePortalToVlanConfig_B_index" ON public."_CaptivePortalToVlanConfig" USING btree ("B");


--
-- Name: _ModifierItems_B_index; Type: INDEX; Schema: public; Owner: -
--

CREATE INDEX "_ModifierItems_B_index" ON public."_ModifierItems" USING btree ("B");


--
-- Name: fup_switch_log_triggered_idx; Type: INDEX; Schema: public; Owner: -
--

CREATE INDEX fup_switch_log_triggered_idx ON public.fup_switch_log USING btree (triggered_at);


--
-- Name: fup_switch_log_username_idx; Type: INDEX; Schema: public; Owner: -
--

CREATE INDEX fup_switch_log_username_idx ON public.fup_switch_log USING btree (username);


--
-- Name: idx_fup_switch_log_created_at; Type: INDEX; Schema: public; Owner: -
--

CREATE INDEX idx_fup_switch_log_created_at ON public.fup_switch_log USING btree (created_at);


--
-- Name: nas_nasname; Type: INDEX; Schema: public; Owner: -
--

CREATE INDEX nas_nasname ON public.nas USING btree (nasname);


--
-- Name: nas_nasname_idx; Type: INDEX; Schema: public; Owner: -
--

CREATE INDEX nas_nasname_idx ON public.nas USING btree (nasname);


--
-- Name: radacct_acctuniqueid_key; Type: INDEX; Schema: public; Owner: -
--

CREATE UNIQUE INDEX radacct_acctuniqueid_key ON public.radacct USING btree (acctuniqueid);


--
-- Name: radacct_active_session_idx; Type: INDEX; Schema: public; Owner: -
--

CREATE INDEX radacct_active_session_idx ON public.radacct USING btree (acctuniqueid);


--
-- Name: radacct_bulk_close; Type: INDEX; Schema: public; Owner: -
--

CREATE INDEX radacct_bulk_close ON public.radacct USING btree (nasipaddress, acctstarttime);


--
-- Name: radacct_start_user_idx; Type: INDEX; Schema: public; Owner: -
--

CREATE INDEX radacct_start_user_idx ON public.radacct USING btree (acctstarttime, username);


--
-- Name: radcheck_attribute_idx; Type: INDEX; Schema: public; Owner: -
--

CREATE INDEX radcheck_attribute_idx ON public.radcheck USING btree (attribute);


--
-- Name: radcheck_username_idx; Type: INDEX; Schema: public; Owner: -
--

CREATE INDEX radcheck_username_idx ON public.radcheck USING btree (username);


--
-- Name: radgroupcheck_groupname_idx; Type: INDEX; Schema: public; Owner: -
--

CREATE INDEX radgroupcheck_groupname_idx ON public.radgroupcheck USING btree (groupname);


--
-- Name: radgroupreply_groupname_idx; Type: INDEX; Schema: public; Owner: -
--

CREATE INDEX radgroupreply_groupname_idx ON public.radgroupreply USING btree (groupname);


--
-- Name: radreply_attribute_idx; Type: INDEX; Schema: public; Owner: -
--

CREATE INDEX radreply_attribute_idx ON public.radreply USING btree (attribute);


--
-- Name: radreply_username_idx; Type: INDEX; Schema: public; Owner: -
--

CREATE INDEX radreply_username_idx ON public.radreply USING btree (username);


--
-- Name: radusergroup_groupname_idx; Type: INDEX; Schema: public; Owner: -
--

CREATE INDEX radusergroup_groupname_idx ON public.radusergroup USING btree (groupname);


--
-- Name: radusergroup_username_idx; Type: INDEX; Schema: public; Owner: -
--

CREATE INDEX radusergroup_username_idx ON public.radusergroup USING btree (username);


--
-- Name: AISuggestion AISuggestion_tenantId_fkey; Type: FK CONSTRAINT; Schema: public; Owner: -
--

ALTER TABLE ONLY public."AISuggestion"
    ADD CONSTRAINT "AISuggestion_tenantId_fkey" FOREIGN KEY ("tenantId") REFERENCES public."Tenant"(id) ON UPDATE CASCADE ON DELETE CASCADE;


--
-- Name: AdCampaign AdCampaign_tenantId_fkey; Type: FK CONSTRAINT; Schema: public; Owner: -
--

ALTER TABLE ONLY public."AdCampaign"
    ADD CONSTRAINT "AdCampaign_tenantId_fkey" FOREIGN KEY ("tenantId") REFERENCES public."Tenant"(id) ON UPDATE CASCADE ON DELETE CASCADE;


--
-- Name: AdPerformance AdPerformance_campaignId_fkey; Type: FK CONSTRAINT; Schema: public; Owner: -
--

ALTER TABLE ONLY public."AdPerformance"
    ADD CONSTRAINT "AdPerformance_campaignId_fkey" FOREIGN KEY ("campaignId") REFERENCES public."AdCampaign"(id) ON UPDATE CASCADE ON DELETE CASCADE;


--
-- Name: AiConversationMessage AiConversationMessage_conversationId_fkey; Type: FK CONSTRAINT; Schema: public; Owner: -
--

ALTER TABLE ONLY public."AiConversationMessage"
    ADD CONSTRAINT "AiConversationMessage_conversationId_fkey" FOREIGN KEY ("conversationId") REFERENCES public."AiConversation"(id) ON UPDATE CASCADE ON DELETE CASCADE;


--
-- Name: AiConversation AiConversation_tenantId_fkey; Type: FK CONSTRAINT; Schema: public; Owner: -
--

ALTER TABLE ONLY public."AiConversation"
    ADD CONSTRAINT "AiConversation_tenantId_fkey" FOREIGN KEY ("tenantId") REFERENCES public."Tenant"(id) ON UPDATE CASCADE ON DELETE CASCADE;


--
-- Name: AiConversation AiConversation_userId_fkey; Type: FK CONSTRAINT; Schema: public; Owner: -
--

ALTER TABLE ONLY public."AiConversation"
    ADD CONSTRAINT "AiConversation_userId_fkey" FOREIGN KEY ("userId") REFERENCES public."User"(id) ON UPDATE CASCADE ON DELETE CASCADE;


--
-- Name: Amenity Amenity_tenantId_fkey; Type: FK CONSTRAINT; Schema: public; Owner: -
--

ALTER TABLE ONLY public."Amenity"
    ADD CONSTRAINT "Amenity_tenantId_fkey" FOREIGN KEY ("tenantId") REFERENCES public."Tenant"(id) ON UPDATE CASCADE ON DELETE CASCADE;


--
-- Name: Asset Asset_propertyId_fkey; Type: FK CONSTRAINT; Schema: public; Owner: -
--

ALTER TABLE ONLY public."Asset"
    ADD CONSTRAINT "Asset_propertyId_fkey" FOREIGN KEY ("propertyId") REFERENCES public."Property"(id) ON UPDATE CASCADE ON DELETE CASCADE;


--
-- Name: Asset Asset_roomId_fkey; Type: FK CONSTRAINT; Schema: public; Owner: -
--

ALTER TABLE ONLY public."Asset"
    ADD CONSTRAINT "Asset_roomId_fkey" FOREIGN KEY ("roomId") REFERENCES public."Room"(id) ON UPDATE CASCADE ON DELETE SET NULL;


--
-- Name: Asset Asset_tenantId_fkey; Type: FK CONSTRAINT; Schema: public; Owner: -
--

ALTER TABLE ONLY public."Asset"
    ADD CONSTRAINT "Asset_tenantId_fkey" FOREIGN KEY ("tenantId") REFERENCES public."Tenant"(id) ON UPDATE CASCADE ON DELETE CASCADE;


--
-- Name: AuditLog AuditLog_tenantId_fkey; Type: FK CONSTRAINT; Schema: public; Owner: -
--

ALTER TABLE ONLY public."AuditLog"
    ADD CONSTRAINT "AuditLog_tenantId_fkey" FOREIGN KEY ("tenantId") REFERENCES public."Tenant"(id) ON UPDATE CASCADE ON DELETE CASCADE;


--
-- Name: AuditLog AuditLog_userId_fkey; Type: FK CONSTRAINT; Schema: public; Owner: -
--

ALTER TABLE ONLY public."AuditLog"
    ADD CONSTRAINT "AuditLog_userId_fkey" FOREIGN KEY ("userId") REFERENCES public."User"(id) ON UPDATE CASCADE ON DELETE SET NULL;


--
-- Name: AutomationExecutionLog AutomationExecutionLog_ruleId_fkey; Type: FK CONSTRAINT; Schema: public; Owner: -
--

ALTER TABLE ONLY public."AutomationExecutionLog"
    ADD CONSTRAINT "AutomationExecutionLog_ruleId_fkey" FOREIGN KEY ("ruleId") REFERENCES public."AutomationRule"(id) ON UPDATE CASCADE ON DELETE CASCADE;


--
-- Name: AutomationRule AutomationRule_tenantId_fkey; Type: FK CONSTRAINT; Schema: public; Owner: -
--

ALTER TABLE ONLY public."AutomationRule"
    ADD CONSTRAINT "AutomationRule_tenantId_fkey" FOREIGN KEY ("tenantId") REFERENCES public."Tenant"(id) ON UPDATE CASCADE ON DELETE CASCADE;


--
-- Name: BandwidthPolicyDetail BandwidthPolicyDetail_tenantId_fkey; Type: FK CONSTRAINT; Schema: public; Owner: -
--

ALTER TABLE ONLY public."BandwidthPolicyDetail"
    ADD CONSTRAINT "BandwidthPolicyDetail_tenantId_fkey" FOREIGN KEY ("tenantId") REFERENCES public."Tenant"(id) ON UPDATE CASCADE ON DELETE CASCADE;


--
-- Name: BandwidthPolicy BandwidthPolicy_propertyId_fkey; Type: FK CONSTRAINT; Schema: public; Owner: -
--

ALTER TABLE ONLY public."BandwidthPolicy"
    ADD CONSTRAINT "BandwidthPolicy_propertyId_fkey" FOREIGN KEY ("propertyId") REFERENCES public."Property"(id) ON UPDATE CASCADE ON DELETE CASCADE;


--
-- Name: BandwidthPolicy BandwidthPolicy_tenantId_fkey; Type: FK CONSTRAINT; Schema: public; Owner: -
--

ALTER TABLE ONLY public."BandwidthPolicy"
    ADD CONSTRAINT "BandwidthPolicy_tenantId_fkey" FOREIGN KEY ("tenantId") REFERENCES public."Tenant"(id) ON UPDATE CASCADE ON DELETE CASCADE;


--
-- Name: BandwidthPool BandwidthPool_propertyId_fkey; Type: FK CONSTRAINT; Schema: public; Owner: -
--

ALTER TABLE ONLY public."BandwidthPool"
    ADD CONSTRAINT "BandwidthPool_propertyId_fkey" FOREIGN KEY ("propertyId") REFERENCES public."Property"(id) ON UPDATE CASCADE ON DELETE CASCADE;


--
-- Name: BandwidthPool BandwidthPool_tenantId_fkey; Type: FK CONSTRAINT; Schema: public; Owner: -
--

ALTER TABLE ONLY public."BandwidthPool"
    ADD CONSTRAINT "BandwidthPool_tenantId_fkey" FOREIGN KEY ("tenantId") REFERENCES public."Tenant"(id) ON UPDATE CASCADE ON DELETE CASCADE;


--
-- Name: BandwidthTopup BandwidthTopup_propertyId_fkey; Type: FK CONSTRAINT; Schema: public; Owner: -
--

ALTER TABLE ONLY public."BandwidthTopup"
    ADD CONSTRAINT "BandwidthTopup_propertyId_fkey" FOREIGN KEY ("propertyId") REFERENCES public."Property"(id) ON UPDATE CASCADE ON DELETE CASCADE;


--
-- Name: BandwidthTopup BandwidthTopup_tenantId_fkey; Type: FK CONSTRAINT; Schema: public; Owner: -
--

ALTER TABLE ONLY public."BandwidthTopup"
    ADD CONSTRAINT "BandwidthTopup_tenantId_fkey" FOREIGN KEY ("tenantId") REFERENCES public."Tenant"(id) ON UPDATE CASCADE ON DELETE CASCADE;


--
-- Name: BandwidthUsageDaily BandwidthUsageDaily_propertyId_fkey; Type: FK CONSTRAINT; Schema: public; Owner: -
--

ALTER TABLE ONLY public."BandwidthUsageDaily"
    ADD CONSTRAINT "BandwidthUsageDaily_propertyId_fkey" FOREIGN KEY ("propertyId") REFERENCES public."Property"(id) ON UPDATE CASCADE ON DELETE CASCADE;


--
-- Name: BandwidthUsageDaily BandwidthUsageDaily_tenantId_fkey; Type: FK CONSTRAINT; Schema: public; Owner: -
--

ALTER TABLE ONLY public."BandwidthUsageDaily"
    ADD CONSTRAINT "BandwidthUsageDaily_tenantId_fkey" FOREIGN KEY ("tenantId") REFERENCES public."Tenant"(id) ON UPDATE CASCADE ON DELETE CASCADE;


--
-- Name: BandwidthUsageSession BandwidthUsageSession_propertyId_fkey; Type: FK CONSTRAINT; Schema: public; Owner: -
--

ALTER TABLE ONLY public."BandwidthUsageSession"
    ADD CONSTRAINT "BandwidthUsageSession_propertyId_fkey" FOREIGN KEY ("propertyId") REFERENCES public."Property"(id) ON UPDATE CASCADE ON DELETE CASCADE;


--
-- Name: BandwidthUsageSession BandwidthUsageSession_tenantId_fkey; Type: FK CONSTRAINT; Schema: public; Owner: -
--

ALTER TABLE ONLY public."BandwidthUsageSession"
    ADD CONSTRAINT "BandwidthUsageSession_tenantId_fkey" FOREIGN KEY ("tenantId") REFERENCES public."Tenant"(id) ON UPDATE CASCADE ON DELETE CASCADE;


--
-- Name: BankAccount BankAccount_tenantId_fkey; Type: FK CONSTRAINT; Schema: public; Owner: -
--

ALTER TABLE ONLY public."BankAccount"
    ADD CONSTRAINT "BankAccount_tenantId_fkey" FOREIGN KEY ("tenantId") REFERENCES public."Tenant"(id) ON UPDATE CASCADE ON DELETE CASCADE;


--
-- Name: BankTransaction BankTransaction_bankAccountId_fkey; Type: FK CONSTRAINT; Schema: public; Owner: -
--

ALTER TABLE ONLY public."BankTransaction"
    ADD CONSTRAINT "BankTransaction_bankAccountId_fkey" FOREIGN KEY ("bankAccountId") REFERENCES public."BankAccount"(id) ON UPDATE CASCADE ON DELETE CASCADE;


--
-- Name: BankTransaction BankTransaction_tenantId_fkey; Type: FK CONSTRAINT; Schema: public; Owner: -
--

ALTER TABLE ONLY public."BankTransaction"
    ADD CONSTRAINT "BankTransaction_tenantId_fkey" FOREIGN KEY ("tenantId") REFERENCES public."Tenant"(id) ON UPDATE CASCADE ON DELETE CASCADE;


--
-- Name: BondConfig BondConfig_propertyId_fkey; Type: FK CONSTRAINT; Schema: public; Owner: -
--

ALTER TABLE ONLY public."BondConfig"
    ADD CONSTRAINT "BondConfig_propertyId_fkey" FOREIGN KEY ("propertyId") REFERENCES public."Property"(id) ON UPDATE CASCADE ON DELETE CASCADE;


--
-- Name: BondConfig BondConfig_tenantId_fkey; Type: FK CONSTRAINT; Schema: public; Owner: -
--

ALTER TABLE ONLY public."BondConfig"
    ADD CONSTRAINT "BondConfig_tenantId_fkey" FOREIGN KEY ("tenantId") REFERENCES public."Tenant"(id) ON UPDATE CASCADE ON DELETE CASCADE;


--
-- Name: BondMember BondMember_bondConfigId_fkey; Type: FK CONSTRAINT; Schema: public; Owner: -
--

ALTER TABLE ONLY public."BondMember"
    ADD CONSTRAINT "BondMember_bondConfigId_fkey" FOREIGN KEY ("bondConfigId") REFERENCES public."BondConfig"(id) ON UPDATE CASCADE ON DELETE CASCADE;


--
-- Name: BondMember BondMember_interfaceId_fkey; Type: FK CONSTRAINT; Schema: public; Owner: -
--

ALTER TABLE ONLY public."BondMember"
    ADD CONSTRAINT "BondMember_interfaceId_fkey" FOREIGN KEY ("interfaceId") REFERENCES public."NetworkInterface"(id) ON UPDATE CASCADE ON DELETE CASCADE;


--
-- Name: BookingAuditLog BookingAuditLog_bookingId_fkey; Type: FK CONSTRAINT; Schema: public; Owner: -
--

ALTER TABLE ONLY public."BookingAuditLog"
    ADD CONSTRAINT "BookingAuditLog_bookingId_fkey" FOREIGN KEY ("bookingId") REFERENCES public."Booking"(id) ON UPDATE CASCADE ON DELETE CASCADE;


--
-- Name: Booking Booking_groupId_fkey; Type: FK CONSTRAINT; Schema: public; Owner: -
--

ALTER TABLE ONLY public."Booking"
    ADD CONSTRAINT "Booking_groupId_fkey" FOREIGN KEY ("groupId") REFERENCES public."GroupBooking"(id) ON UPDATE CASCADE ON DELETE SET NULL;


--
-- Name: Booking Booking_primaryGuestId_fkey; Type: FK CONSTRAINT; Schema: public; Owner: -
--

ALTER TABLE ONLY public."Booking"
    ADD CONSTRAINT "Booking_primaryGuestId_fkey" FOREIGN KEY ("primaryGuestId") REFERENCES public."Guest"(id) ON UPDATE CASCADE ON DELETE RESTRICT;


--
-- Name: Booking Booking_propertyId_fkey; Type: FK CONSTRAINT; Schema: public; Owner: -
--

ALTER TABLE ONLY public."Booking"
    ADD CONSTRAINT "Booking_propertyId_fkey" FOREIGN KEY ("propertyId") REFERENCES public."Property"(id) ON UPDATE CASCADE ON DELETE RESTRICT;


--
-- Name: Booking Booking_ratePlanId_fkey; Type: FK CONSTRAINT; Schema: public; Owner: -
--

ALTER TABLE ONLY public."Booking"
    ADD CONSTRAINT "Booking_ratePlanId_fkey" FOREIGN KEY ("ratePlanId") REFERENCES public."RatePlan"(id) ON UPDATE CASCADE ON DELETE SET NULL;


--
-- Name: Booking Booking_roomId_fkey; Type: FK CONSTRAINT; Schema: public; Owner: -
--

ALTER TABLE ONLY public."Booking"
    ADD CONSTRAINT "Booking_roomId_fkey" FOREIGN KEY ("roomId") REFERENCES public."Room"(id) ON UPDATE CASCADE ON DELETE SET NULL;


--
-- Name: Booking Booking_roomTypeId_fkey; Type: FK CONSTRAINT; Schema: public; Owner: -
--

ALTER TABLE ONLY public."Booking"
    ADD CONSTRAINT "Booking_roomTypeId_fkey" FOREIGN KEY ("roomTypeId") REFERENCES public."RoomType"(id) ON UPDATE CASCADE ON DELETE RESTRICT;


--
-- Name: Brand Brand_tenantId_fkey; Type: FK CONSTRAINT; Schema: public; Owner: -
--

ALTER TABLE ONLY public."Brand"
    ADD CONSTRAINT "Brand_tenantId_fkey" FOREIGN KEY ("tenantId") REFERENCES public."Tenant"(id) ON UPDATE CASCADE ON DELETE CASCADE;


--
-- Name: BridgeConfig BridgeConfig_propertyId_fkey; Type: FK CONSTRAINT; Schema: public; Owner: -
--

ALTER TABLE ONLY public."BridgeConfig"
    ADD CONSTRAINT "BridgeConfig_propertyId_fkey" FOREIGN KEY ("propertyId") REFERENCES public."Property"(id) ON UPDATE CASCADE ON DELETE CASCADE;


--
-- Name: BridgeConfig BridgeConfig_tenantId_fkey; Type: FK CONSTRAINT; Schema: public; Owner: -
--

ALTER TABLE ONLY public."BridgeConfig"
    ADD CONSTRAINT "BridgeConfig_tenantId_fkey" FOREIGN KEY ("tenantId") REFERENCES public."Tenant"(id) ON UPDATE CASCADE ON DELETE CASCADE;


--
-- Name: CameraEvent CameraEvent_cameraId_fkey; Type: FK CONSTRAINT; Schema: public; Owner: -
--

ALTER TABLE ONLY public."CameraEvent"
    ADD CONSTRAINT "CameraEvent_cameraId_fkey" FOREIGN KEY ("cameraId") REFERENCES public."Camera"(id) ON UPDATE CASCADE ON DELETE CASCADE;


--
-- Name: CameraEvent CameraEvent_tenantId_fkey; Type: FK CONSTRAINT; Schema: public; Owner: -
--

ALTER TABLE ONLY public."CameraEvent"
    ADD CONSTRAINT "CameraEvent_tenantId_fkey" FOREIGN KEY ("tenantId") REFERENCES public."Tenant"(id) ON UPDATE CASCADE ON DELETE CASCADE;


--
-- Name: CameraGroup CameraGroup_propertyId_fkey; Type: FK CONSTRAINT; Schema: public; Owner: -
--

ALTER TABLE ONLY public."CameraGroup"
    ADD CONSTRAINT "CameraGroup_propertyId_fkey" FOREIGN KEY ("propertyId") REFERENCES public."Property"(id) ON UPDATE CASCADE ON DELETE CASCADE;


--
-- Name: Camera Camera_groupId_fkey; Type: FK CONSTRAINT; Schema: public; Owner: -
--

ALTER TABLE ONLY public."Camera"
    ADD CONSTRAINT "Camera_groupId_fkey" FOREIGN KEY ("groupId") REFERENCES public."CameraGroup"(id) ON UPDATE CASCADE ON DELETE SET NULL;


--
-- Name: Camera Camera_propertyId_fkey; Type: FK CONSTRAINT; Schema: public; Owner: -
--

ALTER TABLE ONLY public."Camera"
    ADD CONSTRAINT "Camera_propertyId_fkey" FOREIGN KEY ("propertyId") REFERENCES public."Property"(id) ON UPDATE CASCADE ON DELETE CASCADE;


--
-- Name: CampaignAbTest CampaignAbTest_tenantId_fkey; Type: FK CONSTRAINT; Schema: public; Owner: -
--

ALTER TABLE ONLY public."CampaignAbTest"
    ADD CONSTRAINT "CampaignAbTest_tenantId_fkey" FOREIGN KEY ("tenantId") REFERENCES public."Tenant"(id) ON UPDATE CASCADE ON DELETE CASCADE;


--
-- Name: CampaignSegment CampaignSegment_campaignId_fkey; Type: FK CONSTRAINT; Schema: public; Owner: -
--

ALTER TABLE ONLY public."CampaignSegment"
    ADD CONSTRAINT "CampaignSegment_campaignId_fkey" FOREIGN KEY ("campaignId") REFERENCES public."Campaign"(id) ON UPDATE CASCADE ON DELETE CASCADE;


--
-- Name: CampaignSegment CampaignSegment_segmentId_fkey; Type: FK CONSTRAINT; Schema: public; Owner: -
--

ALTER TABLE ONLY public."CampaignSegment"
    ADD CONSTRAINT "CampaignSegment_segmentId_fkey" FOREIGN KEY ("segmentId") REFERENCES public."GuestSegment"(id) ON UPDATE CASCADE ON DELETE CASCADE;


--
-- Name: Campaign Campaign_tenantId_fkey; Type: FK CONSTRAINT; Schema: public; Owner: -
--

ALTER TABLE ONLY public."Campaign"
    ADD CONSTRAINT "Campaign_tenantId_fkey" FOREIGN KEY ("tenantId") REFERENCES public."Tenant"(id) ON UPDATE CASCADE ON DELETE CASCADE;


--
-- Name: CancellationPenalty CancellationPenalty_bookingId_fkey; Type: FK CONSTRAINT; Schema: public; Owner: -
--

ALTER TABLE ONLY public."CancellationPenalty"
    ADD CONSTRAINT "CancellationPenalty_bookingId_fkey" FOREIGN KEY ("bookingId") REFERENCES public."Booking"(id) ON UPDATE CASCADE ON DELETE RESTRICT;


--
-- Name: CancellationPenalty CancellationPenalty_folioId_fkey; Type: FK CONSTRAINT; Schema: public; Owner: -
--

ALTER TABLE ONLY public."CancellationPenalty"
    ADD CONSTRAINT "CancellationPenalty_folioId_fkey" FOREIGN KEY ("folioId") REFERENCES public."Folio"(id) ON UPDATE CASCADE ON DELETE SET NULL;


--
-- Name: CancellationPenalty CancellationPenalty_policyId_fkey; Type: FK CONSTRAINT; Schema: public; Owner: -
--

ALTER TABLE ONLY public."CancellationPenalty"
    ADD CONSTRAINT "CancellationPenalty_policyId_fkey" FOREIGN KEY ("policyId") REFERENCES public."CancellationPolicy"(id) ON UPDATE CASCADE ON DELETE RESTRICT;


--
-- Name: CancellationPenalty CancellationPenalty_tenantId_fkey; Type: FK CONSTRAINT; Schema: public; Owner: -
--

ALTER TABLE ONLY public."CancellationPenalty"
    ADD CONSTRAINT "CancellationPenalty_tenantId_fkey" FOREIGN KEY ("tenantId") REFERENCES public."Tenant"(id) ON UPDATE CASCADE ON DELETE CASCADE;


--
-- Name: CancellationPolicy CancellationPolicy_tenantId_fkey; Type: FK CONSTRAINT; Schema: public; Owner: -
--

ALTER TABLE ONLY public."CancellationPolicy"
    ADD CONSTRAINT "CancellationPolicy_tenantId_fkey" FOREIGN KEY ("tenantId") REFERENCES public."Tenant"(id) ON UPDATE CASCADE ON DELETE CASCADE;


--
-- Name: CaptivePortal CaptivePortal_propertyId_fkey; Type: FK CONSTRAINT; Schema: public; Owner: -
--

ALTER TABLE ONLY public."CaptivePortal"
    ADD CONSTRAINT "CaptivePortal_propertyId_fkey" FOREIGN KEY ("propertyId") REFERENCES public."Property"(id) ON UPDATE CASCADE ON DELETE CASCADE;


--
-- Name: CaptivePortal CaptivePortal_tenantId_fkey; Type: FK CONSTRAINT; Schema: public; Owner: -
--

ALTER TABLE ONLY public."CaptivePortal"
    ADD CONSTRAINT "CaptivePortal_tenantId_fkey" FOREIGN KEY ("tenantId") REFERENCES public."Tenant"(id) ON UPDATE CASCADE ON DELETE CASCADE;


--
-- Name: ChannelDeadLetterQueue ChannelDeadLetterQueue_tenantId_fkey; Type: FK CONSTRAINT; Schema: public; Owner: -
--

ALTER TABLE ONLY public."ChannelDeadLetterQueue"
    ADD CONSTRAINT "ChannelDeadLetterQueue_tenantId_fkey" FOREIGN KEY ("tenantId") REFERENCES public."Tenant"(id) ON UPDATE CASCADE ON DELETE CASCADE;


--
-- Name: ChannelMapping ChannelMapping_connectionId_fkey; Type: FK CONSTRAINT; Schema: public; Owner: -
--

ALTER TABLE ONLY public."ChannelMapping"
    ADD CONSTRAINT "ChannelMapping_connectionId_fkey" FOREIGN KEY ("connectionId") REFERENCES public."ChannelConnection"(id) ON UPDATE CASCADE ON DELETE CASCADE;


--
-- Name: ChannelMapping ChannelMapping_ratePlanId_fkey; Type: FK CONSTRAINT; Schema: public; Owner: -
--

ALTER TABLE ONLY public."ChannelMapping"
    ADD CONSTRAINT "ChannelMapping_ratePlanId_fkey" FOREIGN KEY ("ratePlanId") REFERENCES public."RatePlan"(id) ON UPDATE CASCADE ON DELETE CASCADE;


--
-- Name: ChannelMapping ChannelMapping_roomTypeId_fkey; Type: FK CONSTRAINT; Schema: public; Owner: -
--

ALTER TABLE ONLY public."ChannelMapping"
    ADD CONSTRAINT "ChannelMapping_roomTypeId_fkey" FOREIGN KEY ("roomTypeId") REFERENCES public."RoomType"(id) ON UPDATE CASCADE ON DELETE CASCADE;


--
-- Name: ChannelRestriction ChannelRestriction_connectionId_fkey; Type: FK CONSTRAINT; Schema: public; Owner: -
--

ALTER TABLE ONLY public."ChannelRestriction"
    ADD CONSTRAINT "ChannelRestriction_connectionId_fkey" FOREIGN KEY ("connectionId") REFERENCES public."ChannelConnection"(id) ON UPDATE CASCADE ON DELETE CASCADE;


--
-- Name: ChannelRestriction ChannelRestriction_roomTypeId_fkey; Type: FK CONSTRAINT; Schema: public; Owner: -
--

ALTER TABLE ONLY public."ChannelRestriction"
    ADD CONSTRAINT "ChannelRestriction_roomTypeId_fkey" FOREIGN KEY ("roomTypeId") REFERENCES public."RoomType"(id) ON UPDATE CASCADE ON DELETE CASCADE;


--
-- Name: ChannelRetryQueue ChannelRetryQueue_tenantId_fkey; Type: FK CONSTRAINT; Schema: public; Owner: -
--

ALTER TABLE ONLY public."ChannelRetryQueue"
    ADD CONSTRAINT "ChannelRetryQueue_tenantId_fkey" FOREIGN KEY ("tenantId") REFERENCES public."Tenant"(id) ON UPDATE CASCADE ON DELETE CASCADE;


--
-- Name: ChannelSyncLog ChannelSyncLog_connectionId_fkey; Type: FK CONSTRAINT; Schema: public; Owner: -
--

ALTER TABLE ONLY public."ChannelSyncLog"
    ADD CONSTRAINT "ChannelSyncLog_connectionId_fkey" FOREIGN KEY ("connectionId") REFERENCES public."ChannelConnection"(id) ON UPDATE CASCADE ON DELETE CASCADE;


--
-- Name: ChatAttachment ChatAttachment_tenantId_fkey; Type: FK CONSTRAINT; Schema: public; Owner: -
--

ALTER TABLE ONLY public."ChatAttachment"
    ADD CONSTRAINT "ChatAttachment_tenantId_fkey" FOREIGN KEY ("tenantId") REFERENCES public."Tenant"(id) ON UPDATE CASCADE ON DELETE CASCADE;


--
-- Name: ChatMessage ChatMessage_conversationId_fkey; Type: FK CONSTRAINT; Schema: public; Owner: -
--

ALTER TABLE ONLY public."ChatMessage"
    ADD CONSTRAINT "ChatMessage_conversationId_fkey" FOREIGN KEY ("conversationId") REFERENCES public."ChatConversation"(id) ON UPDATE CASCADE ON DELETE CASCADE;


--
-- Name: ChatMessage ChatMessage_senderId_fkey; Type: FK CONSTRAINT; Schema: public; Owner: -
--

ALTER TABLE ONLY public."ChatMessage"
    ADD CONSTRAINT "ChatMessage_senderId_fkey" FOREIGN KEY ("senderId") REFERENCES public."User"(id) ON UPDATE CASCADE ON DELETE SET NULL;


--
-- Name: ChatTransfer ChatTransfer_fromUserId_fkey; Type: FK CONSTRAINT; Schema: public; Owner: -
--

ALTER TABLE ONLY public."ChatTransfer"
    ADD CONSTRAINT "ChatTransfer_fromUserId_fkey" FOREIGN KEY ("fromUserId") REFERENCES public."User"(id) ON UPDATE CASCADE ON DELETE RESTRICT;


--
-- Name: ChatTransfer ChatTransfer_tenantId_fkey; Type: FK CONSTRAINT; Schema: public; Owner: -
--

ALTER TABLE ONLY public."ChatTransfer"
    ADD CONSTRAINT "ChatTransfer_tenantId_fkey" FOREIGN KEY ("tenantId") REFERENCES public."Tenant"(id) ON UPDATE CASCADE ON DELETE CASCADE;


--
-- Name: ChatTransfer ChatTransfer_toUserId_fkey; Type: FK CONSTRAINT; Schema: public; Owner: -
--

ALTER TABLE ONLY public."ChatTransfer"
    ADD CONSTRAINT "ChatTransfer_toUserId_fkey" FOREIGN KEY ("toUserId") REFERENCES public."User"(id) ON UPDATE CASCADE ON DELETE RESTRICT;


--
-- Name: CoaSessionDetail CoaSessionDetail_propertyId_fkey; Type: FK CONSTRAINT; Schema: public; Owner: -
--

ALTER TABLE ONLY public."CoaSessionDetail"
    ADD CONSTRAINT "CoaSessionDetail_propertyId_fkey" FOREIGN KEY ("propertyId") REFERENCES public."Property"(id) ON UPDATE CASCADE ON DELETE CASCADE;


--
-- Name: CoaSessionDetail CoaSessionDetail_tenantId_fkey; Type: FK CONSTRAINT; Schema: public; Owner: -
--

ALTER TABLE ONLY public."CoaSessionDetail"
    ADD CONSTRAINT "CoaSessionDetail_tenantId_fkey" FOREIGN KEY ("tenantId") REFERENCES public."Tenant"(id) ON UPDATE CASCADE ON DELETE CASCADE;


--
-- Name: CommunicationChannel CommunicationChannel_tenantId_fkey; Type: FK CONSTRAINT; Schema: public; Owner: -
--

ALTER TABLE ONLY public."CommunicationChannel"
    ADD CONSTRAINT "CommunicationChannel_tenantId_fkey" FOREIGN KEY ("tenantId") REFERENCES public."Tenant"(id) ON UPDATE CASCADE ON DELETE CASCADE;


--
-- Name: CompetitorPrice CompetitorPrice_propertyId_fkey; Type: FK CONSTRAINT; Schema: public; Owner: -
--

ALTER TABLE ONLY public."CompetitorPrice"
    ADD CONSTRAINT "CompetitorPrice_propertyId_fkey" FOREIGN KEY ("propertyId") REFERENCES public."Property"(id) ON UPDATE CASCADE ON DELETE CASCADE;


--
-- Name: CompetitorPrice CompetitorPrice_roomTypeId_fkey; Type: FK CONSTRAINT; Schema: public; Owner: -
--

ALTER TABLE ONLY public."CompetitorPrice"
    ADD CONSTRAINT "CompetitorPrice_roomTypeId_fkey" FOREIGN KEY ("roomTypeId") REFERENCES public."RoomType"(id) ON UPDATE CASCADE ON DELETE CASCADE;


--
-- Name: CompetitorPrice CompetitorPrice_tenantId_fkey; Type: FK CONSTRAINT; Schema: public; Owner: -
--

ALTER TABLE ONLY public."CompetitorPrice"
    ADD CONSTRAINT "CompetitorPrice_tenantId_fkey" FOREIGN KEY ("tenantId") REFERENCES public."Tenant"(id) ON UPDATE CASCADE ON DELETE CASCADE;


--
-- Name: CompetitorSyncLog CompetitorSyncLog_tenantId_fkey; Type: FK CONSTRAINT; Schema: public; Owner: -
--

ALTER TABLE ONLY public."CompetitorSyncLog"
    ADD CONSTRAINT "CompetitorSyncLog_tenantId_fkey" FOREIGN KEY ("tenantId") REFERENCES public."Tenant"(id) ON UPDATE CASCADE ON DELETE CASCADE;


--
-- Name: ConsentRecord ConsentRecord_tenantId_fkey; Type: FK CONSTRAINT; Schema: public; Owner: -
--

ALTER TABLE ONLY public."ConsentRecord"
    ADD CONSTRAINT "ConsentRecord_tenantId_fkey" FOREIGN KEY ("tenantId") REFERENCES public."Tenant"(id) ON UPDATE CASCADE ON DELETE CASCADE;


--
-- Name: ContentFilter ContentFilter_propertyId_fkey; Type: FK CONSTRAINT; Schema: public; Owner: -
--

ALTER TABLE ONLY public."ContentFilter"
    ADD CONSTRAINT "ContentFilter_propertyId_fkey" FOREIGN KEY ("propertyId") REFERENCES public."Property"(id) ON UPDATE CASCADE ON DELETE CASCADE;


--
-- Name: ContentFilter ContentFilter_tenantId_fkey; Type: FK CONSTRAINT; Schema: public; Owner: -
--

ALTER TABLE ONLY public."ContentFilter"
    ADD CONSTRAINT "ContentFilter_tenantId_fkey" FOREIGN KEY ("tenantId") REFERENCES public."Tenant"(id) ON UPDATE CASCADE ON DELETE CASCADE;


--
-- Name: CreditNote CreditNote_folioId_fkey; Type: FK CONSTRAINT; Schema: public; Owner: -
--

ALTER TABLE ONLY public."CreditNote"
    ADD CONSTRAINT "CreditNote_folioId_fkey" FOREIGN KEY ("folioId") REFERENCES public."Folio"(id) ON UPDATE CASCADE ON DELETE CASCADE;


--
-- Name: CreditNote CreditNote_propertyId_fkey; Type: FK CONSTRAINT; Schema: public; Owner: -
--

ALTER TABLE ONLY public."CreditNote"
    ADD CONSTRAINT "CreditNote_propertyId_fkey" FOREIGN KEY ("propertyId") REFERENCES public."Property"(id) ON UPDATE CASCADE ON DELETE CASCADE;


--
-- Name: CreditNote CreditNote_tenantId_fkey; Type: FK CONSTRAINT; Schema: public; Owner: -
--

ALTER TABLE ONLY public."CreditNote"
    ADD CONSTRAINT "CreditNote_tenantId_fkey" FOREIGN KEY ("tenantId") REFERENCES public."Tenant"(id) ON UPDATE CASCADE ON DELETE CASCADE;


--
-- Name: DemandForecast DemandForecast_propertyId_fkey; Type: FK CONSTRAINT; Schema: public; Owner: -
--

ALTER TABLE ONLY public."DemandForecast"
    ADD CONSTRAINT "DemandForecast_propertyId_fkey" FOREIGN KEY ("propertyId") REFERENCES public."Property"(id) ON UPDATE CASCADE ON DELETE CASCADE;


--
-- Name: DemandForecast DemandForecast_roomTypeId_fkey; Type: FK CONSTRAINT; Schema: public; Owner: -
--

ALTER TABLE ONLY public."DemandForecast"
    ADD CONSTRAINT "DemandForecast_roomTypeId_fkey" FOREIGN KEY ("roomTypeId") REFERENCES public."RoomType"(id) ON UPDATE CASCADE ON DELETE CASCADE;


--
-- Name: DemandForecast DemandForecast_tenantId_fkey; Type: FK CONSTRAINT; Schema: public; Owner: -
--

ALTER TABLE ONLY public."DemandForecast"
    ADD CONSTRAINT "DemandForecast_tenantId_fkey" FOREIGN KEY ("tenantId") REFERENCES public."Tenant"(id) ON UPDATE CASCADE ON DELETE CASCADE;


--
-- Name: DeviceProfile DeviceProfile_guestId_fkey; Type: FK CONSTRAINT; Schema: public; Owner: -
--

ALTER TABLE ONLY public."DeviceProfile"
    ADD CONSTRAINT "DeviceProfile_guestId_fkey" FOREIGN KEY ("guestId") REFERENCES public."Guest"(id) ON UPDATE CASCADE ON DELETE SET NULL;


--
-- Name: DeviceProfile DeviceProfile_propertyId_fkey; Type: FK CONSTRAINT; Schema: public; Owner: -
--

ALTER TABLE ONLY public."DeviceProfile"
    ADD CONSTRAINT "DeviceProfile_propertyId_fkey" FOREIGN KEY ("propertyId") REFERENCES public."Property"(id) ON UPDATE CASCADE ON DELETE CASCADE;


--
-- Name: DeviceProfile DeviceProfile_tenantId_fkey; Type: FK CONSTRAINT; Schema: public; Owner: -
--

ALTER TABLE ONLY public."DeviceProfile"
    ADD CONSTRAINT "DeviceProfile_tenantId_fkey" FOREIGN KEY ("tenantId") REFERENCES public."Tenant"(id) ON UPDATE CASCADE ON DELETE CASCADE;


--
-- Name: DeviceProfile DeviceProfile_wifiUserId_fkey; Type: FK CONSTRAINT; Schema: public; Owner: -
--

ALTER TABLE ONLY public."DeviceProfile"
    ADD CONSTRAINT "DeviceProfile_wifiUserId_fkey" FOREIGN KEY ("wifiUserId") REFERENCES public."WiFiUser"(id) ON UPDATE CASCADE ON DELETE CASCADE;


--
-- Name: DhcpBlacklist DhcpBlacklist_propertyId_fkey; Type: FK CONSTRAINT; Schema: public; Owner: -
--

ALTER TABLE ONLY public."DhcpBlacklist"
    ADD CONSTRAINT "DhcpBlacklist_propertyId_fkey" FOREIGN KEY ("propertyId") REFERENCES public."Property"(id) ON UPDATE CASCADE ON DELETE CASCADE;


--
-- Name: DhcpBlacklist DhcpBlacklist_subnetId_fkey; Type: FK CONSTRAINT; Schema: public; Owner: -
--

ALTER TABLE ONLY public."DhcpBlacklist"
    ADD CONSTRAINT "DhcpBlacklist_subnetId_fkey" FOREIGN KEY ("subnetId") REFERENCES public."DhcpSubnet"(id) ON UPDATE CASCADE ON DELETE CASCADE;


--
-- Name: DhcpBlacklist DhcpBlacklist_tenantId_fkey; Type: FK CONSTRAINT; Schema: public; Owner: -
--

ALTER TABLE ONLY public."DhcpBlacklist"
    ADD CONSTRAINT "DhcpBlacklist_tenantId_fkey" FOREIGN KEY ("tenantId") REFERENCES public."Tenant"(id) ON UPDATE CASCADE ON DELETE CASCADE;


--
-- Name: DhcpHostnameFilter DhcpHostnameFilter_propertyId_fkey; Type: FK CONSTRAINT; Schema: public; Owner: -
--

ALTER TABLE ONLY public."DhcpHostnameFilter"
    ADD CONSTRAINT "DhcpHostnameFilter_propertyId_fkey" FOREIGN KEY ("propertyId") REFERENCES public."Property"(id) ON UPDATE CASCADE ON DELETE CASCADE;


--
-- Name: DhcpHostnameFilter DhcpHostnameFilter_subnetId_fkey; Type: FK CONSTRAINT; Schema: public; Owner: -
--

ALTER TABLE ONLY public."DhcpHostnameFilter"
    ADD CONSTRAINT "DhcpHostnameFilter_subnetId_fkey" FOREIGN KEY ("subnetId") REFERENCES public."DhcpSubnet"(id) ON UPDATE CASCADE ON DELETE CASCADE;


--
-- Name: DhcpHostnameFilter DhcpHostnameFilter_tenantId_fkey; Type: FK CONSTRAINT; Schema: public; Owner: -
--

ALTER TABLE ONLY public."DhcpHostnameFilter"
    ADD CONSTRAINT "DhcpHostnameFilter_tenantId_fkey" FOREIGN KEY ("tenantId") REFERENCES public."Tenant"(id) ON UPDATE CASCADE ON DELETE CASCADE;


--
-- Name: DhcpLeaseScript DhcpLeaseScript_propertyId_fkey; Type: FK CONSTRAINT; Schema: public; Owner: -
--

ALTER TABLE ONLY public."DhcpLeaseScript"
    ADD CONSTRAINT "DhcpLeaseScript_propertyId_fkey" FOREIGN KEY ("propertyId") REFERENCES public."Property"(id) ON UPDATE CASCADE ON DELETE CASCADE;


--
-- Name: DhcpLeaseScript DhcpLeaseScript_tenantId_fkey; Type: FK CONSTRAINT; Schema: public; Owner: -
--

ALTER TABLE ONLY public."DhcpLeaseScript"
    ADD CONSTRAINT "DhcpLeaseScript_tenantId_fkey" FOREIGN KEY ("tenantId") REFERENCES public."Tenant"(id) ON UPDATE CASCADE ON DELETE CASCADE;


--
-- Name: DhcpLease DhcpLease_propertyId_fkey; Type: FK CONSTRAINT; Schema: public; Owner: -
--

ALTER TABLE ONLY public."DhcpLease"
    ADD CONSTRAINT "DhcpLease_propertyId_fkey" FOREIGN KEY ("propertyId") REFERENCES public."Property"(id) ON UPDATE CASCADE ON DELETE CASCADE;


--
-- Name: DhcpLease DhcpLease_subnetId_fkey; Type: FK CONSTRAINT; Schema: public; Owner: -
--

ALTER TABLE ONLY public."DhcpLease"
    ADD CONSTRAINT "DhcpLease_subnetId_fkey" FOREIGN KEY ("subnetId") REFERENCES public."DhcpSubnet"(id) ON UPDATE CASCADE ON DELETE CASCADE;


--
-- Name: DhcpLease DhcpLease_tenantId_fkey; Type: FK CONSTRAINT; Schema: public; Owner: -
--

ALTER TABLE ONLY public."DhcpLease"
    ADD CONSTRAINT "DhcpLease_tenantId_fkey" FOREIGN KEY ("tenantId") REFERENCES public."Tenant"(id) ON UPDATE CASCADE ON DELETE CASCADE;


--
-- Name: DhcpOption DhcpOption_propertyId_fkey; Type: FK CONSTRAINT; Schema: public; Owner: -
--

ALTER TABLE ONLY public."DhcpOption"
    ADD CONSTRAINT "DhcpOption_propertyId_fkey" FOREIGN KEY ("propertyId") REFERENCES public."Property"(id) ON UPDATE CASCADE ON DELETE CASCADE;


--
-- Name: DhcpOption DhcpOption_subnetId_fkey; Type: FK CONSTRAINT; Schema: public; Owner: -
--

ALTER TABLE ONLY public."DhcpOption"
    ADD CONSTRAINT "DhcpOption_subnetId_fkey" FOREIGN KEY ("subnetId") REFERENCES public."DhcpSubnet"(id) ON UPDATE CASCADE ON DELETE CASCADE;


--
-- Name: DhcpOption DhcpOption_tenantId_fkey; Type: FK CONSTRAINT; Schema: public; Owner: -
--

ALTER TABLE ONLY public."DhcpOption"
    ADD CONSTRAINT "DhcpOption_tenantId_fkey" FOREIGN KEY ("tenantId") REFERENCES public."Tenant"(id) ON UPDATE CASCADE ON DELETE CASCADE;


--
-- Name: DhcpReservation DhcpReservation_propertyId_fkey; Type: FK CONSTRAINT; Schema: public; Owner: -
--

ALTER TABLE ONLY public."DhcpReservation"
    ADD CONSTRAINT "DhcpReservation_propertyId_fkey" FOREIGN KEY ("propertyId") REFERENCES public."Property"(id) ON UPDATE CASCADE ON DELETE CASCADE;


--
-- Name: DhcpReservation DhcpReservation_subnetId_fkey; Type: FK CONSTRAINT; Schema: public; Owner: -
--

ALTER TABLE ONLY public."DhcpReservation"
    ADD CONSTRAINT "DhcpReservation_subnetId_fkey" FOREIGN KEY ("subnetId") REFERENCES public."DhcpSubnet"(id) ON UPDATE CASCADE ON DELETE CASCADE;


--
-- Name: DhcpReservation DhcpReservation_tenantId_fkey; Type: FK CONSTRAINT; Schema: public; Owner: -
--

ALTER TABLE ONLY public."DhcpReservation"
    ADD CONSTRAINT "DhcpReservation_tenantId_fkey" FOREIGN KEY ("tenantId") REFERENCES public."Tenant"(id) ON UPDATE CASCADE ON DELETE CASCADE;


--
-- Name: DhcpSubnet DhcpSubnet_propertyId_fkey; Type: FK CONSTRAINT; Schema: public; Owner: -
--

ALTER TABLE ONLY public."DhcpSubnet"
    ADD CONSTRAINT "DhcpSubnet_propertyId_fkey" FOREIGN KEY ("propertyId") REFERENCES public."Property"(id) ON UPDATE CASCADE ON DELETE CASCADE;


--
-- Name: DhcpSubnet DhcpSubnet_tenantId_fkey; Type: FK CONSTRAINT; Schema: public; Owner: -
--

ALTER TABLE ONLY public."DhcpSubnet"
    ADD CONSTRAINT "DhcpSubnet_tenantId_fkey" FOREIGN KEY ("tenantId") REFERENCES public."Tenant"(id) ON UPDATE CASCADE ON DELETE CASCADE;


--
-- Name: DhcpSubnet DhcpSubnet_vlanConfigId_fkey; Type: FK CONSTRAINT; Schema: public; Owner: -
--

ALTER TABLE ONLY public."DhcpSubnet"
    ADD CONSTRAINT "DhcpSubnet_vlanConfigId_fkey" FOREIGN KEY ("vlanConfigId") REFERENCES public."VlanConfig"(id) ON UPDATE CASCADE ON DELETE SET NULL;


--
-- Name: DhcpTagRule DhcpTagRule_propertyId_fkey; Type: FK CONSTRAINT; Schema: public; Owner: -
--

ALTER TABLE ONLY public."DhcpTagRule"
    ADD CONSTRAINT "DhcpTagRule_propertyId_fkey" FOREIGN KEY ("propertyId") REFERENCES public."Property"(id) ON UPDATE CASCADE ON DELETE CASCADE;


--
-- Name: DhcpTagRule DhcpTagRule_subnetId_fkey; Type: FK CONSTRAINT; Schema: public; Owner: -
--

ALTER TABLE ONLY public."DhcpTagRule"
    ADD CONSTRAINT "DhcpTagRule_subnetId_fkey" FOREIGN KEY ("subnetId") REFERENCES public."DhcpSubnet"(id) ON UPDATE CASCADE ON DELETE CASCADE;


--
-- Name: DhcpTagRule DhcpTagRule_tenantId_fkey; Type: FK CONSTRAINT; Schema: public; Owner: -
--

ALTER TABLE ONLY public."DhcpTagRule"
    ADD CONSTRAINT "DhcpTagRule_tenantId_fkey" FOREIGN KEY ("tenantId") REFERENCES public."Tenant"(id) ON UPDATE CASCADE ON DELETE CASCADE;


--
-- Name: Discount Discount_tenantId_fkey; Type: FK CONSTRAINT; Schema: public; Owner: -
--

ALTER TABLE ONLY public."Discount"
    ADD CONSTRAINT "Discount_tenantId_fkey" FOREIGN KEY ("tenantId") REFERENCES public."Tenant"(id) ON UPDATE CASCADE ON DELETE RESTRICT;


--
-- Name: DnsRecord DnsRecord_tenantId_fkey; Type: FK CONSTRAINT; Schema: public; Owner: -
--

ALTER TABLE ONLY public."DnsRecord"
    ADD CONSTRAINT "DnsRecord_tenantId_fkey" FOREIGN KEY ("tenantId") REFERENCES public."Tenant"(id) ON UPDATE CASCADE ON DELETE CASCADE;


--
-- Name: DnsRecord DnsRecord_zoneId_fkey; Type: FK CONSTRAINT; Schema: public; Owner: -
--

ALTER TABLE ONLY public."DnsRecord"
    ADD CONSTRAINT "DnsRecord_zoneId_fkey" FOREIGN KEY ("zoneId") REFERENCES public."DnsZone"(id) ON UPDATE CASCADE ON DELETE CASCADE;


--
-- Name: DnsRedirectRule DnsRedirectRule_propertyId_fkey; Type: FK CONSTRAINT; Schema: public; Owner: -
--

ALTER TABLE ONLY public."DnsRedirectRule"
    ADD CONSTRAINT "DnsRedirectRule_propertyId_fkey" FOREIGN KEY ("propertyId") REFERENCES public."Property"(id) ON UPDATE CASCADE ON DELETE CASCADE;


--
-- Name: DnsRedirectRule DnsRedirectRule_tenantId_fkey; Type: FK CONSTRAINT; Schema: public; Owner: -
--

ALTER TABLE ONLY public."DnsRedirectRule"
    ADD CONSTRAINT "DnsRedirectRule_tenantId_fkey" FOREIGN KEY ("tenantId") REFERENCES public."Tenant"(id) ON UPDATE CASCADE ON DELETE CASCADE;


--
-- Name: DnsZone DnsZone_propertyId_fkey; Type: FK CONSTRAINT; Schema: public; Owner: -
--

ALTER TABLE ONLY public."DnsZone"
    ADD CONSTRAINT "DnsZone_propertyId_fkey" FOREIGN KEY ("propertyId") REFERENCES public."Property"(id) ON UPDATE CASCADE ON DELETE CASCADE;


--
-- Name: DnsZone DnsZone_tenantId_fkey; Type: FK CONSTRAINT; Schema: public; Owner: -
--

ALTER TABLE ONLY public."DnsZone"
    ADD CONSTRAINT "DnsZone_tenantId_fkey" FOREIGN KEY ("tenantId") REFERENCES public."Tenant"(id) ON UPDATE CASCADE ON DELETE CASCADE;


--
-- Name: EnergyMetric EnergyMetric_propertyId_fkey; Type: FK CONSTRAINT; Schema: public; Owner: -
--

ALTER TABLE ONLY public."EnergyMetric"
    ADD CONSTRAINT "EnergyMetric_propertyId_fkey" FOREIGN KEY ("propertyId") REFERENCES public."Property"(id) ON UPDATE CASCADE ON DELETE RESTRICT;


--
-- Name: EnergyMetric EnergyMetric_tenantId_fkey; Type: FK CONSTRAINT; Schema: public; Owner: -
--

ALTER TABLE ONLY public."EnergyMetric"
    ADD CONSTRAINT "EnergyMetric_tenantId_fkey" FOREIGN KEY ("tenantId") REFERENCES public."Tenant"(id) ON UPDATE CASCADE ON DELETE RESTRICT;


--
-- Name: EventResource EventResource_eventId_fkey; Type: FK CONSTRAINT; Schema: public; Owner: -
--

ALTER TABLE ONLY public."EventResource"
    ADD CONSTRAINT "EventResource_eventId_fkey" FOREIGN KEY ("eventId") REFERENCES public."Event"(id) ON UPDATE CASCADE ON DELETE CASCADE;


--
-- Name: EventSpace EventSpace_propertyId_fkey; Type: FK CONSTRAINT; Schema: public; Owner: -
--

ALTER TABLE ONLY public."EventSpace"
    ADD CONSTRAINT "EventSpace_propertyId_fkey" FOREIGN KEY ("propertyId") REFERENCES public."Property"(id) ON UPDATE CASCADE ON DELETE CASCADE;


--
-- Name: Event Event_propertyId_fkey; Type: FK CONSTRAINT; Schema: public; Owner: -
--

ALTER TABLE ONLY public."Event"
    ADD CONSTRAINT "Event_propertyId_fkey" FOREIGN KEY ("propertyId") REFERENCES public."Property"(id) ON UPDATE CASCADE ON DELETE CASCADE;


--
-- Name: Event Event_spaceId_fkey; Type: FK CONSTRAINT; Schema: public; Owner: -
--

ALTER TABLE ONLY public."Event"
    ADD CONSTRAINT "Event_spaceId_fkey" FOREIGN KEY ("spaceId") REFERENCES public."EventSpace"(id) ON UPDATE CASCADE ON DELETE SET NULL;


--
-- Name: ExchangeRate ExchangeRate_tenantId_fkey; Type: FK CONSTRAINT; Schema: public; Owner: -
--

ALTER TABLE ONLY public."ExchangeRate"
    ADD CONSTRAINT "ExchangeRate_tenantId_fkey" FOREIGN KEY ("tenantId") REFERENCES public."Tenant"(id) ON UPDATE CASCADE ON DELETE CASCADE;


--
-- Name: ExperienceBooking ExperienceBooking_experienceId_fkey; Type: FK CONSTRAINT; Schema: public; Owner: -
--

ALTER TABLE ONLY public."ExperienceBooking"
    ADD CONSTRAINT "ExperienceBooking_experienceId_fkey" FOREIGN KEY ("experienceId") REFERENCES public."Experience"(id) ON UPDATE CASCADE ON DELETE RESTRICT;


--
-- Name: ExperienceBooking ExperienceBooking_tenantId_fkey; Type: FK CONSTRAINT; Schema: public; Owner: -
--

ALTER TABLE ONLY public."ExperienceBooking"
    ADD CONSTRAINT "ExperienceBooking_tenantId_fkey" FOREIGN KEY ("tenantId") REFERENCES public."Tenant"(id) ON UPDATE CASCADE ON DELETE CASCADE;


--
-- Name: ExperienceFeedback ExperienceFeedback_tenantId_fkey; Type: FK CONSTRAINT; Schema: public; Owner: -
--

ALTER TABLE ONLY public."ExperienceFeedback"
    ADD CONSTRAINT "ExperienceFeedback_tenantId_fkey" FOREIGN KEY ("tenantId") REFERENCES public."Tenant"(id) ON UPDATE CASCADE ON DELETE CASCADE;


--
-- Name: ExperiencePricing ExperiencePricing_experienceId_fkey; Type: FK CONSTRAINT; Schema: public; Owner: -
--

ALTER TABLE ONLY public."ExperiencePricing"
    ADD CONSTRAINT "ExperiencePricing_experienceId_fkey" FOREIGN KEY ("experienceId") REFERENCES public."Experience"(id) ON UPDATE CASCADE ON DELETE RESTRICT;


--
-- Name: ExperiencePricing ExperiencePricing_tenantId_fkey; Type: FK CONSTRAINT; Schema: public; Owner: -
--

ALTER TABLE ONLY public."ExperiencePricing"
    ADD CONSTRAINT "ExperiencePricing_tenantId_fkey" FOREIGN KEY ("tenantId") REFERENCES public."Tenant"(id) ON UPDATE CASCADE ON DELETE CASCADE;


--
-- Name: ExperienceVendor ExperienceVendor_tenantId_fkey; Type: FK CONSTRAINT; Schema: public; Owner: -
--

ALTER TABLE ONLY public."ExperienceVendor"
    ADD CONSTRAINT "ExperienceVendor_tenantId_fkey" FOREIGN KEY ("tenantId") REFERENCES public."Tenant"(id) ON UPDATE CASCADE ON DELETE CASCADE;


--
-- Name: Experience Experience_tenantId_fkey; Type: FK CONSTRAINT; Schema: public; Owner: -
--

ALTER TABLE ONLY public."Experience"
    ADD CONSTRAINT "Experience_tenantId_fkey" FOREIGN KEY ("tenantId") REFERENCES public."Tenant"(id) ON UPDATE CASCADE ON DELETE CASCADE;


--
-- Name: ExternalReview ExternalReview_propertyId_fkey; Type: FK CONSTRAINT; Schema: public; Owner: -
--

ALTER TABLE ONLY public."ExternalReview"
    ADD CONSTRAINT "ExternalReview_propertyId_fkey" FOREIGN KEY ("propertyId") REFERENCES public."Property"(id) ON UPDATE CASCADE ON DELETE CASCADE;


--
-- Name: ExternalReview ExternalReview_tenantId_fkey; Type: FK CONSTRAINT; Schema: public; Owner: -
--

ALTER TABLE ONLY public."ExternalReview"
    ADD CONSTRAINT "ExternalReview_tenantId_fkey" FOREIGN KEY ("tenantId") REFERENCES public."Tenant"(id) ON UPDATE CASCADE ON DELETE CASCADE;


--
-- Name: FairAccessPolicy FairAccessPolicy_propertyId_fkey; Type: FK CONSTRAINT; Schema: public; Owner: -
--

ALTER TABLE ONLY public."FairAccessPolicy"
    ADD CONSTRAINT "FairAccessPolicy_propertyId_fkey" FOREIGN KEY ("propertyId") REFERENCES public."Property"(id) ON UPDATE CASCADE ON DELETE CASCADE;


--
-- Name: FairAccessPolicy FairAccessPolicy_tenantId_fkey; Type: FK CONSTRAINT; Schema: public; Owner: -
--

ALTER TABLE ONLY public."FairAccessPolicy"
    ADD CONSTRAINT "FairAccessPolicy_tenantId_fkey" FOREIGN KEY ("tenantId") REFERENCES public."Tenant"(id) ON UPDATE CASCADE ON DELETE CASCADE;


--
-- Name: FirewallRule FirewallRule_propertyId_fkey; Type: FK CONSTRAINT; Schema: public; Owner: -
--

ALTER TABLE ONLY public."FirewallRule"
    ADD CONSTRAINT "FirewallRule_propertyId_fkey" FOREIGN KEY ("propertyId") REFERENCES public."Property"(id) ON UPDATE CASCADE ON DELETE CASCADE;


--
-- Name: FirewallRule FirewallRule_tenantId_fkey; Type: FK CONSTRAINT; Schema: public; Owner: -
--

ALTER TABLE ONLY public."FirewallRule"
    ADD CONSTRAINT "FirewallRule_tenantId_fkey" FOREIGN KEY ("tenantId") REFERENCES public."Tenant"(id) ON UPDATE CASCADE ON DELETE CASCADE;


--
-- Name: FirewallRule FirewallRule_zoneId_fkey; Type: FK CONSTRAINT; Schema: public; Owner: -
--

ALTER TABLE ONLY public."FirewallRule"
    ADD CONSTRAINT "FirewallRule_zoneId_fkey" FOREIGN KEY ("zoneId") REFERENCES public."FirewallZone"(id) ON UPDATE CASCADE ON DELETE CASCADE;


--
-- Name: FirewallSchedule FirewallSchedule_propertyId_fkey; Type: FK CONSTRAINT; Schema: public; Owner: -
--

ALTER TABLE ONLY public."FirewallSchedule"
    ADD CONSTRAINT "FirewallSchedule_propertyId_fkey" FOREIGN KEY ("propertyId") REFERENCES public."Property"(id) ON UPDATE CASCADE ON DELETE CASCADE;


--
-- Name: FirewallSchedule FirewallSchedule_tenantId_fkey; Type: FK CONSTRAINT; Schema: public; Owner: -
--

ALTER TABLE ONLY public."FirewallSchedule"
    ADD CONSTRAINT "FirewallSchedule_tenantId_fkey" FOREIGN KEY ("tenantId") REFERENCES public."Tenant"(id) ON UPDATE CASCADE ON DELETE CASCADE;


--
-- Name: FirewallZone FirewallZone_propertyId_fkey; Type: FK CONSTRAINT; Schema: public; Owner: -
--

ALTER TABLE ONLY public."FirewallZone"
    ADD CONSTRAINT "FirewallZone_propertyId_fkey" FOREIGN KEY ("propertyId") REFERENCES public."Property"(id) ON UPDATE CASCADE ON DELETE CASCADE;


--
-- Name: FirewallZone FirewallZone_tenantId_fkey; Type: FK CONSTRAINT; Schema: public; Owner: -
--

ALTER TABLE ONLY public."FirewallZone"
    ADD CONSTRAINT "FirewallZone_tenantId_fkey" FOREIGN KEY ("tenantId") REFERENCES public."Tenant"(id) ON UPDATE CASCADE ON DELETE CASCADE;


--
-- Name: FloorPlanRoom FloorPlanRoom_floorPlanId_fkey; Type: FK CONSTRAINT; Schema: public; Owner: -
--

ALTER TABLE ONLY public."FloorPlanRoom"
    ADD CONSTRAINT "FloorPlanRoom_floorPlanId_fkey" FOREIGN KEY ("floorPlanId") REFERENCES public."FloorPlan"(id) ON UPDATE CASCADE ON DELETE CASCADE;


--
-- Name: FloorPlanRoom FloorPlanRoom_roomId_fkey; Type: FK CONSTRAINT; Schema: public; Owner: -
--

ALTER TABLE ONLY public."FloorPlanRoom"
    ADD CONSTRAINT "FloorPlanRoom_roomId_fkey" FOREIGN KEY ("roomId") REFERENCES public."Room"(id) ON UPDATE CASCADE ON DELETE CASCADE;


--
-- Name: FloorPlan FloorPlan_propertyId_fkey; Type: FK CONSTRAINT; Schema: public; Owner: -
--

ALTER TABLE ONLY public."FloorPlan"
    ADD CONSTRAINT "FloorPlan_propertyId_fkey" FOREIGN KEY ("propertyId") REFERENCES public."Property"(id) ON UPDATE CASCADE ON DELETE CASCADE;


--
-- Name: FolioLineItem FolioLineItem_discountId_fkey; Type: FK CONSTRAINT; Schema: public; Owner: -
--

ALTER TABLE ONLY public."FolioLineItem"
    ADD CONSTRAINT "FolioLineItem_discountId_fkey" FOREIGN KEY ("discountId") REFERENCES public."Discount"(id) ON UPDATE CASCADE ON DELETE SET NULL;


--
-- Name: FolioLineItem FolioLineItem_folioId_fkey; Type: FK CONSTRAINT; Schema: public; Owner: -
--

ALTER TABLE ONLY public."FolioLineItem"
    ADD CONSTRAINT "FolioLineItem_folioId_fkey" FOREIGN KEY ("folioId") REFERENCES public."Folio"(id) ON UPDATE CASCADE ON DELETE CASCADE;


--
-- Name: FolioTransfer FolioTransfer_fromFolioId_fkey; Type: FK CONSTRAINT; Schema: public; Owner: -
--

ALTER TABLE ONLY public."FolioTransfer"
    ADD CONSTRAINT "FolioTransfer_fromFolioId_fkey" FOREIGN KEY ("fromFolioId") REFERENCES public."Folio"(id) ON UPDATE CASCADE ON DELETE CASCADE;


--
-- Name: FolioTransfer FolioTransfer_propertyId_fkey; Type: FK CONSTRAINT; Schema: public; Owner: -
--

ALTER TABLE ONLY public."FolioTransfer"
    ADD CONSTRAINT "FolioTransfer_propertyId_fkey" FOREIGN KEY ("propertyId") REFERENCES public."Property"(id) ON UPDATE CASCADE ON DELETE CASCADE;


--
-- Name: FolioTransfer FolioTransfer_tenantId_fkey; Type: FK CONSTRAINT; Schema: public; Owner: -
--

ALTER TABLE ONLY public."FolioTransfer"
    ADD CONSTRAINT "FolioTransfer_tenantId_fkey" FOREIGN KEY ("tenantId") REFERENCES public."Tenant"(id) ON UPDATE CASCADE ON DELETE CASCADE;


--
-- Name: FolioTransfer FolioTransfer_toFolioId_fkey; Type: FK CONSTRAINT; Schema: public; Owner: -
--

ALTER TABLE ONLY public."FolioTransfer"
    ADD CONSTRAINT "FolioTransfer_toFolioId_fkey" FOREIGN KEY ("toFolioId") REFERENCES public."Folio"(id) ON UPDATE CASCADE ON DELETE CASCADE;


--
-- Name: Folio Folio_bookingId_fkey; Type: FK CONSTRAINT; Schema: public; Owner: -
--

ALTER TABLE ONLY public."Folio"
    ADD CONSTRAINT "Folio_bookingId_fkey" FOREIGN KEY ("bookingId") REFERENCES public."Booking"(id) ON UPDATE CASCADE ON DELETE CASCADE;


--
-- Name: GDPRRequest GDPRRequest_tenantId_fkey; Type: FK CONSTRAINT; Schema: public; Owner: -
--

ALTER TABLE ONLY public."GDPRRequest"
    ADD CONSTRAINT "GDPRRequest_tenantId_fkey" FOREIGN KEY ("tenantId") REFERENCES public."Tenant"(id) ON UPDATE CASCADE ON DELETE CASCADE;


--
-- Name: GatewayExplicitRoute GatewayExplicitRoute_gatewayId_fkey; Type: FK CONSTRAINT; Schema: public; Owner: -
--

ALTER TABLE ONLY public."GatewayExplicitRoute"
    ADD CONSTRAINT "GatewayExplicitRoute_gatewayId_fkey" FOREIGN KEY ("gatewayId") REFERENCES public."Gateway"(id) ON UPDATE CASCADE ON DELETE CASCADE;


--
-- Name: GatewayExplicitRoute GatewayExplicitRoute_propertyId_fkey; Type: FK CONSTRAINT; Schema: public; Owner: -
--

ALTER TABLE ONLY public."GatewayExplicitRoute"
    ADD CONSTRAINT "GatewayExplicitRoute_propertyId_fkey" FOREIGN KEY ("propertyId") REFERENCES public."Property"(id) ON UPDATE CASCADE ON DELETE CASCADE;


--
-- Name: GatewayExplicitRoute GatewayExplicitRoute_tenantId_fkey; Type: FK CONSTRAINT; Schema: public; Owner: -
--

ALTER TABLE ONLY public."GatewayExplicitRoute"
    ADD CONSTRAINT "GatewayExplicitRoute_tenantId_fkey" FOREIGN KEY ("tenantId") REFERENCES public."Tenant"(id) ON UPDATE CASCADE ON DELETE CASCADE;


--
-- Name: GatewayFwmark GatewayFwmark_gatewayId_fkey; Type: FK CONSTRAINT; Schema: public; Owner: -
--

ALTER TABLE ONLY public."GatewayFwmark"
    ADD CONSTRAINT "GatewayFwmark_gatewayId_fkey" FOREIGN KEY ("gatewayId") REFERENCES public."Gateway"(id) ON UPDATE CASCADE ON DELETE CASCADE;


--
-- Name: GatewayFwmark GatewayFwmark_tenantId_fkey; Type: FK CONSTRAINT; Schema: public; Owner: -
--

ALTER TABLE ONLY public."GatewayFwmark"
    ADD CONSTRAINT "GatewayFwmark_tenantId_fkey" FOREIGN KEY ("tenantId") REFERENCES public."Tenant"(id) ON UPDATE CASCADE ON DELETE CASCADE;


--
-- Name: GatewayHealthRule GatewayHealthRule_gatewayId_fkey; Type: FK CONSTRAINT; Schema: public; Owner: -
--

ALTER TABLE ONLY public."GatewayHealthRule"
    ADD CONSTRAINT "GatewayHealthRule_gatewayId_fkey" FOREIGN KEY ("gatewayId") REFERENCES public."Gateway"(id) ON UPDATE CASCADE ON DELETE CASCADE;


--
-- Name: GatewayHealthRule GatewayHealthRule_tenantId_fkey; Type: FK CONSTRAINT; Schema: public; Owner: -
--

ALTER TABLE ONLY public."GatewayHealthRule"
    ADD CONSTRAINT "GatewayHealthRule_tenantId_fkey" FOREIGN KEY ("tenantId") REFERENCES public."Tenant"(id) ON UPDATE CASCADE ON DELETE CASCADE;


--
-- Name: Gateway Gateway_backupGatewayId_fkey; Type: FK CONSTRAINT; Schema: public; Owner: -
--

ALTER TABLE ONLY public."Gateway"
    ADD CONSTRAINT "Gateway_backupGatewayId_fkey" FOREIGN KEY ("backupGatewayId") REFERENCES public."Gateway"(id) ON UPDATE CASCADE ON DELETE SET NULL;


--
-- Name: Gateway Gateway_multiWanConfigId_fkey; Type: FK CONSTRAINT; Schema: public; Owner: -
--

ALTER TABLE ONLY public."Gateway"
    ADD CONSTRAINT "Gateway_multiWanConfigId_fkey" FOREIGN KEY ("multiWanConfigId") REFERENCES public."MultiWanConfig"(id) ON UPDATE CASCADE ON DELETE CASCADE;


--
-- Name: Gateway Gateway_propertyId_fkey; Type: FK CONSTRAINT; Schema: public; Owner: -
--

ALTER TABLE ONLY public."Gateway"
    ADD CONSTRAINT "Gateway_propertyId_fkey" FOREIGN KEY ("propertyId") REFERENCES public."Property"(id) ON UPDATE CASCADE ON DELETE CASCADE;


--
-- Name: Gateway Gateway_tenantId_fkey; Type: FK CONSTRAINT; Schema: public; Owner: -
--

ALTER TABLE ONLY public."Gateway"
    ADD CONSTRAINT "Gateway_tenantId_fkey" FOREIGN KEY ("tenantId") REFERENCES public."Tenant"(id) ON UPDATE CASCADE ON DELETE CASCADE;


--
-- Name: GoogleHotelAdsConnection GoogleHotelAdsConnection_tenantId_fkey; Type: FK CONSTRAINT; Schema: public; Owner: -
--

ALTER TABLE ONLY public."GoogleHotelAdsConnection"
    ADD CONSTRAINT "GoogleHotelAdsConnection_tenantId_fkey" FOREIGN KEY ("tenantId") REFERENCES public."Tenant"(id) ON UPDATE CASCADE ON DELETE CASCADE;


--
-- Name: GuestBehavior GuestBehavior_guestId_fkey; Type: FK CONSTRAINT; Schema: public; Owner: -
--

ALTER TABLE ONLY public."GuestBehavior"
    ADD CONSTRAINT "GuestBehavior_guestId_fkey" FOREIGN KEY ("guestId") REFERENCES public."Guest"(id) ON UPDATE CASCADE ON DELETE CASCADE;


--
-- Name: GuestBehavior GuestBehavior_tenantId_fkey; Type: FK CONSTRAINT; Schema: public; Owner: -
--

ALTER TABLE ONLY public."GuestBehavior"
    ADD CONSTRAINT "GuestBehavior_tenantId_fkey" FOREIGN KEY ("tenantId") REFERENCES public."Tenant"(id) ON UPDATE CASCADE ON DELETE CASCADE;


--
-- Name: GuestDocument GuestDocument_guestId_fkey; Type: FK CONSTRAINT; Schema: public; Owner: -
--

ALTER TABLE ONLY public."GuestDocument"
    ADD CONSTRAINT "GuestDocument_guestId_fkey" FOREIGN KEY ("guestId") REFERENCES public."Guest"(id) ON UPDATE CASCADE ON DELETE CASCADE;


--
-- Name: GuestFeedback GuestFeedback_guestId_fkey; Type: FK CONSTRAINT; Schema: public; Owner: -
--

ALTER TABLE ONLY public."GuestFeedback"
    ADD CONSTRAINT "GuestFeedback_guestId_fkey" FOREIGN KEY ("guestId") REFERENCES public."Guest"(id) ON UPDATE CASCADE ON DELETE CASCADE;


--
-- Name: GuestJourney GuestJourney_guestId_fkey; Type: FK CONSTRAINT; Schema: public; Owner: -
--

ALTER TABLE ONLY public."GuestJourney"
    ADD CONSTRAINT "GuestJourney_guestId_fkey" FOREIGN KEY ("guestId") REFERENCES public."Guest"(id) ON UPDATE CASCADE ON DELETE CASCADE;


--
-- Name: GuestJourney GuestJourney_tenantId_fkey; Type: FK CONSTRAINT; Schema: public; Owner: -
--

ALTER TABLE ONLY public."GuestJourney"
    ADD CONSTRAINT "GuestJourney_tenantId_fkey" FOREIGN KEY ("tenantId") REFERENCES public."Tenant"(id) ON UPDATE CASCADE ON DELETE CASCADE;


--
-- Name: GuestRecommendation GuestRecommendation_guestId_fkey; Type: FK CONSTRAINT; Schema: public; Owner: -
--

ALTER TABLE ONLY public."GuestRecommendation"
    ADD CONSTRAINT "GuestRecommendation_guestId_fkey" FOREIGN KEY ("guestId") REFERENCES public."Guest"(id) ON UPDATE CASCADE ON DELETE CASCADE;


--
-- Name: GuestRecommendation GuestRecommendation_tenantId_fkey; Type: FK CONSTRAINT; Schema: public; Owner: -
--

ALTER TABLE ONLY public."GuestRecommendation"
    ADD CONSTRAINT "GuestRecommendation_tenantId_fkey" FOREIGN KEY ("tenantId") REFERENCES public."Tenant"(id) ON UPDATE CASCADE ON DELETE CASCADE;


--
-- Name: GuestReview GuestReview_guestId_fkey; Type: FK CONSTRAINT; Schema: public; Owner: -
--

ALTER TABLE ONLY public."GuestReview"
    ADD CONSTRAINT "GuestReview_guestId_fkey" FOREIGN KEY ("guestId") REFERENCES public."Guest"(id) ON UPDATE CASCADE ON DELETE CASCADE;


--
-- Name: GuestReview GuestReview_propertyId_fkey; Type: FK CONSTRAINT; Schema: public; Owner: -
--

ALTER TABLE ONLY public."GuestReview"
    ADD CONSTRAINT "GuestReview_propertyId_fkey" FOREIGN KEY ("propertyId") REFERENCES public."Property"(id) ON UPDATE CASCADE ON DELETE RESTRICT;


--
-- Name: GuestSegment GuestSegment_tenantId_fkey; Type: FK CONSTRAINT; Schema: public; Owner: -
--

ALTER TABLE ONLY public."GuestSegment"
    ADD CONSTRAINT "GuestSegment_tenantId_fkey" FOREIGN KEY ("tenantId") REFERENCES public."Tenant"(id) ON UPDATE CASCADE ON DELETE CASCADE;


--
-- Name: GuestStay GuestStay_bookingId_fkey; Type: FK CONSTRAINT; Schema: public; Owner: -
--

ALTER TABLE ONLY public."GuestStay"
    ADD CONSTRAINT "GuestStay_bookingId_fkey" FOREIGN KEY ("bookingId") REFERENCES public."Booking"(id) ON UPDATE CASCADE ON DELETE CASCADE;


--
-- Name: GuestStay GuestStay_guestId_fkey; Type: FK CONSTRAINT; Schema: public; Owner: -
--

ALTER TABLE ONLY public."GuestStay"
    ADD CONSTRAINT "GuestStay_guestId_fkey" FOREIGN KEY ("guestId") REFERENCES public."Guest"(id) ON UPDATE CASCADE ON DELETE CASCADE;


--
-- Name: Guest Guest_tenantId_fkey; Type: FK CONSTRAINT; Schema: public; Owner: -
--

ALTER TABLE ONLY public."Guest"
    ADD CONSTRAINT "Guest_tenantId_fkey" FOREIGN KEY ("tenantId") REFERENCES public."Tenant"(id) ON UPDATE CASCADE ON DELETE CASCADE;


--
-- Name: HelpCategory HelpCategory_parentId_fkey; Type: FK CONSTRAINT; Schema: public; Owner: -
--

ALTER TABLE ONLY public."HelpCategory"
    ADD CONSTRAINT "HelpCategory_parentId_fkey" FOREIGN KEY ("parentId") REFERENCES public."HelpCategory"(id);


--
-- Name: InspectionResult InspectionResult_templateId_fkey; Type: FK CONSTRAINT; Schema: public; Owner: -
--

ALTER TABLE ONLY public."InspectionResult"
    ADD CONSTRAINT "InspectionResult_templateId_fkey" FOREIGN KEY ("templateId") REFERENCES public."InspectionTemplate"(id) ON UPDATE CASCADE ON DELETE CASCADE;


--
-- Name: InspectionTemplate InspectionTemplate_tenantId_fkey; Type: FK CONSTRAINT; Schema: public; Owner: -
--

ALTER TABLE ONLY public."InspectionTemplate"
    ADD CONSTRAINT "InspectionTemplate_tenantId_fkey" FOREIGN KEY ("tenantId") REFERENCES public."Tenant"(id) ON UPDATE CASCADE ON DELETE CASCADE;


--
-- Name: Integration Integration_tenantId_fkey; Type: FK CONSTRAINT; Schema: public; Owner: -
--

ALTER TABLE ONLY public."Integration"
    ADD CONSTRAINT "Integration_tenantId_fkey" FOREIGN KEY ("tenantId") REFERENCES public."Tenant"(id) ON UPDATE CASCADE ON DELETE CASCADE;


--
-- Name: InterfaceAlias InterfaceAlias_interfaceId_fkey; Type: FK CONSTRAINT; Schema: public; Owner: -
--

ALTER TABLE ONLY public."InterfaceAlias"
    ADD CONSTRAINT "InterfaceAlias_interfaceId_fkey" FOREIGN KEY ("interfaceId") REFERENCES public."NetworkInterface"(id) ON UPDATE CASCADE ON DELETE CASCADE;


--
-- Name: InterfaceAlias InterfaceAlias_propertyId_fkey; Type: FK CONSTRAINT; Schema: public; Owner: -
--

ALTER TABLE ONLY public."InterfaceAlias"
    ADD CONSTRAINT "InterfaceAlias_propertyId_fkey" FOREIGN KEY ("propertyId") REFERENCES public."Property"(id) ON UPDATE CASCADE ON DELETE CASCADE;


--
-- Name: InterfaceAlias InterfaceAlias_tenantId_fkey; Type: FK CONSTRAINT; Schema: public; Owner: -
--

ALTER TABLE ONLY public."InterfaceAlias"
    ADD CONSTRAINT "InterfaceAlias_tenantId_fkey" FOREIGN KEY ("tenantId") REFERENCES public."Tenant"(id) ON UPDATE CASCADE ON DELETE CASCADE;


--
-- Name: InterfaceConfig InterfaceConfig_propertyId_fkey; Type: FK CONSTRAINT; Schema: public; Owner: -
--

ALTER TABLE ONLY public."InterfaceConfig"
    ADD CONSTRAINT "InterfaceConfig_propertyId_fkey" FOREIGN KEY ("propertyId") REFERENCES public."Property"(id) ON UPDATE CASCADE ON DELETE CASCADE;


--
-- Name: InterfaceConfig InterfaceConfig_tenantId_fkey; Type: FK CONSTRAINT; Schema: public; Owner: -
--

ALTER TABLE ONLY public."InterfaceConfig"
    ADD CONSTRAINT "InterfaceConfig_tenantId_fkey" FOREIGN KEY ("tenantId") REFERENCES public."Tenant"(id) ON UPDATE CASCADE ON DELETE CASCADE;


--
-- Name: InterfaceRole InterfaceRole_interfaceId_fkey; Type: FK CONSTRAINT; Schema: public; Owner: -
--

ALTER TABLE ONLY public."InterfaceRole"
    ADD CONSTRAINT "InterfaceRole_interfaceId_fkey" FOREIGN KEY ("interfaceId") REFERENCES public."NetworkInterface"(id) ON UPDATE CASCADE ON DELETE CASCADE;


--
-- Name: InterfaceRole InterfaceRole_propertyId_fkey; Type: FK CONSTRAINT; Schema: public; Owner: -
--

ALTER TABLE ONLY public."InterfaceRole"
    ADD CONSTRAINT "InterfaceRole_propertyId_fkey" FOREIGN KEY ("propertyId") REFERENCES public."Property"(id) ON UPDATE CASCADE ON DELETE CASCADE;


--
-- Name: InterfaceRole InterfaceRole_tenantId_fkey; Type: FK CONSTRAINT; Schema: public; Owner: -
--

ALTER TABLE ONLY public."InterfaceRole"
    ADD CONSTRAINT "InterfaceRole_tenantId_fkey" FOREIGN KEY ("tenantId") REFERENCES public."Tenant"(id) ON UPDATE CASCADE ON DELETE CASCADE;


--
-- Name: InventoryItem InventoryItem_propertyId_fkey; Type: FK CONSTRAINT; Schema: public; Owner: -
--

ALTER TABLE ONLY public."InventoryItem"
    ADD CONSTRAINT "InventoryItem_propertyId_fkey" FOREIGN KEY ("propertyId") REFERENCES public."Property"(id) ON UPDATE CASCADE ON DELETE CASCADE;


--
-- Name: InventoryLock InventoryLock_propertyId_fkey; Type: FK CONSTRAINT; Schema: public; Owner: -
--

ALTER TABLE ONLY public."InventoryLock"
    ADD CONSTRAINT "InventoryLock_propertyId_fkey" FOREIGN KEY ("propertyId") REFERENCES public."Property"(id) ON UPDATE CASCADE ON DELETE CASCADE;


--
-- Name: InventoryLock InventoryLock_roomId_fkey; Type: FK CONSTRAINT; Schema: public; Owner: -
--

ALTER TABLE ONLY public."InventoryLock"
    ADD CONSTRAINT "InventoryLock_roomId_fkey" FOREIGN KEY ("roomId") REFERENCES public."Room"(id) ON UPDATE CASCADE ON DELETE CASCADE;


--
-- Name: InventoryLock InventoryLock_roomTypeId_fkey; Type: FK CONSTRAINT; Schema: public; Owner: -
--

ALTER TABLE ONLY public."InventoryLock"
    ADD CONSTRAINT "InventoryLock_roomTypeId_fkey" FOREIGN KEY ("roomTypeId") REFERENCES public."RoomType"(id) ON UPDATE CASCADE ON DELETE CASCADE;


--
-- Name: InventoryLock InventoryLock_tenantId_fkey; Type: FK CONSTRAINT; Schema: public; Owner: -
--

ALTER TABLE ONLY public."InventoryLock"
    ADD CONSTRAINT "InventoryLock_tenantId_fkey" FOREIGN KEY ("tenantId") REFERENCES public."Tenant"(id) ON UPDATE CASCADE ON DELETE CASCADE;


--
-- Name: InventoryMovement InventoryMovement_inventoryItemId_fkey; Type: FK CONSTRAINT; Schema: public; Owner: -
--

ALTER TABLE ONLY public."InventoryMovement"
    ADD CONSTRAINT "InventoryMovement_inventoryItemId_fkey" FOREIGN KEY ("inventoryItemId") REFERENCES public."InventoryItem"(id) ON UPDATE CASCADE ON DELETE CASCADE;


--
-- Name: InventoryMovement InventoryMovement_propertyId_fkey; Type: FK CONSTRAINT; Schema: public; Owner: -
--

ALTER TABLE ONLY public."InventoryMovement"
    ADD CONSTRAINT "InventoryMovement_propertyId_fkey" FOREIGN KEY ("propertyId") REFERENCES public."Property"(id) ON UPDATE CASCADE ON DELETE CASCADE;


--
-- Name: InventoryTransferItem InventoryTransferItem_stockItemId_fkey; Type: FK CONSTRAINT; Schema: public; Owner: -
--

ALTER TABLE ONLY public."InventoryTransferItem"
    ADD CONSTRAINT "InventoryTransferItem_stockItemId_fkey" FOREIGN KEY ("stockItemId") REFERENCES public."StockItem"(id) ON UPDATE CASCADE ON DELETE RESTRICT;


--
-- Name: InventoryTransferItem InventoryTransferItem_transferId_fkey; Type: FK CONSTRAINT; Schema: public; Owner: -
--

ALTER TABLE ONLY public."InventoryTransferItem"
    ADD CONSTRAINT "InventoryTransferItem_transferId_fkey" FOREIGN KEY ("transferId") REFERENCES public."InventoryTransfer"(id) ON UPDATE CASCADE ON DELETE CASCADE;


--
-- Name: InventoryTransfer InventoryTransfer_fromPropertyId_fkey; Type: FK CONSTRAINT; Schema: public; Owner: -
--

ALTER TABLE ONLY public."InventoryTransfer"
    ADD CONSTRAINT "InventoryTransfer_fromPropertyId_fkey" FOREIGN KEY ("fromPropertyId") REFERENCES public."Property"(id) ON UPDATE CASCADE ON DELETE CASCADE;


--
-- Name: InventoryTransfer InventoryTransfer_tenantId_fkey; Type: FK CONSTRAINT; Schema: public; Owner: -
--

ALTER TABLE ONLY public."InventoryTransfer"
    ADD CONSTRAINT "InventoryTransfer_tenantId_fkey" FOREIGN KEY ("tenantId") REFERENCES public."Tenant"(id) ON UPDATE CASCADE ON DELETE CASCADE;


--
-- Name: InventoryTransfer InventoryTransfer_toPropertyId_fkey; Type: FK CONSTRAINT; Schema: public; Owner: -
--

ALTER TABLE ONLY public."InventoryTransfer"
    ADD CONSTRAINT "InventoryTransfer_toPropertyId_fkey" FOREIGN KEY ("toPropertyId") REFERENCES public."Property"(id) ON UPDATE CASCADE ON DELETE CASCADE;


--
-- Name: Invoice Invoice_templateId_fkey; Type: FK CONSTRAINT; Schema: public; Owner: -
--

ALTER TABLE ONLY public."Invoice"
    ADD CONSTRAINT "Invoice_templateId_fkey" FOREIGN KEY ("templateId") REFERENCES public."InvoiceTemplate"(id) ON UPDATE CASCADE ON DELETE SET NULL;


--
-- Name: IoTCommand IoTCommand_deviceId_fkey; Type: FK CONSTRAINT; Schema: public; Owner: -
--

ALTER TABLE ONLY public."IoTCommand"
    ADD CONSTRAINT "IoTCommand_deviceId_fkey" FOREIGN KEY ("deviceId") REFERENCES public."IoTDevice"(id) ON UPDATE CASCADE ON DELETE RESTRICT;


--
-- Name: IoTDevice IoTDevice_propertyId_fkey; Type: FK CONSTRAINT; Schema: public; Owner: -
--

ALTER TABLE ONLY public."IoTDevice"
    ADD CONSTRAINT "IoTDevice_propertyId_fkey" FOREIGN KEY ("propertyId") REFERENCES public."Property"(id) ON UPDATE CASCADE ON DELETE RESTRICT;


--
-- Name: IoTDevice IoTDevice_roomId_fkey; Type: FK CONSTRAINT; Schema: public; Owner: -
--

ALTER TABLE ONLY public."IoTDevice"
    ADD CONSTRAINT "IoTDevice_roomId_fkey" FOREIGN KEY ("roomId") REFERENCES public."Room"(id) ON UPDATE CASCADE ON DELETE SET NULL;


--
-- Name: IoTDevice IoTDevice_tenantId_fkey; Type: FK CONSTRAINT; Schema: public; Owner: -
--

ALTER TABLE ONLY public."IoTDevice"
    ADD CONSTRAINT "IoTDevice_tenantId_fkey" FOREIGN KEY ("tenantId") REFERENCES public."Tenant"(id) ON UPDATE CASCADE ON DELETE RESTRICT;


--
-- Name: IoTReading IoTReading_deviceId_fkey; Type: FK CONSTRAINT; Schema: public; Owner: -
--

ALTER TABLE ONLY public."IoTReading"
    ADD CONSTRAINT "IoTReading_deviceId_fkey" FOREIGN KEY ("deviceId") REFERENCES public."IoTDevice"(id) ON UPDATE CASCADE ON DELETE CASCADE;


--
-- Name: IpPoolRange IpPoolRange_poolId_fkey; Type: FK CONSTRAINT; Schema: public; Owner: -
--

ALTER TABLE ONLY public."IpPoolRange"
    ADD CONSTRAINT "IpPoolRange_poolId_fkey" FOREIGN KEY ("poolId") REFERENCES public."IpPool"(id) ON UPDATE CASCADE ON DELETE CASCADE;


--
-- Name: IpPool IpPool_tenantId_fkey; Type: FK CONSTRAINT; Schema: public; Owner: -
--

ALTER TABLE ONLY public."IpPool"
    ADD CONSTRAINT "IpPool_tenantId_fkey" FOREIGN KEY ("tenantId") REFERENCES public."Tenant"(id) ON UPDATE CASCADE ON DELETE CASCADE;


--
-- Name: KeyCard KeyCard_propertyId_fkey; Type: FK CONSTRAINT; Schema: public; Owner: -
--

ALTER TABLE ONLY public."KeyCard"
    ADD CONSTRAINT "KeyCard_propertyId_fkey" FOREIGN KEY ("propertyId") REFERENCES public."Property"(id) ON UPDATE CASCADE ON DELETE CASCADE;


--
-- Name: KeyCard KeyCard_roomId_fkey; Type: FK CONSTRAINT; Schema: public; Owner: -
--

ALTER TABLE ONLY public."KeyCard"
    ADD CONSTRAINT "KeyCard_roomId_fkey" FOREIGN KEY ("roomId") REFERENCES public."Room"(id) ON UPDATE CASCADE ON DELETE RESTRICT;


--
-- Name: KeyCard KeyCard_tenantId_fkey; Type: FK CONSTRAINT; Schema: public; Owner: -
--

ALTER TABLE ONLY public."KeyCard"
    ADD CONSTRAINT "KeyCard_tenantId_fkey" FOREIGN KEY ("tenantId") REFERENCES public."Tenant"(id) ON UPDATE CASCADE ON DELETE CASCADE;


--
-- Name: KioskSettings KioskSettings_propertyId_fkey; Type: FK CONSTRAINT; Schema: public; Owner: -
--

ALTER TABLE ONLY public."KioskSettings"
    ADD CONSTRAINT "KioskSettings_propertyId_fkey" FOREIGN KEY ("propertyId") REFERENCES public."Property"(id) ON UPDATE CASCADE ON DELETE RESTRICT;


--
-- Name: KioskSettings KioskSettings_tenantId_fkey; Type: FK CONSTRAINT; Schema: public; Owner: -
--

ALTER TABLE ONLY public."KioskSettings"
    ADD CONSTRAINT "KioskSettings_tenantId_fkey" FOREIGN KEY ("tenantId") REFERENCES public."Tenant"(id) ON UPDATE CASCADE ON DELETE CASCADE;


--
-- Name: LicenseKey LicenseKey_planId_fkey; Type: FK CONSTRAINT; Schema: public; Owner: -
--

ALTER TABLE ONLY public."LicenseKey"
    ADD CONSTRAINT "LicenseKey_planId_fkey" FOREIGN KEY ("planId") REFERENCES public."RegistrationPlan"(id) ON UPDATE CASCADE ON DELETE RESTRICT;


--
-- Name: LiveSession LiveSession_propertyId_fkey; Type: FK CONSTRAINT; Schema: public; Owner: -
--

ALTER TABLE ONLY public."LiveSession"
    ADD CONSTRAINT "LiveSession_propertyId_fkey" FOREIGN KEY ("propertyId") REFERENCES public."Property"(id) ON UPDATE CASCADE ON DELETE CASCADE;


--
-- Name: LiveSession LiveSession_tenantId_fkey; Type: FK CONSTRAINT; Schema: public; Owner: -
--

ALTER TABLE ONLY public."LiveSession"
    ADD CONSTRAINT "LiveSession_tenantId_fkey" FOREIGN KEY ("tenantId") REFERENCES public."Tenant"(id) ON UPDATE CASCADE ON DELETE CASCADE;


--
-- Name: LoyaltyPointTransaction LoyaltyPointTransaction_guestId_fkey; Type: FK CONSTRAINT; Schema: public; Owner: -
--

ALTER TABLE ONLY public."LoyaltyPointTransaction"
    ADD CONSTRAINT "LoyaltyPointTransaction_guestId_fkey" FOREIGN KEY ("guestId") REFERENCES public."Guest"(id) ON UPDATE CASCADE ON DELETE CASCADE;


--
-- Name: LoyaltyPointTransaction LoyaltyPointTransaction_tenantId_fkey; Type: FK CONSTRAINT; Schema: public; Owner: -
--

ALTER TABLE ONLY public."LoyaltyPointTransaction"
    ADD CONSTRAINT "LoyaltyPointTransaction_tenantId_fkey" FOREIGN KEY ("tenantId") REFERENCES public."Tenant"(id) ON UPDATE CASCADE ON DELETE CASCADE;


--
-- Name: LoyaltyRedemption LoyaltyRedemption_guestId_fkey; Type: FK CONSTRAINT; Schema: public; Owner: -
--

ALTER TABLE ONLY public."LoyaltyRedemption"
    ADD CONSTRAINT "LoyaltyRedemption_guestId_fkey" FOREIGN KEY ("guestId") REFERENCES public."Guest"(id) ON UPDATE CASCADE ON DELETE CASCADE;


--
-- Name: LoyaltyRedemption LoyaltyRedemption_rewardId_fkey; Type: FK CONSTRAINT; Schema: public; Owner: -
--

ALTER TABLE ONLY public."LoyaltyRedemption"
    ADD CONSTRAINT "LoyaltyRedemption_rewardId_fkey" FOREIGN KEY ("rewardId") REFERENCES public."LoyaltyReward"(id) ON UPDATE CASCADE ON DELETE CASCADE;


--
-- Name: LoyaltyRedemption LoyaltyRedemption_tenantId_fkey; Type: FK CONSTRAINT; Schema: public; Owner: -
--

ALTER TABLE ONLY public."LoyaltyRedemption"
    ADD CONSTRAINT "LoyaltyRedemption_tenantId_fkey" FOREIGN KEY ("tenantId") REFERENCES public."Tenant"(id) ON UPDATE CASCADE ON DELETE CASCADE;


--
-- Name: LoyaltyReward LoyaltyReward_tenantId_fkey; Type: FK CONSTRAINT; Schema: public; Owner: -
--

ALTER TABLE ONLY public."LoyaltyReward"
    ADD CONSTRAINT "LoyaltyReward_tenantId_fkey" FOREIGN KEY ("tenantId") REFERENCES public."Tenant"(id) ON UPDATE CASCADE ON DELETE CASCADE;


--
-- Name: LoyaltyTier LoyaltyTier_tenantId_fkey; Type: FK CONSTRAINT; Schema: public; Owner: -
--

ALTER TABLE ONLY public."LoyaltyTier"
    ADD CONSTRAINT "LoyaltyTier_tenantId_fkey" FOREIGN KEY ("tenantId") REFERENCES public."Tenant"(id) ON UPDATE CASCADE ON DELETE CASCADE;


--
-- Name: MacFilter MacFilter_propertyId_fkey; Type: FK CONSTRAINT; Schema: public; Owner: -
--

ALTER TABLE ONLY public."MacFilter"
    ADD CONSTRAINT "MacFilter_propertyId_fkey" FOREIGN KEY ("propertyId") REFERENCES public."Property"(id) ON UPDATE CASCADE ON DELETE CASCADE;


--
-- Name: MacFilter MacFilter_tenantId_fkey; Type: FK CONSTRAINT; Schema: public; Owner: -
--

ALTER TABLE ONLY public."MacFilter"
    ADD CONSTRAINT "MacFilter_tenantId_fkey" FOREIGN KEY ("tenantId") REFERENCES public."Tenant"(id) ON UPDATE CASCADE ON DELETE CASCADE;


--
-- Name: MaintenanceBlock MaintenanceBlock_propertyId_fkey; Type: FK CONSTRAINT; Schema: public; Owner: -
--

ALTER TABLE ONLY public."MaintenanceBlock"
    ADD CONSTRAINT "MaintenanceBlock_propertyId_fkey" FOREIGN KEY ("propertyId") REFERENCES public."Property"(id) ON UPDATE CASCADE ON DELETE CASCADE;


--
-- Name: MaintenanceBlock MaintenanceBlock_roomId_fkey; Type: FK CONSTRAINT; Schema: public; Owner: -
--

ALTER TABLE ONLY public."MaintenanceBlock"
    ADD CONSTRAINT "MaintenanceBlock_roomId_fkey" FOREIGN KEY ("roomId") REFERENCES public."Room"(id) ON UPDATE CASCADE ON DELETE RESTRICT;


--
-- Name: MaintenanceBlock MaintenanceBlock_tenantId_fkey; Type: FK CONSTRAINT; Schema: public; Owner: -
--

ALTER TABLE ONLY public."MaintenanceBlock"
    ADD CONSTRAINT "MaintenanceBlock_tenantId_fkey" FOREIGN KEY ("tenantId") REFERENCES public."Tenant"(id) ON UPDATE CASCADE ON DELETE CASCADE;


--
-- Name: MenuItem MenuItem_categoryId_fkey; Type: FK CONSTRAINT; Schema: public; Owner: -
--

ALTER TABLE ONLY public."MenuItem"
    ADD CONSTRAINT "MenuItem_categoryId_fkey" FOREIGN KEY ("categoryId") REFERENCES public."OrderCategory"(id) ON UPDATE CASCADE ON DELETE CASCADE;


--
-- Name: MenuItem MenuItem_propertyId_fkey; Type: FK CONSTRAINT; Schema: public; Owner: -
--

ALTER TABLE ONLY public."MenuItem"
    ADD CONSTRAINT "MenuItem_propertyId_fkey" FOREIGN KEY ("propertyId") REFERENCES public."Property"(id) ON UPDATE CASCADE ON DELETE CASCADE;


--
-- Name: MenuModifierOption MenuModifierOption_modifierGroupId_fkey; Type: FK CONSTRAINT; Schema: public; Owner: -
--

ALTER TABLE ONLY public."MenuModifierOption"
    ADD CONSTRAINT "MenuModifierOption_modifierGroupId_fkey" FOREIGN KEY ("modifierGroupId") REFERENCES public."MenuModifier"(id) ON UPDATE CASCADE ON DELETE CASCADE;


--
-- Name: MenuModifierOption MenuModifierOption_propertyId_fkey; Type: FK CONSTRAINT; Schema: public; Owner: -
--

ALTER TABLE ONLY public."MenuModifierOption"
    ADD CONSTRAINT "MenuModifierOption_propertyId_fkey" FOREIGN KEY ("propertyId") REFERENCES public."Property"(id) ON UPDATE CASCADE ON DELETE CASCADE;


--
-- Name: MenuModifier MenuModifier_propertyId_fkey; Type: FK CONSTRAINT; Schema: public; Owner: -
--

ALTER TABLE ONLY public."MenuModifier"
    ADD CONSTRAINT "MenuModifier_propertyId_fkey" FOREIGN KEY ("propertyId") REFERENCES public."Property"(id) ON UPDATE CASCADE ON DELETE CASCADE;


--
-- Name: MenuVariant MenuVariant_menuItemId_fkey; Type: FK CONSTRAINT; Schema: public; Owner: -
--

ALTER TABLE ONLY public."MenuVariant"
    ADD CONSTRAINT "MenuVariant_menuItemId_fkey" FOREIGN KEY ("menuItemId") REFERENCES public."MenuItem"(id) ON UPDATE CASCADE ON DELETE CASCADE;


--
-- Name: MenuVariant MenuVariant_propertyId_fkey; Type: FK CONSTRAINT; Schema: public; Owner: -
--

ALTER TABLE ONLY public."MenuVariant"
    ADD CONSTRAINT "MenuVariant_propertyId_fkey" FOREIGN KEY ("propertyId") REFERENCES public."Property"(id) ON UPDATE CASCADE ON DELETE CASCADE;


--
-- Name: MessageTemplate MessageTemplate_tenantId_fkey; Type: FK CONSTRAINT; Schema: public; Owner: -
--

ALTER TABLE ONLY public."MessageTemplate"
    ADD CONSTRAINT "MessageTemplate_tenantId_fkey" FOREIGN KEY ("tenantId") REFERENCES public."Tenant"(id) ON UPDATE CASCADE ON DELETE CASCADE;


--
-- Name: MetasearchConnection MetasearchConnection_tenantId_fkey; Type: FK CONSTRAINT; Schema: public; Owner: -
--

ALTER TABLE ONLY public."MetasearchConnection"
    ADD CONSTRAINT "MetasearchConnection_tenantId_fkey" FOREIGN KEY ("tenantId") REFERENCES public."Tenant"(id) ON UPDATE CASCADE ON DELETE CASCADE;


--
-- Name: MultiWanConfig MultiWanConfig_propertyId_fkey; Type: FK CONSTRAINT; Schema: public; Owner: -
--

ALTER TABLE ONLY public."MultiWanConfig"
    ADD CONSTRAINT "MultiWanConfig_propertyId_fkey" FOREIGN KEY ("propertyId") REFERENCES public."Property"(id) ON UPDATE CASCADE ON DELETE CASCADE;


--
-- Name: MultiWanConfig MultiWanConfig_tenantId_fkey; Type: FK CONSTRAINT; Schema: public; Owner: -
--

ALTER TABLE ONLY public."MultiWanConfig"
    ADD CONSTRAINT "MultiWanConfig_tenantId_fkey" FOREIGN KEY ("tenantId") REFERENCES public."Tenant"(id) ON UPDATE CASCADE ON DELETE CASCADE;


--
-- Name: NasHealthLog NasHealthLog_propertyId_fkey; Type: FK CONSTRAINT; Schema: public; Owner: -
--

ALTER TABLE ONLY public."NasHealthLog"
    ADD CONSTRAINT "NasHealthLog_propertyId_fkey" FOREIGN KEY ("propertyId") REFERENCES public."Property"(id) ON UPDATE CASCADE ON DELETE CASCADE;


--
-- Name: NasHealthLog NasHealthLog_tenantId_fkey; Type: FK CONSTRAINT; Schema: public; Owner: -
--

ALTER TABLE ONLY public."NasHealthLog"
    ADD CONSTRAINT "NasHealthLog_tenantId_fkey" FOREIGN KEY ("tenantId") REFERENCES public."Tenant"(id) ON UPDATE CASCADE ON DELETE CASCADE;


--
-- Name: NatLog NatLog_propertyId_fkey; Type: FK CONSTRAINT; Schema: public; Owner: -
--

ALTER TABLE ONLY public."NatLog"
    ADD CONSTRAINT "NatLog_propertyId_fkey" FOREIGN KEY ("propertyId") REFERENCES public."Property"(id) ON UPDATE CASCADE ON DELETE CASCADE;


--
-- Name: NatLog NatLog_tenantId_fkey; Type: FK CONSTRAINT; Schema: public; Owner: -
--

ALTER TABLE ONLY public."NatLog"
    ADD CONSTRAINT "NatLog_tenantId_fkey" FOREIGN KEY ("tenantId") REFERENCES public."Tenant"(id) ON UPDATE CASCADE ON DELETE CASCADE;


--
-- Name: NetworkConfigBackup NetworkConfigBackup_propertyId_fkey; Type: FK CONSTRAINT; Schema: public; Owner: -
--

ALTER TABLE ONLY public."NetworkConfigBackup"
    ADD CONSTRAINT "NetworkConfigBackup_propertyId_fkey" FOREIGN KEY ("propertyId") REFERENCES public."Property"(id) ON UPDATE CASCADE ON DELETE CASCADE;


--
-- Name: NetworkConfigBackup NetworkConfigBackup_tenantId_fkey; Type: FK CONSTRAINT; Schema: public; Owner: -
--

ALTER TABLE ONLY public."NetworkConfigBackup"
    ADD CONSTRAINT "NetworkConfigBackup_tenantId_fkey" FOREIGN KEY ("tenantId") REFERENCES public."Tenant"(id) ON UPDATE CASCADE ON DELETE CASCADE;


--
-- Name: NetworkInterface NetworkInterface_propertyId_fkey; Type: FK CONSTRAINT; Schema: public; Owner: -
--

ALTER TABLE ONLY public."NetworkInterface"
    ADD CONSTRAINT "NetworkInterface_propertyId_fkey" FOREIGN KEY ("propertyId") REFERENCES public."Property"(id) ON UPDATE CASCADE ON DELETE CASCADE;


--
-- Name: NetworkInterface NetworkInterface_tenantId_fkey; Type: FK CONSTRAINT; Schema: public; Owner: -
--

ALTER TABLE ONLY public."NetworkInterface"
    ADD CONSTRAINT "NetworkInterface_tenantId_fkey" FOREIGN KEY ("tenantId") REFERENCES public."Tenant"(id) ON UPDATE CASCADE ON DELETE CASCADE;


--
-- Name: NotificationPreference NotificationPreference_userId_fkey; Type: FK CONSTRAINT; Schema: public; Owner: -
--

ALTER TABLE ONLY public."NotificationPreference"
    ADD CONSTRAINT "NotificationPreference_userId_fkey" FOREIGN KEY ("userId") REFERENCES public."User"(id) ON UPDATE CASCADE ON DELETE CASCADE;


--
-- Name: NotificationTemplate NotificationTemplate_tenantId_fkey; Type: FK CONSTRAINT; Schema: public; Owner: -
--

ALTER TABLE ONLY public."NotificationTemplate"
    ADD CONSTRAINT "NotificationTemplate_tenantId_fkey" FOREIGN KEY ("tenantId") REFERENCES public."Tenant"(id) ON UPDATE CASCADE ON DELETE CASCADE;


--
-- Name: Notification Notification_tenantId_fkey; Type: FK CONSTRAINT; Schema: public; Owner: -
--

ALTER TABLE ONLY public."Notification"
    ADD CONSTRAINT "Notification_tenantId_fkey" FOREIGN KEY ("tenantId") REFERENCES public."Tenant"(id) ON UPDATE CASCADE ON DELETE CASCADE;


--
-- Name: Notification Notification_userId_fkey; Type: FK CONSTRAINT; Schema: public; Owner: -
--

ALTER TABLE ONLY public."Notification"
    ADD CONSTRAINT "Notification_userId_fkey" FOREIGN KEY ("userId") REFERENCES public."User"(id) ON UPDATE CASCADE ON DELETE CASCADE;


--
-- Name: OrderCategory OrderCategory_propertyId_fkey; Type: FK CONSTRAINT; Schema: public; Owner: -
--

ALTER TABLE ONLY public."OrderCategory"
    ADD CONSTRAINT "OrderCategory_propertyId_fkey" FOREIGN KEY ("propertyId") REFERENCES public."Property"(id) ON UPDATE CASCADE ON DELETE CASCADE;


--
-- Name: OrderDiscount OrderDiscount_orderId_fkey; Type: FK CONSTRAINT; Schema: public; Owner: -
--

ALTER TABLE ONLY public."OrderDiscount"
    ADD CONSTRAINT "OrderDiscount_orderId_fkey" FOREIGN KEY ("orderId") REFERENCES public."Order"(id) ON UPDATE CASCADE ON DELETE RESTRICT;


--
-- Name: OrderDiscount OrderDiscount_tenantId_fkey; Type: FK CONSTRAINT; Schema: public; Owner: -
--

ALTER TABLE ONLY public."OrderDiscount"
    ADD CONSTRAINT "OrderDiscount_tenantId_fkey" FOREIGN KEY ("tenantId") REFERENCES public."Tenant"(id) ON UPDATE CASCADE ON DELETE CASCADE;


--
-- Name: OrderItem OrderItem_menuItemId_fkey; Type: FK CONSTRAINT; Schema: public; Owner: -
--

ALTER TABLE ONLY public."OrderItem"
    ADD CONSTRAINT "OrderItem_menuItemId_fkey" FOREIGN KEY ("menuItemId") REFERENCES public."MenuItem"(id) ON UPDATE CASCADE ON DELETE RESTRICT;


--
-- Name: OrderItem OrderItem_orderId_fkey; Type: FK CONSTRAINT; Schema: public; Owner: -
--

ALTER TABLE ONLY public."OrderItem"
    ADD CONSTRAINT "OrderItem_orderId_fkey" FOREIGN KEY ("orderId") REFERENCES public."Order"(id) ON UPDATE CASCADE ON DELETE CASCADE;


--
-- Name: Order Order_propertyId_fkey; Type: FK CONSTRAINT; Schema: public; Owner: -
--

ALTER TABLE ONLY public."Order"
    ADD CONSTRAINT "Order_propertyId_fkey" FOREIGN KEY ("propertyId") REFERENCES public."Property"(id) ON UPDATE CASCADE ON DELETE CASCADE;


--
-- Name: Order Order_tableId_fkey; Type: FK CONSTRAINT; Schema: public; Owner: -
--

ALTER TABLE ONLY public."Order"
    ADD CONSTRAINT "Order_tableId_fkey" FOREIGN KEY ("tableId") REFERENCES public."RestaurantTable"(id) ON UPDATE CASCADE ON DELETE SET NULL;


--
-- Name: ParkingPass ParkingPass_slotId_fkey; Type: FK CONSTRAINT; Schema: public; Owner: -
--

ALTER TABLE ONLY public."ParkingPass"
    ADD CONSTRAINT "ParkingPass_slotId_fkey" FOREIGN KEY ("slotId") REFERENCES public."ParkingSlot"(id) ON UPDATE CASCADE ON DELETE SET NULL;


--
-- Name: ParkingPass ParkingPass_tenantId_fkey; Type: FK CONSTRAINT; Schema: public; Owner: -
--

ALTER TABLE ONLY public."ParkingPass"
    ADD CONSTRAINT "ParkingPass_tenantId_fkey" FOREIGN KEY ("tenantId") REFERENCES public."Tenant"(id) ON UPDATE CASCADE ON DELETE CASCADE;


--
-- Name: ParkingPass ParkingPass_vehicleId_fkey; Type: FK CONSTRAINT; Schema: public; Owner: -
--

ALTER TABLE ONLY public."ParkingPass"
    ADD CONSTRAINT "ParkingPass_vehicleId_fkey" FOREIGN KEY ("vehicleId") REFERENCES public."Vehicle"(id) ON UPDATE CASCADE ON DELETE SET NULL;


--
-- Name: ParkingSlot ParkingSlot_tenantId_fkey; Type: FK CONSTRAINT; Schema: public; Owner: -
--

ALTER TABLE ONLY public."ParkingSlot"
    ADD CONSTRAINT "ParkingSlot_tenantId_fkey" FOREIGN KEY ("tenantId") REFERENCES public."Tenant"(id) ON UPDATE CASCADE ON DELETE CASCADE;


--
-- Name: PaymentSchedule PaymentSchedule_folioId_fkey; Type: FK CONSTRAINT; Schema: public; Owner: -
--

ALTER TABLE ONLY public."PaymentSchedule"
    ADD CONSTRAINT "PaymentSchedule_folioId_fkey" FOREIGN KEY ("folioId") REFERENCES public."Folio"(id) ON UPDATE CASCADE ON DELETE CASCADE;


--
-- Name: PaymentSchedule PaymentSchedule_propertyId_fkey; Type: FK CONSTRAINT; Schema: public; Owner: -
--

ALTER TABLE ONLY public."PaymentSchedule"
    ADD CONSTRAINT "PaymentSchedule_propertyId_fkey" FOREIGN KEY ("propertyId") REFERENCES public."Property"(id) ON UPDATE CASCADE ON DELETE CASCADE;


--
-- Name: PaymentSchedule PaymentSchedule_tenantId_fkey; Type: FK CONSTRAINT; Schema: public; Owner: -
--

ALTER TABLE ONLY public."PaymentSchedule"
    ADD CONSTRAINT "PaymentSchedule_tenantId_fkey" FOREIGN KEY ("tenantId") REFERENCES public."Tenant"(id) ON UPDATE CASCADE ON DELETE CASCADE;


--
-- Name: PaymentToken PaymentToken_folioId_fkey; Type: FK CONSTRAINT; Schema: public; Owner: -
--

ALTER TABLE ONLY public."PaymentToken"
    ADD CONSTRAINT "PaymentToken_folioId_fkey" FOREIGN KEY ("folioId") REFERENCES public."Folio"(id) ON UPDATE CASCADE ON DELETE SET NULL;


--
-- Name: PaymentToken PaymentToken_propertyId_fkey; Type: FK CONSTRAINT; Schema: public; Owner: -
--

ALTER TABLE ONLY public."PaymentToken"
    ADD CONSTRAINT "PaymentToken_propertyId_fkey" FOREIGN KEY ("propertyId") REFERENCES public."Property"(id) ON UPDATE CASCADE ON DELETE CASCADE;


--
-- Name: PaymentToken PaymentToken_tenantId_fkey; Type: FK CONSTRAINT; Schema: public; Owner: -
--

ALTER TABLE ONLY public."PaymentToken"
    ADD CONSTRAINT "PaymentToken_tenantId_fkey" FOREIGN KEY ("tenantId") REFERENCES public."Tenant"(id) ON UPDATE CASCADE ON DELETE CASCADE;


--
-- Name: Payment Payment_folioId_fkey; Type: FK CONSTRAINT; Schema: public; Owner: -
--

ALTER TABLE ONLY public."Payment"
    ADD CONSTRAINT "Payment_folioId_fkey" FOREIGN KEY ("folioId") REFERENCES public."Folio"(id) ON UPDATE CASCADE ON DELETE CASCADE;


--
-- Name: Payment Payment_guestId_fkey; Type: FK CONSTRAINT; Schema: public; Owner: -
--

ALTER TABLE ONLY public."Payment"
    ADD CONSTRAINT "Payment_guestId_fkey" FOREIGN KEY ("guestId") REFERENCES public."Guest"(id) ON UPDATE CASCADE ON DELETE SET NULL;


--
-- Name: PortForwardRule PortForwardRule_propertyId_fkey; Type: FK CONSTRAINT; Schema: public; Owner: -
--

ALTER TABLE ONLY public."PortForwardRule"
    ADD CONSTRAINT "PortForwardRule_propertyId_fkey" FOREIGN KEY ("propertyId") REFERENCES public."Property"(id) ON UPDATE CASCADE ON DELETE CASCADE;


--
-- Name: PortForwardRule PortForwardRule_tenantId_fkey; Type: FK CONSTRAINT; Schema: public; Owner: -
--

ALTER TABLE ONLY public."PortForwardRule"
    ADD CONSTRAINT "PortForwardRule_tenantId_fkey" FOREIGN KEY ("tenantId") REFERENCES public."Tenant"(id) ON UPDATE CASCADE ON DELETE CASCADE;


--
-- Name: PortalAuthentication PortalAuthentication_portalId_fkey; Type: FK CONSTRAINT; Schema: public; Owner: -
--

ALTER TABLE ONLY public."PortalAuthentication"
    ADD CONSTRAINT "PortalAuthentication_portalId_fkey" FOREIGN KEY ("portalId") REFERENCES public."CaptivePortal"(id) ON UPDATE CASCADE ON DELETE CASCADE;


--
-- Name: PortalAuthentication PortalAuthentication_propertyId_fkey; Type: FK CONSTRAINT; Schema: public; Owner: -
--

ALTER TABLE ONLY public."PortalAuthentication"
    ADD CONSTRAINT "PortalAuthentication_propertyId_fkey" FOREIGN KEY ("propertyId") REFERENCES public."Property"(id) ON UPDATE CASCADE ON DELETE CASCADE;


--
-- Name: PortalAuthentication PortalAuthentication_tenantId_fkey; Type: FK CONSTRAINT; Schema: public; Owner: -
--

ALTER TABLE ONLY public."PortalAuthentication"
    ADD CONSTRAINT "PortalAuthentication_tenantId_fkey" FOREIGN KEY ("tenantId") REFERENCES public."Tenant"(id) ON UPDATE CASCADE ON DELETE CASCADE;


--
-- Name: PortalMapping PortalMapping_portalId_fkey; Type: FK CONSTRAINT; Schema: public; Owner: -
--

ALTER TABLE ONLY public."PortalMapping"
    ADD CONSTRAINT "PortalMapping_portalId_fkey" FOREIGN KEY ("portalId") REFERENCES public."CaptivePortal"(id) ON UPDATE CASCADE ON DELETE CASCADE;


--
-- Name: PortalMapping PortalMapping_propertyId_fkey; Type: FK CONSTRAINT; Schema: public; Owner: -
--

ALTER TABLE ONLY public."PortalMapping"
    ADD CONSTRAINT "PortalMapping_propertyId_fkey" FOREIGN KEY ("propertyId") REFERENCES public."Property"(id) ON UPDATE CASCADE ON DELETE CASCADE;


--
-- Name: PortalMapping PortalMapping_tenantId_fkey; Type: FK CONSTRAINT; Schema: public; Owner: -
--

ALTER TABLE ONLY public."PortalMapping"
    ADD CONSTRAINT "PortalMapping_tenantId_fkey" FOREIGN KEY ("tenantId") REFERENCES public."Tenant"(id) ON UPDATE CASCADE ON DELETE CASCADE;


--
-- Name: PortalPage PortalPage_portalId_fkey; Type: FK CONSTRAINT; Schema: public; Owner: -
--

ALTER TABLE ONLY public."PortalPage"
    ADD CONSTRAINT "PortalPage_portalId_fkey" FOREIGN KEY ("portalId") REFERENCES public."CaptivePortal"(id) ON UPDATE CASCADE ON DELETE CASCADE;


--
-- Name: PortalPage PortalPage_tenantId_fkey; Type: FK CONSTRAINT; Schema: public; Owner: -
--

ALTER TABLE ONLY public."PortalPage"
    ADD CONSTRAINT "PortalPage_tenantId_fkey" FOREIGN KEY ("tenantId") REFERENCES public."Tenant"(id) ON UPDATE CASCADE ON DELETE CASCADE;


--
-- Name: PortalTemplate PortalTemplate_tenantId_fkey; Type: FK CONSTRAINT; Schema: public; Owner: -
--

ALTER TABLE ONLY public."PortalTemplate"
    ADD CONSTRAINT "PortalTemplate_tenantId_fkey" FOREIGN KEY ("tenantId") REFERENCES public."Tenant"(id) ON UPDATE CASCADE ON DELETE CASCADE;


--
-- Name: PreventiveMaintenance PreventiveMaintenance_propertyId_fkey; Type: FK CONSTRAINT; Schema: public; Owner: -
--

ALTER TABLE ONLY public."PreventiveMaintenance"
    ADD CONSTRAINT "PreventiveMaintenance_propertyId_fkey" FOREIGN KEY ("propertyId") REFERENCES public."Property"(id) ON UPDATE CASCADE ON DELETE CASCADE;


--
-- Name: PreventiveMaintenance PreventiveMaintenance_tenantId_fkey; Type: FK CONSTRAINT; Schema: public; Owner: -
--

ALTER TABLE ONLY public."PreventiveMaintenance"
    ADD CONSTRAINT "PreventiveMaintenance_tenantId_fkey" FOREIGN KEY ("tenantId") REFERENCES public."Tenant"(id) ON UPDATE CASCADE ON DELETE CASCADE;


--
-- Name: PriceOverride PriceOverride_ratePlanId_fkey; Type: FK CONSTRAINT; Schema: public; Owner: -
--

ALTER TABLE ONLY public."PriceOverride"
    ADD CONSTRAINT "PriceOverride_ratePlanId_fkey" FOREIGN KEY ("ratePlanId") REFERENCES public."RatePlan"(id) ON UPDATE CASCADE ON DELETE CASCADE;


--
-- Name: PricingRule PricingRule_propertyId_fkey; Type: FK CONSTRAINT; Schema: public; Owner: -
--

ALTER TABLE ONLY public."PricingRule"
    ADD CONSTRAINT "PricingRule_propertyId_fkey" FOREIGN KEY ("propertyId") REFERENCES public."Property"(id) ON UPDATE CASCADE ON DELETE CASCADE;


--
-- Name: PricingRule PricingRule_tenantId_fkey; Type: FK CONSTRAINT; Schema: public; Owner: -
--

ALTER TABLE ONLY public."PricingRule"
    ADD CONSTRAINT "PricingRule_tenantId_fkey" FOREIGN KEY ("tenantId") REFERENCES public."Tenant"(id) ON UPDATE CASCADE ON DELETE CASCADE;


--
-- Name: Property Property_brandId_fkey; Type: FK CONSTRAINT; Schema: public; Owner: -
--

ALTER TABLE ONLY public."Property"
    ADD CONSTRAINT "Property_brandId_fkey" FOREIGN KEY ("brandId") REFERENCES public."Brand"(id) ON UPDATE CASCADE ON DELETE SET NULL;


--
-- Name: Property Property_tenantId_fkey; Type: FK CONSTRAINT; Schema: public; Owner: -
--

ALTER TABLE ONLY public."Property"
    ADD CONSTRAINT "Property_tenantId_fkey" FOREIGN KEY ("tenantId") REFERENCES public."Tenant"(id) ON UPDATE CASCADE ON DELETE CASCADE;


--
-- Name: PurchaseOrderItem PurchaseOrderItem_purchaseOrderId_fkey; Type: FK CONSTRAINT; Schema: public; Owner: -
--

ALTER TABLE ONLY public."PurchaseOrderItem"
    ADD CONSTRAINT "PurchaseOrderItem_purchaseOrderId_fkey" FOREIGN KEY ("purchaseOrderId") REFERENCES public."PurchaseOrder"(id) ON UPDATE CASCADE ON DELETE CASCADE;


--
-- Name: PurchaseOrderItem PurchaseOrderItem_stockItemId_fkey; Type: FK CONSTRAINT; Schema: public; Owner: -
--

ALTER TABLE ONLY public."PurchaseOrderItem"
    ADD CONSTRAINT "PurchaseOrderItem_stockItemId_fkey" FOREIGN KEY ("stockItemId") REFERENCES public."StockItem"(id) ON UPDATE CASCADE ON DELETE RESTRICT;


--
-- Name: PurchaseOrder PurchaseOrder_tenantId_fkey; Type: FK CONSTRAINT; Schema: public; Owner: -
--

ALTER TABLE ONLY public."PurchaseOrder"
    ADD CONSTRAINT "PurchaseOrder_tenantId_fkey" FOREIGN KEY ("tenantId") REFERENCES public."Tenant"(id) ON UPDATE CASCADE ON DELETE CASCADE;


--
-- Name: PurchaseOrder PurchaseOrder_vendorId_fkey; Type: FK CONSTRAINT; Schema: public; Owner: -
--

ALTER TABLE ONLY public."PurchaseOrder"
    ADD CONSTRAINT "PurchaseOrder_vendorId_fkey" FOREIGN KEY ("vendorId") REFERENCES public."Vendor"(id) ON UPDATE CASCADE ON DELETE RESTRICT;


--
-- Name: RadiusNAS RadiusNAS_propertyId_fkey; Type: FK CONSTRAINT; Schema: public; Owner: -
--

ALTER TABLE ONLY public."RadiusNAS"
    ADD CONSTRAINT "RadiusNAS_propertyId_fkey" FOREIGN KEY ("propertyId") REFERENCES public."Property"(id) ON UPDATE CASCADE ON DELETE CASCADE;


--
-- Name: RadiusNAS RadiusNAS_tenantId_fkey; Type: FK CONSTRAINT; Schema: public; Owner: -
--

ALTER TABLE ONLY public."RadiusNAS"
    ADD CONSTRAINT "RadiusNAS_tenantId_fkey" FOREIGN KEY ("tenantId") REFERENCES public."Tenant"(id) ON UPDATE CASCADE ON DELETE CASCADE;


--
-- Name: RadiusServerConfig RadiusServerConfig_propertyId_fkey; Type: FK CONSTRAINT; Schema: public; Owner: -
--

ALTER TABLE ONLY public."RadiusServerConfig"
    ADD CONSTRAINT "RadiusServerConfig_propertyId_fkey" FOREIGN KEY ("propertyId") REFERENCES public."Property"(id) ON UPDATE CASCADE ON DELETE CASCADE;


--
-- Name: RadiusServerConfig RadiusServerConfig_tenantId_fkey; Type: FK CONSTRAINT; Schema: public; Owner: -
--

ALTER TABLE ONLY public."RadiusServerConfig"
    ADD CONSTRAINT "RadiusServerConfig_tenantId_fkey" FOREIGN KEY ("tenantId") REFERENCES public."Tenant"(id) ON UPDATE CASCADE ON DELETE CASCADE;


--
-- Name: RatePlan RatePlan_derivedFromId_fkey; Type: FK CONSTRAINT; Schema: public; Owner: -
--

ALTER TABLE ONLY public."RatePlan"
    ADD CONSTRAINT "RatePlan_derivedFromId_fkey" FOREIGN KEY ("derivedFromId") REFERENCES public."RatePlan"(id) ON UPDATE CASCADE ON DELETE SET NULL;


--
-- Name: RatePlan RatePlan_roomTypeId_fkey; Type: FK CONSTRAINT; Schema: public; Owner: -
--

ALTER TABLE ONLY public."RatePlan"
    ADD CONSTRAINT "RatePlan_roomTypeId_fkey" FOREIGN KEY ("roomTypeId") REFERENCES public."RoomType"(id) ON UPDATE CASCADE ON DELETE CASCADE;


--
-- Name: RatePlan RatePlan_tenantId_fkey; Type: FK CONSTRAINT; Schema: public; Owner: -
--

ALTER TABLE ONLY public."RatePlan"
    ADD CONSTRAINT "RatePlan_tenantId_fkey" FOREIGN KEY ("tenantId") REFERENCES public."Tenant"(id) ON UPDATE CASCADE ON DELETE CASCADE;


--
-- Name: RecipeIngredient RecipeIngredient_recipeId_fkey; Type: FK CONSTRAINT; Schema: public; Owner: -
--

ALTER TABLE ONLY public."RecipeIngredient"
    ADD CONSTRAINT "RecipeIngredient_recipeId_fkey" FOREIGN KEY ("recipeId") REFERENCES public."Recipe"(id) ON UPDATE CASCADE ON DELETE CASCADE;


--
-- Name: RecipeIngredient RecipeIngredient_tenantId_fkey; Type: FK CONSTRAINT; Schema: public; Owner: -
--

ALTER TABLE ONLY public."RecipeIngredient"
    ADD CONSTRAINT "RecipeIngredient_tenantId_fkey" FOREIGN KEY ("tenantId") REFERENCES public."Tenant"(id) ON UPDATE CASCADE ON DELETE CASCADE;


--
-- Name: Recipe Recipe_menuItemId_fkey; Type: FK CONSTRAINT; Schema: public; Owner: -
--

ALTER TABLE ONLY public."Recipe"
    ADD CONSTRAINT "Recipe_menuItemId_fkey" FOREIGN KEY ("menuItemId") REFERENCES public."MenuItem"(id) ON UPDATE CASCADE ON DELETE RESTRICT;


--
-- Name: Recipe Recipe_tenantId_fkey; Type: FK CONSTRAINT; Schema: public; Owner: -
--

ALTER TABLE ONLY public."Recipe"
    ADD CONSTRAINT "Recipe_tenantId_fkey" FOREIGN KEY ("tenantId") REFERENCES public."Tenant"(id) ON UPDATE CASCADE ON DELETE CASCADE;


--
-- Name: Reconciliation Reconciliation_bankAccountId_fkey; Type: FK CONSTRAINT; Schema: public; Owner: -
--

ALTER TABLE ONLY public."Reconciliation"
    ADD CONSTRAINT "Reconciliation_bankAccountId_fkey" FOREIGN KEY ("bankAccountId") REFERENCES public."BankAccount"(id) ON UPDATE CASCADE ON DELETE CASCADE;


--
-- Name: Reconciliation Reconciliation_bankTransactionId_fkey; Type: FK CONSTRAINT; Schema: public; Owner: -
--

ALTER TABLE ONLY public."Reconciliation"
    ADD CONSTRAINT "Reconciliation_bankTransactionId_fkey" FOREIGN KEY ("bankTransactionId") REFERENCES public."BankTransaction"(id) ON UPDATE CASCADE ON DELETE CASCADE;


--
-- Name: Reconciliation Reconciliation_tenantId_fkey; Type: FK CONSTRAINT; Schema: public; Owner: -
--

ALTER TABLE ONLY public."Reconciliation"
    ADD CONSTRAINT "Reconciliation_tenantId_fkey" FOREIGN KEY ("tenantId") REFERENCES public."Tenant"(id) ON UPDATE CASCADE ON DELETE CASCADE;


--
-- Name: RegistrationCard RegistrationCard_propertyId_fkey; Type: FK CONSTRAINT; Schema: public; Owner: -
--

ALTER TABLE ONLY public."RegistrationCard"
    ADD CONSTRAINT "RegistrationCard_propertyId_fkey" FOREIGN KEY ("propertyId") REFERENCES public."Property"(id) ON UPDATE CASCADE ON DELETE CASCADE;


--
-- Name: RegistrationCard RegistrationCard_tenantId_fkey; Type: FK CONSTRAINT; Schema: public; Owner: -
--

ALTER TABLE ONLY public."RegistrationCard"
    ADD CONSTRAINT "RegistrationCard_tenantId_fkey" FOREIGN KEY ("tenantId") REFERENCES public."Tenant"(id) ON UPDATE CASCADE ON DELETE CASCADE;


--
-- Name: ReportHistory ReportHistory_scheduledReportId_fkey; Type: FK CONSTRAINT; Schema: public; Owner: -
--

ALTER TABLE ONLY public."ReportHistory"
    ADD CONSTRAINT "ReportHistory_scheduledReportId_fkey" FOREIGN KEY ("scheduledReportId") REFERENCES public."ScheduledReport"(id) ON UPDATE CASCADE ON DELETE SET NULL;


--
-- Name: Reservation Reservation_propertyId_fkey; Type: FK CONSTRAINT; Schema: public; Owner: -
--

ALTER TABLE ONLY public."Reservation"
    ADD CONSTRAINT "Reservation_propertyId_fkey" FOREIGN KEY ("propertyId") REFERENCES public."Property"(id) ON UPDATE CASCADE ON DELETE CASCADE;


--
-- Name: Reservation Reservation_tableId_fkey; Type: FK CONSTRAINT; Schema: public; Owner: -
--

ALTER TABLE ONLY public."Reservation"
    ADD CONSTRAINT "Reservation_tableId_fkey" FOREIGN KEY ("tableId") REFERENCES public."RestaurantTable"(id) ON UPDATE CASCADE ON DELETE SET NULL;


--
-- Name: RestaurantTable RestaurantTable_propertyId_fkey; Type: FK CONSTRAINT; Schema: public; Owner: -
--

ALTER TABLE ONLY public."RestaurantTable"
    ADD CONSTRAINT "RestaurantTable_propertyId_fkey" FOREIGN KEY ("propertyId") REFERENCES public."Property"(id) ON UPDATE CASCADE ON DELETE CASCADE;


--
-- Name: Role Role_tenantId_fkey; Type: FK CONSTRAINT; Schema: public; Owner: -
--

ALTER TABLE ONLY public."Role"
    ADD CONSTRAINT "Role_tenantId_fkey" FOREIGN KEY ("tenantId") REFERENCES public."Tenant"(id) ON UPDATE CASCADE ON DELETE CASCADE;


--
-- Name: RoomMoveLog RoomMoveLog_propertyId_fkey; Type: FK CONSTRAINT; Schema: public; Owner: -
--

ALTER TABLE ONLY public."RoomMoveLog"
    ADD CONSTRAINT "RoomMoveLog_propertyId_fkey" FOREIGN KEY ("propertyId") REFERENCES public."Property"(id) ON UPDATE CASCADE ON DELETE CASCADE;


--
-- Name: RoomMoveLog RoomMoveLog_tenantId_fkey; Type: FK CONSTRAINT; Schema: public; Owner: -
--

ALTER TABLE ONLY public."RoomMoveLog"
    ADD CONSTRAINT "RoomMoveLog_tenantId_fkey" FOREIGN KEY ("tenantId") REFERENCES public."Tenant"(id) ON UPDATE CASCADE ON DELETE CASCADE;


--
-- Name: RoomType RoomType_propertyId_fkey; Type: FK CONSTRAINT; Schema: public; Owner: -
--

ALTER TABLE ONLY public."RoomType"
    ADD CONSTRAINT "RoomType_propertyId_fkey" FOREIGN KEY ("propertyId") REFERENCES public."Property"(id) ON UPDATE CASCADE ON DELETE CASCADE;


--
-- Name: RoomType RoomType_wifiPlanId_fkey; Type: FK CONSTRAINT; Schema: public; Owner: -
--

ALTER TABLE ONLY public."RoomType"
    ADD CONSTRAINT "RoomType_wifiPlanId_fkey" FOREIGN KEY ("wifiPlanId") REFERENCES public."WiFiPlan"(id) ON UPDATE CASCADE ON DELETE SET NULL;


--
-- Name: Room Room_currentTaskId_fkey; Type: FK CONSTRAINT; Schema: public; Owner: -
--

ALTER TABLE ONLY public."Room"
    ADD CONSTRAINT "Room_currentTaskId_fkey" FOREIGN KEY ("currentTaskId") REFERENCES public."Task"(id) ON UPDATE CASCADE ON DELETE SET NULL;


--
-- Name: Room Room_propertyId_fkey; Type: FK CONSTRAINT; Schema: public; Owner: -
--

ALTER TABLE ONLY public."Room"
    ADD CONSTRAINT "Room_propertyId_fkey" FOREIGN KEY ("propertyId") REFERENCES public."Property"(id) ON UPDATE CASCADE ON DELETE CASCADE;


--
-- Name: Room Room_roomTypeId_fkey; Type: FK CONSTRAINT; Schema: public; Owner: -
--

ALTER TABLE ONLY public."Room"
    ADD CONSTRAINT "Room_roomTypeId_fkey" FOREIGN KEY ("roomTypeId") REFERENCES public."RoomType"(id) ON UPDATE CASCADE ON DELETE CASCADE;


--
-- Name: SSOConnection SSOConnection_tenantId_fkey; Type: FK CONSTRAINT; Schema: public; Owner: -
--

ALTER TABLE ONLY public."SSOConnection"
    ADD CONSTRAINT "SSOConnection_tenantId_fkey" FOREIGN KEY ("tenantId") REFERENCES public."Tenant"(id) ON UPDATE CASCADE ON DELETE CASCADE;


--
-- Name: SSOSession SSOSession_connectionId_fkey; Type: FK CONSTRAINT; Schema: public; Owner: -
--

ALTER TABLE ONLY public."SSOSession"
    ADD CONSTRAINT "SSOSession_connectionId_fkey" FOREIGN KEY ("connectionId") REFERENCES public."SSOConnection"(id) ON UPDATE CASCADE ON DELETE CASCADE;


--
-- Name: SSOSession SSOSession_userId_fkey; Type: FK CONSTRAINT; Schema: public; Owner: -
--

ALTER TABLE ONLY public."SSOSession"
    ADD CONSTRAINT "SSOSession_userId_fkey" FOREIGN KEY ("userId") REFERENCES public."User"(id) ON UPDATE CASCADE ON DELETE SET NULL;


--
-- Name: ScheduleAccess ScheduleAccess_propertyId_fkey; Type: FK CONSTRAINT; Schema: public; Owner: -
--

ALTER TABLE ONLY public."ScheduleAccess"
    ADD CONSTRAINT "ScheduleAccess_propertyId_fkey" FOREIGN KEY ("propertyId") REFERENCES public."Property"(id) ON UPDATE CASCADE ON DELETE CASCADE;


--
-- Name: ScheduleAccess ScheduleAccess_tenantId_fkey; Type: FK CONSTRAINT; Schema: public; Owner: -
--

ALTER TABLE ONLY public."ScheduleAccess"
    ADD CONSTRAINT "ScheduleAccess_tenantId_fkey" FOREIGN KEY ("tenantId") REFERENCES public."Tenant"(id) ON UPDATE CASCADE ON DELETE CASCADE;


--
-- Name: ScheduledCharge ScheduledCharge_bookingId_fkey; Type: FK CONSTRAINT; Schema: public; Owner: -
--

ALTER TABLE ONLY public."ScheduledCharge"
    ADD CONSTRAINT "ScheduledCharge_bookingId_fkey" FOREIGN KEY ("bookingId") REFERENCES public."Booking"(id) ON UPDATE CASCADE ON DELETE RESTRICT;


--
-- Name: ScheduledCharge ScheduledCharge_folioId_fkey; Type: FK CONSTRAINT; Schema: public; Owner: -
--

ALTER TABLE ONLY public."ScheduledCharge"
    ADD CONSTRAINT "ScheduledCharge_folioId_fkey" FOREIGN KEY ("folioId") REFERENCES public."Folio"(id) ON UPDATE CASCADE ON DELETE RESTRICT;


--
-- Name: ScheduledCharge ScheduledCharge_propertyId_fkey; Type: FK CONSTRAINT; Schema: public; Owner: -
--

ALTER TABLE ONLY public."ScheduledCharge"
    ADD CONSTRAINT "ScheduledCharge_propertyId_fkey" FOREIGN KEY ("propertyId") REFERENCES public."Property"(id) ON UPDATE CASCADE ON DELETE CASCADE;


--
-- Name: ScheduledCharge ScheduledCharge_tenantId_fkey; Type: FK CONSTRAINT; Schema: public; Owner: -
--

ALTER TABLE ONLY public."ScheduledCharge"
    ADD CONSTRAINT "ScheduledCharge_tenantId_fkey" FOREIGN KEY ("tenantId") REFERENCES public."Tenant"(id) ON UPDATE CASCADE ON DELETE CASCADE;


--
-- Name: ScheduledNotification ScheduledNotification_tenantId_fkey; Type: FK CONSTRAINT; Schema: public; Owner: -
--

ALTER TABLE ONLY public."ScheduledNotification"
    ADD CONSTRAINT "ScheduledNotification_tenantId_fkey" FOREIGN KEY ("tenantId") REFERENCES public."Tenant"(id) ON UPDATE CASCADE ON DELETE CASCADE;


--
-- Name: SecurityEvent SecurityEvent_cameraId_fkey; Type: FK CONSTRAINT; Schema: public; Owner: -
--

ALTER TABLE ONLY public."SecurityEvent"
    ADD CONSTRAINT "SecurityEvent_cameraId_fkey" FOREIGN KEY ("cameraId") REFERENCES public."Camera"(id) ON UPDATE CASCADE ON DELETE CASCADE;


--
-- Name: SecurityEvent SecurityEvent_tenantId_fkey; Type: FK CONSTRAINT; Schema: public; Owner: -
--

ALTER TABLE ONLY public."SecurityEvent"
    ADD CONSTRAINT "SecurityEvent_tenantId_fkey" FOREIGN KEY ("tenantId") REFERENCES public."Tenant"(id) ON UPDATE CASCADE ON DELETE CASCADE;


--
-- Name: SecurityIncident SecurityIncident_tenantId_fkey; Type: FK CONSTRAINT; Schema: public; Owner: -
--

ALTER TABLE ONLY public."SecurityIncident"
    ADD CONSTRAINT "SecurityIncident_tenantId_fkey" FOREIGN KEY ("tenantId") REFERENCES public."Tenant"(id) ON UPDATE CASCADE ON DELETE CASCADE;


--
-- Name: SecuritySettings SecuritySettings_tenantId_fkey; Type: FK CONSTRAINT; Schema: public; Owner: -
--

ALTER TABLE ONLY public."SecuritySettings"
    ADD CONSTRAINT "SecuritySettings_tenantId_fkey" FOREIGN KEY ("tenantId") REFERENCES public."Tenant"(id) ON UPDATE CASCADE ON DELETE CASCADE;


--
-- Name: SegmentMembership SegmentMembership_guestId_fkey; Type: FK CONSTRAINT; Schema: public; Owner: -
--

ALTER TABLE ONLY public."SegmentMembership"
    ADD CONSTRAINT "SegmentMembership_guestId_fkey" FOREIGN KEY ("guestId") REFERENCES public."Guest"(id) ON UPDATE CASCADE ON DELETE CASCADE;


--
-- Name: SegmentMembership SegmentMembership_segmentId_fkey; Type: FK CONSTRAINT; Schema: public; Owner: -
--

ALTER TABLE ONLY public."SegmentMembership"
    ADD CONSTRAINT "SegmentMembership_segmentId_fkey" FOREIGN KEY ("segmentId") REFERENCES public."GuestSegment"(id) ON UPDATE CASCADE ON DELETE CASCADE;


--
-- Name: ServiceRequest ServiceRequest_assignedTo_fkey; Type: FK CONSTRAINT; Schema: public; Owner: -
--

ALTER TABLE ONLY public."ServiceRequest"
    ADD CONSTRAINT "ServiceRequest_assignedTo_fkey" FOREIGN KEY ("assignedTo") REFERENCES public."User"(id) ON UPDATE CASCADE ON DELETE SET NULL;


--
-- Name: Session Session_userId_fkey; Type: FK CONSTRAINT; Schema: public; Owner: -
--

ALTER TABLE ONLY public."Session"
    ADD CONSTRAINT "Session_userId_fkey" FOREIGN KEY ("userId") REFERENCES public."User"(id) ON UPDATE CASCADE ON DELETE CASCADE;


--
-- Name: ShiftTemplate ShiftTemplate_tenantId_fkey; Type: FK CONSTRAINT; Schema: public; Owner: -
--

ALTER TABLE ONLY public."ShiftTemplate"
    ADD CONSTRAINT "ShiftTemplate_tenantId_fkey" FOREIGN KEY ("tenantId") REFERENCES public."Tenant"(id) ON UPDATE CASCADE ON DELETE CASCADE;


--
-- Name: StaffAttendance StaffAttendance_userId_fkey; Type: FK CONSTRAINT; Schema: public; Owner: -
--

ALTER TABLE ONLY public."StaffAttendance"
    ADD CONSTRAINT "StaffAttendance_userId_fkey" FOREIGN KEY ("userId") REFERENCES public."User"(id) ON UPDATE CASCADE ON DELETE RESTRICT;


--
-- Name: StaffChannelMember StaffChannelMember_channelId_fkey; Type: FK CONSTRAINT; Schema: public; Owner: -
--

ALTER TABLE ONLY public."StaffChannelMember"
    ADD CONSTRAINT "StaffChannelMember_channelId_fkey" FOREIGN KEY ("channelId") REFERENCES public."StaffChannel"(id) ON UPDATE CASCADE ON DELETE CASCADE;


--
-- Name: StaffChannelMember StaffChannelMember_userId_fkey; Type: FK CONSTRAINT; Schema: public; Owner: -
--

ALTER TABLE ONLY public."StaffChannelMember"
    ADD CONSTRAINT "StaffChannelMember_userId_fkey" FOREIGN KEY ("userId") REFERENCES public."User"(id) ON UPDATE CASCADE ON DELETE CASCADE;


--
-- Name: StaffChannel StaffChannel_tenantId_fkey; Type: FK CONSTRAINT; Schema: public; Owner: -
--

ALTER TABLE ONLY public."StaffChannel"
    ADD CONSTRAINT "StaffChannel_tenantId_fkey" FOREIGN KEY ("tenantId") REFERENCES public."Tenant"(id) ON UPDATE CASCADE ON DELETE CASCADE;


--
-- Name: StaffChatMessage StaffChatMessage_channelId_fkey; Type: FK CONSTRAINT; Schema: public; Owner: -
--

ALTER TABLE ONLY public."StaffChatMessage"
    ADD CONSTRAINT "StaffChatMessage_channelId_fkey" FOREIGN KEY ("channelId") REFERENCES public."StaffChannel"(id) ON UPDATE CASCADE ON DELETE CASCADE;


--
-- Name: StaffChatMessage StaffChatMessage_replyToId_fkey; Type: FK CONSTRAINT; Schema: public; Owner: -
--

ALTER TABLE ONLY public."StaffChatMessage"
    ADD CONSTRAINT "StaffChatMessage_replyToId_fkey" FOREIGN KEY ("replyToId") REFERENCES public."StaffChatMessage"(id) ON UPDATE CASCADE ON DELETE SET NULL;


--
-- Name: StaffChatMessage StaffChatMessage_senderId_fkey; Type: FK CONSTRAINT; Schema: public; Owner: -
--

ALTER TABLE ONLY public."StaffChatMessage"
    ADD CONSTRAINT "StaffChatMessage_senderId_fkey" FOREIGN KEY ("senderId") REFERENCES public."User"(id) ON UPDATE CASCADE ON DELETE RESTRICT;


--
-- Name: StaffLeave StaffLeave_tenantId_fkey; Type: FK CONSTRAINT; Schema: public; Owner: -
--

ALTER TABLE ONLY public."StaffLeave"
    ADD CONSTRAINT "StaffLeave_tenantId_fkey" FOREIGN KEY ("tenantId") REFERENCES public."Tenant"(id) ON UPDATE CASCADE ON DELETE CASCADE;


--
-- Name: StaffLeave StaffLeave_userId_fkey; Type: FK CONSTRAINT; Schema: public; Owner: -
--

ALTER TABLE ONLY public."StaffLeave"
    ADD CONSTRAINT "StaffLeave_userId_fkey" FOREIGN KEY ("userId") REFERENCES public."User"(id) ON UPDATE CASCADE ON DELETE CASCADE;


--
-- Name: StaffPerformance StaffPerformance_tenantId_fkey; Type: FK CONSTRAINT; Schema: public; Owner: -
--

ALTER TABLE ONLY public."StaffPerformance"
    ADD CONSTRAINT "StaffPerformance_tenantId_fkey" FOREIGN KEY ("tenantId") REFERENCES public."Tenant"(id) ON UPDATE CASCADE ON DELETE CASCADE;


--
-- Name: StaffPerformance StaffPerformance_userId_fkey; Type: FK CONSTRAINT; Schema: public; Owner: -
--

ALTER TABLE ONLY public."StaffPerformance"
    ADD CONSTRAINT "StaffPerformance_userId_fkey" FOREIGN KEY ("userId") REFERENCES public."User"(id) ON UPDATE CASCADE ON DELETE CASCADE;


--
-- Name: StaffSchedule StaffSchedule_tenantId_fkey; Type: FK CONSTRAINT; Schema: public; Owner: -
--

ALTER TABLE ONLY public."StaffSchedule"
    ADD CONSTRAINT "StaffSchedule_tenantId_fkey" FOREIGN KEY ("tenantId") REFERENCES public."Tenant"(id) ON UPDATE CASCADE ON DELETE CASCADE;


--
-- Name: StaffSchedule StaffSchedule_userId_fkey; Type: FK CONSTRAINT; Schema: public; Owner: -
--

ALTER TABLE ONLY public."StaffSchedule"
    ADD CONSTRAINT "StaffSchedule_userId_fkey" FOREIGN KEY ("userId") REFERENCES public."User"(id) ON UPDATE CASCADE ON DELETE CASCADE;


--
-- Name: StaffShift StaffShift_userId_fkey; Type: FK CONSTRAINT; Schema: public; Owner: -
--

ALTER TABLE ONLY public."StaffShift"
    ADD CONSTRAINT "StaffShift_userId_fkey" FOREIGN KEY ("userId") REFERENCES public."User"(id) ON UPDATE CASCADE ON DELETE RESTRICT;


--
-- Name: StaffSkill StaffSkill_tenantId_fkey; Type: FK CONSTRAINT; Schema: public; Owner: -
--

ALTER TABLE ONLY public."StaffSkill"
    ADD CONSTRAINT "StaffSkill_tenantId_fkey" FOREIGN KEY ("tenantId") REFERENCES public."Tenant"(id) ON UPDATE CASCADE ON DELETE CASCADE;


--
-- Name: StaffSkill StaffSkill_userId_fkey; Type: FK CONSTRAINT; Schema: public; Owner: -
--

ALTER TABLE ONLY public."StaffSkill"
    ADD CONSTRAINT "StaffSkill_userId_fkey" FOREIGN KEY ("userId") REFERENCES public."User"(id) ON UPDATE CASCADE ON DELETE CASCADE;


--
-- Name: StaffWorkload StaffWorkload_tenantId_fkey; Type: FK CONSTRAINT; Schema: public; Owner: -
--

ALTER TABLE ONLY public."StaffWorkload"
    ADD CONSTRAINT "StaffWorkload_tenantId_fkey" FOREIGN KEY ("tenantId") REFERENCES public."Tenant"(id) ON UPDATE CASCADE ON DELETE CASCADE;


--
-- Name: StaticRoute StaticRoute_propertyId_fkey; Type: FK CONSTRAINT; Schema: public; Owner: -
--

ALTER TABLE ONLY public."StaticRoute"
    ADD CONSTRAINT "StaticRoute_propertyId_fkey" FOREIGN KEY ("propertyId") REFERENCES public."Property"(id) ON UPDATE CASCADE ON DELETE CASCADE;


--
-- Name: StaticRoute StaticRoute_tenantId_fkey; Type: FK CONSTRAINT; Schema: public; Owner: -
--

ALTER TABLE ONLY public."StaticRoute"
    ADD CONSTRAINT "StaticRoute_tenantId_fkey" FOREIGN KEY ("tenantId") REFERENCES public."Tenant"(id) ON UPDATE CASCADE ON DELETE CASCADE;


--
-- Name: StockConsumption StockConsumption_stockItemId_fkey; Type: FK CONSTRAINT; Schema: public; Owner: -
--

ALTER TABLE ONLY public."StockConsumption"
    ADD CONSTRAINT "StockConsumption_stockItemId_fkey" FOREIGN KEY ("stockItemId") REFERENCES public."StockItem"(id) ON UPDATE CASCADE ON DELETE CASCADE;


--
-- Name: StockItem StockItem_tenantId_fkey; Type: FK CONSTRAINT; Schema: public; Owner: -
--

ALTER TABLE ONLY public."StockItem"
    ADD CONSTRAINT "StockItem_tenantId_fkey" FOREIGN KEY ("tenantId") REFERENCES public."Tenant"(id) ON UPDATE CASCADE ON DELETE CASCADE;


--
-- Name: SubscriptionInvoice SubscriptionInvoice_subscriptionId_fkey; Type: FK CONSTRAINT; Schema: public; Owner: -
--

ALTER TABLE ONLY public."SubscriptionInvoice"
    ADD CONSTRAINT "SubscriptionInvoice_subscriptionId_fkey" FOREIGN KEY ("subscriptionId") REFERENCES public."Subscription"(id) ON UPDATE CASCADE ON DELETE RESTRICT;


--
-- Name: SurveillanceConfig SurveillanceConfig_propertyId_fkey; Type: FK CONSTRAINT; Schema: public; Owner: -
--

ALTER TABLE ONLY public."SurveillanceConfig"
    ADD CONSTRAINT "SurveillanceConfig_propertyId_fkey" FOREIGN KEY ("propertyId") REFERENCES public."Property"(id) ON UPDATE CASCADE ON DELETE CASCADE;


--
-- Name: SurveillanceConfig SurveillanceConfig_tenantId_fkey; Type: FK CONSTRAINT; Schema: public; Owner: -
--

ALTER TABLE ONLY public."SurveillanceConfig"
    ADD CONSTRAINT "SurveillanceConfig_tenantId_fkey" FOREIGN KEY ("tenantId") REFERENCES public."Tenant"(id) ON UPDATE CASCADE ON DELETE CASCADE;


--
-- Name: SyslogServer SyslogServer_propertyId_fkey; Type: FK CONSTRAINT; Schema: public; Owner: -
--

ALTER TABLE ONLY public."SyslogServer"
    ADD CONSTRAINT "SyslogServer_propertyId_fkey" FOREIGN KEY ("propertyId") REFERENCES public."Property"(id) ON UPDATE CASCADE ON DELETE CASCADE;


--
-- Name: SyslogServer SyslogServer_tenantId_fkey; Type: FK CONSTRAINT; Schema: public; Owner: -
--

ALTER TABLE ONLY public."SyslogServer"
    ADD CONSTRAINT "SyslogServer_tenantId_fkey" FOREIGN KEY ("tenantId") REFERENCES public."Tenant"(id) ON UPDATE CASCADE ON DELETE CASCADE;


--
-- Name: SystemNetworkHealth SystemNetworkHealth_propertyId_fkey; Type: FK CONSTRAINT; Schema: public; Owner: -
--

ALTER TABLE ONLY public."SystemNetworkHealth"
    ADD CONSTRAINT "SystemNetworkHealth_propertyId_fkey" FOREIGN KEY ("propertyId") REFERENCES public."Property"(id) ON UPDATE CASCADE ON DELETE RESTRICT;


--
-- Name: SystemNetworkHealth SystemNetworkHealth_tenantId_fkey; Type: FK CONSTRAINT; Schema: public; Owner: -
--

ALTER TABLE ONLY public."SystemNetworkHealth"
    ADD CONSTRAINT "SystemNetworkHealth_tenantId_fkey" FOREIGN KEY ("tenantId") REFERENCES public."Tenant"(id) ON UPDATE CASCADE ON DELETE CASCADE;


--
-- Name: TableMerge TableMerge_propertyId_fkey; Type: FK CONSTRAINT; Schema: public; Owner: -
--

ALTER TABLE ONLY public."TableMerge"
    ADD CONSTRAINT "TableMerge_propertyId_fkey" FOREIGN KEY ("propertyId") REFERENCES public."Property"(id) ON UPDATE CASCADE ON DELETE CASCADE;


--
-- Name: TableMerge TableMerge_tenantId_fkey; Type: FK CONSTRAINT; Schema: public; Owner: -
--

ALTER TABLE ONLY public."TableMerge"
    ADD CONSTRAINT "TableMerge_tenantId_fkey" FOREIGN KEY ("tenantId") REFERENCES public."Tenant"(id) ON UPDATE CASCADE ON DELETE CASCADE;


--
-- Name: TaskAssignmentSuggestion TaskAssignmentSuggestion_tenantId_fkey; Type: FK CONSTRAINT; Schema: public; Owner: -
--

ALTER TABLE ONLY public."TaskAssignmentSuggestion"
    ADD CONSTRAINT "TaskAssignmentSuggestion_tenantId_fkey" FOREIGN KEY ("tenantId") REFERENCES public."Tenant"(id) ON UPDATE CASCADE ON DELETE CASCADE;


--
-- Name: Task Task_assignedTo_fkey; Type: FK CONSTRAINT; Schema: public; Owner: -
--

ALTER TABLE ONLY public."Task"
    ADD CONSTRAINT "Task_assignedTo_fkey" FOREIGN KEY ("assignedTo") REFERENCES public."User"(id) ON UPDATE CASCADE ON DELETE SET NULL;


--
-- Name: Task Task_createdBy_fkey; Type: FK CONSTRAINT; Schema: public; Owner: -
--

ALTER TABLE ONLY public."Task"
    ADD CONSTRAINT "Task_createdBy_fkey" FOREIGN KEY ("createdBy") REFERENCES public."User"(id) ON UPDATE CASCADE ON DELETE SET NULL;


--
-- Name: Task Task_roomId_fkey; Type: FK CONSTRAINT; Schema: public; Owner: -
--

ALTER TABLE ONLY public."Task"
    ADD CONSTRAINT "Task_roomId_fkey" FOREIGN KEY ("roomId") REFERENCES public."Room"(id) ON UPDATE CASCADE ON DELETE SET NULL;


--
-- Name: TaxReport TaxReport_tenantId_fkey; Type: FK CONSTRAINT; Schema: public; Owner: -
--

ALTER TABLE ONLY public."TaxReport"
    ADD CONSTRAINT "TaxReport_tenantId_fkey" FOREIGN KEY ("tenantId") REFERENCES public."Tenant"(id) ON UPDATE CASCADE ON DELETE CASCADE;


--
-- Name: UsageLog UsageLog_tenantId_fkey; Type: FK CONSTRAINT; Schema: public; Owner: -
--

ALTER TABLE ONLY public."UsageLog"
    ADD CONSTRAINT "UsageLog_tenantId_fkey" FOREIGN KEY ("tenantId") REFERENCES public."Tenant"(id) ON UPDATE CASCADE ON DELETE CASCADE;


--
-- Name: UsageSummary UsageSummary_tenantId_fkey; Type: FK CONSTRAINT; Schema: public; Owner: -
--

ALTER TABLE ONLY public."UsageSummary"
    ADD CONSTRAINT "UsageSummary_tenantId_fkey" FOREIGN KEY ("tenantId") REFERENCES public."Tenant"(id) ON UPDATE CASCADE ON DELETE CASCADE;


--
-- Name: UserFcmToken UserFcmToken_tenantId_fkey; Type: FK CONSTRAINT; Schema: public; Owner: -
--

ALTER TABLE ONLY public."UserFcmToken"
    ADD CONSTRAINT "UserFcmToken_tenantId_fkey" FOREIGN KEY ("tenantId") REFERENCES public."Tenant"(id) ON UPDATE CASCADE ON DELETE CASCADE;


--
-- Name: UserFcmToken UserFcmToken_userId_fkey; Type: FK CONSTRAINT; Schema: public; Owner: -
--

ALTER TABLE ONLY public."UserFcmToken"
    ADD CONSTRAINT "UserFcmToken_userId_fkey" FOREIGN KEY ("userId") REFERENCES public."User"(id) ON UPDATE CASCADE ON DELETE CASCADE;


--
-- Name: User User_roleId_fkey; Type: FK CONSTRAINT; Schema: public; Owner: -
--

ALTER TABLE ONLY public."User"
    ADD CONSTRAINT "User_roleId_fkey" FOREIGN KEY ("roleId") REFERENCES public."Role"(id) ON UPDATE CASCADE ON DELETE SET NULL;


--
-- Name: User User_tenantId_fkey; Type: FK CONSTRAINT; Schema: public; Owner: -
--

ALTER TABLE ONLY public."User"
    ADD CONSTRAINT "User_tenantId_fkey" FOREIGN KEY ("tenantId") REFERENCES public."Tenant"(id) ON UPDATE CASCADE ON DELETE CASCADE;


--
-- Name: Vehicle Vehicle_guestId_fkey; Type: FK CONSTRAINT; Schema: public; Owner: -
--

ALTER TABLE ONLY public."Vehicle"
    ADD CONSTRAINT "Vehicle_guestId_fkey" FOREIGN KEY ("guestId") REFERENCES public."Guest"(id) ON UPDATE CASCADE ON DELETE SET NULL;


--
-- Name: Vehicle Vehicle_slotId_fkey; Type: FK CONSTRAINT; Schema: public; Owner: -
--

ALTER TABLE ONLY public."Vehicle"
    ADD CONSTRAINT "Vehicle_slotId_fkey" FOREIGN KEY ("slotId") REFERENCES public."ParkingSlot"(id) ON UPDATE CASCADE ON DELETE SET NULL;


--
-- Name: Vehicle Vehicle_tenantId_fkey; Type: FK CONSTRAINT; Schema: public; Owner: -
--

ALTER TABLE ONLY public."Vehicle"
    ADD CONSTRAINT "Vehicle_tenantId_fkey" FOREIGN KEY ("tenantId") REFERENCES public."Tenant"(id) ON UPDATE CASCADE ON DELETE CASCADE;


--
-- Name: VendorPayment VendorPayment_tenantId_fkey; Type: FK CONSTRAINT; Schema: public; Owner: -
--

ALTER TABLE ONLY public."VendorPayment"
    ADD CONSTRAINT "VendorPayment_tenantId_fkey" FOREIGN KEY ("tenantId") REFERENCES public."Tenant"(id) ON UPDATE CASCADE ON DELETE CASCADE;


--
-- Name: VendorPayment VendorPayment_vendorId_fkey; Type: FK CONSTRAINT; Schema: public; Owner: -
--

ALTER TABLE ONLY public."VendorPayment"
    ADD CONSTRAINT "VendorPayment_vendorId_fkey" FOREIGN KEY ("vendorId") REFERENCES public."Vendor"(id) ON UPDATE CASCADE ON DELETE CASCADE;


--
-- Name: VendorPayment VendorPayment_workOrderId_fkey; Type: FK CONSTRAINT; Schema: public; Owner: -
--

ALTER TABLE ONLY public."VendorPayment"
    ADD CONSTRAINT "VendorPayment_workOrderId_fkey" FOREIGN KEY ("workOrderId") REFERENCES public."WorkOrder"(id) ON UPDATE CASCADE ON DELETE SET NULL;


--
-- Name: Vendor Vendor_tenantId_fkey; Type: FK CONSTRAINT; Schema: public; Owner: -
--

ALTER TABLE ONLY public."Vendor"
    ADD CONSTRAINT "Vendor_tenantId_fkey" FOREIGN KEY ("tenantId") REFERENCES public."Tenant"(id) ON UPDATE CASCADE ON DELETE CASCADE;


--
-- Name: VlanConfig VlanConfig_parentInterfaceId_fkey; Type: FK CONSTRAINT; Schema: public; Owner: -
--

ALTER TABLE ONLY public."VlanConfig"
    ADD CONSTRAINT "VlanConfig_parentInterfaceId_fkey" FOREIGN KEY ("parentInterfaceId") REFERENCES public."NetworkInterface"(id) ON UPDATE CASCADE ON DELETE CASCADE;


--
-- Name: VlanConfig VlanConfig_propertyId_fkey; Type: FK CONSTRAINT; Schema: public; Owner: -
--

ALTER TABLE ONLY public."VlanConfig"
    ADD CONSTRAINT "VlanConfig_propertyId_fkey" FOREIGN KEY ("propertyId") REFERENCES public."Property"(id) ON UPDATE CASCADE ON DELETE CASCADE;


--
-- Name: VlanConfig VlanConfig_tenantId_fkey; Type: FK CONSTRAINT; Schema: public; Owner: -
--

ALTER TABLE ONLY public."VlanConfig"
    ADD CONSTRAINT "VlanConfig_tenantId_fkey" FOREIGN KEY ("tenantId") REFERENCES public."Tenant"(id) ON UPDATE CASCADE ON DELETE CASCADE;


--
-- Name: WaitlistEntry WaitlistEntry_bookingId_fkey; Type: FK CONSTRAINT; Schema: public; Owner: -
--

ALTER TABLE ONLY public."WaitlistEntry"
    ADD CONSTRAINT "WaitlistEntry_bookingId_fkey" FOREIGN KEY ("bookingId") REFERENCES public."Booking"(id) ON UPDATE CASCADE ON DELETE SET NULL;


--
-- Name: WanFailover WanFailover_propertyId_fkey; Type: FK CONSTRAINT; Schema: public; Owner: -
--

ALTER TABLE ONLY public."WanFailover"
    ADD CONSTRAINT "WanFailover_propertyId_fkey" FOREIGN KEY ("propertyId") REFERENCES public."Property"(id) ON UPDATE CASCADE ON DELETE CASCADE;


--
-- Name: WanFailover WanFailover_tenantId_fkey; Type: FK CONSTRAINT; Schema: public; Owner: -
--

ALTER TABLE ONLY public."WanFailover"
    ADD CONSTRAINT "WanFailover_tenantId_fkey" FOREIGN KEY ("tenantId") REFERENCES public."Tenant"(id) ON UPDATE CASCADE ON DELETE CASCADE;


--
-- Name: WebCategorySchedule WebCategorySchedule_tenantId_fkey; Type: FK CONSTRAINT; Schema: public; Owner: -
--

ALTER TABLE ONLY public."WebCategorySchedule"
    ADD CONSTRAINT "WebCategorySchedule_tenantId_fkey" FOREIGN KEY ("tenantId") REFERENCES public."Tenant"(id) ON UPDATE CASCADE ON DELETE CASCADE;


--
-- Name: WebCategory WebCategory_propertyId_fkey; Type: FK CONSTRAINT; Schema: public; Owner: -
--

ALTER TABLE ONLY public."WebCategory"
    ADD CONSTRAINT "WebCategory_propertyId_fkey" FOREIGN KEY ("propertyId") REFERENCES public."Property"(id) ON UPDATE CASCADE ON DELETE CASCADE;


--
-- Name: WebCategory WebCategory_tenantId_fkey; Type: FK CONSTRAINT; Schema: public; Owner: -
--

ALTER TABLE ONLY public."WebCategory"
    ADD CONSTRAINT "WebCategory_tenantId_fkey" FOREIGN KEY ("tenantId") REFERENCES public."Tenant"(id) ON UPDATE CASCADE ON DELETE CASCADE;


--
-- Name: WebhookDeliveryLog WebhookDeliveryLog_endpointId_fkey; Type: FK CONSTRAINT; Schema: public; Owner: -
--

ALTER TABLE ONLY public."WebhookDeliveryLog"
    ADD CONSTRAINT "WebhookDeliveryLog_endpointId_fkey" FOREIGN KEY ("endpointId") REFERENCES public."WebhookEndpoint"(id) ON UPDATE CASCADE ON DELETE CASCADE;


--
-- Name: WebhookEndpoint WebhookEndpoint_tenantId_fkey; Type: FK CONSTRAINT; Schema: public; Owner: -
--

ALTER TABLE ONLY public."WebhookEndpoint"
    ADD CONSTRAINT "WebhookEndpoint_tenantId_fkey" FOREIGN KEY ("tenantId") REFERENCES public."Tenant"(id) ON UPDATE CASCADE ON DELETE CASCADE;


--
-- Name: WiFiAAAConfig WiFiAAAConfig_defaultPlanId_fkey; Type: FK CONSTRAINT; Schema: public; Owner: -
--

ALTER TABLE ONLY public."WiFiAAAConfig"
    ADD CONSTRAINT "WiFiAAAConfig_defaultPlanId_fkey" FOREIGN KEY ("defaultPlanId") REFERENCES public."WiFiPlan"(id) ON UPDATE CASCADE ON DELETE SET NULL;


--
-- Name: WiFiAAAConfig WiFiAAAConfig_propertyId_fkey; Type: FK CONSTRAINT; Schema: public; Owner: -
--

ALTER TABLE ONLY public."WiFiAAAConfig"
    ADD CONSTRAINT "WiFiAAAConfig_propertyId_fkey" FOREIGN KEY ("propertyId") REFERENCES public."Property"(id) ON UPDATE CASCADE ON DELETE CASCADE;


--
-- Name: WiFiAAAConfig WiFiAAAConfig_tenantId_fkey; Type: FK CONSTRAINT; Schema: public; Owner: -
--

ALTER TABLE ONLY public."WiFiAAAConfig"
    ADD CONSTRAINT "WiFiAAAConfig_tenantId_fkey" FOREIGN KEY ("tenantId") REFERENCES public."Tenant"(id) ON UPDATE CASCADE ON DELETE CASCADE;


--
-- Name: WiFiGateway WiFiGateway_propertyId_fkey; Type: FK CONSTRAINT; Schema: public; Owner: -
--

ALTER TABLE ONLY public."WiFiGateway"
    ADD CONSTRAINT "WiFiGateway_propertyId_fkey" FOREIGN KEY ("propertyId") REFERENCES public."Property"(id) ON UPDATE CASCADE ON DELETE CASCADE;


--
-- Name: WiFiGateway WiFiGateway_tenantId_fkey; Type: FK CONSTRAINT; Schema: public; Owner: -
--

ALTER TABLE ONLY public."WiFiGateway"
    ADD CONSTRAINT "WiFiGateway_tenantId_fkey" FOREIGN KEY ("tenantId") REFERENCES public."Tenant"(id) ON UPDATE CASCADE ON DELETE CASCADE;


--
-- Name: WiFiPlan WiFiPlan_fupPolicyId_fkey; Type: FK CONSTRAINT; Schema: public; Owner: -
--

ALTER TABLE ONLY public."WiFiPlan"
    ADD CONSTRAINT "WiFiPlan_fupPolicyId_fkey" FOREIGN KEY ("fupPolicyId") REFERENCES public."FairAccessPolicy"(id) ON UPDATE CASCADE ON DELETE SET NULL;


--
-- Name: WiFiPlan WiFiPlan_ipPoolId_fkey; Type: FK CONSTRAINT; Schema: public; Owner: -
--

ALTER TABLE ONLY public."WiFiPlan"
    ADD CONSTRAINT "WiFiPlan_ipPoolId_fkey" FOREIGN KEY ("ipPoolId") REFERENCES public."IpPool"(id) ON UPDATE CASCADE ON DELETE SET NULL;


--
-- Name: WiFiPlan WiFiPlan_tenantId_fkey; Type: FK CONSTRAINT; Schema: public; Owner: -
--

ALTER TABLE ONLY public."WiFiPlan"
    ADD CONSTRAINT "WiFiPlan_tenantId_fkey" FOREIGN KEY ("tenantId") REFERENCES public."Tenant"(id) ON UPDATE CASCADE ON DELETE CASCADE;


--
-- Name: WiFiSession WiFiSession_planId_fkey; Type: FK CONSTRAINT; Schema: public; Owner: -
--

ALTER TABLE ONLY public."WiFiSession"
    ADD CONSTRAINT "WiFiSession_planId_fkey" FOREIGN KEY ("planId") REFERENCES public."WiFiPlan"(id) ON UPDATE CASCADE ON DELETE SET NULL;


--
-- Name: WiFiSession WiFiSession_tenantId_fkey; Type: FK CONSTRAINT; Schema: public; Owner: -
--

ALTER TABLE ONLY public."WiFiSession"
    ADD CONSTRAINT "WiFiSession_tenantId_fkey" FOREIGN KEY ("tenantId") REFERENCES public."Tenant"(id) ON UPDATE CASCADE ON DELETE CASCADE;


--
-- Name: WiFiUserStatusHistory WiFiUserStatusHistory_propertyId_fkey; Type: FK CONSTRAINT; Schema: public; Owner: -
--

ALTER TABLE ONLY public."WiFiUserStatusHistory"
    ADD CONSTRAINT "WiFiUserStatusHistory_propertyId_fkey" FOREIGN KEY ("propertyId") REFERENCES public."Property"(id) ON UPDATE CASCADE ON DELETE CASCADE;


--
-- Name: WiFiUserStatusHistory WiFiUserStatusHistory_tenantId_fkey; Type: FK CONSTRAINT; Schema: public; Owner: -
--

ALTER TABLE ONLY public."WiFiUserStatusHistory"
    ADD CONSTRAINT "WiFiUserStatusHistory_tenantId_fkey" FOREIGN KEY ("tenantId") REFERENCES public."Tenant"(id) ON UPDATE CASCADE ON DELETE CASCADE;


--
-- Name: WiFiUser WiFiUser_ipPoolId_fkey; Type: FK CONSTRAINT; Schema: public; Owner: -
--

ALTER TABLE ONLY public."WiFiUser"
    ADD CONSTRAINT "WiFiUser_ipPoolId_fkey" FOREIGN KEY ("ipPoolId") REFERENCES public."IpPool"(id) ON UPDATE CASCADE ON DELETE SET NULL;


--
-- Name: WiFiUser WiFiUser_planId_fkey; Type: FK CONSTRAINT; Schema: public; Owner: -
--

ALTER TABLE ONLY public."WiFiUser"
    ADD CONSTRAINT "WiFiUser_planId_fkey" FOREIGN KEY ("planId") REFERENCES public."WiFiPlan"(id) ON UPDATE CASCADE ON DELETE SET NULL;


--
-- Name: WiFiUser WiFiUser_propertyId_fkey; Type: FK CONSTRAINT; Schema: public; Owner: -
--

ALTER TABLE ONLY public."WiFiUser"
    ADD CONSTRAINT "WiFiUser_propertyId_fkey" FOREIGN KEY ("propertyId") REFERENCES public."Property"(id) ON UPDATE CASCADE ON DELETE CASCADE;


--
-- Name: WiFiUser WiFiUser_tenantId_fkey; Type: FK CONSTRAINT; Schema: public; Owner: -
--

ALTER TABLE ONLY public."WiFiUser"
    ADD CONSTRAINT "WiFiUser_tenantId_fkey" FOREIGN KEY ("tenantId") REFERENCES public."Tenant"(id) ON UPDATE CASCADE ON DELETE CASCADE;


--
-- Name: WiFiVoucher WiFiVoucher_planId_fkey; Type: FK CONSTRAINT; Schema: public; Owner: -
--

ALTER TABLE ONLY public."WiFiVoucher"
    ADD CONSTRAINT "WiFiVoucher_planId_fkey" FOREIGN KEY ("planId") REFERENCES public."WiFiPlan"(id) ON UPDATE CASCADE ON DELETE CASCADE;


--
-- Name: WiFiVoucher WiFiVoucher_tenantId_fkey; Type: FK CONSTRAINT; Schema: public; Owner: -
--

ALTER TABLE ONLY public."WiFiVoucher"
    ADD CONSTRAINT "WiFiVoucher_tenantId_fkey" FOREIGN KEY ("tenantId") REFERENCES public."Tenant"(id) ON UPDATE CASCADE ON DELETE CASCADE;


--
-- Name: WorkOrder WorkOrder_propertyId_fkey; Type: FK CONSTRAINT; Schema: public; Owner: -
--

ALTER TABLE ONLY public."WorkOrder"
    ADD CONSTRAINT "WorkOrder_propertyId_fkey" FOREIGN KEY ("propertyId") REFERENCES public."Property"(id) ON UPDATE CASCADE ON DELETE CASCADE;


--
-- Name: WorkOrder WorkOrder_roomId_fkey; Type: FK CONSTRAINT; Schema: public; Owner: -
--

ALTER TABLE ONLY public."WorkOrder"
    ADD CONSTRAINT "WorkOrder_roomId_fkey" FOREIGN KEY ("roomId") REFERENCES public."Room"(id) ON UPDATE CASCADE ON DELETE SET NULL;


--
-- Name: WorkOrder WorkOrder_tenantId_fkey; Type: FK CONSTRAINT; Schema: public; Owner: -
--

ALTER TABLE ONLY public."WorkOrder"
    ADD CONSTRAINT "WorkOrder_tenantId_fkey" FOREIGN KEY ("tenantId") REFERENCES public."Tenant"(id) ON UPDATE CASCADE ON DELETE CASCADE;


--
-- Name: WorkOrder WorkOrder_vendorId_fkey; Type: FK CONSTRAINT; Schema: public; Owner: -
--

ALTER TABLE ONLY public."WorkOrder"
    ADD CONSTRAINT "WorkOrder_vendorId_fkey" FOREIGN KEY ("vendorId") REFERENCES public."Vendor"(id) ON UPDATE CASCADE ON DELETE SET NULL;


--
-- Name: _CaptivePortalToVlanConfig _CaptivePortalToVlanConfig_A_fkey; Type: FK CONSTRAINT; Schema: public; Owner: -
--

ALTER TABLE ONLY public."_CaptivePortalToVlanConfig"
    ADD CONSTRAINT "_CaptivePortalToVlanConfig_A_fkey" FOREIGN KEY ("A") REFERENCES public."CaptivePortal"(id) ON UPDATE CASCADE ON DELETE CASCADE;


--
-- Name: _CaptivePortalToVlanConfig _CaptivePortalToVlanConfig_B_fkey; Type: FK CONSTRAINT; Schema: public; Owner: -
--

ALTER TABLE ONLY public."_CaptivePortalToVlanConfig"
    ADD CONSTRAINT "_CaptivePortalToVlanConfig_B_fkey" FOREIGN KEY ("B") REFERENCES public."VlanConfig"(id) ON UPDATE CASCADE ON DELETE CASCADE;


--
-- Name: _ModifierItems _ModifierItems_A_fkey; Type: FK CONSTRAINT; Schema: public; Owner: -
--

ALTER TABLE ONLY public."_ModifierItems"
    ADD CONSTRAINT "_ModifierItems_A_fkey" FOREIGN KEY ("A") REFERENCES public."MenuItem"(id) ON UPDATE CASCADE ON DELETE CASCADE;


--
-- Name: _ModifierItems _ModifierItems_B_fkey; Type: FK CONSTRAINT; Schema: public; Owner: -
--

ALTER TABLE ONLY public."_ModifierItems"
    ADD CONSTRAINT "_ModifierItems_B_fkey" FOREIGN KEY ("B") REFERENCES public."MenuModifier"(id) ON UPDATE CASCADE ON DELETE CASCADE;


--
-- Name: radcheck radcheck_wifiUserId_fkey; Type: FK CONSTRAINT; Schema: public; Owner: -
--

ALTER TABLE ONLY public.radcheck
    ADD CONSTRAINT "radcheck_wifiUserId_fkey" FOREIGN KEY ("wifiUserId") REFERENCES public."WiFiUser"(id) ON UPDATE CASCADE ON DELETE CASCADE;


--
-- Name: radreply radreply_wifiUserId_fkey; Type: FK CONSTRAINT; Schema: public; Owner: -
--

ALTER TABLE ONLY public.radreply
    ADD CONSTRAINT "radreply_wifiUserId_fkey" FOREIGN KEY ("wifiUserId") REFERENCES public."WiFiUser"(id) ON UPDATE CASCADE ON DELETE CASCADE;


--
-- PostgreSQL database dump complete
--

